date,sku,region,units_sold,ml_prediction,forecast_error,promotion,is_holiday
2025-07-01,BB1000,Central,529,513.7814,15.2186279296875,0,0
2025-07-01,BB1000,East,534,532.53705,1.46295166015625,0,0
2025-07-01,BB1000,North,643,583.10486,59.8951416015625,0,0
2025-07-01,BB1000,South,775,652.10864,122.891357421875,0,0
2025-07-01,BB1000,West,640,692.52484,-52.52484130859375,0,0
2025-07-01,BB250,Central,511,578.24554,-67.24554443359375,0,0
2025-07-01,BB250,East,669,650.9065,18.093505859375,0,0
2025-07-01,BB250,North,602,651.2012,-49.201171875,0,0
2025-07-01,BB250,South,645,756.24976,-111.249755859375,0,0
2025-07-01,BB250,West,738,774.7825,-36.782470703125,0,0
2025-07-01,BB500,Central,862,840.8929,21.10711669921875,0,0
2025-07-01,BB500,East,986,911.1075,74.89251708984375,0,0
2025-07-01,BB500,North,850,925.7608,-75.76080322265625,0,0
2025-07-01,BB500,South,1053,1022.77893,30.2210693359375,0,0
2025-07-01,BB500,West,1020,976.9227,43.0772705078125,0,0
2025-07-01,EN250,Central,380,383.52628,-3.526275634765625,0,0
2025-07-01,EN250,East,401,395.95068,5.04931640625,0,0
2025-07-01,EN250,North,395,388.90143,6.09857177734375,0,0
2025-07-01,EN250,South,474,440.96338,33.03662109375,0,0
2025-07-01,EN250,West,463,457.1337,5.866302490234375,0,0
2025-07-01,EN500,Central,258,272.79288,-14.792877197265625,0,0
2025-07-01,EN500,East,246,284.76053,-38.760528564453125,0,0
2025-07-01,EN500,North,296,312.99472,-16.994720458984375,0,0
2025-07-01,EN500,South,351,326.22614,24.77386474609375,0,0
2025-07-01,EN500,West,476,433.7333,42.266693115234375,1,0
2025-07-01,LM250,Central,434,478.22833,-44.22833251953125,0,0
2025-07-01,LM250,East,495,484.40405,10.595947265625,0,0
2025-07-01,LM250,North,514,501.3889,12.611114501953125,0,0
2025-07-01,LM250,South,607,536.70624,70.29376220703125,0,0
2025-07-01,LM250,West,556,564.0187,-8.0186767578125,0,0
2025-07-01,LM500,Central,565,665.5351,-100.53509521484375,0,0
2025-07-01,LM500,East,580,732.9462,-152.94622802734375,0,0
2025-07-01,LM500,North,708,736.34686,-28.34686279296875,0,0
2025-07-01,LM500,South,840,814.1498,25.8502197265625,0,0
2025-07-01,LM500,West,687,885.51733,-198.517333984375,0,0
2025-07-01,OR1000,Central,399,398.1483,0.851715087890625,0,0
2025-07-01,OR1000,East,366,401.35605,-35.356048583984375,0,0
2025-07-01,OR1000,North,443,431.1833,11.81671142578125,0,0
2025-07-01,OR1000,South,625,675.79364,-50.79364013671875,1,0
2025-07-01,OR1000,West,639,692.64923,-53.64923095703125,1,0
2025-07-01,OR500,Central,626,528.45465,97.54534912109375,0,0
2025-07-01,OR500,East,522,570.3807,-48.38067626953125,0,0
2025-07-01,OR500,North,649,646.04614,2.953857421875,0,0
2025-07-01,OR500,South,580,656.54614,-76.546142578125,0,0
2025-07-01,OR500,West,570,723.223,-153.2230224609375,0,0
2025-07-01,WT1000,Central,950,877.08606,72.9139404296875,0,0
2025-07-01,WT1000,East,889,882.19507,6.804931640625,0,0
2025-07-01,WT1000,North,1029,996.7706,32.2293701171875,0,0
2025-07-01,WT1000,South,978,961.6016,16.39837646484375,0,0
2025-07-01,WT1000,West,1172,1003.4343,168.565673828125,0,0
2025-07-02,BB1000,Central,504,523.0539,-19.05389404296875,0,0
2025-07-02,BB1000,East,642,531.95886,110.0411376953125,0,0
2025-07-02,BB1000,North,799,736.74854,62.25146484375,1,0
2025-07-02,BB1000,South,620,637.8067,-17.80670166015625,0,0
2025-07-02,BB1000,West,626,687.98303,-61.9830322265625,0,0
2025-07-02,BB250,Central,569,590.80457,-21.8045654296875,0,0
2025-07-02,BB250,East,583,636.0215,-53.021484375,0,0
2025-07-02,BB250,North,712,686.7956,25.20440673828125,0,0
2025-07-02,BB250,South,618,715.11285,-97.11285400390625,0,0
2025-07-02,BB250,West,686,764.2594,-78.2593994140625,0,0
2025-07-02,BB500,Central,847,837.366,9.63397216796875,0,0
2025-07-02,BB500,East,1066,950.0468,115.95318603515625,0,0
2025-07-02,BB500,North,964,979.7022,-15.70220947265625,0,0
2025-07-02,BB500,South,1109,1053.3766,55.6234130859375,0,0
2025-07-02,BB500,West,1043,951.08966,91.91033935546875,0,0
2025-07-02,EN250,Central,392,368.4333,23.56671142578125,0,0
2025-07-02,EN250,East,376,398.71857,-22.71856689453125,0,0
2025-07-02,EN250,North,435,390.51572,44.484283447265625,0,0
2025-07-02,EN250,South,564,584.7588,-20.7587890625,1,0
2025-07-02,EN250,West,452,455.3765,-3.376495361328125,0,0
2025-07-02,EN500,Central,296,263.83722,32.16278076171875,0,0
2025-07-02,EN500,East,221,275.93442,-54.934417724609375,0,0
2025-07-02,EN500,North,270,299.40344,-29.4034423828125,0,0
2025-07-02,EN500,South,385,318.5282,66.4718017578125,0,0
2025-07-02,EN500,West,344,331.44577,12.554229736328125,0,0
2025-07-02,LM250,Central,473,479.80478,-6.804779052734375,0,0
2025-07-02,LM250,East,481,486.4397,-5.439697265625,0,0
2025-07-02,LM250,North,532,465.78506,66.21493530273438,0,0
2025-07-02,LM250,South,598,522.8374,75.16259765625,0,0
2025-07-02,LM250,West,730,555.9668,174.033203125,0,0
2025-07-02,LM500,Central,603,657.9387,-54.938720703125,0,0
2025-07-02,LM500,East,605,708.7882,-103.7882080078125,0,0
2025-07-02,LM500,North,859,1021.85767,-162.857666015625,1,0
2025-07-02,LM500,South,792,808.9573,-16.957275390625,0,0
2025-07-02,LM500,West,774,873.33264,-99.3326416015625,0,0
2025-07-02,OR1000,Central,364,391.00195,-27.001953125,0,0
2025-07-02,OR1000,East,393,401.8677,-8.867706298828125,0,0
2025-07-02,OR1000,North,494,427.77362,66.22637939453125,0,0
2025-07-02,OR1000,South,525,522.575,2.42498779296875,0,0
2025-07-02,OR1000,West,572,519.84796,52.15203857421875,0,0
2025-07-02,OR500,Central,575,521.2592,53.74078369140625,0,0
2025-07-02,OR500,East,619,584.9361,34.06390380859375,0,0
2025-07-02,OR500,North,605,634.709,-29.708984375,0,0
2025-07-02,OR500,South,654,664.00604,-10.00604248046875,0,0
2025-07-02,OR500,West,654,712.0278,-58.02777099609375,0,0
2025-07-02,WT1000,Central,1044,887.6723,156.32769775390625,0,0
2025-07-02,WT1000,East,1104,924.2465,179.75347900390625,0,0
2025-07-02,WT1000,North,1017,937.3859,79.61407470703125,0,0
2025-07-02,WT1000,South,1112,1038.5913,73.40869140625,0,0
2025-07-02,WT1000,West,1189,912.72296,276.27703857421875,0,0
2025-07-03,BB1000,Central,502,510.99176,-8.99176025390625,0,0
2025-07-03,BB1000,East,811,764.74335,46.25665283203125,1,0
2025-07-03,BB1000,North,629,603.21405,25.78594970703125,0,0
2025-07-03,BB1000,South,642,650.783,-8.78302001953125,0,0
2025-07-03,BB1000,West,759,659.4685,99.531494140625,0,0
2025-07-03,BB250,Central,595,557.3694,37.630615234375,0,0
2025-07-03,BB250,East,504,612.1849,-108.18487548828125,0,0
2025-07-03,BB250,North,616,652.6292,-36.62921142578125,0,0
2025-07-03,BB250,South,725,726.3903,-1.39031982421875,0,0
2025-07-03,BB250,West,787,798.8384,-11.83837890625,0,0
2025-07-03,BB500,Central,740,904.3601,-164.360107421875,0,0
2025-07-03,BB500,East,946,931.334,14.666015625,0,0
2025-07-03,BB500,North,878,931.3588,-53.35882568359375,0,0
2025-07-03,BB500,South,996,978.94574,17.05426025390625,0,0
2025-07-03,BB500,West,1408,1502.8221,-94.8221435546875,1,0
2025-07-03,EN250,Central,333,362.88882,-29.888824462890625,0,0
2025-07-03,EN250,East,366,386.81085,-20.81085205078125,0,0
2025-07-03,EN250,North,374,388.67285,-14.6728515625,0,0
2025-07-03,EN250,South,444,453.48093,-9.480926513671875,0,0
2025-07-03,EN250,West,413,454.07098,-41.07098388671875,0,0
2025-07-03,EN500,Central,308,338.67087,-30.670867919921875,1,0
2025-07-03,EN500,East,238,266.11737,-28.11737060546875,0,0
2025-07-03,EN500,North,296,298.76202,-2.76202392578125,0,0
2025-07-03,EN500,South,288,325.75745,-37.7574462890625,0,0
2025-07-03,EN500,West,396,332.95117,63.048828125,0,0
2025-07-03,LM250,Central,510,495.5091,14.49090576171875,0,0
2025-07-03,LM250,East,449,482.16724,-33.167236328125,0,0
2025-07-03,LM250,North,534,477.2494,56.7506103515625,0,0
2025-07-03,LM250,South,624,512.96313,111.036865234375,0,0
2025-07-03,LM250,West,626,544.11035,81.8896484375,0,0
2025-07-03,LM500,Central,750,653.5198,96.480224609375,0,0
2025-07-03,LM500,East,664,769.18365,-105.18365478515625,0,0
2025-07-03,LM500,North,796,781.3885,14.61151123046875,0,0
2025-07-03,LM500,South,762,828.03296,-66.032958984375,0,0
2025-07-03,LM500,West,718,909.99457,-191.99456787109375,0,0
2025-07-03,OR1000,Central,322,397.93176,-75.9317626953125,0,0
2025-07-03,OR1000,East,386,406.68723,-20.687225341796875,0,0
2025-07-03,OR1000,North,459,422.34616,36.653839111328125,0,0
2025-07-03,OR1000,South,461,515.5398,-54.539794921875,0,0
2025-07-03,OR1000,West,460,528.8571,-68.85711669921875,0,0
2025-07-03,OR500,Central,469,526.5665,-57.5665283203125,0,0
2025-07-03,OR500,East,572,558.9296,13.07037353515625,0,0
2025-07-03,OR500,North,620,597.9974,22.00262451171875,0,0
2025-07-03,OR500,South,653,666.3588,-13.35882568359375,0,0
2025-07-03,OR500,West,681,741.1009,-60.10089111328125,0,0
2025-07-03,WT1000,Central,924,894.39435,29.60565185546875,0,0
2025-07-03,WT1000,East,1058,909.89044,148.10955810546875,0,0
2025-07-03,WT1000,North,866,930.9591,-64.9591064453125,0,0
2025-07-03,WT1000,South,1032,1047.3661,-15.3660888671875,0,0
2025-07-03,WT1000,West,1281,1102.0505,178.949462890625,0,0
2025-07-04,BB1000,Central,552,510.97806,41.021942138671875,0,0
2025-07-04,BB1000,East,623,534.1917,88.80828857421875,0,0
2025-07-04,BB1000,North,629,594.0324,34.96759033203125,0,0
2025-07-04,BB1000,South,685,664.8216,20.17840576171875,0,0
2025-07-04,BB1000,West,549,666.1827,-117.18267822265625,0,0
2025-07-04,BB250,Central,670,537.22095,132.779052734375,0,0
2025-07-04,BB250,East,623,621.93634,1.06365966796875,0,0
2025-07-04,BB250,North,686,628.89355,57.1064453125,0,0
2025-07-04,BB250,South,639,732.07336,-93.0733642578125,0,0
2025-07-04,BB250,West,640,786.6878,-146.68780517578125,0,0
2025-07-04,BB500,Central,970,881.5247,88.47528076171875,0,0
2025-07-04,BB500,East,949,1188.5226,-239.5225830078125,1,0
2025-07-04,BB500,North,844,990.8888,-146.8887939453125,0,0
2025-07-04,BB500,South,1051,1009.8858,41.11419677734375,0,0
2025-07-04,BB500,West,1231,1008.8841,222.11590576171875,0,0
2025-07-04,EN250,Central,395,354.9995,40.00048828125,0,0
2025-07-04,EN250,East,390,393.67557,-3.675567626953125,0,0
2025-07-04,EN250,North,433,382.87012,50.1298828125,0,0
2025-07-04,EN250,South,449,437.06717,11.932830810546875,0,0
2025-07-04,EN250,West,442,458.9027,-16.9027099609375,0,0
2025-07-04,EN500,Central,193,265.87338,-72.87338256835938,0,0
2025-07-04,EN500,East,296,270.36655,25.633453369140625,0,0
2025-07-04,EN500,North,295,375.98608,-80.986083984375,1,0
2025-07-04,EN500,South,346,316.98444,29.01556396484375,0,0
2025-07-04,EN500,West,318,342.3591,-24.359100341796875,0,0
2025-07-04,LM250,Central,593,638.9369,-45.9368896484375,1,0
2025-07-04,LM250,East,490,502.75873,-12.75872802734375,0,0
2025-07-04,LM250,North,496,477.5836,18.416412353515625,0,0
2025-07-04,LM250,South,595,513.18567,81.8143310546875,0,0
2025-07-04,LM250,West,621,575.7024,45.297607421875,0,0
2025-07-04,LM500,Central,667,630.7756,36.22442626953125,0,0
2025-07-04,LM500,East,829,750.87024,78.1297607421875,0,0
2025-07-04,LM500,North,581,764.0368,-183.03680419921875,0,0
2025-07-04,LM500,South,807,801.2855,5.7144775390625,0,0
2025-07-04,LM500,West,825,875.0943,-50.09429931640625,0,0
2025-07-04,OR1000,Central,359,387.12762,-28.12762451171875,0,0
2025-07-04,OR1000,East,464,393.92044,70.07955932617188,0,0
2025-07-04,OR1000,North,403,427.73685,-24.736846923828125,0,0
2025-07-04,OR1000,South,522,505.27087,16.7291259765625,0,0
2025-07-04,OR1000,West,563,513.97736,49.02264404296875,0,0
2025-07-04,OR500,Central,524,531.07,-7.07000732421875,0,0
2025-07-04,OR500,East,580,575.8093,4.190673828125,0,0
2025-07-04,OR500,North,697,588.8634,108.1365966796875,0,0
2025-07-04,OR500,South,586,655.79816,-69.79815673828125,0,0
2025-07-04,OR500,West,728,706.60345,21.39654541015625,0,0
2025-07-04,WT1000,Central,840,896.2368,-56.23681640625,0,0
2025-07-04,WT1000,East,952,900.8548,51.14520263671875,0,0
2025-07-04,WT1000,North,916,985.92816,-69.92816162109375,0,0
2025-07-04,WT1000,South,1019,1034.1992,-15.19921875,0,0
2025-07-04,WT1000,West,841,969.1563,-128.15631103515625,0,0
2025-07-05,BB1000,Central,594,596.2363,-2.236328125,0,0
2025-07-05,BB1000,East,600,642.06305,-42.06304931640625,0,0
2025-07-05,BB1000,North,734,697.14276,36.85723876953125,0,0
2025-07-05,BB1000,South,582,730.89716,-148.89715576171875,0,0
2025-07-05,BB1000,West,657,742.77673,-85.7767333984375,0,0
2025-07-05,BB250,Central,785,654.0599,130.94012451171875,0,0
2025-07-05,BB250,East,812,709.9046,102.09539794921875,0,0
2025-07-05,BB250,North,843,749.8043,93.1956787109375,0,0
2025-07-05,BB250,South,869,791.23645,77.7635498046875,0,0
2025-07-05,BB250,West,990,1100.0823,-110.082275390625,1,0
2025-07-05,BB500,Central,986,959.4561,26.54388427734375,0,0
2025-07-05,BB500,East,1122,1030.8856,91.1143798828125,0,0
2025-07-05,BB500,North,1023,1039.1942,-16.1942138671875,0,0
2025-07-05,BB500,South,1136,1183.3619,-47.3619384765625,0,0
2025-07-05,BB500,West,1284,1095.0367,188.9632568359375,0,0
2025-07-05,EN250,Central,423,425.8905,-2.8905029296875,0,0
2025-07-05,EN250,East,472,455.6993,16.300689697265625,0,0
2025-07-05,EN250,North,442,445.87503,-3.875030517578125,0,0
2025-07-05,EN250,South,560,532.21387,27.7861328125,0,0
2025-07-05,EN250,West,555,524.20966,30.79034423828125,0,0
2025-07-05,EN500,Central,305,290.187,14.81298828125,0,0
2025-07-05,EN500,East,366,306.56174,59.438262939453125,0,0
2025-07-05,EN500,North,370,364.5194,5.4805908203125,0,0
2025-07-05,EN500,South,406,364.8571,41.142913818359375,0,0
2025-07-05,EN500,West,297,396.92053,-99.9205322265625,0,0
2025-07-05,LM250,Central,590,544.512,45.48797607421875,0,0
2025-07-05,LM250,East,490,578.644,-88.64398193359375,0,0
2025-07-05,LM250,North,676,558.1812,117.81878662109375,0,0
2025-07-05,LM250,South,737,625.52423,111.47576904296875,0,0
2025-07-05,LM250,West,668,685.3559,-17.35589599609375,0,0
2025-07-05,LM500,Central,730,721.4955,8.5045166015625,0,0
2025-07-05,LM500,East,709,831.9571,-122.95709228515625,0,0
2025-07-05,LM500,North,802,827.89734,-25.8973388671875,0,0
2025-07-05,LM500,South,897,902.6095,-5.6094970703125,0,0
2025-07-05,LM500,West,896,944.3041,-48.3040771484375,0,0
2025-07-05,OR1000,Central,480,442.26468,37.735321044921875,0,0
2025-07-05,OR1000,East,463,469.98328,-6.9832763671875,0,0
2025-07-05,OR1000,North,508,531.0098,-23.00982666015625,0,0
2025-07-05,OR1000,South,542,573.8152,-31.815185546875,0,0
2025-07-05,OR1000,West,700,779.2694,-79.2694091796875,1,0
2025-07-05,OR500,Central,781,787.50256,-6.5025634765625,1,0
2025-07-05,OR500,East,694,665.1856,28.81439208984375,0,0
2025-07-05,OR500,North,678,715.01105,-37.01104736328125,0,0
2025-07-05,OR500,South,784,760.20306,23.79693603515625,0,0
2025-07-05,OR500,West,1162,1045.7142,116.2857666015625,1,0
2025-07-05,WT1000,Central,948,979.23584,-31.23583984375,0,0
2025-07-05,WT1000,East,1031,1155.2231,-124.22314453125,0,0
2025-07-05,WT1000,North,1133,1135.1578,-2.1578369140625,0,0
2025-07-05,WT1000,South,1401,1271.1282,129.871826171875,0,0
2025-07-05,WT1000,West,1578,1246.0293,331.970703125,0,0
2025-07-06,BB1000,Central,621,579.4471,41.55291748046875,0,0
2025-07-06,BB1000,East,657,629.06323,27.936767578125,0,0
2025-07-06,BB1000,North,599,711.92145,-112.92144775390625,0,0
2025-07-06,BB1000,South,730,733.74835,-3.74835205078125,0,0
2025-07-06,BB1000,West,940,1012.436,-72.43597412109375,1,0
2025-07-06,BB250,Central,709,686.2571,22.742919921875,0,0
2025-07-06,BB250,East,780,716.0569,63.943115234375,0,0
2025-07-06,BB250,North,771,751.88605,19.11395263671875,0,0
2025-07-06,BB250,South,980,1021.9125,-41.9124755859375,1,0
2025-07-06,BB250,West,877,845.255,31.7449951171875,0,0
2025-07-06,BB500,Central,1003,935.9339,67.06610107421875,0,0
2025-07-06,BB500,East,1104,1012.9851,91.014892578125,0,0
2025-07-06,BB500,North,1213,1296.8964,-83.8963623046875,1,0
2025-07-06,BB500,South,1298,1163.381,134.6190185546875,0,0
2025-07-06,BB500,West,1318,1110.2833,207.7166748046875,0,0
2025-07-06,EN250,Central,401,418.07236,-17.072357177734375,0,0
2025-07-06,EN250,East,425,447.96918,-22.96917724609375,0,0
2025-07-06,EN250,North,444,450.04218,-6.04217529296875,0,0
2025-07-06,EN250,South,550,519.07,30.92999267578125,0,0
2025-07-06,EN250,West,509,538.051,-29.051025390625,0,0
2025-07-06,EN500,Central,288,282.37283,5.627166748046875,0,0
2025-07-06,EN500,East,271,304.0581,-33.05810546875,0,0
2025-07-06,EN500,North,370,335.74063,34.259368896484375,0,0
2025-07-06,EN500,South,348,373.54214,-25.542144775390625,0,0
2025-07-06,EN500,West,398,387.00854,10.991455078125,0,0
2025-07-06,LM250,Central,389,531.41693,-142.41693115234375,0,0
2025-07-06,LM250,East,517,587.0893,-70.08929443359375,0,0
2025-07-06,LM250,North,612,565.796,46.2039794921875,0,0
2025-07-06,LM250,South,662,852.83307,-190.83306884765625,1,0
2025-07-06,LM250,West,678,691.7988,-13.798828125,0,0
2025-07-06,LM500,Central,813,738.65546,74.34454345703125,0,0
2025-07-06,LM500,East,797,810.95337,-13.953369140625,0,0
2025-07-06,LM500,North,934,853.2524,80.74761962890625,0,0
2025-07-06,LM500,South,1203,1115.0944,87.9056396484375,1,0
2025-07-06,LM500,West,968,862.3445,105.655517578125,0,0
2025-07-06,OR1000,Central,422,437.48325,-15.483245849609375,0,0
2025-07-06,OR1000,East,482,461.85898,20.141021728515625,0,0
2025-07-06,OR1000,North,477,498.96066,-21.960662841796875,0,0
2025-07-06,OR1000,South,674,577.8577,96.14227294921875,0,0
2025-07-06,OR1000,West,560,603.34766,-43.34765625,0,0
2025-07-06,OR500,Central,571,623.8649,-52.86492919921875,0,0
2025-07-06,OR500,East,738,669.6926,68.307373046875,0,0
2025-07-06,OR500,North,639,731.9147,-92.9146728515625,0,0
2025-07-06,OR500,South,1004,959.46313,44.536865234375,1,0
2025-07-06,OR500,West,681,857.79047,-176.79046630859375,0,0
2025-07-06,WT1000,Central,1134,961.0593,172.940673828125,0,0
2025-07-06,WT1000,East,1115,1094.8262,20.173828125,0,0
2025-07-06,WT1000,North,1083,1071.8997,11.100341796875,0,0
2025-07-06,WT1000,South,1333,1183.1157,149.88427734375,0,0
2025-07-06,WT1000,West,1206,1203.5125,2.487548828125,0,0
2025-07-07,BB1000,Central,498,512.58234,-14.58233642578125,0,0
2025-07-07,BB1000,East,521,571.76434,-50.76434326171875,0,0
2025-07-07,BB1000,North,620,628.3204,-8.32037353515625,0,0
2025-07-07,BB1000,South,675,650.8572,24.142822265625,0,0
2025-07-07,BB1000,West,611,649.09033,-38.09033203125,0,0
2025-07-07,BB250,Central,614,568.626,45.3740234375,0,0
2025-07-07,BB250,East,662,607.03046,54.96954345703125,0,0
2025-07-07,BB250,North,705,645.0073,59.99267578125,0,0
2025-07-07,BB250,South,701,707.0574,-6.057373046875,0,0
2025-07-07,BB250,West,795,754.1819,40.818115234375,0,0
2025-07-07,BB500,Central,986,859.3268,126.6732177734375,0,0
2025-07-07,BB500,East,955,918.47296,36.52703857421875,0,0
2025-07-07,BB500,North,967,943.7968,23.20318603515625,0,0
2025-07-07,BB500,South,1033,1025.3726,7.62744140625,0,0
2025-07-07,BB500,West,1032,904.1226,127.87738037109375,0,0
2025-07-07,EN250,Central,354,370.75238,-16.75238037109375,0,0
2025-07-07,EN250,East,438,513.87305,-75.873046875,1,0
2025-07-07,EN250,North,363,380.95447,-17.9544677734375,0,0
2025-07-07,EN250,South,469,441.67792,27.32208251953125,0,0
2025-07-07,EN250,West,363,459.64023,-96.64022827148438,0,0
2025-07-07,EN500,Central,291,263.7098,27.290191650390625,0,0
2025-07-07,EN500,East,295,277.71017,17.289825439453125,0,0
2025-07-07,EN500,North,308,292.01828,15.981719970703125,0,0
2025-07-07,EN500,South,319,317.3133,1.68670654296875,0,0
2025-07-07,EN500,West,328,338.92776,-10.927764892578125,0,0
2025-07-07,LM250,Central,497,476.86703,20.132965087890625,0,0
2025-07-07,LM250,East,460,499.42413,-39.42413330078125,0,0
2025-07-07,LM250,North,581,499.47113,81.52886962890625,0,0
2025-07-07,LM250,South,541,559.6755,-18.67547607421875,0,0
2025-07-07,LM250,West,698,562.31714,135.682861328125,0,0
2025-07-07,LM500,Central,644,656.21533,-12.21533203125,0,0
2025-07-07,LM500,East,685,697.3018,-12.30181884765625,0,0
2025-07-07,LM500,North,725,741.14636,-16.1463623046875,0,0
2025-07-07,LM500,South,786,814.29535,-28.29534912109375,0,0
2025-07-07,LM500,West,967,804.30963,162.69036865234375,0,0
2025-07-07,OR1000,Central,388,381.21368,6.78631591796875,0,0
2025-07-07,OR1000,East,426,422.20142,3.798583984375,0,0
2025-07-07,OR1000,North,417,427.79346,-10.79345703125,0,0
2025-07-07,OR1000,South,610,527.3568,82.6431884765625,0,0
2025-07-07,OR1000,West,535,687.10376,-152.103759765625,1,0
2025-07-07,OR500,Central,538,546.9183,-8.91827392578125,0,0
2025-07-07,OR500,East,563,596.17426,-33.17425537109375,0,0
2025-07-07,OR500,North,565,619.333,-54.3330078125,0,0
2025-07-07,OR500,South,677,639.75696,37.2430419921875,0,0
2025-07-07,OR500,West,760,748.4798,11.52020263671875,0,0
2025-07-07,WT1000,Central,1057,915.604,141.39599609375,0,0
2025-07-07,WT1000,East,1178,919.82715,258.1728515625,0,0
2025-07-07,WT1000,North,1036,897.9414,138.05859375,0,0
2025-07-07,WT1000,South,1201,1017.2696,183.73040771484375,0,0
2025-07-07,WT1000,West,1345,955.95215,389.0478515625,0,0
2025-07-08,BB1000,Central,567,504.34402,62.655975341796875,0,0
2025-07-08,BB1000,East,536,556.0551,-20.05511474609375,0,0
2025-07-08,BB1000,North,584,610.4411,-26.44110107421875,0,0
2025-07-08,BB1000,South,646,645.67645,0.32354736328125,0,0
2025-07-08,BB1000,West,661,664.9045,-3.90447998046875,0,0
2025-07-08,BB250,Central,643,589.1922,53.80780029296875,0,0
2025-07-08,BB250,East,639,613.26697,25.7330322265625,0,0
2025-07-08,BB250,North,707,640.01404,66.9859619140625,0,0
2025-07-08,BB250,South,903,904.18353,-1.18353271484375,1,0
2025-07-08,BB250,West,727,743.85864,-16.858642578125,0,0
2025-07-08,BB500,Central,891,873.32153,17.678466796875,0,0
2025-07-08,BB500,East,986,899.2443,86.75567626953125,0,0
2025-07-08,BB500,North,1265,1191.9529,73.047119140625,1,0
2025-07-08,BB500,South,928,1031.6251,-103.6251220703125,0,0
2025-07-08,BB500,West,1179,970.7461,208.25390625,0,0
2025-07-08,EN250,Central,385,359.59225,25.407745361328125,0,0
2025-07-08,EN250,East,361,393.80652,-32.8065185546875,0,0
2025-07-08,EN250,North,442,381.26163,60.738372802734375,0,0
2025-07-08,EN250,South,446,461.0208,-15.02081298828125,0,0
2025-07-08,EN250,West,480,453.33975,26.660247802734375,0,0
2025-07-08,EN500,Central,235,254.61656,-19.616561889648438,0,0
2025-07-08,EN500,East,221,270.44308,-49.443084716796875,0,0
2025-07-08,EN500,North,264,293.8206,-29.820587158203125,0,0
2025-07-08,EN500,South,306,319.23178,-13.231781005859375,0,0
2025-07-08,EN500,West,268,321.77036,-53.770355224609375,0,0
2025-07-08,LM250,Central,507,483.65652,23.343475341796875,0,0
2025-07-08,LM250,East,491,501.52283,-10.5228271484375,0,0
2025-07-08,LM250,North,522,484.836,37.16400146484375,0,0
2025-07-08,LM250,South,660,538.80975,121.19024658203125,0,0
2025-07-08,LM250,West,508,571.0245,-63.02447509765625,0,0
2025-07-08,LM500,Central,620,643.5179,-23.51788330078125,0,0
2025-07-08,LM500,East,788,702.0619,85.9381103515625,0,0
2025-07-08,LM500,North,711,749.63324,-38.63323974609375,0,0
2025-07-08,LM500,South,951,816.61237,134.38763427734375,0,0
2025-07-08,LM500,West,890,833.79535,56.20465087890625,0,0
2025-07-08,OR1000,Central,410,381.63312,28.36688232421875,0,0
2025-07-08,OR1000,East,448,403.95663,44.043365478515625,0,0
2025-07-08,OR1000,North,420,435.01865,-15.018646240234375,0,0
2025-07-08,OR1000,South,493,535.82855,-42.82855224609375,0,0
2025-07-08,OR1000,West,479,534.16473,-55.16473388671875,0,0
2025-07-08,OR500,Central,474,548.3657,-74.36572265625,0,0
2025-07-08,OR500,East,478,569.5434,-91.54339599609375,0,0
2025-07-08,OR500,North,626,652.2661,-26.26611328125,0,0
2025-07-08,OR500,South,705,659.30383,45.6961669921875,0,0
2025-07-08,OR500,West,679,751.03534,-72.03533935546875,0,0
2025-07-08,WT1000,Central,1128,1221.4017,-93.4017333984375,1,0
2025-07-08,WT1000,East,1124,1254.4436,-130.443603515625,1,0
2025-07-08,WT1000,North,1161,948.26013,212.7398681640625,0,0
2025-07-08,WT1000,South,1134,1053.4396,80.5604248046875,0,0
2025-07-08,WT1000,West,1097,1118.4911,-21.4910888671875,0,0
2025-07-09,BB1000,Central,456,509.68845,-53.688446044921875,0,0
2025-07-09,BB1000,East,559,571.8019,-12.8018798828125,0,0
2025-07-09,BB1000,North,666,606.83435,59.1656494140625,0,0
2025-07-09,BB1000,South,650,645.3054,4.694580078125,0,0
2025-07-09,BB1000,West,653,659.6112,-6.6112060546875,0,0
2025-07-09,BB250,Central,576,601.77496,-25.77496337890625,0,0
2025-07-09,BB250,East,470,599.31165,-129.3116455078125,0,0
2025-07-09,BB250,North,698,654.7608,43.23919677734375,0,0
2025-07-09,BB250,South,653,761.99286,-108.99285888671875,0,0
2025-07-09,BB250,West,664,751.16406,-87.1640625,0,0
2025-07-09,BB500,Central,1013,856.8619,156.13812255859375,0,0
2025-07-09,BB500,East,829,897.9703,-68.97027587890625,0,0
2025-07-09,BB500,North,950,949.4947,0.50531005859375,0,0
2025-07-09,BB500,South,1187,1000.0576,186.9423828125,0,0
2025-07-09,BB500,West,1410,1412.5642,-2.564208984375,1,0
2025-07-09,EN250,Central,361,367.83975,-6.839752197265625,0,0
2025-07-09,EN250,East,356,386.1529,-30.15289306640625,0,0
2025-07-09,EN250,North,428,382.58383,45.416168212890625,0,0
2025-07-09,EN250,South,390,438.20233,-48.20233154296875,0,0
2025-07-09,EN250,West,532,465.3201,66.67990112304688,0,0
2025-07-09,EN500,Central,311,256.30798,54.6920166015625,0,0
2025-07-09,EN500,East,299,268.89487,30.105133056640625,0,0
2025-07-09,EN500,North,312,296.07626,15.923736572265625,0,0
2025-07-09,EN500,South,290,305.63046,-15.630462646484375,0,0
2025-07-09,EN500,West,448,405.62872,42.37127685546875,1,0
2025-07-09,LM250,Central,423,484.7557,-61.755706787109375,0,0
2025-07-09,LM250,East,504,501.92902,2.07098388671875,0,0
2025-07-09,LM250,North,544,492.0277,51.9722900390625,0,0
2025-07-09,LM250,South,609,549.7737,59.226318359375,0,0
2025-07-09,LM250,West,609,571.84454,37.15545654296875,0,0
2025-07-09,LM500,Central,526,619.98486,-93.98486328125,0,0
2025-07-09,LM500,East,645,734.79254,-89.79254150390625,0,0
2025-07-09,LM500,North,709,744.154,-35.15399169921875,0,0
2025-07-09,LM500,South,859,815.4693,43.53070068359375,0,0
2025-07-09,LM500,West,830,828.63214,1.36785888671875,0,0
2025-07-09,OR1000,Central,350,384.7028,-34.702789306640625,0,0
2025-07-09,OR1000,East,404,421.28757,-17.287567138671875,0,0
2025-07-09,OR1000,North,441,437.23975,3.76025390625,0,0
2025-07-09,OR1000,South,495,523.33167,-28.3316650390625,0,0
2025-07-09,OR1000,West,528,525.5217,2.478271484375,0,0
2025-07-09,OR500,Central,566,533.1029,32.8970947265625,0,0
2025-07-09,OR500,East,571,576.05347,-5.053466796875,0,0
2025-07-09,OR500,North,577,605.8073,-28.80731201171875,0,0
2025-07-09,OR500,South,576,633.6964,-57.6964111328125,0,0
2025-07-09,OR500,West,757,725.40485,31.59515380859375,0,0
2025-07-09,WT1000,Central,945,918.94,26.05999755859375,0,0
2025-07-09,WT1000,East,1113,1293.6262,-180.626220703125,1,0
2025-07-09,WT1000,North,1429,1282.866,146.134033203125,1,0
2025-07-09,WT1000,South,936,1002.6037,-66.60369873046875,0,0
2025-07-09,WT1000,West,1194,1081.0978,112.9022216796875,0,0
2025-07-10,BB1000,Central,674,655.05237,18.9476318359375,1,0
2025-07-10,BB1000,East,541,542.66284,-1.662841796875,0,0
2025-07-10,BB1000,North,514,636.2221,-122.22210693359375,0,0
2025-07-10,BB1000,South,652,639.63696,12.363037109375,0,0
2025-07-10,BB1000,West,677,661.8698,15.13018798828125,0,0
2025-07-10,BB250,Central,611,606.17426,4.82574462890625,0,0
2025-07-10,BB250,East,823,776.35986,46.64013671875,1,0
2025-07-10,BB250,North,638,648.3962,-10.39617919921875,0,0
2025-07-10,BB250,South,776,739.50336,36.49664306640625,0,0
2025-07-10,BB250,West,689,733.2841,-44.28411865234375,0,0
2025-07-10,BB500,Central,922,887.6583,34.3416748046875,0,0
2025-07-10,BB500,East,936,954.9965,-18.99652099609375,0,0
2025-07-10,BB500,North,836,894.8774,-58.87738037109375,0,0
2025-07-10,BB500,South,998,995.2435,2.7564697265625,0,0
2025-07-10,BB500,West,1150,921.48145,228.5185546875,0,0
2025-07-10,EN250,Central,331,356.79077,-25.790771484375,0,0
2025-07-10,EN250,East,380,385.5681,-5.568115234375,0,0
2025-07-10,EN250,North,320,388.6415,-68.64151000976562,0,0
2025-07-10,EN250,South,468,441.37665,26.62335205078125,0,0
2025-07-10,EN250,West,408,471.56146,-63.56146240234375,0,0
2025-07-10,EN500,Central,284,263.2389,20.7611083984375,0,0
2025-07-10,EN500,East,237,269.02844,-32.0284423828125,0,0
2025-07-10,EN500,North,342,291.97495,50.025054931640625,0,0
2025-07-10,EN500,South,349,310.0721,38.927886962890625,0,0
2025-07-10,EN500,West,348,316.89664,31.103363037109375,0,0
2025-07-10,LM250,Central,511,477.32526,33.67474365234375,0,0
2025-07-10,LM250,East,445,480.16223,-35.1622314453125,0,0
2025-07-10,LM250,North,660,633.15497,26.84503173828125,1,0
2025-07-10,LM250,South,589,561.54926,27.45074462890625,0,0
2025-07-10,LM250,West,675,548.9011,126.098876953125,0,0
2025-07-10,LM500,Central,807,865.47205,-58.4720458984375,1,0
2025-07-10,LM500,East,800,731.67706,68.32293701171875,0,0
2025-07-10,LM500,North,703,711.77057,-8.77056884765625,0,0
2025-07-10,LM500,South,825,812.5444,12.45562744140625,0,0
2025-07-10,LM500,West,878,872.9534,5.04656982421875,0,0
2025-07-10,OR1000,Central,290,376.43204,-86.43203735351562,0,0
2025-07-10,OR1000,East,453,415.70718,37.292816162109375,0,0
2025-07-10,OR1000,North,479,432.94247,46.057525634765625,0,0
2025-07-10,OR1000,South,448,518.54004,-70.5400390625,0,0
2025-07-10,OR1000,West,522,536.1613,-14.16131591796875,0,0
2025-07-10,OR500,Central,534,550.2544,-16.25439453125,0,0
2025-07-10,OR500,East,552,580.2032,-28.20318603515625,0,0
2025-07-10,OR500,North,685,597.0081,87.99188232421875,0,0
2025-07-10,OR500,South,679,669.16156,9.83843994140625,0,0
2025-07-10,OR500,West,727,728.9169,-1.9168701171875,0,0
2025-07-10,WT1000,Central,851,954.6774,-103.67742919921875,0,0
2025-07-10,WT1000,East,685,929.3785,-244.37847900390625,0,0
2025-07-10,WT1000,North,1058,945.6356,112.3643798828125,0,0
2025-07-10,WT1000,South,1007,1039.6248,-32.624755859375,0,0
2025-07-10,WT1000,West,1237,988.12573,248.874267578125,0,0
2025-07-11,BB1000,Central,546,514.3524,31.6475830078125,0,0
2025-07-11,BB1000,East,624,557.4252,66.5748291015625,0,0
2025-07-11,BB1000,North,442,639.60864,-197.608642578125,0,0
2025-07-11,BB1000,South,681,642.3306,38.66937255859375,0,0
2025-07-11,BB1000,West,736,653.75385,82.24615478515625,0,0
2025-07-11,BB250,Central,808,749.43933,58.5606689453125,1,0
2025-07-11,BB250,East,573,625.1833,-52.18328857421875,0,0
2025-07-11,BB250,North,623,669.3672,-46.3671875,0,0
2025-07-11,BB250,South,778,889.50903,-111.509033203125,1,0
2025-07-11,BB250,West,625,733.4018,-108.40179443359375,0,0
2025-07-11,BB500,Central,996,856.53424,139.46575927734375,0,0
2025-07-11,BB500,East,988,938.9573,49.042724609375,0,0
2025-07-11,BB500,North,889,957.6789,-68.67889404296875,0,0
2025-07-11,BB500,South,1214,995.0438,218.9561767578125,0,0
2025-07-11,BB500,West,1193,1013.23346,179.76654052734375,0,0
2025-07-11,EN250,Central,340,353.58487,-13.584869384765625,0,0
2025-07-11,EN250,East,454,391.01376,62.986236572265625,0,0
2025-07-11,EN250,North,387,381.02374,5.97625732421875,0,0
2025-07-11,EN250,South,400,443.1237,-43.123687744140625,0,0
2025-07-11,EN250,West,477,479.75955,-2.759552001953125,0,0
2025-07-11,EN500,Central,293,260.4555,32.54449462890625,0,0
2025-07-11,EN500,East,260,262.78583,-2.78582763671875,0,0
2025-07-11,EN500,North,257,292.2362,-35.2362060546875,0,0
2025-07-11,EN500,South,295,314.3344,-19.33441162109375,0,0
2025-07-11,EN500,West,332,313.02185,18.9781494140625,0,0
2025-07-11,LM250,Central,430,465.71164,-35.711639404296875,0,0
2025-07-11,LM250,East,471,490.17416,-19.174163818359375,0,0
2025-07-11,LM250,North,445,488.52994,-43.529937744140625,0,0
2025-07-11,LM250,South,621,734.24994,-113.24993896484375,1,0
2025-07-11,LM250,West,588,567.65576,20.34423828125,0,0
2025-07-11,LM500,Central,697,645.73016,51.26983642578125,0,0
2025-07-11,LM500,East,662,710.86053,-48.86053466796875,0,0
2025-07-11,LM500,North,884,754.67145,129.32855224609375,0,0
2025-07-11,LM500,South,936,819.00635,116.99365234375,0,0
2025-07-11,LM500,West,751,849.12366,-98.1236572265625,0,0
2025-07-11,OR1000,Central,424,375.85626,48.14373779296875,0,0
2025-07-11,OR1000,East,383,420.04,-37.040008544921875,0,0
2025-07-11,OR1000,North,410,429.03113,-19.0311279296875,0,0
2025-07-11,OR1000,South,578,502.75137,75.24862670898438,0,0
2025-07-11,OR1000,West,478,533.8698,-55.86981201171875,0,0
2025-07-11,OR500,Central,545,532.899,12.10101318359375,0,0
2025-07-11,OR500,East,651,586.2808,64.71917724609375,0,0
2025-07-11,OR500,North,610,619.00775,-9.00775146484375,0,0
2025-07-11,OR500,South,727,648.23444,78.76556396484375,0,0
2025-07-11,OR500,West,606,716.1411,-110.14111328125,0,0
2025-07-11,WT1000,Central,819,1014.1221,-195.1220703125,0,0
2025-07-11,WT1000,East,1030,1048.1296,-18.129638671875,0,0
2025-07-11,WT1000,North,1071,974.28613,96.7138671875,0,0
2025-07-11,WT1000,South,1253,1028.6277,224.372314453125,0,0
2025-07-11,WT1000,West,1212,1058.2595,153.740478515625,0,0
2025-07-12,BB1000,Central,668,586.0981,81.90191650390625,0,0
2025-07-12,BB1000,East,590,629.10754,-39.1075439453125,0,0
2025-07-12,BB1000,North,686,681.13855,4.8614501953125,0,0
2025-07-12,BB1000,South,910,740.5097,169.49029541015625,0,0
2025-07-12,BB1000,West,871,944.8929,-73.89288330078125,1,0
2025-07-12,BB250,Central,715,714.2587,0.74127197265625,0,0
2025-07-12,BB250,East,786,703.1175,82.88250732421875,0,0
2025-07-12,BB250,North,824,741.0667,82.93328857421875,0,0
2025-07-12,BB250,South,762,866.70667,-104.7066650390625,0,0
2025-07-12,BB250,West,1020,794.4908,225.50921630859375,0,0
2025-07-12,BB500,Central,837,1027.3926,-190.392578125,0,0
2025-07-12,BB500,East,1105,1062.896,42.10400390625,0,0
2025-07-12,BB500,North,1041,1026.085,14.9150390625,0,0
2025-07-12,BB500,South,1281,1390.9875,-109.987548828125,1,0
2025-07-12,BB500,West,1267,1164.4579,102.5421142578125,0,0
2025-07-12,EN250,Central,402,426.05972,-24.059722900390625,0,0
2025-07-12,EN250,East,468,437.1359,30.864105224609375,0,0
2025-07-12,EN250,North,497,464.6568,32.34320068359375,0,0
2025-07-12,EN250,South,464,514.7327,-50.73272705078125,0,0
2025-07-12,EN250,West,451,548.8219,-97.8218994140625,0,0
2025-07-12,EN500,Central,293,302.07358,-9.073577880859375,0,0
2025-07-12,EN500,East,327,295.9258,31.074188232421875,0,0
2025-07-12,EN500,North,313,335.13477,-22.134765625,0,0
2025-07-12,EN500,South,365,372.24304,-7.2430419921875,0,0
2025-07-12,EN500,West,413,381.9094,31.090606689453125,0,0
2025-07-12,LM250,Central,547,549.41705,-2.41705322265625,0,0
2025-07-12,LM250,East,505,567.04443,-62.04443359375,0,0
2025-07-12,LM250,North,597,589.5893,7.41070556640625,0,0
2025-07-12,LM250,South,574,668.22314,-94.22314453125,0,0
2025-07-12,LM250,West,622,693.76776,-71.76776123046875,0,0
2025-07-12,LM500,Central,771,746.2291,24.7708740234375,0,0
2025-07-12,LM500,East,646,819.10724,-173.10723876953125,0,0
2025-07-12,LM500,North,927,1043.3689,-116.368896484375,1,0
2025-07-12,LM500,South,968,955.93414,12.06585693359375,0,0
2025-07-12,LM500,West,997,947.24335,49.75665283203125,0,0
2025-07-12,OR1000,Central,424,448.7923,-24.79229736328125,0,0
2025-07-12,OR1000,East,571,606.53284,-35.5328369140625,1,0
2025-07-12,OR1000,North,599,495.0975,103.90249633789062,0,0
2025-07-12,OR1000,South,531,576.8344,-45.83441162109375,0,0
2025-07-12,OR1000,West,584,577.6095,6.3905029296875,0,0
2025-07-12,OR500,Central,658,615.32635,42.67364501953125,0,0
2025-07-12,OR500,East,675,678.27985,-3.27984619140625,0,0
2025-07-12,OR500,North,864,708.3145,155.68548583984375,0,0
2025-07-12,OR500,South,731,750.71594,-19.7159423828125,0,0
2025-07-12,OR500,West,711,775.41364,-64.41363525390625,0,0
2025-07-12,WT1000,Central,1122,1127.6842,-5.6842041015625,0,0
2025-07-12,WT1000,East,1081,1122.1838,-41.183837890625,0,0
2025-07-12,WT1000,North,1416,1485.4175,-69.41748046875,1,0
2025-07-12,WT1000,South,1358,1232.6293,125.3707275390625,0,0
2025-07-12,WT1000,West,1250,1234.3317,15.6683349609375,0,0
2025-07-13,BB1000,Central,681,587.3443,93.65570068359375,0,0
2025-07-13,BB1000,East,696,636.3754,59.62457275390625,0,0
2025-07-13,BB1000,North,851,822.23096,28.76904296875,1,0
2025-07-13,BB1000,South,703,768.4602,-65.460205078125,0,0
2025-07-13,BB1000,West,783,805.57965,-22.57965087890625,0,0
2025-07-13,BB250,Central,618,693.23517,-75.23516845703125,0,0
2025-07-13,BB250,East,721,722.65045,-1.65045166015625,0,0
2025-07-13,BB250,North,815,789.43854,25.56146240234375,0,0
2025-07-13,BB250,South,905,809.05676,95.9432373046875,0,0
2025-07-13,BB250,West,1053,902.3415,150.65850830078125,0,0
2025-07-13,BB500,Central,858,1052.4332,-194.4332275390625,0,0
2025-07-13,BB500,East,1104,1080.0624,23.9376220703125,0,0
2025-07-13,BB500,North,1060,1015.8798,44.12017822265625,0,0
2025-07-13,BB500,South,1170,1170.0092,-0.0091552734375,0,0
2025-07-13,BB500,West,971,1174.6927,-203.6927490234375,0,0
2025-07-13,EN250,Central,483,426.6703,56.3297119140625,0,0
2025-07-13,EN250,East,436,449.90515,-13.9051513671875,0,0
2025-07-13,EN250,North,517,447.67105,69.32894897460938,0,0
2025-07-13,EN250,South,617,516.3537,100.64630126953125,0,0
2025-07-13,EN250,West,637,612.2456,24.75439453125,1,0
2025-07-13,EN500,Central,273,297.0367,-24.036712646484375,0,0
2025-07-13,EN500,East,304,298.29987,5.70013427734375,0,0
2025-07-13,EN500,North,304,328.515,-24.5150146484375,0,0
2025-07-13,EN500,South,364,360.50055,3.49945068359375,0,0
2025-07-13,EN500,West,388,379.15173,8.8482666015625,0,0
2025-07-13,LM250,Central,523,550.703,-27.7030029296875,0,0
2025-07-13,LM250,East,555,554.6649,0.3350830078125,0,0
2025-07-13,LM250,North,603,795.0508,-192.05078125,1,0
2025-07-13,LM250,South,657,635.8953,21.10467529296875,0,0
2025-07-13,LM250,West,708,699.07166,8.9283447265625,0,0
2025-07-13,LM500,Central,656,747.666,-91.666015625,0,0
2025-07-13,LM500,East,763,783.0506,-20.05059814453125,0,0
2025-07-13,LM500,North,806,820.522,-14.52197265625,0,0
2025-07-13,LM500,South,864,926.979,-62.97900390625,0,0
2025-07-13,LM500,West,993,912.923,80.0770263671875,0,0
2025-07-13,OR1000,Central,408,443.7924,-35.792388916015625,0,0
2025-07-13,OR1000,East,393,503.41785,-110.4178466796875,0,0
2025-07-13,OR1000,North,486,479.16913,6.83087158203125,0,0
2025-07-13,OR1000,South,752,733.13257,18.867431640625,1,0
2025-07-13,OR1000,West,629,586.3471,42.65289306640625,0,0
2025-07-13,OR500,Central,598,600.5168,-2.51678466796875,0,0
2025-07-13,OR500,East,716,670.6588,45.3411865234375,0,0
2025-07-13,OR500,North,583,751.86865,-168.86865234375,0,0
2025-07-13,OR500,South,661,756.698,-95.697998046875,0,0
2025-07-13,OR500,West,786,790.05347,-4.053466796875,0,0
2025-07-13,WT1000,Central,1189,1450.5496,-261.549560546875,1,0
2025-07-13,WT1000,East,1124,1079.1313,44.86865234375,0,0
2025-07-13,WT1000,North,1240,1146.3899,93.610107421875,0,0
2025-07-13,WT1000,South,1304,1199.4318,104.5682373046875,0,0
2025-07-13,WT1000,West,1385,1304.423,80.5770263671875,0,0
2025-07-14,BB1000,Central,558,525.51135,32.4886474609375,0,0
2025-07-14,BB1000,East,532,550.57404,-18.57403564453125,0,0
2025-07-14,BB1000,North,488,615.1399,-127.139892578125,0,0
2025-07-14,BB1000,South,714,652.01886,61.98114013671875,0,0
2025-07-14,BB1000,West,717,668.1227,48.8773193359375,0,0
2025-07-14,BB250,Central,524,625.6235,-101.62347412109375,0,0
2025-07-14,BB250,East,774,821.7021,-47.70208740234375,1,0
2025-07-14,BB250,North,696,660.8178,35.18218994140625,0,0
2025-07-14,BB250,South,619,712.82477,-93.82476806640625,0,0
2025-07-14,BB250,West,851,755.80634,95.19366455078125,0,0
2025-07-14,BB500,Central,930,862.76764,67.23236083984375,0,0
2025-07-14,BB500,East,891,1017.7714,-126.77142333984375,0,0
2025-07-14,BB500,North,901,927.8781,-26.87811279296875,0,0
2025-07-14,BB500,South,1015,1073.4028,-58.40283203125,0,0
2025-07-14,BB500,West,1048,1021.5046,26.49542236328125,0,0
2025-07-14,EN250,Central,385,366.02005,18.979949951171875,0,0
2025-07-14,EN250,East,414,394.7798,19.22021484375,0,0
2025-07-14,EN250,North,400,391.684,8.316009521484375,0,0
2025-07-14,EN250,South,405,465.76224,-60.762237548828125,0,0
2025-07-14,EN250,West,441,446.51117,-5.51116943359375,0,0
2025-07-14,EN500,Central,271,268.22427,2.775726318359375,0,0
2025-07-14,EN500,East,246,277.53882,-31.538818359375,0,0
2025-07-14,EN500,North,331,296.8412,34.1588134765625,0,0
2025-07-14,EN500,South,365,318.11377,46.88623046875,0,0
2025-07-14,EN500,West,320,342.86142,-22.861419677734375,0,0
2025-07-14,LM250,Central,462,474.8163,-12.816314697265625,0,0
2025-07-14,LM250,East,570,491.7981,78.201904296875,0,0
2025-07-14,LM250,North,492,516.1766,-24.17657470703125,0,0
2025-07-14,LM250,South,527,551.0601,-24.06011962890625,0,0
2025-07-14,LM250,West,689,592.5692,96.4307861328125,0,0
2025-07-14,LM500,Central,599,635.5016,-36.5015869140625,0,0
2025-07-14,LM500,East,665,690.2446,-25.24462890625,0,0
2025-07-14,LM500,North,993,978.875,14.125,1,0
2025-07-14,LM500,South,788,822.03143,-34.03143310546875,0,0
2025-07-14,LM500,West,1066,1031.7692,34.2308349609375,1,0
2025-07-14,OR1000,Central,410,384.74554,25.25445556640625,0,0
2025-07-14,OR1000,East,390,425.3813,-35.38128662109375,0,0
2025-07-14,OR1000,North,422,446.83417,-24.83416748046875,0,0
2025-07-14,OR1000,South,471,536.93396,-65.9339599609375,0,0
2025-07-14,OR1000,West,514,522.7323,-8.7322998046875,0,0
2025-07-14,OR500,Central,586,540.49927,45.500732421875,0,0
2025-07-14,OR500,East,614,584.3731,29.62689208984375,0,0
2025-07-14,OR500,North,553,616.94324,-63.9432373046875,0,0
2025-07-14,OR500,South,956,828.71375,127.2862548828125,1,0
2025-07-14,OR500,West,817,857.67163,-40.671630859375,1,0
2025-07-14,WT1000,Central,957,927.7284,29.2716064453125,0,0
2025-07-14,WT1000,East,799,951.1027,-152.10272216796875,0,0
2025-07-14,WT1000,North,1117,1036.1156,80.8843994140625,0,0
2025-07-14,WT1000,South,986,1046.2651,-60.26513671875,0,0
2025-07-14,WT1000,West,1299,1029.3038,269.6961669921875,0,0
2025-07-15,BB1000,Central,598,520.6121,77.38787841796875,0,0
2025-07-15,BB1000,East,529,558.0784,-29.07843017578125,0,0
2025-07-15,BB1000,North,609,638.01166,-29.01165771484375,0,0
2025-07-15,BB1000,South,823,650.49194,172.508056640625,0,0
2025-07-15,BB1000,West,665,660.4282,4.57177734375,0,0
2025-07-15,BB250,Central,587,621.87836,-34.87835693359375,0,0
2025-07-15,BB250,East,755,845.4959,-90.49591064453125,1,0
2025-07-15,BB250,North,916,851.5618,64.43817138671875,1,0
2025-07-15,BB250,South,640,725.20044,-85.200439453125,0,0
2025-07-15,BB250,West,785,764.4094,20.590576171875,0,0
2025-07-15,BB500,Central,1027,830.4968,196.503173828125,0,0
2025-07-15,BB500,East,1096,1157.5886,-61.588623046875,1,0
2025-07-15,BB500,North,930,927.84265,2.1573486328125,0,0
2025-07-15,BB500,South,883,1020.18445,-137.1844482421875,0,0
2025-07-15,BB500,West,970,1068.847,-98.8470458984375,0,0
2025-07-15,EN250,Central,412,370.51068,41.48931884765625,0,0
2025-07-15,EN250,East,398,394.16547,3.83453369140625,0,0
2025-07-15,EN250,North,396,390.6128,5.38720703125,0,0
2025-07-15,EN250,South,465,456.19922,8.80078125,0,0
2025-07-15,EN250,West,456,442.62503,13.374969482421875,0,0
2025-07-15,EN500,Central,344,331.4119,12.588104248046875,1,0
2025-07-15,EN500,East,337,270.31644,66.68356323242188,0,0
2025-07-15,EN500,North,322,296.05777,25.942230224609375,0,0
2025-07-15,EN500,South,298,318.6338,-20.6337890625,0,0
2025-07-15,EN500,West,333,332.99722,0.002777099609375,0,0
2025-07-15,LM250,Central,519,469.4173,49.58270263671875,0,0
2025-07-15,LM250,East,573,480.25064,92.74935913085938,0,0
2025-07-15,LM250,North,503,518.28467,-15.28466796875,0,0
2025-07-15,LM250,South,647,582.55524,64.44476318359375,0,0
2025-07-15,LM250,West,596,605.42285,-9.4228515625,0,0
2025-07-15,LM500,Central,666,630.11224,35.88775634765625,0,0
2025-07-15,LM500,East,798,711.81903,86.18096923828125,0,0
2025-07-15,LM500,North,792,750.5169,41.48309326171875,0,0
2025-07-15,LM500,South,674,838.8868,-164.88677978515625,0,0
2025-07-15,LM500,West,895,881.70795,13.29205322265625,0,0
2025-07-15,OR1000,Central,423,390.18796,32.812042236328125,0,0
2025-07-15,OR1000,East,502,420.15686,81.8431396484375,0,0
2025-07-15,OR1000,North,473,433.09647,39.903533935546875,0,0
2025-07-15,OR1000,South,478,528.00604,-50.00604248046875,0,0
2025-07-15,OR1000,West,450,528.7306,-78.7305908203125,0,0
2025-07-15,OR500,Central,608,550.7005,57.29949951171875,0,0
2025-07-15,OR500,East,584,601.8753,-17.87530517578125,0,0
2025-07-15,OR500,North,614,647.63605,-33.63604736328125,0,0
2025-07-15,OR500,South,806,659.9068,146.09320068359375,0,0
2025-07-15,OR500,West,742,684.9697,57.0302734375,0,0
2025-07-15,WT1000,Central,936,908.7598,27.24017333984375,0,0
2025-07-15,WT1000,East,1329,1166.1602,162.83984375,1,0
2025-07-15,WT1000,North,901,1036.5454,-135.54541015625,0,0
2025-07-15,WT1000,South,1144,1109.8944,34.1055908203125,0,0
2025-07-15,WT1000,West,1082,1123.275,-41.2750244140625,0,0
2025-07-16,BB1000,Central,508,525.5813,-17.581298828125,0,0
2025-07-16,BB1000,East,501,558.06433,-57.0643310546875,0,0
2025-07-16,BB1000,North,583,623.65076,-40.6507568359375,0,0
2025-07-16,BB1000,South,657,657.99097,-0.990966796875,0,0
2025-07-16,BB1000,West,682,671.6344,10.3656005859375,0,0
2025-07-16,BB250,Central,614,618.58154,-4.58154296875,0,0
2025-07-16,BB250,East,504,672.65314,-168.65313720703125,0,0
2025-07-16,BB250,North,682,683.59283,-1.59283447265625,0,0
2025-07-16,BB250,South,758,715.4395,42.56048583984375,0,0
2025-07-16,BB250,West,714,763.2752,-49.27520751953125,0,0
2025-07-16,BB500,Central,865,869.4231,-4.423095703125,0,0
2025-07-16,BB500,East,1035,1004.11725,30.88275146484375,0,0
2025-07-16,BB500,North,1015,915.04047,99.95953369140625,0,0
2025-07-16,BB500,South,1041,1037.2999,3.7000732421875,0,0
2025-07-16,BB500,West,1139,1021.5985,117.4014892578125,0,0
2025-07-16,EN250,Central,337,380.5096,-43.509613037109375,0,0
2025-07-16,EN250,East,415,399.03622,15.963775634765625,0,0
2025-07-16,EN250,North,457,393.36734,63.632659912109375,0,0
2025-07-16,EN250,South,466,476.09586,-10.095855712890625,0,0
2025-07-16,EN250,West,487,438.76807,48.23193359375,0,0
2025-07-16,EN500,Central,268,266.74417,1.255828857421875,0,0
2025-07-16,EN500,East,344,277.2274,66.77261352539062,0,0
2025-07-16,EN500,North,269,295.58957,-26.589569091796875,0,0
2025-07-16,EN500,South,349,311.83435,37.1656494140625,0,0
2025-07-16,EN500,West,321,331.64,-10.6400146484375,0,0
2025-07-16,LM250,Central,432,481.98752,-49.987518310546875,0,0
2025-07-16,LM250,East,483,497.44574,-14.44573974609375,0,0
2025-07-16,LM250,North,524,513.3179,10.68212890625,0,0
2025-07-16,LM250,South,545,567.1853,-22.185302734375,0,0
2025-07-16,LM250,West,595,581.0803,13.919677734375,0,0
2025-07-16,LM500,Central,809,840.5975,-31.59747314453125,1,0
2025-07-16,LM500,East,740,714.44006,25.5599365234375,0,0
2025-07-16,LM500,North,752,739.5582,12.4417724609375,0,0
2025-07-16,LM500,South,848,811.708,36.2919921875,0,0
2025-07-16,LM500,West,954,838.12573,115.874267578125,0,0
2025-07-16,OR1000,Central,443,382.51474,60.485260009765625,0,0
2025-07-16,OR1000,East,439,430.88806,8.1119384765625,0,0
2025-07-16,OR1000,North,450,451.10992,-1.10992431640625,0,0
2025-07-16,OR1000,South,543,521.2713,21.72869873046875,0,0
2025-07-16,OR1000,West,569,523.9637,45.03631591796875,0,0
2025-07-16,OR500,Central,617,552.42584,64.57415771484375,0,0
2025-07-16,OR500,East,539,590.2158,-51.2158203125,0,0
2025-07-16,OR500,North,818,779.5348,38.4652099609375,1,0
2025-07-16,OR500,South,741,680.6755,60.32452392578125,0,0
2025-07-16,OR500,West,730,681.80414,48.19586181640625,0,0
2025-07-16,WT1000,Central,1007,915.96576,91.03424072265625,0,0
2025-07-16,WT1000,East,1014,949.7648,64.2352294921875,0,0
2025-07-16,WT1000,North,1052,984.45825,67.541748046875,0,0
2025-07-16,WT1000,South,1095,1090.2622,4.73779296875,0,0
2025-07-16,WT1000,West,1247,1035.617,211.383056640625,0,0
2025-07-17,BB1000,Central,615,526.07227,88.927734375,0,0
2025-07-17,BB1000,East,587,543.0153,43.98468017578125,0,0
2025-07-17,BB1000,North,545,603.7639,-58.763916015625,0,0
2025-07-17,BB1000,South,612,657.43896,-45.43896484375,0,0
2025-07-17,BB1000,West,668,653.8959,14.1041259765625,0,0
2025-07-17,BB250,Central,582,597.888,-15.88800048828125,0,0
2025-07-17,BB250,East,729,596.25525,132.7447509765625,0,0
2025-07-17,BB250,North,683,716.15564,-33.1556396484375,0,0
2025-07-17,BB250,South,644,700.2969,-56.296875,0,0
2025-07-17,BB250,West,777,733.86993,43.13006591796875,0,0
2025-07-17,BB500,Central,951,856.43304,94.56695556640625,0,0
2025-07-17,BB500,East,906,952.6604,-46.660400390625,0,0
2025-07-17,BB500,North,1157,1149.2687,7.7313232421875,1,0
2025-07-17,BB500,South,947,1032.1748,-85.1748046875,0,0
2025-07-17,BB500,West,1073,1009.1866,63.81341552734375,0,0
2025-07-17,EN250,Central,366,357.75192,8.248077392578125,0,0
2025-07-17,EN250,East,366,389.23474,-23.2347412109375,0,0
2025-07-17,EN250,North,394,392.95932,1.040679931640625,0,0
2025-07-17,EN250,South,466,447.2262,18.7738037109375,0,0
2025-07-17,EN250,West,461,444.8156,16.18438720703125,0,0
2025-07-17,EN500,Central,242,268.86084,-26.86083984375,0,0
2025-07-17,EN500,East,287,271.04495,15.955047607421875,0,0
2025-07-17,EN500,North,278,294.77713,-16.777130126953125,0,0
2025-07-17,EN500,South,292,318.06564,-26.065643310546875,0,0
2025-07-17,EN500,West,408,401.83115,6.168853759765625,1,0
2025-07-17,LM250,Central,581,589.65765,-8.65765380859375,1,0
2025-07-17,LM250,East,527,478.19394,48.806060791015625,0,0
2025-07-17,LM250,North,490,521.00195,-31.001953125,0,0
2025-07-17,LM250,South,605,577.9748,27.02520751953125,0,0
2025-07-17,LM250,West,523,578.15845,-55.158447265625,0,0
2025-07-17,LM500,Central,683,660.83655,22.1634521484375,0,0
2025-07-17,LM500,East,576,667.1294,-91.12939453125,0,0
2025-07-17,LM500,North,656,731.7728,-75.7728271484375,0,0
2025-07-17,LM500,South,783,818.6921,-35.69207763671875,0,0
2025-07-17,LM500,West,801,846.9898,-45.98980712890625,0,0
2025-07-17,OR1000,Central,320,379.20752,-59.20751953125,0,0
2025-07-17,OR1000,East,497,515.40826,-18.40826416015625,1,0
2025-07-17,OR1000,North,382,441.88086,-59.880859375,0,0
2025-07-17,OR1000,South,420,512.11053,-92.11053466796875,0,0
2025-07-17,OR1000,West,445,522.8464,-77.84637451171875,0,0
2025-07-17,OR500,Central,615,536.1602,78.83978271484375,0,0
2025-07-17,OR500,East,703,568.38446,134.61553955078125,0,0
2025-07-17,OR500,North,578,622.6783,-44.67828369140625,0,0
2025-07-17,OR500,South,699,669.1435,29.85650634765625,0,0
2025-07-17,OR500,West,759,667.28156,91.71844482421875,0,0
2025-07-17,WT1000,Central,1238,1139.6703,98.3297119140625,1,0
2025-07-17,WT1000,East,850,958.9913,-108.99127197265625,0,0
2025-07-17,WT1000,North,1195,956.57764,238.42236328125,0,0
2025-07-17,WT1000,South,1136,1086.1128,49.88720703125,0,0
2025-07-17,WT1000,West,1141,1162.1954,-21.1954345703125,0,0
2025-07-18,BB1000,Central,551,535.09564,15.90435791015625,0,0
2025-07-18,BB1000,East,770,679.9865,90.01348876953125,1,0
2025-07-18,BB1000,North,868,716.16785,151.8321533203125,1,0
2025-07-18,BB1000,South,603,649.41296,-46.4129638671875,0,0
2025-07-18,BB1000,West,749,669.9488,79.05120849609375,0,0
2025-07-18,BB250,Central,494,584.5807,-90.5806884765625,0,0
2025-07-18,BB250,East,627,629.131,-2.1309814453125,0,0
2025-07-18,BB250,North,639,668.25006,-29.25006103515625,0,0
2025-07-18,BB250,South,700,717.0981,-17.09808349609375,0,0
2025-07-18,BB250,West,687,748.1885,-61.1884765625,0,0
2025-07-18,BB500,Central,860,829.5347,30.46527099609375,0,0
2025-07-18,BB500,East,914,926.6286,-12.62860107421875,0,0
2025-07-18,BB500,North,1324,1138.8639,185.1361083984375,1,0
2025-07-18,BB500,South,1080,1041.0835,38.91650390625,0,0
2025-07-18,BB500,West,1361,1365.0962,-4.09619140625,1,0
2025-07-18,EN250,Central,377,361.24634,15.753662109375,0,0
2025-07-18,EN250,East,333,376.71857,-43.71856689453125,0,0
2025-07-18,EN250,North,396,394.46024,1.539764404296875,0,0
2025-07-18,EN250,South,445,445.76874,-0.76873779296875,0,0
2025-07-18,EN250,West,536,447.08612,88.91387939453125,0,0
2025-07-18,EN500,Central,287,268.11084,18.88916015625,0,0
2025-07-18,EN500,East,335,278.17233,56.827667236328125,0,0
2025-07-18,EN500,North,338,289.00504,48.994964599609375,0,0
2025-07-18,EN500,South,324,315.01382,8.986175537109375,0,0
2025-07-18,EN500,West,301,327.91418,-26.9141845703125,0,0
2025-07-18,LM250,Central,580,472.3686,107.63140869140625,0,0
2025-07-18,LM250,East,468,486.19336,-18.193359375,0,0
2025-07-18,LM250,North,568,507.72913,60.2708740234375,0,0
2025-07-18,LM250,South,576,580.7449,-4.744873046875,0,0
2025-07-18,LM250,West,612,583.168,28.83197021484375,0,0
2025-07-18,LM500,Central,592,654.9843,-62.98431396484375,0,0
2025-07-18,LM500,East,727,700.735,26.2650146484375,0,0
2025-07-18,LM500,North,900,776.8941,123.10589599609375,0,0
2025-07-18,LM500,South,831,814.9397,16.060302734375,0,0
2025-07-18,LM500,West,717,832.28925,-115.28924560546875,0,0
2025-07-18,OR1000,Central,500,461.0849,38.91510009765625,1,0
2025-07-18,OR1000,East,390,421.87595,-31.875946044921875,0,0
2025-07-18,OR1000,North,439,430.98822,8.01177978515625,0,0
2025-07-18,OR1000,South,521,504.26715,16.73284912109375,0,0
2025-07-18,OR1000,West,593,516.56323,76.436767578125,0,0
2025-07-18,OR500,Central,501,551.48065,-50.48065185546875,0,0
2025-07-18,OR500,East,623,592.5574,30.442626953125,0,0
2025-07-18,OR500,North,590,600.81805,-10.81805419921875,0,0
2025-07-18,OR500,South,678,690.5691,-12.569091796875,0,0
2025-07-18,OR500,West,822,683.6245,138.37548828125,0,0
2025-07-18,WT1000,Central,833,949.1732,-116.1732177734375,0,0
2025-07-18,WT1000,East,946,898.13965,47.8603515625,0,0
2025-07-18,WT1000,North,989,1017.3813,-28.38128662109375,0,0
2025-07-18,WT1000,South,1302,1088.2429,213.757080078125,0,0
2025-07-18,WT1000,West,1008,1053.6465,-45.646484375,0,0
2025-07-19,BB1000,Central,497,604.0366,-107.03662109375,0,0
2025-07-19,BB1000,East,736,630.8525,105.14752197265625,0,0
2025-07-19,BB1000,North,648,703.8936,-55.89361572265625,0,0
2025-07-19,BB1000,South,695,820.55273,-125.552734375,0,0
2025-07-19,BB1000,West,913,1010.4205,-97.42047119140625,1,0
2025-07-19,BB250,Central,695,653.13434,41.86566162109375,0,0
2025-07-19,BB250,East,645,754.3299,-109.32989501953125,0,0
2025-07-19,BB250,North,695,758.0887,-63.08868408203125,0,0
2025-07-19,BB250,South,962,1005.013,-43.01300048828125,1,0
2025-07-19,BB250,West,960,850.96826,109.03173828125,0,0
2025-07-19,BB500,Central,1025,975.49036,49.5096435546875,0,0
2025-07-19,BB500,East,1483,1341.8802,141.1197509765625,1,0
2025-07-19,BB500,North,1030,1114.264,-84.2640380859375,0,0
2025-07-19,BB500,South,1199,1214.6549,-15.6549072265625,0,0
2025-07-19,BB500,West,1596,1168.8446,427.1553955078125,0,0
2025-07-19,EN250,Central,443,418.80368,24.196319580078125,0,0
2025-07-19,EN250,East,440,450.5652,-10.565185546875,0,0
2025-07-19,EN250,North,428,454.545,-26.545013427734375,0,0
2025-07-19,EN250,South,588,521.9346,66.0654296875,0,0
2025-07-19,EN250,West,460,525.9397,-65.939697265625,0,0
2025-07-19,EN500,Central,282,300.4285,-18.428497314453125,0,0
2025-07-19,EN500,East,387,318.22888,68.7711181640625,0,0
2025-07-19,EN500,North,324,331.7842,-7.784210205078125,0,0
2025-07-19,EN500,South,417,366.77182,50.228179931640625,0,0
2025-07-19,EN500,West,344,378.31033,-34.310333251953125,0,0
2025-07-19,LM250,Central,484,543.8799,-59.8798828125,0,0
2025-07-19,LM250,East,610,568.9375,41.0625,0,0
2025-07-19,LM250,North,641,584.2705,56.7294921875,0,0
2025-07-19,LM250,South,572,657.5061,-85.506103515625,0,0
2025-07-19,LM250,West,630,667.5323,-37.53228759765625,0,0
2025-07-19,LM500,Central,739,770.88544,-31.88543701171875,0,0
2025-07-19,LM500,East,858,756.84326,101.15673828125,0,0
2025-07-19,LM500,North,878,1012.0687,-134.0687255859375,1,0
2025-07-19,LM500,South,952,943.78656,8.21343994140625,0,0
2025-07-19,LM500,West,978,986.8564,-8.85638427734375,0,0
2025-07-19,OR1000,Central,680,559.50806,120.491943359375,1,0
2025-07-19,OR1000,East,419,492.01285,-73.01284790039062,0,0
2025-07-19,OR1000,North,485,482.23538,2.764617919921875,0,0
2025-07-19,OR1000,South,774,738.65814,35.34185791015625,1,0
2025-07-19,OR1000,West,753,590.78394,162.216064453125,0,0
2025-07-19,OR500,Central,767,752.0715,14.92852783203125,1,0
2025-07-19,OR500,East,675,648.8195,26.18048095703125,0,0
2025-07-19,OR500,North,830,902.90607,-72.90606689453125,1,0
2025-07-19,OR500,South,747,803.20483,-56.204833984375,0,0
2025-07-19,OR500,West,797,824.7163,-27.71630859375,0,0
2025-07-19,WT1000,Central,933,1111.0428,-178.0428466796875,0,0
2025-07-19,WT1000,East,1026,1136.9993,-110.999267578125,0,0
2025-07-19,WT1000,North,1165,1165.2062,-0.2061767578125,0,0
2025-07-19,WT1000,South,1339,1240.1284,98.87158203125,0,0
2025-07-19,WT1000,West,1436,1357.9056,78.0943603515625,0,0
2025-07-20,BB1000,Central,601,604.9057,-3.90570068359375,0,0
2025-07-20,BB1000,East,677,631.0627,45.93731689453125,0,0
2025-07-20,BB1000,North,669,671.34076,-2.34075927734375,0,0
2025-07-20,BB1000,South,824,742.5965,81.40350341796875,0,0
2025-07-20,BB1000,West,613,789.8109,-176.8109130859375,0,0
2025-07-20,BB250,Central,837,819.68823,17.311767578125,1,0
2025-07-20,BB250,East,790,714.8962,75.10382080078125,0,0
2025-07-20,BB250,North,676,777.51044,-101.51043701171875,0,0
2025-07-20,BB250,South,595,819.2308,-224.23077392578125,0,0
2025-07-20,BB250,West,862,895.75195,-33.751953125,0,0
2025-07-20,BB500,Central,869,1033.2689,-164.2689208984375,0,0
2025-07-20,BB500,East,1266,1299.0178,-33.017822265625,1,0
2025-07-20,BB500,North,1182,1078.468,103.531982421875,0,0
2025-07-20,BB500,South,934,1155.5121,-221.5120849609375,0,0
2025-07-20,BB500,West,1272,1138.743,133.2569580078125,0,0
2025-07-20,EN250,Central,506,427.19705,78.80294799804688,0,0
2025-07-20,EN250,East,476,446.67184,29.328155517578125,0,0
2025-07-20,EN250,North,544,574.74316,-30.7431640625,1,0
2025-07-20,EN250,South,536,523.12317,12.8768310546875,0,0
2025-07-20,EN250,West,595,517.81665,77.183349609375,0,0
2025-07-20,EN500,Central,339,303.8514,35.148590087890625,0,0
2025-07-20,EN500,East,329,322.00662,6.993377685546875,0,0
2025-07-20,EN500,North,324,340.87158,-16.87158203125,0,0
2025-07-20,EN500,South,396,366.2236,29.776397705078125,0,0
2025-07-20,EN500,West,454,367.42154,86.57846069335938,0,0
2025-07-20,LM250,Central,586,548.794,37.20599365234375,0,0
2025-07-20,LM250,East,545,562.36554,-17.36553955078125,0,0
2025-07-20,LM250,North,657,588.38794,68.612060546875,0,0
2025-07-20,LM250,South,694,663.1424,30.85760498046875,0,0
2025-07-20,LM250,West,739,669.0119,69.98809814453125,0,0
2025-07-20,LM500,Central,779,769.7243,9.27569580078125,0,0
2025-07-20,LM500,East,755,783.94226,-28.9422607421875,0,0
2025-07-20,LM500,North,795,850.7907,-55.79071044921875,0,0
2025-07-20,LM500,South,1002,907.7565,94.2435302734375,0,0
2025-07-20,LM500,West,901,956.85974,-55.8597412109375,0,0
2025-07-20,OR1000,Central,494,462.8866,31.1134033203125,0,0
2025-07-20,OR1000,East,570,480.2284,89.7716064453125,0,0
2025-07-20,OR1000,North,618,494.63242,123.36758422851562,0,0
2025-07-20,OR1000,South,500,606.4447,-106.4447021484375,0,0
2025-07-20,OR1000,West,544,620.5894,-76.58941650390625,0,0
2025-07-20,OR500,Central,743,615.82764,127.17236328125,0,0
2025-07-20,OR500,East,626,659.86926,-33.8692626953125,0,0
2025-07-20,OR500,North,636,746.13745,-110.137451171875,0,0
2025-07-20,OR500,South,761,808.8254,-47.82537841796875,0,0
2025-07-20,OR500,West,796,799.85583,-3.8558349609375,0,0
2025-07-20,WT1000,Central,940,1087.6046,-147.6046142578125,0,0
2025-07-20,WT1000,East,1705,1416.3743,288.625732421875,1,0
2025-07-20,WT1000,North,1298,1159.1965,138.803466796875,0,0
2025-07-20,WT1000,South,1063,1222.0771,-159.0771484375,0,0
2025-07-20,WT1000,West,1180,1194.3386,-14.338623046875,0,0
2025-07-21,BB1000,Central,485,513.80054,-28.800537109375,0,0
2025-07-21,BB1000,East,593,571.3815,21.6185302734375,0,0
2025-07-21,BB1000,North,571,601.52966,-30.5296630859375,0,0
2025-07-21,BB1000,South,599,646.3873,-47.3873291015625,0,0
2025-07-21,BB1000,West,610,653.68054,-43.6805419921875,0,0
2025-07-21,BB250,Central,635,585.73254,49.2674560546875,0,0
2025-07-21,BB250,East,671,640.1846,30.8154296875,0,0
2025-07-21,BB250,North,636,649.42816,-13.42816162109375,0,0
2025-07-21,BB250,South,734,684.1925,49.8074951171875,0,0
2025-07-21,BB250,West,621,778.7767,-157.77667236328125,0,0
2025-07-21,BB500,Central,827,886.3274,-59.327392578125,0,0
2025-07-21,BB500,East,1153,976.7996,176.20037841796875,0,0
2025-07-21,BB500,North,1201,1201.8864,-0.8863525390625,1,0
2025-07-21,BB500,South,1429,1165.3923,263.607666015625,1,0
2025-07-21,BB500,West,1601,1348.2275,252.7724609375,1,0
2025-07-21,EN250,Central,446,363.75577,82.24423217773438,0,0
2025-07-21,EN250,East,335,385.53558,-50.53558349609375,0,0
2025-07-21,EN250,North,375,385.70715,-10.7071533203125,0,0
2025-07-21,EN250,South,417,450.21436,-33.21435546875,0,0
2025-07-21,EN250,West,456,447.49844,8.501556396484375,0,0
2025-07-21,EN500,Central,245,266.27673,-21.2767333984375,0,0
2025-07-21,EN500,East,300,286.21973,13.7802734375,0,0
2025-07-21,EN500,North,301,296.1798,4.8201904296875,0,0
2025-07-21,EN500,South,398,384.7871,13.212890625,1,0
2025-07-21,EN500,West,371,323.90298,47.097015380859375,0,0
2025-07-21,LM250,Central,426,479.61212,-53.61212158203125,0,0
2025-07-21,LM250,East,507,485.58047,21.419525146484375,0,0
2025-07-21,LM250,North,517,503.79828,13.20172119140625,0,0
2025-07-21,LM250,South,575,562.8491,12.15087890625,0,0
2025-07-21,LM250,West,489,585.9895,-96.989501953125,0,0
2025-07-21,LM500,Central,738,652.3554,85.64459228515625,0,0
2025-07-21,LM500,East,678,667.4416,10.55841064453125,0,0
2025-07-21,LM500,North,746,775.6858,-29.685791015625,0,0
2025-07-21,LM500,South,916,809.7908,106.209228515625,0,0
2025-07-21,LM500,West,996,826.1641,169.83587646484375,0,0
2025-07-21,OR1000,Central,343,388.98044,-45.980438232421875,0,0
2025-07-21,OR1000,East,435,424.13617,10.86383056640625,0,0
2025-07-21,OR1000,North,385,431.0618,-46.061798095703125,0,0
2025-07-21,OR1000,South,434,532.66486,-98.66485595703125,0,0
2025-07-21,OR1000,West,539,523.02655,15.97344970703125,0,0
2025-07-21,OR500,Central,509,573.3372,-64.33721923828125,0,0
2025-07-21,OR500,East,542,587.4274,-45.42742919921875,0,0
2025-07-21,OR500,North,520,632.8038,-112.80377197265625,0,0
2025-07-21,OR500,South,933,853.8003,79.19970703125,1,0
2025-07-21,OR500,West,925,871.6621,53.337890625,1,0
2025-07-21,WT1000,Central,1237,1109.69,127.31005859375,1,0
2025-07-21,WT1000,East,842,996.9135,-154.91351318359375,0,0
2025-07-21,WT1000,North,953,1033.224,-80.2239990234375,0,0
2025-07-21,WT1000,South,1087,1117.2778,-30.27783203125,0,0
2025-07-21,WT1000,West,1060,1061.4537,-1.4537353515625,0,0
2025-07-22,BB1000,Central,479,522.8382,-43.83819580078125,0,0
2025-07-22,BB1000,East,481,557.3262,-76.326171875,0,0
2025-07-22,BB1000,North,574,616.2325,-42.23248291015625,0,0
2025-07-22,BB1000,South,642,646.8164,-4.81640625,0,0
2025-07-22,BB1000,West,670,657.8626,12.13739013671875,0,0
2025-07-22,BB250,Central,584,584.3841,-0.38409423828125,0,0
2025-07-22,BB250,East,722,631.80347,90.196533203125,0,0
2025-07-22,BB250,North,596,667.29913,-71.29913330078125,0,0
2025-07-22,BB250,South,658,681.5205,-23.5205078125,0,0
2025-07-22,BB250,West,1156,895.9488,260.05120849609375,1,0
2025-07-22,BB500,Central,763,860.2265,-97.22650146484375,0,0
2025-07-22,BB500,East,885,972.58093,-87.5809326171875,0,0
2025-07-22,BB500,North,1003,952.4583,50.54168701171875,0,0
2025-07-22,BB500,South,1080,1015.9297,64.0703125,0,0
2025-07-22,BB500,West,1207,957.65497,249.34503173828125,0,0
2025-07-22,EN250,Central,394,366.10153,27.898468017578125,0,0
2025-07-22,EN250,East,448,468.6523,-20.652313232421875,1,0
2025-07-22,EN250,North,400,390.47653,9.523468017578125,0,0
2025-07-22,EN250,South,385,444.78778,-59.78778076171875,0,0
2025-07-22,EN250,West,480,449.94962,30.050384521484375,0,0
2025-07-22,EN500,Central,236,257.21683,-21.216827392578125,0,0
2025-07-22,EN500,East,304,287.3059,16.694091796875,0,0
2025-07-22,EN500,North,277,294.77783,-17.77783203125,0,0
2025-07-22,EN500,South,353,320.02664,32.973358154296875,0,0
2025-07-22,EN500,West,440,396.67926,43.32073974609375,1,0
2025-07-22,LM250,Central,475,473.33893,1.66107177734375,0,0
2025-07-22,LM250,East,524,485.04724,38.9527587890625,0,0
2025-07-22,LM250,North,528,509.66113,18.3388671875,0,0
2025-07-22,LM250,South,585,568.84534,16.1546630859375,0,0
2025-07-22,LM250,West,593,572.61084,20.38916015625,0,0
2025-07-22,LM500,Central,540,652.3514,-112.35137939453125,0,0
2025-07-22,LM500,East,609,673.4058,-64.40582275390625,0,0
2025-07-22,LM500,North,787,759.8886,27.11138916015625,0,0
2025-07-22,LM500,South,1004,775.8423,228.15771484375,0,0
2025-07-22,LM500,West,997,794.1766,202.82342529296875,0,0
2025-07-22,OR1000,Central,404,377.15588,26.8441162109375,0,0
2025-07-22,OR1000,East,393,417.6362,-24.636199951171875,0,0
2025-07-22,OR1000,North,382,436.59592,-54.595916748046875,0,0
2025-07-22,OR1000,South,536,513.11346,22.88653564453125,0,0
2025-07-22,OR1000,West,573,517.3403,55.65972900390625,0,0
2025-07-22,OR500,Central,590,542.4478,47.55218505859375,0,0
2025-07-22,OR500,East,542,567.70465,-25.70465087890625,0,0
2025-07-22,OR500,North,569,598.6723,-29.67230224609375,0,0
2025-07-22,OR500,South,715,680.82916,34.17083740234375,0,0
2025-07-22,OR500,West,878,896.8974,-18.89739990234375,1,0
2025-07-22,WT1000,Central,873,955.5856,-82.5855712890625,0,0
2025-07-22,WT1000,East,896,967.23157,-71.2315673828125,0,0
2025-07-22,WT1000,North,942,940.2862,1.71380615234375,0,0
2025-07-22,WT1000,South,1284,1125.9633,158.0367431640625,0,0
2025-07-22,WT1000,West,1209,1061.3351,147.6649169921875,0,0
2025-07-23,BB1000,Central,490,527.5196,-37.51959228515625,0,0
2025-07-23,BB1000,East,478,569.3996,-91.39959716796875,0,0
2025-07-23,BB1000,North,576,621.17365,-45.17364501953125,0,0
2025-07-23,BB1000,South,631,647.80316,-16.80316162109375,0,0
2025-07-23,BB1000,West,693,691.4253,1.57470703125,0,0
2025-07-23,BB250,Central,529,593.92615,-64.9261474609375,0,0
2025-07-23,BB250,East,650,650.8485,-0.8485107421875,0,0
2025-07-23,BB250,North,676,662.32245,13.67755126953125,0,0
2025-07-23,BB250,South,694,694.8494,-0.84942626953125,0,0
2025-07-23,BB250,West,805,776.3135,28.6865234375,0,0
2025-07-23,BB500,Central,918,824.51544,93.48455810546875,0,0
2025-07-23,BB500,East,848,969.2722,-121.272216796875,0,0
2025-07-23,BB500,North,1005,1225.241,-220.240966796875,1,0
2025-07-23,BB500,South,1251,961.58203,289.41796875,0,0
2025-07-23,BB500,West,976,990.6988,-14.69879150390625,0,0
2025-07-23,EN250,Central,399,367.90424,31.09576416015625,0,0
2025-07-23,EN250,East,390,376.07574,13.92425537109375,0,0
2025-07-23,EN250,North,396,388.03012,7.969879150390625,0,0
2025-07-23,EN250,South,397,439.05875,-42.058746337890625,0,0
2025-07-23,EN250,West,451,444.14346,6.856536865234375,0,0
2025-07-23,EN500,Central,240,263.70163,-23.701629638671875,0,0
2025-07-23,EN500,East,238,292.60574,-54.605743408203125,0,0
2025-07-23,EN500,North,310,298.01755,11.982452392578125,0,0
2025-07-23,EN500,South,323,324.11923,-1.119232177734375,0,0
2025-07-23,EN500,West,334,335.16415,-1.164154052734375,0,0
2025-07-23,LM250,Central,589,469.6064,119.39358520507812,0,0
2025-07-23,LM250,East,523,492.6182,30.381805419921875,0,0
2025-07-23,LM250,North,590,663.5796,-73.57958984375,1,0
2025-07-23,LM250,South,613,702.5393,-89.539306640625,1,0
2025-07-23,LM250,West,570,551.34204,18.657958984375,0,0
2025-07-23,LM500,Central,667,646.21265,20.787353515625,0,0
2025-07-23,LM500,East,734,671.2666,62.7333984375,0,0
2025-07-23,LM500,North,695,773.8758,-78.87579345703125,0,0
2025-07-23,LM500,South,824,799.3522,24.6478271484375,0,0
2025-07-23,LM500,West,912,794.66364,117.33636474609375,0,0
2025-07-23,OR1000,Central,404,387.3905,16.6094970703125,0,0
2025-07-23,OR1000,East,374,411.73834,-37.73834228515625,0,0
2025-07-23,OR1000,North,519,428.48642,90.51358032226562,0,0
2025-07-23,OR1000,South,517,520.81085,-3.81085205078125,0,0
2025-07-23,OR1000,West,564,518.0516,45.94842529296875,0,0
2025-07-23,OR500,Central,546,540.4,5.5999755859375,0,0
2025-07-23,OR500,East,536,575.99725,-39.99725341796875,0,0
2025-07-23,OR500,North,636,611.95966,24.04034423828125,0,0
2025-07-23,OR500,South,677,672.7062,4.2938232421875,0,0
2025-07-23,OR500,West,787,705.80835,81.191650390625,0,0
2025-07-23,WT1000,Central,871,911.778,-40.77801513671875,0,0
2025-07-23,WT1000,East,1391,1237.3201,153.679931640625,1,0
2025-07-23,WT1000,North,1013,926.5704,86.42962646484375,0,0
2025-07-23,WT1000,South,1071,1189.8484,-118.848388671875,0,0
2025-07-23,WT1000,West,1297,1583.7104,-286.71044921875,1,0
2025-07-24,BB1000,Central,557,532.4582,24.54180908203125,0,0
2025-07-24,BB1000,East,631,564.8167,66.18328857421875,0,0
2025-07-24,BB1000,North,536,613.76013,-77.7601318359375,0,0
2025-07-24,BB1000,South,701,655.40735,45.5926513671875,0,0
2025-07-24,BB1000,West,704,632.6177,71.38232421875,0,0
2025-07-24,BB250,Central,632,583.32227,48.677734375,0,0
2025-07-24,BB250,East,732,630.2526,101.74737548828125,0,0
2025-07-24,BB250,North,694,644.9248,49.0751953125,0,0
2025-07-24,BB250,South,799,667.85,131.1500244140625,0,0
2025-07-24,BB250,West,810,768.33295,41.66705322265625,0,0
2025-07-24,BB500,Central,899,775.8727,123.1273193359375,0,0
2025-07-24,BB500,East,1072,927.8139,144.18609619140625,0,0
2025-07-24,BB500,North,1335,1224.2627,110.7373046875,1,0
2025-07-24,BB500,South,1200,963.9811,236.0189208984375,0,0
2025-07-24,BB500,West,1290,1076.3959,213.6041259765625,0,0
2025-07-24,EN250,Central,313,373.77417,-60.774169921875,0,0
2025-07-24,EN250,East,425,483.9396,-58.939605712890625,1,0
2025-07-24,EN250,North,369,388.22052,-19.22052001953125,0,0
2025-07-24,EN250,South,460,435.6088,24.391204833984375,0,0
2025-07-24,EN250,West,447,444.40805,2.591949462890625,0,0
2025-07-24,EN500,Central,270,255.55843,14.441574096679688,0,0
2025-07-24,EN500,East,254,292.80545,-38.805450439453125,0,0
2025-07-24,EN500,North,307,293.91025,13.089752197265625,0,0
2025-07-24,EN500,South,318,314.80545,3.194549560546875,0,0
2025-07-24,EN500,West,422,411.3001,10.69989013671875,1,0
2025-07-24,LM250,Central,419,478.43863,-59.438629150390625,0,0
2025-07-24,LM250,East,462,468.0657,-6.065704345703125,0,0
2025-07-24,LM250,North,453,512.0506,-59.05059814453125,0,0
2025-07-24,LM250,South,563,571.89813,-8.89813232421875,0,0
2025-07-24,LM250,West,711,567.30194,143.69805908203125,0,0
2025-07-24,LM500,Central,647,654.6905,-7.69049072265625,0,0
2025-07-24,LM500,East,698,658.82104,39.178955078125,0,0
2025-07-24,LM500,North,880,1014.4119,-134.41192626953125,1,0
2025-07-24,LM500,South,868,815.8168,52.1832275390625,0,0
2025-07-24,LM500,West,771,800.6637,-29.6636962890625,0,0
2025-07-24,OR1000,Central,444,396.97113,47.02886962890625,0,0
2025-07-24,OR1000,East,345,403.1744,-58.174407958984375,0,0
2025-07-24,OR1000,North,502,432.27533,69.72467041015625,0,0
2025-07-24,OR1000,South,484,497.60825,-13.608245849609375,0,0
2025-07-24,OR1000,West,491,525.5133,-34.5133056640625,0,0
2025-07-24,OR500,Central,613,543.60596,69.39404296875,0,0
2025-07-24,OR500,East,562,558.9306,3.06939697265625,0,0
2025-07-24,OR500,North,680,606.64996,73.35003662109375,0,0
2025-07-24,OR500,South,753,704.0489,48.95111083984375,0,0
2025-07-24,OR500,West,771,700.18445,70.8155517578125,0,0
2025-07-24,WT1000,Central,1013,917.8442,95.15582275390625,0,0
2025-07-24,WT1000,East,918,951.72095,-33.720947265625,0,0
2025-07-24,WT1000,North,925,919.08734,5.91265869140625,0,0
2025-07-24,WT1000,South,1041,1101.8845,-60.884521484375,0,0
2025-07-24,WT1000,West,979,1171.3772,-192.377197265625,0,0
2025-07-25,BB1000,Central,708,686.17334,21.82666015625,1,0
2025-07-25,BB1000,East,486,563.0737,-77.07373046875,0,0
2025-07-25,BB1000,North,580,569.7727,10.227294921875,0,0
2025-07-25,BB1000,South,607,653.12225,-46.12225341796875,0,0
2025-07-25,BB1000,West,630,649.13763,-19.13763427734375,0,0
2025-07-25,BB250,Central,914,719.427,194.572998046875,1,0
2025-07-25,BB250,East,614,631.3408,-17.3408203125,0,0
2025-07-25,BB250,North,706,643.0933,62.90667724609375,0,0
2025-07-25,BB250,South,819,825.23376,-6.2337646484375,1,0
2025-07-25,BB250,West,582,760.8818,-178.88177490234375,0,0
2025-07-25,BB500,Central,829,841.7609,-12.76092529296875,0,0
2025-07-25,BB500,East,923,958.9782,-35.97821044921875,0,0
2025-07-25,BB500,North,903,970.97015,-67.97015380859375,0,0
2025-07-25,BB500,South,1045,1030.3102,14.6898193359375,0,0
2025-07-25,BB500,West,1117,965.9339,151.06610107421875,0,0
2025-07-25,EN250,Central,446,359.3481,86.65188598632812,0,0
2025-07-25,EN250,East,407,382.09824,24.901763916015625,0,0
2025-07-25,EN250,North,438,384.8624,53.137603759765625,0,0
2025-07-25,EN250,South,370,437.6151,-67.6151123046875,0,0
2025-07-25,EN250,West,501,452.4702,48.52978515625,0,0
2025-07-25,EN500,Central,219,262.0385,-43.03851318359375,0,0
2025-07-25,EN500,East,323,354.0631,-31.0631103515625,1,0
2025-07-25,EN500,North,383,360.35043,22.649566650390625,1,0
2025-07-25,EN500,South,336,325.34827,10.6517333984375,0,0
2025-07-25,EN500,West,383,339.4041,43.59588623046875,0,0
2025-07-25,LM250,Central,420,463.66934,-43.669342041015625,0,0
2025-07-25,LM250,East,503,475.4812,27.518798828125,0,0
2025-07-25,LM250,North,558,503.0363,54.963714599609375,0,0
2025-07-25,LM250,South,606,574.477,31.52301025390625,0,0
2025-07-25,LM250,West,584,567.8256,16.17437744140625,0,0
2025-07-25,LM500,Central,710,621.29987,88.70013427734375,0,0
2025-07-25,LM500,East,708,647.81116,60.1888427734375,0,0
2025-07-25,LM500,North,660,748.2565,-88.2564697265625,0,0
2025-07-25,LM500,South,730,1078.2439,-348.243896484375,1,0
2025-07-25,LM500,West,1167,974.40857,192.5914306640625,1,0
2025-07-25,OR1000,Central,399,386.48544,12.514556884765625,0,0
2025-07-25,OR1000,East,444,399.19363,44.806365966796875,0,0
2025-07-25,OR1000,North,505,423.159,81.84100341796875,0,0
2025-07-25,OR1000,South,620,608.41077,11.5892333984375,1,0
2025-07-25,OR1000,West,458,513.37506,-55.37506103515625,0,0
2025-07-25,OR500,Central,542,545.06226,-3.062255859375,0,0
2025-07-25,OR500,East,464,586.4111,-122.41107177734375,0,0
2025-07-25,OR500,North,637,618.8399,18.16009521484375,0,0
2025-07-25,OR500,South,711,665.6439,45.3560791015625,0,0
2025-07-25,OR500,West,761,712.4331,48.56689453125,0,0
2025-07-25,WT1000,Central,1296,1159.0217,136.978271484375,1,0
2025-07-25,WT1000,East,936,986.57184,-50.57183837890625,0,0
2025-07-25,WT1000,North,847,949.9702,-102.97021484375,0,0
2025-07-25,WT1000,South,1161,1121.0394,39.9605712890625,0,0
2025-07-25,WT1000,West,1209,1091.0547,117.9453125,0,0
2025-07-26,BB1000,Central,611,603.11865,7.88134765625,0,0
2025-07-26,BB1000,East,601,639.9035,-38.90350341796875,0,0
2025-07-26,BB1000,North,709,667.5205,41.4794921875,0,0
2025-07-26,BB1000,South,579,800.67804,-221.67803955078125,0,0
2025-07-26,BB1000,West,778,781.57513,-3.57513427734375,0,0
2025-07-26,BB250,Central,724,660.9204,63.07958984375,0,0
2025-07-26,BB250,East,709,748.9305,-39.93048095703125,0,0
2025-07-26,BB250,North,1006,941.93756,64.06243896484375,1,0
2025-07-26,BB250,South,707,804.26764,-97.26763916015625,0,0
2025-07-26,BB250,West,939,814.57495,124.425048828125,0,0
2025-07-26,BB500,Central,1198,983.7628,214.2371826171875,0,0
2025-07-26,BB500,East,1189,1083.1558,105.84423828125,0,0
2025-07-26,BB500,North,1328,1340.9037,-12.9036865234375,1,0
2025-07-26,BB500,South,1137,1133.9375,3.0625,0,0
2025-07-26,BB500,West,1121,1229.3893,-108.3892822265625,0,0
2025-07-26,EN250,Central,434,430.2492,3.75079345703125,0,0
2025-07-26,EN250,East,441,456.3898,-15.389801025390625,0,0
2025-07-26,EN250,North,475,462.74307,12.256927490234375,0,0
2025-07-26,EN250,South,537,501.64307,35.35693359375,0,0
2025-07-26,EN250,West,611,519.2842,91.7158203125,0,0
2025-07-26,EN500,Central,374,351.34326,22.65673828125,1,0
2025-07-26,EN500,East,298,325.4461,-27.44610595703125,0,0
2025-07-26,EN500,North,450,414.60208,35.397918701171875,1,0
2025-07-26,EN500,South,353,366.80563,-13.805633544921875,0,0
2025-07-26,EN500,West,399,385.62308,13.376922607421875,0,0
2025-07-26,LM250,Central,523,545.5292,-22.5291748046875,0,0
2025-07-26,LM250,East,588,575.3497,12.65032958984375,0,0
2025-07-26,LM250,North,646,597.0006,48.9993896484375,0,0
2025-07-26,LM250,South,591,632.8817,-41.8817138671875,0,0
2025-07-26,LM250,West,653,665.4377,-12.43768310546875,0,0
2025-07-26,LM500,Central,883,743.08075,139.91925048828125,0,0
2025-07-26,LM500,East,706,807.2277,-101.22772216796875,0,0
2025-07-26,LM500,North,935,858.5001,76.4998779296875,0,0
2025-07-26,LM500,South,820,856.26355,-36.2635498046875,0,0
2025-07-26,LM500,West,837,957.34015,-120.34014892578125,0,0
2025-07-26,OR1000,Central,429,456.7654,-27.765411376953125,0,0
2025-07-26,OR1000,East,671,576.7771,94.222900390625,1,0
2025-07-26,OR1000,North,484,528.57916,-44.57916259765625,0,0
2025-07-26,OR1000,South,538,552.22736,-14.22735595703125,0,0
2025-07-26,OR1000,West,506,583.8229,-77.8228759765625,0,0
2025-07-26,OR500,Central,597,635.2451,-38.2451171875,0,0
2025-07-26,OR500,East,683,648.96747,34.03253173828125,0,0
2025-07-26,OR500,North,715,694.9018,20.09820556640625,0,0
2025-07-26,OR500,South,776,769.34955,6.65045166015625,0,0
2025-07-26,OR500,West,924,834.5739,89.42608642578125,0,0
2025-07-26,WT1000,Central,1195,1150.8433,44.15673828125,0,0
2025-07-26,WT1000,East,1156,1103.5094,52.4906005859375,0,0
2025-07-26,WT1000,North,1287,1082.3119,204.6881103515625,0,0
2025-07-26,WT1000,South,1537,1257.0509,279.9490966796875,0,0
2025-07-26,WT1000,West,1275,1238.2898,36.710205078125,0,0
2025-07-27,BB1000,Central,534,611.928,-77.927978515625,0,0
2025-07-27,BB1000,East,741,632.1473,108.85272216796875,0,0
2025-07-27,BB1000,North,643,659.7409,-16.74090576171875,0,0
2025-07-27,BB1000,South,656,730.0773,-74.0772705078125,0,0
2025-07-27,BB1000,West,726,773.44855,-47.44854736328125,0,0
2025-07-27,BB250,Central,699,672.9906,26.0093994140625,0,0
2025-07-27,BB250,East,776,948.40466,-172.4046630859375,1,0
2025-07-27,BB250,North,725,821.3229,-96.3228759765625,0,0
2025-07-27,BB250,South,1047,837.46155,209.5384521484375,0,0
2025-07-27,BB250,West,1123,1142.4966,-19.49658203125,1,0
2025-07-27,BB500,Central,948,973.3513,-25.351318359375,0,0
2025-07-27,BB500,East,1200,1087.266,112.7340087890625,0,0
2025-07-27,BB500,North,1018,1113.9127,-95.9127197265625,0,0
2025-07-27,BB500,South,1324,1151.3848,172.615234375,0,0
2025-07-27,BB500,West,1307,1197.7898,109.210205078125,0,0
2025-07-27,EN250,Central,442,439.02097,2.979034423828125,0,0
2025-07-27,EN250,East,415,448.21036,-33.210357666015625,0,0
2025-07-27,EN250,North,531,464.24777,66.75222778320312,0,0
2025-07-27,EN250,South,523,504.88977,18.1102294921875,0,0
2025-07-27,EN250,West,552,530.31085,21.68914794921875,0,0
2025-07-27,EN500,Central,285,304.69785,-19.697845458984375,0,0
2025-07-27,EN500,East,284,319.89636,-35.8963623046875,0,0
2025-07-27,EN500,North,352,345.12418,6.875823974609375,0,0
2025-07-27,EN500,South,435,366.34006,68.65994262695312,0,0
2025-07-27,EN500,West,410,402.96234,7.03765869140625,0,0
2025-07-27,LM250,Central,527,542.4497,-15.44970703125,0,0
2025-07-27,LM250,East,628,564.262,63.73797607421875,0,0
2025-07-27,LM250,North,576,590.07904,-14.07904052734375,0,0
2025-07-27,LM250,South,556,647.0043,-91.0042724609375,0,0
2025-07-27,LM250,West,693,683.6428,9.357177734375,0,0
2025-07-27,LM500,Central,995,968.55304,26.44696044921875,1,0
2025-07-27,LM500,East,839,768.9394,70.06060791015625,0,0
2025-07-27,LM500,North,714,864.83606,-150.8360595703125,0,0
2025-07-27,LM500,South,744,906.49316,-162.4931640625,0,0
2025-07-27,LM500,West,1249,1229.7991,19.200927734375,1,0
2025-07-27,OR1000,Central,414,447.36307,-33.363067626953125,0,0
2025-07-27,OR1000,East,504,485.13977,18.8602294921875,0,0
2025-07-27,OR1000,North,529,513.4678,15.5322265625,0,0
2025-07-27,OR1000,South,675,665.0806,9.91937255859375,1,0
2025-07-27,OR1000,West,654,581.70624,72.29376220703125,0,0
2025-07-27,OR500,Central,694,779.22974,-85.229736328125,1,0
2025-07-27,OR500,East,731,646.1023,84.897705078125,0,0
2025-07-27,OR500,North,651,673.7604,-22.7603759765625,0,0
2025-07-27,OR500,South,677,788.2401,-111.2401123046875,0,0
2025-07-27,OR500,West,780,862.08575,-82.08575439453125,0,0
2025-07-27,WT1000,Central,1269,1141.2592,127.7408447265625,0,0
2025-07-27,WT1000,East,1096,1087.2683,8.731689453125,0,0
2025-07-27,WT1000,North,1282,1115.931,166.0689697265625,0,0
2025-07-27,WT1000,South,1519,1241.6909,277.30908203125,0,0
2025-07-27,WT1000,West,1400,1256.0763,143.9237060546875,0,0
2025-07-28,BB1000,Central,565,528.57684,36.42315673828125,0,0
2025-07-28,BB1000,East,534,568.33484,-34.3348388671875,0,0
2025-07-28,BB1000,North,567,594.53973,-27.53973388671875,0,0
2025-07-28,BB1000,South,608,635.88354,-27.883544921875,0,0
2025-07-28,BB1000,West,925,809.21234,115.78765869140625,1,0
2025-07-28,BB250,Central,559,597.3277,-38.32769775390625,0,0
2025-07-28,BB250,East,680,646.37665,33.62335205078125,0,0
2025-07-28,BB250,North,627,659.5946,-32.5946044921875,0,0
2025-07-28,BB250,South,834,742.0949,91.90509033203125,0,0
2025-07-28,BB250,West,849,752.5078,96.4921875,0,0
2025-07-28,BB500,Central,775,862.84784,-87.84783935546875,0,0
2025-07-28,BB500,East,1179,1117.2666,61.7333984375,1,0
2025-07-28,BB500,North,915,905.8073,9.19268798828125,0,0
2025-07-28,BB500,South,1109,1072.1263,36.8736572265625,0,0
2025-07-28,BB500,West,1163,969.61694,193.383056640625,0,0
2025-07-28,EN250,Central,341,366.92007,-25.920074462890625,0,0
2025-07-28,EN250,East,390,478.50015,-88.50015258789062,1,0
2025-07-28,EN250,North,388,404.55066,-16.5506591796875,0,0
2025-07-28,EN250,South,586,546.3848,39.61517333984375,1,0
2025-07-28,EN250,West,453,451.70438,1.295623779296875,0,0
2025-07-28,EN500,Central,239,262.89355,-23.8935546875,0,0
2025-07-28,EN500,East,239,281.62445,-42.62445068359375,0,0
2025-07-28,EN500,North,292,307.8568,-15.8568115234375,0,0
2025-07-28,EN500,South,368,323.761,44.239013671875,0,0
2025-07-28,EN500,West,346,338.22034,7.7796630859375,0,0
2025-07-28,LM250,Central,578,461.513,116.48699951171875,0,0
2025-07-28,LM250,East,678,625.4727,52.52728271484375,1,0
2025-07-28,LM250,North,502,513.6054,-11.60540771484375,0,0
2025-07-28,LM250,South,653,690.6062,-37.606201171875,1,0
2025-07-28,LM250,West,486,563.7161,-77.71612548828125,0,0
2025-07-28,LM500,Central,691,667.2042,23.7957763671875,0,0
2025-07-28,LM500,East,853,659.48425,193.5157470703125,0,0
2025-07-28,LM500,North,643,739.8431,-96.84307861328125,0,0
2025-07-28,LM500,South,837,784.962,52.03802490234375,0,0
2025-07-28,LM500,West,912,817.5852,94.414794921875,0,0
2025-07-28,OR1000,Central,400,389.77972,10.22027587890625,0,0
2025-07-28,OR1000,East,408,408.0842,-0.084197998046875,0,0
2025-07-28,OR1000,North,576,532.849,43.1510009765625,1,0
2025-07-28,OR1000,South,398,507.7545,-109.75448608398438,0,0
2025-07-28,OR1000,West,495,513.3265,-18.32647705078125,0,0
2025-07-28,OR500,Central,496,557.10803,-61.1080322265625,0,0
2025-07-28,OR500,East,545,581.04346,-36.04345703125,0,0
2025-07-28,OR500,North,533,601.8668,-68.8668212890625,0,0
2025-07-28,OR500,South,803,704.6642,98.3358154296875,0,0
2025-07-28,OR500,West,999,980.24774,18.75225830078125,1,0
2025-07-28,WT1000,Central,1105,1226.3982,-121.398193359375,1,0
2025-07-28,WT1000,East,1062,953.15247,108.8475341796875,0,0
2025-07-28,WT1000,North,1082,992.1836,89.81640625,0,0
2025-07-28,WT1000,South,1177,1160.0632,16.936767578125,0,0
2025-07-28,WT1000,West,1261,1096.1235,164.87646484375,0,0
2025-07-29,BB1000,Central,603,697.831,-94.83099365234375,1,0
2025-07-29,BB1000,East,547,575.7138,-28.71380615234375,0,0
2025-07-29,BB1000,North,536,576.86505,-40.86505126953125,0,0
2025-07-29,BB1000,South,707,673.89514,33.1048583984375,0,0
2025-07-29,BB1000,West,702,627.1531,74.846923828125,0,0
2025-07-29,BB250,Central,787,753.71533,33.28466796875,1,0
2025-07-29,BB250,East,743,643.8038,99.19622802734375,0,0
2025-07-29,BB250,North,546,642.994,-96.9940185546875,0,0
2025-07-29,BB250,South,793,710.2171,82.78289794921875,0,0
2025-07-29,BB250,West,689,756.32605,-67.3260498046875,0,0
2025-07-29,BB500,Central,772,858.64075,-86.6407470703125,0,0
2025-07-29,BB500,East,1065,988.1259,76.87408447265625,0,0
2025-07-29,BB500,North,838,901.37994,-63.37994384765625,0,0
2025-07-29,BB500,South,1079,963.5492,115.4508056640625,0,0
2025-07-29,BB500,West,1162,1011.4927,150.50732421875,0,0
2025-07-29,EN250,Central,389,362.0692,26.9307861328125,0,0
2025-07-29,EN250,East,385,379.98743,5.0125732421875,0,0
2025-07-29,EN250,North,377,393.064,-16.063995361328125,0,0
2025-07-29,EN250,South,425,436.3248,-11.324798583984375,0,0
2025-07-29,EN250,West,451,445.287,5.7130126953125,0,0
2025-07-29,EN500,Central,242,261.89166,-19.89166259765625,0,0
2025-07-29,EN500,East,272,282.7221,-10.72210693359375,0,0
2025-07-29,EN500,North,304,308.3501,-4.35009765625,0,0
2025-07-29,EN500,South,321,323.95142,-2.951416015625,0,0
2025-07-29,EN500,West,292,346.65753,-54.65753173828125,0,0
2025-07-29,LM250,Central,488,477.6248,10.375213623046875,0,0
2025-07-29,LM250,East,529,491.60736,37.39263916015625,0,0
2025-07-29,LM250,North,511,511.75162,-0.751617431640625,0,0
2025-07-29,LM250,South,651,575.54565,75.454345703125,0,0
2025-07-29,LM250,West,610,564.16156,45.83843994140625,0,0
2025-07-29,LM500,Central,723,637.4894,85.5106201171875,0,0
2025-07-29,LM500,East,750,666.9859,83.01409912109375,0,0
2025-07-29,LM500,North,835,726.7536,108.24639892578125,0,0
2025-07-29,LM500,South,864,777.7877,86.2122802734375,0,0
2025-07-29,LM500,West,709,836.4339,-127.43389892578125,0,0
2025-07-29,OR1000,Central,409,390.9481,18.051910400390625,0,0
2025-07-29,OR1000,East,386,411.41138,-25.411376953125,0,0
2025-07-29,OR1000,North,493,439.42044,53.579559326171875,0,0
2025-07-29,OR1000,South,453,504.68713,-51.6871337890625,0,0
2025-07-29,OR1000,West,489,507.7821,-18.7821044921875,0,0
2025-07-29,OR500,Central,628,539.54156,88.45843505859375,0,0
2025-07-29,OR500,East,566,552.39087,13.609130859375,0,0
2025-07-29,OR500,North,594,587.59283,6.40716552734375,0,0
2025-07-29,OR500,South,698,693.76447,4.23553466796875,0,0
2025-07-29,OR500,West,703,704.90576,-1.90576171875,0,0
2025-07-29,WT1000,Central,1327,1169.5193,157.480712890625,1,0
2025-07-29,WT1000,East,1255,1208.6135,46.386474609375,1,0
2025-07-29,WT1000,North,899,983.0795,-84.07952880859375,0,0
2025-07-29,WT1000,South,1205,963.2982,241.7017822265625,0,0
2025-07-29,WT1000,West,961,1119.4115,-158.4114990234375,0,0
2025-07-30,BB1000,Central,554,514.9926,39.00738525390625,0,0
2025-07-30,BB1000,East,515,572.7559,-57.75592041015625,0,0
2025-07-30,BB1000,North,525,580.3369,-55.3369140625,0,0
2025-07-30,BB1000,South,682,638.3423,43.65771484375,0,0
2025-07-30,BB1000,West,683,653.1595,29.84051513671875,0,0
2025-07-30,BB250,Central,700,777.9689,-77.9688720703125,1,0
2025-07-30,BB250,East,661,668.45514,-7.45513916015625,0,0
2025-07-30,BB250,North,613,682.6001,-69.60009765625,0,0
2025-07-30,BB250,South,574,756.2875,-182.2874755859375,0,0
2025-07-30,BB250,West,657,749.95416,-92.95416259765625,0,0
2025-07-30,BB500,Central,806,827.18207,-21.18206787109375,0,0
2025-07-30,BB500,East,1023,977.5414,45.4586181640625,0,0
2025-07-30,BB500,North,891,905.0356,-14.03558349609375,0,0
2025-07-30,BB500,South,1095,991.0029,103.9970703125,0,0
2025-07-30,BB500,West,1076,958.10583,117.8941650390625,0,0
2025-07-30,EN250,Central,329,365.82193,-36.821929931640625,0,0
2025-07-30,EN250,East,396,381.8336,14.166412353515625,0,0
2025-07-30,EN250,North,475,398.30304,76.69696044921875,0,0
2025-07-30,EN250,South,408,438.57785,-30.577850341796875,0,0
2025-07-30,EN250,West,529,553.45935,-24.4593505859375,1,0
2025-07-30,EN500,Central,258,258.16272,-0.1627197265625,0,0
2025-07-30,EN500,East,331,281.10733,49.892669677734375,0,0
2025-07-30,EN500,North,272,311.03787,-39.037872314453125,0,0
2025-07-30,EN500,South,396,403.3444,-7.344390869140625,1,0
2025-07-30,EN500,West,276,336.4286,-60.4285888671875,0,0
2025-07-30,LM250,Central,520,475.20813,44.7918701171875,0,0
2025-07-30,LM250,East,453,494.83493,-41.834930419921875,0,0
2025-07-30,LM250,North,603,511.56265,91.43734741210938,0,0
2025-07-30,LM250,South,661,583.8964,77.10357666015625,0,0
2025-07-30,LM250,West,432,567.53534,-135.53533935546875,0,0
2025-07-30,LM500,Central,694,665.4194,28.58062744140625,0,0
2025-07-30,LM500,East,768,680.3083,87.69171142578125,0,0
2025-07-30,LM500,North,822,719.94525,102.05474853515625,0,0
2025-07-30,LM500,South,787,776.6397,10.36029052734375,0,0
2025-07-30,LM500,West,867,842.9175,24.08251953125,0,0
2025-07-30,OR1000,Central,552,390.65735,161.3426513671875,0,0
2025-07-30,OR1000,East,465,409.74005,55.25994873046875,0,0
2025-07-30,OR1000,North,473,443.1488,29.8511962890625,0,0
2025-07-30,OR1000,South,499,489.80115,9.1988525390625,0,0
2025-07-30,OR1000,West,516,504.24103,11.75897216796875,0,0
2025-07-30,OR500,Central,630,550.85,79.1500244140625,0,0
2025-07-30,OR500,East,592,568.2747,23.72528076171875,0,0
2025-07-30,OR500,North,725,606.5066,118.493408203125,0,0
2025-07-30,OR500,South,643,675.44525,-32.44525146484375,0,0
2025-07-30,OR500,West,849,711.12164,137.87835693359375,0,0
2025-07-30,WT1000,Central,1103,1227.217,-124.217041015625,1,0
2025-07-30,WT1000,East,959,985.4792,-26.47918701171875,0,0
2025-07-30,WT1000,North,1026,972.4009,53.59912109375,0,0
2025-07-30,WT1000,South,1118,1079.2821,38.7178955078125,0,0
2025-07-30,WT1000,West,1115,1034.2886,80.71142578125,0,0
2025-07-31,BB1000,Central,485,527.37274,-42.37274169921875,0,0
2025-07-31,BB1000,East,597,538.6456,58.3543701171875,0,0
2025-07-31,BB1000,North,643,568.79095,74.20904541015625,0,0
2025-07-31,BB1000,South,719,631.9716,87.02838134765625,0,0
2025-07-31,BB1000,West,685,654.8643,30.13568115234375,0,0
2025-07-31,BB250,Central,546,634.0437,-88.043701171875,0,0
2025-07-31,BB250,East,655,652.24414,2.755859375,0,0
2025-07-31,BB250,North,598,666.3705,-68.3704833984375,0,0
2025-07-31,BB250,South,643,760.8486,-117.84857177734375,0,0
2025-07-31,BB250,West,713,763.79504,-50.7950439453125,0,0
2025-07-31,BB500,Central,911,824.895,86.10498046875,0,0
2025-07-31,BB500,East,1133,1227.7546,-94.754638671875,1,0
2025-07-31,BB500,North,952,968.8783,-16.8782958984375,0,0
2025-07-31,BB500,South,1107,982.8294,124.17059326171875,0,0
2025-07-31,BB500,West,1077,917.06616,159.933837890625,0,0
2025-07-31,EN250,Central,455,361.59338,93.4066162109375,0,0
2025-07-31,EN250,East,424,380.59247,43.40753173828125,0,0
2025-07-31,EN250,North,429,394.47693,34.5230712890625,0,0
2025-07-31,EN250,South,417,437.8965,-20.896514892578125,0,0
2025-07-31,EN250,West,546,459.93713,86.0628662109375,0,0
2025-07-31,EN500,Central,357,328.26523,28.734771728515625,1,0
2025-07-31,EN500,East,392,325.50186,66.49813842773438,1,0
2025-07-31,EN500,North,341,313.70377,27.296234130859375,0,0
2025-07-31,EN500,South,313,330.9579,-17.9578857421875,0,0
2025-07-31,EN500,West,333,347.26477,-14.2647705078125,0,0
2025-07-31,LM250,Central,455,459.74954,-4.749542236328125,0,0
2025-07-31,LM250,East,471,490.35565,-19.35565185546875,0,0
2025-07-31,LM250,North,545,507.5223,37.477691650390625,0,0
2025-07-31,LM250,South,593,588.4625,4.5374755859375,0,0
2025-07-31,LM250,West,711,556.4667,154.5333251953125,0,0
2025-07-31,LM500,Central,630,666.1683,-36.16827392578125,0,0
2025-07-31,LM500,East,854,879.46484,-25.46484375,1,0
2025-07-31,LM500,North,762,755.1948,6.80517578125,0,0
2025-07-31,LM500,South,801,812.4754,-11.47540283203125,0,0
2025-07-31,LM500,West,781,852.4947,-71.49468994140625,0,0
2025-07-31,OR1000,Central,361,397.94104,-36.9410400390625,0,0
2025-07-31,OR1000,East,436,410.8467,25.153289794921875,0,0
2025-07-31,OR1000,North,409,441.09927,-32.099273681640625,0,0
2025-07-31,OR1000,South,496,497.81943,-1.819427490234375,0,0
2025-07-31,OR1000,West,447,494.0772,-47.07720947265625,0,0
2025-07-31,OR500,Central,555,550.6047,4.39532470703125,0,0
2025-07-31,OR500,East,526,577.59436,-51.5943603515625,0,0
2025-07-31,OR500,North,654,605.88214,48.11785888671875,0,0
2025-07-31,OR500,South,558,701.1021,-143.10211181640625,0,0
2025-07-31,OR500,West,654,735.0261,-81.026123046875,0,0
2025-07-31,WT1000,Central,916,856.66,59.34002685546875,0,0
2025-07-31,WT1000,East,1027,928.9253,98.07470703125,0,0
2025-07-31,WT1000,North,1041,955.08234,85.91766357421875,0,0
2025-07-31,WT1000,South,1137,1003.4913,133.50872802734375,0,0
2025-07-31,WT1000,West,1334,1091.9015,242.0985107421875,0,0
2025-08-01,BB1000,Central,417,457.66376,-40.66375732421875,0,0
2025-08-01,BB1000,East,564,477.88043,86.11956787109375,0,0
2025-08-01,BB1000,North,667,647.41986,19.58013916015625,1,0
2025-08-01,BB1000,South,612,741.69507,-129.695068359375,1,0
2025-08-01,BB1000,West,609,561.4163,47.58367919921875,0,0
2025-08-01,BB250,Central,451,558.9391,-107.9390869140625,0,0
2025-08-01,BB250,East,800,729.0562,70.94378662109375,1,0
2025-08-01,BB250,North,552,567.412,-15.4119873046875,0,0
2025-08-01,BB250,South,693,613.85785,79.14215087890625,0,0
2025-08-01,BB250,West,623,678.4208,-55.4207763671875,0,0
2025-08-01,BB500,Central,899,1002.4981,-103.49810791015625,1,0
2025-08-01,BB500,East,921,807.08234,113.91766357421875,0,0
2025-08-01,BB500,North,765,844.2524,-79.25238037109375,0,0
2025-08-01,BB500,South,929,920.67926,8.32073974609375,0,0
2025-08-01,BB500,West,1034,895.73956,138.26043701171875,0,0
2025-08-01,EN250,Central,384,444.22586,-60.225860595703125,1,0
2025-08-01,EN250,East,345,334.58185,10.41815185546875,0,0
2025-08-01,EN250,North,422,366.2145,55.785491943359375,0,0
2025-08-01,EN250,South,387,402.55927,-15.55926513671875,0,0
2025-08-01,EN250,West,471,410.94855,60.05145263671875,0,0
2025-08-01,EN500,Central,246,237.68141,8.318588256835938,0,0
2025-08-01,EN500,East,235,232.4921,2.507904052734375,0,0
2025-08-01,EN500,North,282,265.8062,16.19378662109375,0,0
2025-08-01,EN500,South,297,285.27167,11.72833251953125,0,0
2025-08-01,EN500,West,250,280.57614,-30.576141357421875,0,0
2025-08-01,LM250,Central,380,413.76205,-33.762054443359375,0,0
2025-08-01,LM250,East,473,423.83554,49.164459228515625,0,0
2025-08-01,LM250,North,397,471.49493,-74.49493408203125,0,0
2025-08-01,LM250,South,576,506.93253,69.06747436523438,0,0
2025-08-01,LM250,West,509,500.53494,8.465057373046875,0,0
2025-08-01,LM500,Central,665,564.4862,100.5137939453125,0,0
2025-08-01,LM500,East,614,593.6496,20.35040283203125,0,0
2025-08-01,LM500,North,649,651.29346,-2.29345703125,0,0
2025-08-01,LM500,South,721,689.3122,31.68780517578125,0,0
2025-08-01,LM500,West,628,774.69836,-146.6983642578125,0,0
2025-08-01,OR1000,Central,373,345.94507,27.054931640625,0,0
2025-08-01,OR1000,East,368,364.69455,3.305450439453125,0,0
2025-08-01,OR1000,North,365,401.45663,-36.456634521484375,0,0
2025-08-01,OR1000,South,408,427.84232,-19.842315673828125,0,0
2025-08-01,OR1000,West,434,454.92163,-20.921630859375,0,0
2025-08-01,OR500,Central,465,483.3738,-18.373809814453125,0,0
2025-08-01,OR500,East,476,520.04004,-44.0400390625,0,0
2025-08-01,OR500,North,515,534.21326,-19.2132568359375,0,0
2025-08-01,OR500,South,529,582.9811,-53.9810791015625,0,0
2025-08-01,OR500,West,656,642.6905,13.30950927734375,0,0
2025-08-01,WT1000,Central,847,846.10516,0.89483642578125,0,0
2025-08-01,WT1000,East,777,811.34955,-34.34954833984375,0,0
2025-08-01,WT1000,North,895,856.65326,38.34674072265625,0,0
2025-08-01,WT1000,South,865,868.2449,-3.244873046875,0,0
2025-08-01,WT1000,West,1012,920.5967,91.4033203125,0,0
2025-08-02,BB1000,Central,690,720.63416,-30.6341552734375,1,0
2025-08-02,BB1000,East,616,554.4864,61.51361083984375,0,0
2025-08-02,BB1000,North,619,584.4032,34.5968017578125,0,0
2025-08-02,BB1000,South,705,648.8479,56.152099609375,0,0
2025-08-02,BB1000,West,728,723.39484,4.60516357421875,0,0
2025-08-02,BB250,Central,640,596.83203,43.16796875,0,0
2025-08-02,BB250,East,598,699.54095,-101.54095458984375,0,0
2025-08-02,BB250,North,549,631.1557,-82.15570068359375,0,0
2025-08-02,BB250,South,685,714.3841,-29.38409423828125,0,0
2025-08-02,BB250,West,864,780.8252,83.1748046875,0,0
2025-08-02,BB500,Central,919,921.92377,-2.92376708984375,0,0
2025-08-02,BB500,East,902,968.1028,-66.102783203125,0,0
2025-08-02,BB500,North,853,987.59296,-134.59295654296875,0,0
2025-08-02,BB500,South,1321,1084.2163,236.78369140625,0,0
2025-08-02,BB500,West,1020,1102.0918,-82.091796875,0,0
2025-08-02,EN250,Central,336,382.8124,-46.812408447265625,0,0
2025-08-02,EN250,East,408,394.67313,13.326873779296875,0,0
2025-08-02,EN250,North,391,419.09106,-28.091064453125,0,0
2025-08-02,EN250,South,475,448.81708,26.18292236328125,0,0
2025-08-02,EN250,West,576,477.05765,98.94235229492188,0,0
2025-08-02,EN500,Central,303,262.43234,40.567657470703125,0,0
2025-08-02,EN500,East,254,280.7641,-26.76409912109375,0,0
2025-08-02,EN500,North,358,322.91766,35.08233642578125,0,0
2025-08-02,EN500,South,385,321.5525,63.447509765625,0,0
2025-08-02,EN500,West,342,338.59875,3.4012451171875,0,0
2025-08-02,LM250,Central,436,472.59912,-36.59912109375,0,0
2025-08-02,LM250,East,519,488.13647,30.863525390625,0,0
2025-08-02,LM250,North,472,547.6952,-75.6951904296875,0,0
2025-08-02,LM250,South,594,574.3473,19.6527099609375,0,0
2025-08-02,LM250,West,554,596.2704,-42.2703857421875,0,0
2025-08-02,LM500,Central,656,701.91846,-45.91845703125,0,0
2025-08-02,LM500,East,838,712.352,125.64801025390625,0,0
2025-08-02,LM500,North,672,746.2388,-74.23876953125,0,0
2025-08-02,LM500,South,915,785.04095,129.95904541015625,0,0
2025-08-02,LM500,West,928,859.9573,68.042724609375,0,0
2025-08-02,OR1000,Central,542,523.38403,18.615966796875,1,0
2025-08-02,OR1000,East,454,443.1891,10.8109130859375,0,0
2025-08-02,OR1000,North,407,475.46225,-68.46224975585938,0,0
2025-08-02,OR1000,South,614,626.31573,-12.31573486328125,1,0
2025-08-02,OR1000,West,510,538.13043,-28.13043212890625,0,0
2025-08-02,OR500,Central,479,567.5141,-88.51409912109375,0,0
2025-08-02,OR500,East,550,558.73627,-8.73626708984375,0,0
2025-08-02,OR500,North,681,600.57465,80.42535400390625,0,0
2025-08-02,OR500,South,745,710.78253,34.21746826171875,0,0
2025-08-02,OR500,West,633,723.24713,-90.24713134765625,0,0
2025-08-02,WT1000,Central,764,1000.5377,-236.5377197265625,0,0
2025-08-02,WT1000,East,737,1037.1522,-300.1522216796875,0,0
2025-08-02,WT1000,North,862,1037.9929,-175.992919921875,0,0
2025-08-02,WT1000,South,1047,1229.1798,-182.1798095703125,0,0
2025-08-02,WT1000,West,1288,1175.2029,112.797119140625,0,0
2025-08-03,BB1000,Central,645,533.38306,111.616943359375,0,0
2025-08-03,BB1000,East,537,529.00073,7.999267578125,0,0
2025-08-03,BB1000,North,557,579.4761,-22.47607421875,0,0
2025-08-03,BB1000,South,580,678.1643,-98.164306640625,0,0
2025-08-03,BB1000,West,579,715.9378,-136.93780517578125,0,0
2025-08-03,BB250,Central,796,787.71155,8.2884521484375,1,0
2025-08-03,BB250,East,555,655.92365,-100.92364501953125,0,0
2025-08-03,BB250,North,651,643.9591,7.0408935546875,0,0
2025-08-03,BB250,South,763,733.6938,29.30621337890625,0,0
2025-08-03,BB250,West,1140,987.43384,152.566162109375,1,0
2025-08-03,BB500,Central,832,832.4205,-0.42047119140625,0,0
2025-08-03,BB500,East,930,981.1836,-51.18359375,0,0
2025-08-03,BB500,North,1047,975.9778,71.022216796875,0,0
2025-08-03,BB500,South,1058,1179.1149,-121.1148681640625,0,0
2025-08-03,BB500,West,1049,1145.8962,-96.896240234375,0,0
2025-08-03,EN250,Central,573,475.692,97.30801391601562,1,0
2025-08-03,EN250,East,395,393.61633,1.3836669921875,0,0
2025-08-03,EN250,North,388,418.029,-30.02899169921875,0,0
2025-08-03,EN250,South,511,448.0389,62.961090087890625,0,0
2025-08-03,EN250,West,385,487.1291,-102.12908935546875,0,0
2025-08-03,EN500,Central,274,262.3175,11.6824951171875,0,0
2025-08-03,EN500,East,286,265.8633,20.136688232421875,0,0
2025-08-03,EN500,North,269,302.5826,-33.582611083984375,0,0
2025-08-03,EN500,South,306,330.5618,-24.561798095703125,0,0
2025-08-03,EN500,West,370,327.81384,42.1861572265625,0,0
2025-08-03,LM250,Central,425,460.3962,-35.396209716796875,0,0
2025-08-03,LM250,East,480,512.7991,-32.799072265625,0,0
2025-08-03,LM250,North,489,541.3606,-52.360595703125,0,0
2025-08-03,LM250,South,661,743.7521,-82.7520751953125,1,0
2025-08-03,LM250,West,615,584.95306,30.04693603515625,0,0
2025-08-03,LM500,Central,628,697.09686,-69.09686279296875,0,0
2025-08-03,LM500,East,622,717.9116,-95.91162109375,0,0
2025-08-03,LM500,North,765,751.5184,13.48162841796875,0,0
2025-08-03,LM500,South,729,836.1782,-107.17822265625,0,0
2025-08-03,LM500,West,925,902.8073,22.19268798828125,0,0
2025-08-03,OR1000,Central,487,416.6668,70.33319091796875,0,0
2025-08-03,OR1000,East,418,429.97998,-11.97998046875,0,0
2025-08-03,OR1000,North,483,470.27634,12.723663330078125,0,0
2025-08-03,OR1000,South,489,516.1043,-27.10430908203125,0,0
2025-08-03,OR1000,West,481,520.46136,-39.46136474609375,0,0
2025-08-03,OR500,Central,608,569.02496,38.97503662109375,0,0
2025-08-03,OR500,East,609,569.4933,39.5067138671875,0,0
2025-08-03,OR500,North,592,592.06726,-0.0672607421875,0,0
2025-08-03,OR500,South,563,723.7495,-160.74951171875,0,0
2025-08-03,OR500,West,684,761.97943,-77.97943115234375,0,0
2025-08-03,WT1000,Central,934,1032.683,-98.6829833984375,0,0
2025-08-03,WT1000,East,795,1026.6334,-231.6334228515625,0,0
2025-08-03,WT1000,North,1005,992.2936,12.7064208984375,0,0
2025-08-03,WT1000,South,1111,1133.3436,-22.3436279296875,0,0
2025-08-03,WT1000,West,1151,1112.3961,38.6038818359375,0,0
2025-08-04,BB1000,Central,457,475.53012,-18.530120849609375,0,0
2025-08-04,BB1000,East,476,474.51126,1.488739013671875,0,0
2025-08-04,BB1000,North,560,504.88983,55.11016845703125,0,0
2025-08-04,BB1000,South,495,546.3453,-51.34527587890625,0,0
2025-08-04,BB1000,West,695,732.21277,-37.2127685546875,1,0
2025-08-04,BB250,Central,605,534.91504,70.0849609375,0,0
2025-08-04,BB250,East,558,555.30994,2.6900634765625,0,0
2025-08-04,BB250,North,608,571.89716,36.10284423828125,0,0
2025-08-04,BB250,South,701,639.2024,61.797607421875,0,0
2025-08-04,BB250,West,658,663.1543,-5.154296875,0,0
2025-08-04,BB500,Central,781,794.7837,-13.78369140625,0,0
2025-08-04,BB500,East,753,854.8376,-101.83758544921875,0,0
2025-08-04,BB500,North,802,858.91187,-56.911865234375,0,0
2025-08-04,BB500,South,907,839.2518,67.74822998046875,0,0
2025-08-04,BB500,West,908,873.0831,34.9168701171875,0,0
2025-08-04,EN250,Central,282,316.40927,-34.409271240234375,0,0
2025-08-04,EN250,East,286,336.87338,-50.873382568359375,0,0
2025-08-04,EN250,North,343,350.77304,-7.773040771484375,0,0
2025-08-04,EN250,South,335,376.4507,-41.450714111328125,0,0
2025-08-04,EN250,West,377,412.2903,-35.290313720703125,0,0
2025-08-04,EN500,Central,171,225.40593,-54.40592956542969,0,0
2025-08-04,EN500,East,245,235.98239,9.017608642578125,0,0
2025-08-04,EN500,North,201,256.13324,-55.13323974609375,0,0
2025-08-04,EN500,South,276,280.56628,-4.5662841796875,0,0
2025-08-04,EN500,West,351,286.24817,64.7518310546875,0,0
2025-08-04,LM250,Central,399,396.57455,2.425445556640625,0,0
2025-08-04,LM250,East,469,425.04227,43.957733154296875,0,0
2025-08-04,LM250,North,440,456.07886,-16.078857421875,0,0
2025-08-04,LM250,South,570,500.31647,69.68353271484375,0,0
2025-08-04,LM250,West,581,469.29974,111.70025634765625,0,0
2025-08-04,LM500,Central,544,553.42883,-9.4288330078125,0,0
2025-08-04,LM500,East,579,584.75385,-5.75384521484375,0,0
2025-08-04,LM500,North,656,639.6086,16.39141845703125,0,0
2025-08-04,LM500,South,735,697.9844,37.015625,0,0
2025-08-04,LM500,West,644,766.1963,-122.1962890625,0,0
2025-08-04,OR1000,Central,329,348.8907,-19.89068603515625,0,0
2025-08-04,OR1000,East,402,367.14667,34.85333251953125,0,0
2025-08-04,OR1000,North,392,390.2048,1.795196533203125,0,0
2025-08-04,OR1000,South,505,441.84387,63.1561279296875,0,0
2025-08-04,OR1000,West,423,441.40842,-18.408416748046875,0,0
2025-08-04,OR500,Central,519,471.82324,47.1767578125,0,0
2025-08-04,OR500,East,667,474.45657,192.54342651367188,0,0
2025-08-04,OR500,North,562,524.63763,37.36236572265625,0,0
2025-08-04,OR500,South,652,580.66406,71.3359375,0,0
2025-08-04,OR500,West,667,899.3892,-232.38922119140625,1,0
2025-08-04,WT1000,Central,677,868.6419,-191.64190673828125,0,0
2025-08-04,WT1000,East,844,838.3663,5.63372802734375,0,0
2025-08-04,WT1000,North,867,836.0654,30.9345703125,0,0
2025-08-04,WT1000,South,978,1000.5973,-22.5972900390625,0,0
2025-08-04,WT1000,West,1221,1010.9126,210.08740234375,0,0
2025-08-05,BB1000,Central,516,447.2708,68.72918701171875,0,0
2025-08-05,BB1000,East,483,468.75107,14.248931884765625,0,0
2025-08-05,BB1000,North,457,505.03806,-48.038055419921875,0,0
2025-08-05,BB1000,South,626,552.2119,73.7880859375,0,0
2025-08-05,BB1000,West,599,566.6407,32.35931396484375,0,0
2025-08-05,BB250,Central,558,534.45685,23.54315185546875,0,0
2025-08-05,BB250,East,510,551.36017,-41.36016845703125,0,0
2025-08-05,BB250,North,560,558.62866,1.371337890625,0,0
2025-08-05,BB250,South,558,608.58527,-50.58526611328125,0,0
2025-08-05,BB250,West,601,700.6699,-99.669921875,0,0
2025-08-05,BB500,Central,558,800.0906,-242.090576171875,0,0
2025-08-05,BB500,East,913,809.14575,103.854248046875,0,0
2025-08-05,BB500,North,824,906.11334,-82.11334228515625,0,0
2025-08-05,BB500,South,975,938.0387,36.9613037109375,0,0
2025-08-05,BB500,West,1035,959.57605,75.4239501953125,0,0
2025-08-05,EN250,Central,382,324.67395,57.3260498046875,0,0
2025-08-05,EN250,East,434,412.2799,21.7200927734375,1,0
2025-08-05,EN250,North,431,353.38092,77.61907958984375,0,0
2025-08-05,EN250,South,379,376.37784,2.622161865234375,0,0
2025-08-05,EN250,West,396,407.0583,-11.05828857421875,0,0
2025-08-05,EN500,Central,240,217.79868,22.201324462890625,0,0
2025-08-05,EN500,East,265,233.15256,31.847442626953125,0,0
2025-08-05,EN500,North,282,245.21822,36.78178405761719,0,0
2025-08-05,EN500,South,303,281.3626,21.63739013671875,0,0
2025-08-05,EN500,West,325,277.1168,47.883209228515625,0,0
2025-08-05,LM250,Central,451,406.00128,44.99871826171875,0,0
2025-08-05,LM250,East,357,424.1166,-67.11660766601562,0,0
2025-08-05,LM250,North,378,444.38483,-66.38482666015625,0,0
2025-08-05,LM250,South,510,503.18454,6.815460205078125,0,0
2025-08-05,LM250,West,481,488.28317,-7.283172607421875,0,0
2025-08-05,LM500,Central,559,557.176,1.823974609375,0,0
2025-08-05,LM500,East,671,624.2945,46.70550537109375,0,0
2025-08-05,LM500,North,603,663.6471,-60.6470947265625,0,0
2025-08-05,LM500,South,702,729.3513,-27.351318359375,0,0
2025-08-05,LM500,West,712,760.55176,-48.5517578125,0,0
2025-08-05,OR1000,Central,350,349.19113,0.808868408203125,0,0
2025-08-05,OR1000,East,339,365.9973,-26.997314453125,0,0
2025-08-05,OR1000,North,357,387.38803,-30.388031005859375,0,0
2025-08-05,OR1000,South,437,443.143,-6.14300537109375,0,0
2025-08-05,OR1000,West,508,437.62924,70.37075805664062,0,0
2025-08-05,OR500,Central,562,493.76712,68.23287963867188,0,0
2025-08-05,OR500,East,678,637.0535,40.94647216796875,1,0
2025-08-05,OR500,North,648,668.33264,-20.3326416015625,1,0
2025-08-05,OR500,South,525,582.2907,-57.29071044921875,0,0
2025-08-05,OR500,West,649,624.683,24.3170166015625,0,0
2025-08-05,WT1000,Central,655,846.2284,-191.2283935546875,0,0
2025-08-05,WT1000,East,755,873.8711,-118.87109375,0,0
2025-08-05,WT1000,North,888,915.1636,-27.16357421875,0,0
2025-08-05,WT1000,South,892,904.2911,-12.29107666015625,0,0
2025-08-05,WT1000,West,927,861.01996,65.98004150390625,0,0
2025-08-06,BB1000,Central,455,470.08957,-15.089569091796875,0,0
2025-08-06,BB1000,East,479,479.80502,-0.805023193359375,0,0
2025-08-06,BB1000,North,454,502.38345,-48.383453369140625,0,0
2025-08-06,BB1000,South,606,539.9726,66.02740478515625,0,0
2025-08-06,BB1000,West,625,564.5948,60.40521240234375,0,0
2025-08-06,BB250,Central,447,528.93634,-81.93634033203125,0,0
2025-08-06,BB250,East,519,578.46924,-59.46923828125,0,0
2025-08-06,BB250,North,618,558.9334,59.06658935546875,0,0
2025-08-06,BB250,South,646,618.06555,27.9344482421875,0,0
2025-08-06,BB250,West,616,679.26117,-63.26116943359375,0,0
2025-08-06,BB500,Central,696,725.89014,-29.89013671875,0,0
2025-08-06,BB500,East,712,855.47705,-143.47705078125,0,0
2025-08-06,BB500,North,810,816.69666,-6.6966552734375,0,0
2025-08-06,BB500,South,846,946.9634,-100.96337890625,0,0
2025-08-06,BB500,West,802,931.1047,-129.10467529296875,0,0
2025-08-06,EN250,Central,306,328.2553,-22.25531005859375,0,0
2025-08-06,EN250,East,327,334.42062,-7.420623779296875,0,0
2025-08-06,EN250,North,351,351.86594,-0.865936279296875,0,0
2025-08-06,EN250,South,376,376.07718,-0.077178955078125,0,0
2025-08-06,EN250,West,411,410.58844,0.41156005859375,0,0
2025-08-06,EN500,Central,262,223.6553,38.344696044921875,0,0
2025-08-06,EN500,East,270,237.612,32.38800048828125,0,0
2025-08-06,EN500,North,281,259.16684,21.833160400390625,0,0
2025-08-06,EN500,South,318,277.51797,40.482025146484375,0,0
2025-08-06,EN500,West,269,280.8647,-11.86468505859375,0,0
2025-08-06,LM250,Central,380,394.50708,-14.507080078125,0,0
2025-08-06,LM250,East,402,431.94196,-29.94195556640625,0,0
2025-08-06,LM250,North,626,558.527,67.4730224609375,1,0
2025-08-06,LM250,South,388,489.3023,-101.30230712890625,0,0
2025-08-06,LM250,West,553,503.70883,49.291168212890625,0,0
2025-08-06,LM500,Central,677,577.56274,99.437255859375,0,0
2025-08-06,LM500,East,574,612.1329,-38.13287353515625,0,0
2025-08-06,LM500,North,605,638.2442,-33.24420166015625,0,0
2025-08-06,LM500,South,613,736.7465,-123.74652099609375,0,0
2025-08-06,LM500,West,728,735.2462,-7.2462158203125,0,0
2025-08-06,OR1000,Central,277,349.18594,-72.18594360351562,0,0
2025-08-06,OR1000,East,391,358.6367,32.363311767578125,0,0
2025-08-06,OR1000,North,404,385.60825,18.391754150390625,0,0
2025-08-06,OR1000,South,417,436.17282,-19.172821044921875,0,0
2025-08-06,OR1000,West,554,574.7828,-20.78277587890625,1,0
2025-08-06,OR500,Central,522,491.50998,30.490020751953125,0,0
2025-08-06,OR500,East,642,498.77847,143.22152709960938,0,0
2025-08-06,OR500,North,626,672.30304,-46.30303955078125,1,0
2025-08-06,OR500,South,586,597.5289,-11.52886962890625,0,0
2025-08-06,OR500,West,726,607.5655,118.43450927734375,0,0
2025-08-06,WT1000,Central,804,803.44507,0.554931640625,0,0
2025-08-06,WT1000,East,1025,876.06165,148.9383544921875,0,0
2025-08-06,WT1000,North,875,889.65076,-14.6507568359375,0,0
2025-08-06,WT1000,South,1231,942.39087,288.609130859375,0,0
2025-08-06,WT1000,West,904,1009.45935,-105.4593505859375,0,0
2025-08-07,BB1000,Central,446,484.44867,-38.44866943359375,0,0
2025-08-07,BB1000,East,419,474.27695,-55.276947021484375,0,0
2025-08-07,BB1000,North,523,484.95322,38.046783447265625,0,0
2025-08-07,BB1000,South,534,539.09143,-5.0914306640625,0,0
2025-08-07,BB1000,West,584,585.89655,-1.89654541015625,0,0
2025-08-07,BB250,Central,598,513.5953,84.40472412109375,0,0
2025-08-07,BB250,East,725,713.45245,11.54754638671875,1,0
2025-08-07,BB250,North,540,543.0103,-3.01031494140625,0,0
2025-08-07,BB250,South,668,593.7128,74.28717041015625,0,0
2025-08-07,BB250,West,744,696.0138,47.9862060546875,0,0
2025-08-07,BB500,Central,629,696.044,-67.04400634765625,0,0
2025-08-07,BB500,East,789,895.9852,-106.9852294921875,0,0
2025-08-07,BB500,North,735,756.64124,-21.6412353515625,0,0
2025-08-07,BB500,South,1087,913.63055,173.36944580078125,0,0
2025-08-07,BB500,West,1197,1303.3854,-106.3853759765625,1,0
2025-08-07,EN250,Central,289,330.4374,-41.437408447265625,0,0
2025-08-07,EN250,East,332,336.2661,-4.26611328125,0,0
2025-08-07,EN250,North,354,345.3296,8.67041015625,0,0
2025-08-07,EN250,South,376,381.05322,-5.05322265625,0,0
2025-08-07,EN250,West,508,403.3329,104.6671142578125,0,0
2025-08-07,EN500,Central,195,222.90414,-27.904144287109375,0,0
2025-08-07,EN500,East,260,241.26134,18.738662719726562,0,0
2025-08-07,EN500,North,304,267.02304,36.976959228515625,0,0
2025-08-07,EN500,South,257,284.3849,-27.3848876953125,0,0
2025-08-07,EN500,West,247,288.89856,-41.8985595703125,0,0
2025-08-07,LM250,Central,450,391.62958,58.37042236328125,0,0
2025-08-07,LM250,East,408,431.5273,-23.527313232421875,0,0
2025-08-07,LM250,North,516,444.67352,71.32647705078125,0,0
2025-08-07,LM250,South,560,499.6004,60.39959716796875,0,0
2025-08-07,LM250,West,534,510.69568,23.3043212890625,0,0
2025-08-07,LM500,Central,548,581.6369,-33.63690185546875,0,0
2025-08-07,LM500,East,590,588.68463,1.31536865234375,0,0
2025-08-07,LM500,North,690,886.70593,-196.7059326171875,1,0
2025-08-07,LM500,South,696,724.7867,-28.78668212890625,0,0
2025-08-07,LM500,West,600,711.5032,-111.503173828125,0,0
2025-08-07,OR1000,Central,363,340.6315,22.368499755859375,0,0
2025-08-07,OR1000,East,342,370.95657,-28.956573486328125,0,0
2025-08-07,OR1000,North,396,391.16678,4.833221435546875,0,0
2025-08-07,OR1000,South,460,428.96573,31.034271240234375,0,0
2025-08-07,OR1000,West,468,451.884,16.115997314453125,0,0
2025-08-07,OR500,Central,421,488.52432,-67.52432250976562,0,0
2025-08-07,OR500,East,484,526.1335,-42.13348388671875,0,0
2025-08-07,OR500,North,435,538.1377,-103.1376953125,0,0
2025-08-07,OR500,South,510,578.4073,-68.40728759765625,0,0
2025-08-07,OR500,West,821,829.84674,-8.84674072265625,1,0
2025-08-07,WT1000,Central,806,863.6683,-57.66827392578125,0,0
2025-08-07,WT1000,East,921,811.34576,109.65423583984375,0,0
2025-08-07,WT1000,North,1031,867.2516,163.7484130859375,0,0
2025-08-07,WT1000,South,871,932.6428,-61.642822265625,0,0
2025-08-07,WT1000,West,1060,1020.9992,39.00079345703125,0,0
2025-08-08,BB1000,Central,527,495.91907,31.0809326171875,0,0
2025-08-08,BB1000,East,483,476.05154,6.948455810546875,0,0
2025-08-08,BB1000,North,640,652.00806,-12.008056640625,1,0
2025-08-08,BB1000,South,535,554.83356,-19.83355712890625,0,0
2025-08-08,BB1000,West,570,589.13605,-19.13604736328125,0,0
2025-08-08,BB250,Central,642,686.0184,-44.01837158203125,1,0
2025-08-08,BB250,East,547,546.47107,0.5289306640625,0,0
2025-08-08,BB250,North,618,545.2297,72.77032470703125,0,0
2025-08-08,BB250,South,677,603.75995,73.24005126953125,0,0
2025-08-08,BB250,West,524,712.8369,-188.8369140625,0,0
2025-08-08,BB500,Central,721,720.31415,0.68585205078125,0,0
2025-08-08,BB500,East,767,857.85675,-90.85675048828125,0,0
2025-08-08,BB500,North,1241,1023.6401,217.35992431640625,1,0
2025-08-08,BB500,South,850,933.8386,-83.838623046875,0,0
2025-08-08,BB500,West,820,920.8353,-100.8353271484375,0,0
2025-08-08,EN250,Central,323,327.7529,-4.752899169921875,0,0
2025-08-08,EN250,East,320,343.29367,-23.293670654296875,0,0
2025-08-08,EN250,North,411,353.4776,57.52239990234375,0,0
2025-08-08,EN250,South,464,504.50385,-40.50384521484375,1,0
2025-08-08,EN250,West,418,414.93057,3.069427490234375,0,0
2025-08-08,EN500,Central,253,276.58005,-23.580047607421875,1,0
2025-08-08,EN500,East,214,241.8063,-27.806304931640625,0,0
2025-08-08,EN500,North,258,259.94577,-1.945770263671875,0,0
2025-08-08,EN500,South,265,281.70935,-16.7093505859375,0,0
2025-08-08,EN500,West,255,285.59225,-30.592254638671875,0,0
2025-08-08,LM250,Central,432,396.60068,35.399322509765625,0,0
2025-08-08,LM250,East,501,558.802,-57.802001953125,1,0
2025-08-08,LM250,North,409,459.32715,-50.3271484375,0,0
2025-08-08,LM250,South,544,485.7111,58.288909912109375,0,0
2025-08-08,LM250,West,472,491.37766,-19.377655029296875,0,0
2025-08-08,LM500,Central,718,736.7465,-18.74652099609375,1,0
2025-08-08,LM500,East,599,613.2673,-14.26727294921875,0,0
2025-08-08,LM500,North,581,621.98035,-40.9803466796875,0,0
2025-08-08,LM500,South,705,696.21967,8.78033447265625,0,0
2025-08-08,LM500,West,872,736.8396,135.160400390625,0,0
2025-08-08,OR1000,Central,369,353.32803,15.671966552734375,0,0
2025-08-08,OR1000,East,364,358.2396,5.760406494140625,0,0
2025-08-08,OR1000,North,370,389.05478,-19.054779052734375,0,0
2025-08-08,OR1000,South,446,432.01147,13.988525390625,0,0
2025-08-08,OR1000,West,450,450.2117,-0.211700439453125,0,0
2025-08-08,OR500,Central,494,501.05392,-7.053924560546875,0,0
2025-08-08,OR500,East,566,532.2457,33.7542724609375,0,0
2025-08-08,OR500,North,426,536.3736,-110.37359619140625,0,0
2025-08-08,OR500,South,608,572.9177,35.082275390625,0,0
2025-08-08,OR500,West,659,622.58765,36.412353515625,0,0
2025-08-08,WT1000,Central,1096,1056.203,39.7969970703125,1,0
2025-08-08,WT1000,East,1252,1131.8859,120.1141357421875,1,0
2025-08-08,WT1000,North,594,849.33716,-255.337158203125,0,0
2025-08-08,WT1000,South,908,1016.47095,-108.470947265625,0,0
2025-08-08,WT1000,West,1343,1334.6605,8.3394775390625,1,0
2025-08-09,BB1000,Central,723,673.57794,49.42205810546875,1,0
2025-08-09,BB1000,East,587,565.14484,21.85516357421875,0,0
2025-08-09,BB1000,North,580,583.4458,-3.44580078125,0,0
2025-08-09,BB1000,South,551,602.54114,-51.5411376953125,0,0
2025-08-09,BB1000,West,816,643.0085,172.99151611328125,0,0
2025-08-09,BB250,Central,601,607.0324,-6.03240966796875,0,0
2025-08-09,BB250,East,675,620.7696,54.23040771484375,0,0
2025-08-09,BB250,North,581,639.6731,-58.673095703125,0,0
2025-08-09,BB250,South,724,702.88666,21.11334228515625,0,0
2025-08-09,BB250,West,686,799.0276,-113.027587890625,0,0
2025-08-09,BB500,Central,825,791.45856,33.54144287109375,0,0
2025-08-09,BB500,East,759,1052.8568,-293.8568115234375,0,0
2025-08-09,BB500,North,898,897.03357,0.9664306640625,0,0
2025-08-09,BB500,South,907,1150.0748,-243.0748291015625,0,0
2025-08-09,BB500,West,1123,1157.4897,-34.48974609375,0,0
2025-08-09,EN250,Central,352,380.33496,-28.3349609375,0,0
2025-08-09,EN250,East,468,391.50806,76.491943359375,0,0
2025-08-09,EN250,North,607,538.64716,68.35284423828125,1,0
2025-08-09,EN250,South,498,443.50735,54.492645263671875,0,0
2025-08-09,EN250,West,602,566.02875,35.97125244140625,1,0
2025-08-09,EN500,Central,284,243.1398,40.860198974609375,0,0
2025-08-09,EN500,East,263,266.6025,-3.602508544921875,0,0
2025-08-09,EN500,North,326,283.42715,42.572845458984375,0,0
2025-08-09,EN500,South,321,322.9242,-1.9241943359375,0,0
2025-08-09,EN500,West,332,331.67206,0.32794189453125,0,0
2025-08-09,LM250,Central,486,464.69406,21.305938720703125,0,0
2025-08-09,LM250,East,526,496.07498,29.925018310546875,0,0
2025-08-09,LM250,North,479,525.778,-46.77801513671875,0,0
2025-08-09,LM250,South,460,574.2556,-114.255615234375,0,0
2025-08-09,LM250,West,660,579.1538,80.84619140625,0,0
2025-08-09,LM500,Central,719,689.48285,29.51715087890625,0,0
2025-08-09,LM500,East,710,706.06866,3.93133544921875,0,0
2025-08-09,LM500,North,903,919.04333,-16.0433349609375,1,0
2025-08-09,LM500,South,897,811.5011,85.4989013671875,0,0
2025-08-09,LM500,West,1033,1079.2836,-46.2835693359375,1,0
2025-08-09,OR1000,Central,489,507.4545,-18.454498291015625,1,0
2025-08-09,OR1000,East,446,423.90683,22.093170166015625,0,0
2025-08-09,OR1000,North,437,452.79468,-15.794677734375,0,0
2025-08-09,OR1000,South,546,496.94128,49.0587158203125,0,0
2025-08-09,OR1000,West,524,519.524,4.47601318359375,0,0
2025-08-09,OR500,Central,572,562.91095,9.08905029296875,0,0
2025-08-09,OR500,East,536,589.1853,-53.185302734375,0,0
2025-08-09,OR500,North,702,629.33496,72.6650390625,0,0
2025-08-09,OR500,South,637,661.3835,-24.38348388671875,0,0
2025-08-09,OR500,West,719,789.9398,-70.9398193359375,0,0
2025-08-09,WT1000,Central,851,976.9391,-125.9390869140625,0,0
2025-08-09,WT1000,East,963,1007.9069,-44.90692138671875,0,0
2025-08-09,WT1000,North,1030,993.9625,36.0374755859375,0,0
2025-08-09,WT1000,South,1079,1176.2495,-97.24951171875,0,0
2025-08-09,WT1000,West,1121,1152.9524,-31.952392578125,0,0
2025-08-10,BB1000,Central,531,549.70734,-18.70733642578125,0,0
2025-08-10,BB1000,East,724,686.5583,37.44171142578125,1,0
2025-08-10,BB1000,North,505,549.80383,-44.8038330078125,0,0
2025-08-10,BB1000,South,688,608.8138,79.18621826171875,0,0
2025-08-10,BB1000,West,699,703.6572,-4.6572265625,0,0
2025-08-10,BB250,Central,553,606.52094,-53.52093505859375,0,0
2025-08-10,BB250,East,883,808.2268,74.773193359375,1,0
2025-08-10,BB250,North,575,635.02747,-60.0274658203125,0,0
2025-08-10,BB250,South,819,709.0869,109.9130859375,0,0
2025-08-10,BB250,West,780,781.263,-1.26300048828125,0,0
2025-08-10,BB500,Central,906,815.72284,90.27716064453125,0,0
2025-08-10,BB500,East,794,1018.28424,-224.28424072265625,0,0
2025-08-10,BB500,North,927,965.6675,-38.66748046875,0,0
2025-08-10,BB500,South,933,1054.4121,-121.412109375,0,0
2025-08-10,BB500,West,1028,1066.1724,-38.17236328125,0,0
2025-08-10,EN250,Central,411,382.4104,28.589599609375,0,0
2025-08-10,EN250,East,440,392.77707,47.222930908203125,0,0
2025-08-10,EN250,North,369,417.03214,-48.032135009765625,0,0
2025-08-10,EN250,South,435,457.16125,-22.1612548828125,0,0
2025-08-10,EN250,West,510,476.10776,33.892242431640625,0,0
2025-08-10,EN500,Central,236,246.52675,-10.526748657226562,0,0
2025-08-10,EN500,East,233,266.4141,-33.414093017578125,0,0
2025-08-10,EN500,North,307,278.64246,28.3575439453125,0,0
2025-08-10,EN500,South,327,314.55182,12.44818115234375,0,0
2025-08-10,EN500,West,385,399.31607,-14.316070556640625,1,0
2025-08-10,LM250,Central,541,467.3719,73.62811279296875,0,0
2025-08-10,LM250,East,419,498.1418,-79.14181518554688,0,0
2025-08-10,LM250,North,531,519.1637,11.8363037109375,0,0
2025-08-10,LM250,South,560,570.0913,-10.09130859375,0,0
2025-08-10,LM250,West,696,770.1777,-74.17767333984375,1,0
2025-08-10,LM500,Central,725,679.88257,45.117431640625,0,0
2025-08-10,LM500,East,879,888.9749,-9.97491455078125,1,0
2025-08-10,LM500,North,705,734.11383,-29.11383056640625,0,0
2025-08-10,LM500,South,781,819.94995,-38.949951171875,0,0
2025-08-10,LM500,West,1008,882.5177,125.4822998046875,0,0
2025-08-10,OR1000,Central,384,406.2055,-22.20550537109375,0,0
2025-08-10,OR1000,East,414,419.77844,-5.7784423828125,0,0
2025-08-10,OR1000,North,439,449.18726,-10.187255859375,0,0
2025-08-10,OR1000,South,549,495.7405,53.259490966796875,0,0
2025-08-10,OR1000,West,533,516.586,16.41400146484375,0,0
2025-08-10,OR500,Central,525,569.2993,-44.29931640625,0,0
2025-08-10,OR500,East,564,586.00854,-22.008544921875,0,0
2025-08-10,OR500,North,791,766.9205,24.07952880859375,1,0
2025-08-10,OR500,South,680,648.36804,31.6319580078125,0,0
2025-08-10,OR500,West,742,756.3875,-14.38751220703125,0,0
2025-08-10,WT1000,Central,898,971.9876,-73.98760986328125,0,0
2025-08-10,WT1000,East,878,1039.6891,-161.6890869140625,0,0
2025-08-10,WT1000,North,1009,963.1579,45.84210205078125,0,0
2025-08-10,WT1000,South,1165,1096.9413,68.0587158203125,0,0
2025-08-10,WT1000,West,1044,1132.6675,-88.66748046875,0,0
2025-08-11,BB1000,Central,493,488.54944,4.4505615234375,0,0
2025-08-11,BB1000,East,484,509.06244,-25.06243896484375,0,0
2025-08-11,BB1000,North,520,502.22336,17.776641845703125,0,0
2025-08-11,BB1000,South,720,680.1962,39.80377197265625,1,0
2025-08-11,BB1000,West,655,590.00665,64.99334716796875,0,0
2025-08-11,BB250,Central,480,527.44086,-47.44085693359375,0,0
2025-08-11,BB250,East,495,586.43414,-91.43414306640625,0,0
2025-08-11,BB250,North,498,547.479,-49.47900390625,0,0
2025-08-11,BB250,South,714,591.6562,122.34381103515625,0,0
2025-08-11,BB250,West,643,645.30206,-2.30206298828125,0,0
2025-08-11,BB500,Central,657,747.8541,-90.8541259765625,0,0
2025-08-11,BB500,East,898,838.785,59.21502685546875,0,0
2025-08-11,BB500,North,808,842.4075,-34.407470703125,0,0
2025-08-11,BB500,South,751,914.7102,-163.710205078125,0,0
2025-08-11,BB500,West,1109,872.104,236.89599609375,0,0
2025-08-11,EN250,Central,409,407.04916,1.950836181640625,1,0
2025-08-11,EN250,East,307,347.02768,-40.027679443359375,0,0
2025-08-11,EN250,North,350,371.43344,-21.433441162109375,0,0
2025-08-11,EN250,South,407,394.8706,12.12939453125,0,0
2025-08-11,EN250,West,368,417.24716,-49.247161865234375,0,0
2025-08-11,EN500,Central,195,219.79366,-24.793655395507812,0,0
2025-08-11,EN500,East,251,239.66191,11.338088989257812,0,0
2025-08-11,EN500,North,266,264.91946,1.080535888671875,0,0
2025-08-11,EN500,South,288,356.0987,-68.09869384765625,1,0
2025-08-11,EN500,West,288,284.21152,3.788482666015625,0,0
2025-08-11,LM250,Central,465,398.63797,66.36203002929688,0,0
2025-08-11,LM250,East,402,445.46976,-43.469757080078125,0,0
2025-08-11,LM250,North,425,455.57614,-30.576141357421875,0,0
2025-08-11,LM250,South,527,487.82114,39.178863525390625,0,0
2025-08-11,LM250,West,557,642.7923,-85.79229736328125,1,0
2025-08-11,LM500,Central,574,595.15753,-21.15753173828125,0,0
2025-08-11,LM500,East,612,617.07654,-5.0765380859375,0,0
2025-08-11,LM500,North,760,660.71155,99.2884521484375,0,0
2025-08-11,LM500,South,623,700.6103,-77.61029052734375,0,0
2025-08-11,LM500,West,818,789.53595,28.46405029296875,0,0
2025-08-11,OR1000,Central,358,366.57745,-8.57745361328125,0,0
2025-08-11,OR1000,East,433,371.69095,61.309051513671875,0,0
2025-08-11,OR1000,North,390,388.3931,1.606903076171875,0,0
2025-08-11,OR1000,South,409,440.07568,-31.07568359375,0,0
2025-08-11,OR1000,West,407,447.57507,-40.5750732421875,0,0
2025-08-11,OR500,Central,534,495.18958,38.8104248046875,0,0
2025-08-11,OR500,East,533,502.42316,30.57684326171875,0,0
2025-08-11,OR500,North,526,545.0042,-19.00421142578125,0,0
2025-08-11,OR500,South,608,571.9806,36.0194091796875,0,0
2025-08-11,OR500,West,618,656.6545,-38.65447998046875,0,0
2025-08-11,WT1000,Central,833,793.0912,39.9088134765625,0,0
2025-08-11,WT1000,East,849,891.88464,-42.8846435546875,0,0
2025-08-11,WT1000,North,794,849.25543,-55.25543212890625,0,0
2025-08-11,WT1000,South,867,860.6545,6.34552001953125,0,0
2025-08-11,WT1000,West,820,1008.5657,-188.565673828125,0,0
2025-08-12,BB1000,Central,603,595.33386,7.6661376953125,1,0
2025-08-12,BB1000,East,471,495.25455,-24.254547119140625,0,0
2025-08-12,BB1000,North,480,513.79626,-33.7962646484375,0,0
2025-08-12,BB1000,South,567,560.748,6.25201416015625,0,0
2025-08-12,BB1000,West,615,579.3647,35.63531494140625,0,0
2025-08-12,BB250,Central,409,534.1234,-125.1234130859375,0,0
2025-08-12,BB250,East,433,566.7392,-133.73919677734375,0,0
2025-08-12,BB250,North,553,546.9894,6.0106201171875,0,0
2025-08-12,BB250,South,755,621.67316,133.32684326171875,0,0
2025-08-12,BB250,West,626,668.5298,-42.52978515625,0,0
2025-08-12,BB500,Central,666,761.07635,-95.07635498046875,0,0
2025-08-12,BB500,East,877,891.0888,-14.08880615234375,0,0
2025-08-12,BB500,North,819,786.3911,32.60888671875,0,0
2025-08-12,BB500,South,861,926.1296,-65.12957763671875,0,0
2025-08-12,BB500,West,887,825.8578,61.1422119140625,0,0
2025-08-12,EN250,Central,348,331.3527,16.647308349609375,0,0
2025-08-12,EN250,East,366,337.09045,28.9095458984375,0,0
2025-08-12,EN250,North,510,467.95737,42.042633056640625,1,0
2025-08-12,EN250,South,350,386.0902,-36.0902099609375,0,0
2025-08-12,EN250,West,418,412.50104,5.49896240234375,0,0
2025-08-12,EN500,Central,225,223.33937,1.6606292724609375,0,0
2025-08-12,EN500,East,221,249.28273,-28.282730102539062,0,0
2025-08-12,EN500,North,232,266.72568,-34.725677490234375,0,0
2025-08-12,EN500,South,243,284.1954,-41.195404052734375,0,0
2025-08-12,EN500,West,272,285.44214,-13.442138671875,0,0
2025-08-12,LM250,Central,327,409.19238,-82.1923828125,0,0
2025-08-12,LM250,East,431,427.27695,3.723052978515625,0,0
2025-08-12,LM250,North,417,441.111,-24.110992431640625,0,0
2025-08-12,LM250,South,561,615.8719,-54.87188720703125,1,0
2025-08-12,LM250,West,558,509.19357,48.806427001953125,0,0
2025-08-12,LM500,Central,536,583.44904,-47.44903564453125,0,0
2025-08-12,LM500,East,539,622.67737,-83.6773681640625,0,0
2025-08-12,LM500,North,646,625.99304,20.0069580078125,0,0
2025-08-12,LM500,South,673,682.44324,-9.4432373046875,0,0
2025-08-12,LM500,West,762,764.9528,-2.95281982421875,0,0
2025-08-12,OR1000,Central,370,367.81,2.19000244140625,0,0
2025-08-12,OR1000,East,350,375.70486,-25.704864501953125,0,0
2025-08-12,OR1000,North,361,388.33334,-27.333343505859375,0,0
2025-08-12,OR1000,South,507,553.4985,-46.49847412109375,1,0
2025-08-12,OR1000,West,505,447.21054,57.789459228515625,0,0
2025-08-12,OR500,Central,460,487.17453,-27.174530029296875,0,0
2025-08-12,OR500,East,455,499.78406,-44.7840576171875,0,0
2025-08-12,OR500,North,592,548.1183,43.8817138671875,0,0
2025-08-12,OR500,South,860,688.7185,171.281494140625,1,0
2025-08-12,OR500,West,612,618.9753,-6.97528076171875,0,0
2025-08-12,WT1000,Central,1013,990.4528,22.54718017578125,1,0
2025-08-12,WT1000,East,777,888.28625,-111.2862548828125,0,0
2025-08-12,WT1000,North,1002,820.94244,181.05755615234375,0,0
2025-08-12,WT1000,South,1041,938.0848,102.91522216796875,0,0
2025-08-12,WT1000,West,1001,921.66174,79.3382568359375,0,0
2025-08-13,BB1000,Central,489,616.1306,-127.130615234375,1,0
2025-08-13,BB1000,East,518,649.30145,-131.30145263671875,1,0
2025-08-13,BB1000,North,426,524.6449,-98.6448974609375,0,0
2025-08-13,BB1000,South,619,549.05225,69.94775390625,0,0
2025-08-13,BB1000,West,575,582.326,-7.32598876953125,0,0
2025-08-13,BB250,Central,496,547.47797,-51.47796630859375,0,0
2025-08-13,BB250,East,576,566.2098,9.79022216796875,0,0
2025-08-13,BB250,North,435,541.11975,-106.1197509765625,0,0
2025-08-13,BB250,South,853,845.1448,7.855224609375,1,0
2025-08-13,BB250,West,690,671.3965,18.603515625,0,0
2025-08-13,BB500,Central,727,751.33795,-24.33795166015625,0,0
2025-08-13,BB500,East,801,857.7902,-56.79022216796875,0,0
2025-08-13,BB500,North,907,827.3479,79.652099609375,0,0
2025-08-13,BB500,South,919,890.4958,28.50421142578125,0,0
2025-08-13,BB500,West,1068,938.0291,129.97088623046875,0,0
2025-08-13,EN250,Central,438,415.406,22.593994140625,1,0
2025-08-13,EN250,East,330,338.62997,-8.629974365234375,0,0
2025-08-13,EN250,North,341,374.54926,-33.54925537109375,0,0
2025-08-13,EN250,South,313,388.55185,-75.55184936523438,0,0
2025-08-13,EN250,West,424,414.25375,9.746246337890625,0,0
2025-08-13,EN500,Central,250,224.87483,25.125167846679688,0,0
2025-08-13,EN500,East,223,249.36523,-26.365234375,0,0
2025-08-13,EN500,North,229,263.29016,-34.2901611328125,0,0
2025-08-13,EN500,South,306,288.76065,17.239349365234375,0,0
2025-08-13,EN500,West,320,287.57062,32.42938232421875,0,0
2025-08-13,LM250,Central,447,421.7214,25.278594970703125,0,0
2025-08-13,LM250,East,458,432.13553,25.864471435546875,0,0
2025-08-13,LM250,North,402,444.67462,-42.67462158203125,0,0
2025-08-13,LM250,South,505,527.75146,-22.75146484375,0,0
2025-08-13,LM250,West,567,497.4518,69.54818725585938,0,0
2025-08-13,LM500,Central,538,605.97003,-67.97003173828125,0,0
2025-08-13,LM500,East,422,624.0524,-202.05242919921875,0,0
2025-08-13,LM500,North,701,639.20233,61.79766845703125,0,0
2025-08-13,LM500,South,695,707.2892,-12.2891845703125,0,0
2025-08-13,LM500,West,818,775.19507,42.804931640625,0,0
2025-08-13,OR1000,Central,312,375.96515,-63.96514892578125,0,0
2025-08-13,OR1000,East,417,364.91043,52.089569091796875,0,0
2025-08-13,OR1000,North,353,387.68073,-34.68072509765625,0,0
2025-08-13,OR1000,South,441,439.20425,1.795745849609375,0,0
2025-08-13,OR1000,West,473,449.91293,23.087066650390625,0,0
2025-08-13,OR500,Central,433,480.4076,-47.4075927734375,0,0
2025-08-13,OR500,East,442,501.39874,-59.39874267578125,0,0
2025-08-13,OR500,North,438,581.8534,-143.8533935546875,0,0
2025-08-13,OR500,South,612,582.9786,29.02142333984375,0,0
2025-08-13,OR500,West,553,634.4087,-81.40869140625,0,0
2025-08-13,WT1000,Central,773,800.4653,-27.46527099609375,0,0
2025-08-13,WT1000,East,794,832.547,-38.5469970703125,0,0
2025-08-13,WT1000,North,1025,821.66455,203.33544921875,0,0
2025-08-13,WT1000,South,1533,1244.0184,288.9815673828125,1,0
2025-08-13,WT1000,West,1106,917.3254,188.67462158203125,0,0
2025-08-14,BB1000,Central,460,479.892,-19.891998291015625,0,0
2025-08-14,BB1000,East,474,508.22995,-34.229949951171875,0,0
2025-08-14,BB1000,North,550,524.0703,25.9296875,0,0
2025-08-14,BB1000,South,521,530.9549,-9.95489501953125,0,0
2025-08-14,BB1000,West,554,577.0344,-23.034423828125,0,0
2025-08-14,BB250,Central,470,518.1188,-48.1187744140625,0,0
2025-08-14,BB250,East,580,579.5733,0.42669677734375,0,0
2025-08-14,BB250,North,506,547.6095,-41.6094970703125,0,0
2025-08-14,BB250,South,655,629.60394,25.39605712890625,0,0
2025-08-14,BB250,West,639,662.47723,-23.47723388671875,0,0
2025-08-14,BB500,Central,962,931.23846,30.76153564453125,1,0
2025-08-14,BB500,East,771,804.55237,-33.5523681640625,0,0
2025-08-14,BB500,North,861,874.5335,-13.53350830078125,0,0
2025-08-14,BB500,South,827,932.8359,-105.83587646484375,0,0
2025-08-14,BB500,West,1014,929.5379,84.46209716796875,0,0
2025-08-14,EN250,Central,281,330.2507,-49.250701904296875,0,0
2025-08-14,EN250,East,340,429.31662,-89.31661987304688,1,0
2025-08-14,EN250,North,348,374.0335,-26.03350830078125,0,0
2025-08-14,EN250,South,385,377.4755,7.524505615234375,0,0
2025-08-14,EN250,West,431,413.90152,17.098480224609375,0,0
2025-08-14,EN500,Central,201,225.38269,-24.3826904296875,0,0
2025-08-14,EN500,East,247,243.0326,3.9674072265625,0,0
2025-08-14,EN500,North,259,263.34067,-4.340667724609375,0,0
2025-08-14,EN500,South,257,275.5773,-18.577301025390625,0,0
2025-08-14,EN500,West,338,285.50037,52.4996337890625,0,0
2025-08-14,LM250,Central,384,414.1981,-30.198089599609375,0,0
2025-08-14,LM250,East,423,433.5963,-10.5963134765625,0,0
2025-08-14,LM250,North,415,434.9887,-19.98870849609375,0,0
2025-08-14,LM250,South,481,495.3636,-14.36358642578125,0,0
2025-08-14,LM250,West,583,511.2201,71.7799072265625,0,0
2025-08-14,LM500,Central,599,586.4165,12.58349609375,0,0
2025-08-14,LM500,East,521,620.1832,-99.1832275390625,0,0
2025-08-14,LM500,North,653,629.917,23.0830078125,0,0
2025-08-14,LM500,South,792,698.34033,93.65966796875,0,0
2025-08-14,LM500,West,767,760.0965,6.90350341796875,0,0
2025-08-14,OR1000,Central,410,458.88297,-48.882965087890625,1,0
2025-08-14,OR1000,East,349,372.03314,-23.03314208984375,0,0
2025-08-14,OR1000,North,388,379.06586,8.93414306640625,0,0
2025-08-14,OR1000,South,425,441.59653,-16.596527099609375,0,0
2025-08-14,OR1000,West,415,451.2463,-36.246307373046875,0,0
2025-08-14,OR500,Central,498,485.25378,12.7462158203125,0,0
2025-08-14,OR500,East,569,510.00888,58.991119384765625,0,0
2025-08-14,OR500,North,542,556.29016,-14.2901611328125,0,0
2025-08-14,OR500,South,583,590.4147,-7.4146728515625,0,0
2025-08-14,OR500,West,469,651.1932,-182.19317626953125,0,0
2025-08-14,WT1000,Central,717,861.4269,-144.4268798828125,0,0
2025-08-14,WT1000,East,753,899.8736,-146.87359619140625,0,0
2025-08-14,WT1000,North,900,850.4803,49.51971435546875,0,0
2025-08-14,WT1000,South,986,871.7673,114.23272705078125,0,0
2025-08-14,WT1000,West,1157,947.0919,209.9080810546875,0,0
2025-08-15,BB1000,Central,644,542.3623,101.6376953125,0,1
2025-08-15,BB1000,East,766,730.7054,35.29461669921875,1,1
2025-08-15,BB1000,North,571,645.2413,-74.24127197265625,0,1
2025-08-15,BB1000,South,567,677.64746,-110.6474609375,0,1
2025-08-15,BB1000,West,731,745.8489,-14.848876953125,0,1
2025-08-15,BB250,Central,695,677.5247,17.47528076171875,0,1
2025-08-15,BB250,East,741,698.1174,42.88262939453125,0,1
2025-08-15,BB250,North,584,682.99097,-98.990966796875,0,1
2025-08-15,BB250,South,717,739.78766,-22.78765869140625,0,1
2025-08-15,BB250,West,805,762.0498,42.9501953125,0,1
2025-08-15,BB500,Central,950,934.8717,15.1282958984375,0,1
2025-08-15,BB500,East,846,1102.9563,-256.956298828125,0,1
2025-08-15,BB500,North,1032,977.3135,54.6865234375,0,1
2025-08-15,BB500,South,1172,977.5316,194.4683837890625,0,1
2025-08-15,BB500,West,948,1043.428,-95.427978515625,0,1
2025-08-15,EN250,Central,379,403.2581,-24.258087158203125,0,1
2025-08-15,EN250,East,612,465.7651,146.23489379882812,1,1
2025-08-15,EN250,North,494,456.97873,37.021270751953125,0,1
2025-08-15,EN250,South,425,465.33484,-40.3348388671875,0,1
2025-08-15,EN250,West,405,490.67865,-85.67864990234375,0,1
2025-08-15,EN500,Central,314,270.20108,43.798919677734375,0,1
2025-08-15,EN500,East,324,308.04196,15.958038330078125,0,1
2025-08-15,EN500,North,343,319.12155,23.878448486328125,0,1
2025-08-15,EN500,South,480,388.32425,91.67575073242188,1,1
2025-08-15,EN500,West,341,339.91757,1.082427978515625,0,1
2025-08-15,LM250,Central,535,488.41284,46.587158203125,0,1
2025-08-15,LM250,East,540,486.34045,53.6595458984375,0,1
2025-08-15,LM250,North,517,514.549,2.45098876953125,0,1
2025-08-15,LM250,South,580,656.6477,-76.647705078125,0,1
2025-08-15,LM250,West,720,648.7377,71.2623291015625,0,1
2025-08-15,LM500,Central,624,731.5799,-107.57989501953125,0,1
2025-08-15,LM500,East,741,732.4351,8.56488037109375,0,1
2025-08-15,LM500,North,687,707.1431,-20.14312744140625,0,1
2025-08-15,LM500,South,816,844.29584,-28.29583740234375,0,1
2025-08-15,LM500,West,879,1006.75165,-127.75164794921875,0,1
2025-08-15,OR1000,Central,416,458.11533,-42.115325927734375,0,1
2025-08-15,OR1000,East,439,455.22504,-16.22503662109375,0,1
2025-08-15,OR1000,North,517,462.99292,54.007080078125,0,1
2025-08-15,OR1000,South,475,536.8061,-61.80609130859375,0,1
2025-08-15,OR1000,West,528,539.61035,-11.6103515625,0,1
2025-08-15,OR500,Central,622,621.82043,0.1795654296875,0,1
2025-08-15,OR500,East,525,681.6827,-156.68267822265625,0,1
2025-08-15,OR500,North,744,657.9983,86.001708984375,0,1
2025-08-15,OR500,South,685,698.0108,-13.01080322265625,0,1
2025-08-15,OR500,West,721,789.89246,-68.8924560546875,0,1
2025-08-15,WT1000,Central,1246,1140.6849,105.3150634765625,1,1
2025-08-15,WT1000,East,861,923.8268,-62.8267822265625,0,1
2025-08-15,WT1000,North,1539,1205.8291,333.1708984375,1,1
2025-08-15,WT1000,South,1306,977.0529,328.94708251953125,0,1
2025-08-15,WT1000,West,1131,991.87036,139.129638671875,0,1
2025-08-16,BB1000,Central,532,551.2846,-19.28460693359375,0,0
2025-08-16,BB1000,East,662,682.7096,-20.7095947265625,1,0
2025-08-16,BB1000,North,570,576.82764,-6.82763671875,0,0
2025-08-16,BB1000,South,706,609.6892,96.310791015625,0,0
2025-08-16,BB1000,West,743,686.0956,56.9044189453125,0,0
2025-08-16,BB250,Central,596,587.128,8.87200927734375,0,0
2025-08-16,BB250,East,602,626.96594,-24.9659423828125,0,0
2025-08-16,BB250,North,724,577.5507,146.44927978515625,0,0
2025-08-16,BB250,South,658,712.28955,-54.28955078125,0,0
2025-08-16,BB250,West,750,735.2802,14.71978759765625,0,0
2025-08-16,BB500,Central,924,836.28064,87.7193603515625,0,0
2025-08-16,BB500,East,729,959.23346,-230.23345947265625,0,0
2025-08-16,BB500,North,988,917.6511,70.348876953125,0,0
2025-08-16,BB500,South,1119,1018.5976,100.40240478515625,0,0
2025-08-16,BB500,West,1168,1028.5332,139.466796875,0,0
2025-08-16,EN250,Central,398,399.04758,-1.047576904296875,0,0
2025-08-16,EN250,East,366,400.98447,-34.984466552734375,0,0
2025-08-16,EN250,North,411,421.74338,-10.743377685546875,0,0
2025-08-16,EN250,South,457,447.80557,9.194427490234375,0,0
2025-08-16,EN250,West,465,455.60632,9.3936767578125,0,0
2025-08-16,EN500,Central,265,261.09952,3.900482177734375,0,0
2025-08-16,EN500,East,303,278.0845,24.915496826171875,0,0
2025-08-16,EN500,North,293,297.0982,-4.09820556640625,0,0
2025-08-16,EN500,South,353,311.4534,41.546600341796875,0,0
2025-08-16,EN500,West,371,328.1087,42.89129638671875,0,0
2025-08-16,LM250,Central,485,469.47015,15.52984619140625,0,0
2025-08-16,LM250,East,534,489.66608,44.33392333984375,0,0
2025-08-16,LM250,North,595,622.89514,-27.8951416015625,1,0
2025-08-16,LM250,South,622,599.06055,22.939453125,0,0
2025-08-16,LM250,West,665,581.9111,83.08892822265625,0,0
2025-08-16,LM500,Central,557,657.24744,-100.2474365234375,0,0
2025-08-16,LM500,East,787,873.5781,-86.578125,1,0
2025-08-16,LM500,North,752,736.2396,15.7603759765625,0,0
2025-08-16,LM500,South,759,812.61096,-53.6109619140625,0,0
2025-08-16,LM500,West,992,883.9381,108.0618896484375,0,0
2025-08-16,OR1000,Central,355,430.80356,-75.80355834960938,0,0
2025-08-16,OR1000,East,414,423.86194,-9.8619384765625,0,0
2025-08-16,OR1000,North,517,452.275,64.72500610351562,0,0
2025-08-16,OR1000,South,428,522.02966,-94.0296630859375,0,0
2025-08-16,OR1000,West,528,520.4311,7.56890869140625,0,0
2025-08-16,OR500,Central,587,550.0194,36.9805908203125,0,0
2025-08-16,OR500,East,611,595.96844,15.03155517578125,0,0
2025-08-16,OR500,North,642,597.7481,44.25189208984375,0,0
2025-08-16,OR500,South,602,684.74396,-82.74395751953125,0,0
2025-08-16,OR500,West,785,755.2387,29.76129150390625,0,0
2025-08-16,WT1000,Central,767,882.75073,-115.750732421875,0,0
2025-08-16,WT1000,East,1026,947.5322,78.4677734375,0,0
2025-08-16,WT1000,North,1093,1013.89777,79.10223388671875,0,0
2025-08-16,WT1000,South,1237,1130.402,106.5980224609375,0,0
2025-08-16,WT1000,West,1312,1100.1183,211.8817138671875,0,0
2025-08-17,BB1000,Central,554,545.3772,8.622802734375,0,0
2025-08-17,BB1000,East,522,550.09607,-28.0960693359375,0,0
2025-08-17,BB1000,North,851,745.41376,105.58624267578125,1,0
2025-08-17,BB1000,South,681,615.0407,65.95928955078125,0,0
2025-08-17,BB1000,West,666,680.78516,-14.78515625,0,0
2025-08-17,BB250,Central,658,571.0444,86.95562744140625,0,0
2025-08-17,BB250,East,667,642.2438,24.7562255859375,0,0
2025-08-17,BB250,North,770,604.4874,165.5125732421875,0,0
2025-08-17,BB250,South,750,731.0515,18.948486328125,0,0
2025-08-17,BB250,West,1177,963.3487,213.65130615234375,1,0
2025-08-17,BB500,Central,855,831.7802,23.21978759765625,0,0
2025-08-17,BB500,East,1082,952.5749,129.42510986328125,0,0
2025-08-17,BB500,North,909,915.8486,-6.84857177734375,0,0
2025-08-17,BB500,South,1155,1034.6217,120.3782958984375,0,0
2025-08-17,BB500,West,1150,1092.8223,57.177734375,0,0
2025-08-17,EN250,Central,427,377.08386,49.9161376953125,0,0
2025-08-17,EN250,East,380,402.2436,-22.24359130859375,0,0
2025-08-17,EN250,North,448,444.02188,3.978118896484375,0,0
2025-08-17,EN250,South,453,435.5661,17.43389892578125,0,0
2025-08-17,EN250,West,552,475.70306,76.29693603515625,0,0
2025-08-17,EN500,Central,225,270.50677,-45.50677490234375,0,0
2025-08-17,EN500,East,239,273.2977,-34.297698974609375,0,0
2025-08-17,EN500,North,296,298.8225,-2.822509765625,0,0
2025-08-17,EN500,South,322,321.70477,0.29522705078125,0,0
2025-08-17,EN500,West,334,337.01807,-3.01806640625,0,0
2025-08-17,LM250,Central,516,482.43027,33.569732666015625,0,0
2025-08-17,LM250,East,461,482.9323,-21.93231201171875,0,0
2025-08-17,LM250,North,440,508.6373,-68.63729858398438,0,0
2025-08-17,LM250,South,630,562.8717,67.1282958984375,0,0
2025-08-17,LM250,West,600,580.57513,19.42486572265625,0,0
2025-08-17,LM500,Central,627,650.5918,-23.591796875,0,0
2025-08-17,LM500,East,613,741.1601,-128.16009521484375,0,0
2025-08-17,LM500,North,805,730.16815,74.83184814453125,0,0
2025-08-17,LM500,South,857,815.10583,41.8941650390625,0,0
2025-08-17,LM500,West,894,856.7347,37.26531982421875,0,0
2025-08-17,OR1000,Central,384,407.49762,-23.49761962890625,0,0
2025-08-17,OR1000,East,416,429.11316,-13.1131591796875,0,0
2025-08-17,OR1000,North,443,463.06973,-20.069732666015625,0,0
2025-08-17,OR1000,South,550,489.7661,60.23388671875,0,0
2025-08-17,OR1000,West,486,510.6062,-24.606201171875,0,0
2025-08-17,OR500,Central,640,564.1555,75.844482421875,0,0
2025-08-17,OR500,East,540,583.2669,-43.26690673828125,0,0
2025-08-17,OR500,North,745,730.05237,14.9476318359375,1,0
2025-08-17,OR500,South,735,671.4677,63.53228759765625,0,0
2025-08-17,OR500,West,756,736.6898,19.3101806640625,0,0
2025-08-17,WT1000,Central,961,882.1187,78.88128662109375,0,0
2025-08-17,WT1000,East,983,935.6171,47.38287353515625,0,0
2025-08-17,WT1000,North,1083,1042.7991,40.200927734375,0,0
2025-08-17,WT1000,South,959,1028.8055,-69.8055419921875,0,0
2025-08-17,WT1000,West,1200,1106.7396,93.2603759765625,0,0
2025-08-18,BB1000,Central,453,494.57925,-41.579254150390625,0,0
2025-08-18,BB1000,East,449,506.81528,-57.815277099609375,0,0
2025-08-18,BB1000,North,558,509.33514,48.66485595703125,0,0
2025-08-18,BB1000,South,535,565.57306,-30.57305908203125,0,0
2025-08-18,BB1000,West,780,775.03723,4.9627685546875,1,0
2025-08-18,BB250,Central,537,521.50244,15.49755859375,0,0
2025-08-18,BB250,East,642,569.7532,72.246826171875,0,0
2025-08-18,BB250,North,745,543.80853,201.19146728515625,0,0
2025-08-18,BB250,South,674,799.87494,-125.87493896484375,1,0
2025-08-18,BB250,West,753,630.1816,122.81842041015625,0,0
2025-08-18,BB500,Central,721,728.14813,-7.14813232421875,0,0
2025-08-18,BB500,East,872,799.5959,72.40411376953125,0,0
2025-08-18,BB500,North,965,857.5049,107.4951171875,0,0
2025-08-18,BB500,South,1060,949.85486,110.1451416015625,0,0
2025-08-18,BB500,West,898,912.03314,-14.03314208984375,0,0
2025-08-18,EN250,Central,291,346.6314,-55.63140869140625,0,0
2025-08-18,EN250,East,351,346.33713,4.662872314453125,0,0
2025-08-18,EN250,North,306,366.23825,-60.238250732421875,0,0
2025-08-18,EN250,South,297,376.2112,-79.21121215820312,0,0
2025-08-18,EN250,West,373,404.08517,-31.085174560546875,0,0
2025-08-18,EN500,Central,201,217.20544,-16.2054443359375,0,0
2025-08-18,EN500,East,274,231.60223,42.39776611328125,0,0
2025-08-18,EN500,North,205,266.92303,-61.92303466796875,0,0
2025-08-18,EN500,South,291,289.57648,1.42352294921875,0,0
2025-08-18,EN500,West,325,291.2366,33.763397216796875,0,0
2025-08-18,LM250,Central,352,400.26328,-48.263275146484375,0,0
2025-08-18,LM250,East,483,429.4169,53.583099365234375,0,0
2025-08-18,LM250,North,402,440.65448,-38.65447998046875,0,0
2025-08-18,LM250,South,441,497.34814,-56.34814453125,0,0
2025-08-18,LM250,West,600,508.42514,91.57485961914062,0,0
2025-08-18,LM500,Central,579,579.8076,-0.8076171875,0,0
2025-08-18,LM500,East,628,604.0638,23.93621826171875,0,0
2025-08-18,LM500,North,693,666.1736,26.826416015625,0,0
2025-08-18,LM500,South,821,674.3963,146.60369873046875,0,0
2025-08-18,LM500,West,603,787.797,-184.7969970703125,0,0
2025-08-18,OR1000,Central,313,343.95062,-30.95062255859375,0,0
2025-08-18,OR1000,East,419,376.65283,42.34716796875,0,0
2025-08-18,OR1000,North,328,380.05084,-52.05084228515625,0,0
2025-08-18,OR1000,South,428,438.56018,-10.5601806640625,0,0
2025-08-18,OR1000,West,402,441.11124,-39.111236572265625,0,0
2025-08-18,OR500,Central,549,485.2095,63.790496826171875,0,0
2025-08-18,OR500,East,631,513.1566,117.8433837890625,0,0
2025-08-18,OR500,North,570,555.7445,14.2554931640625,0,0
2025-08-18,OR500,South,582,583.8605,-1.8604736328125,0,0
2025-08-18,OR500,West,631,639.4899,-8.48992919921875,0,0
2025-08-18,WT1000,Central,752,866.97095,-114.970947265625,0,0
2025-08-18,WT1000,East,869,851.6315,17.3685302734375,0,0
2025-08-18,WT1000,North,898,812.563,85.43701171875,0,0
2025-08-18,WT1000,South,894,885.8322,8.16778564453125,0,0
2025-08-18,WT1000,West,1170,889.6667,280.33331298828125,0,0
2025-08-19,BB1000,Central,483,482.12247,0.877532958984375,0,0
2025-08-19,BB1000,East,466,500.28616,-34.286163330078125,0,0
2025-08-19,BB1000,North,612,535.20514,76.79486083984375,0,0
2025-08-19,BB1000,South,611,559.36096,51.6390380859375,0,0
2025-08-19,BB1000,West,669,593.6746,75.32537841796875,0,0
2025-08-19,BB250,Central,534,514.9825,19.01751708984375,0,0
2025-08-19,BB250,East,578,558.4744,19.52557373046875,0,0
2025-08-19,BB250,North,609,565.6741,43.325927734375,0,0
2025-08-19,BB250,South,712,644.4061,67.5938720703125,0,0
2025-08-19,BB250,West,740,720.63165,19.36834716796875,0,0
2025-08-19,BB500,Central,711,730.2151,-19.215087890625,0,0
2025-08-19,BB500,East,673,816.135,-143.135009765625,0,0
2025-08-19,BB500,North,869,870.9118,-1.91180419921875,0,0
2025-08-19,BB500,South,910,864.6828,45.31719970703125,0,0
2025-08-19,BB500,West,943,1171.075,-228.074951171875,1,0
2025-08-19,EN250,Central,309,334.37643,-25.376434326171875,0,0
2025-08-19,EN250,East,387,352.26117,34.73883056640625,0,0
2025-08-19,EN250,North,365,365.19565,-0.195648193359375,0,0
2025-08-19,EN250,South,408,374.83328,33.166717529296875,0,0
2025-08-19,EN250,West,426,409.19785,16.802154541015625,0,0
2025-08-19,EN500,Central,201,219.40741,-18.40740966796875,0,0
2025-08-19,EN500,East,231,236.04399,-5.0439910888671875,0,0
2025-08-19,EN500,North,254,246.36847,7.63153076171875,0,0
2025-08-19,EN500,South,234,289.8993,-55.8992919921875,0,0
2025-08-19,EN500,West,326,292.87137,33.128631591796875,0,0
2025-08-19,LM250,Central,441,404.21368,36.78631591796875,0,0
2025-08-19,LM250,East,403,427.59872,-24.598724365234375,0,0
2025-08-19,LM250,North,399,438.79504,-39.7950439453125,0,0
2025-08-19,LM250,South,620,636.87305,-16.873046875,1,0
2025-08-19,LM250,West,504,513.9977,-9.9976806640625,0,0
2025-08-19,LM500,Central,542,560.9618,-18.9617919921875,0,0
2025-08-19,LM500,East,558,592.6921,-34.69207763671875,0,0
2025-08-19,LM500,North,660,860.0378,-200.03778076171875,1,0
2025-08-19,LM500,South,670,710.1165,-40.11651611328125,0,0
2025-08-19,LM500,West,613,773.01117,-160.01116943359375,0,0
2025-08-19,OR1000,Central,345,343.09515,1.90484619140625,0,0
2025-08-19,OR1000,East,366,371.81158,-5.81158447265625,0,0
2025-08-19,OR1000,North,430,380.51495,49.48504638671875,0,0
2025-08-19,OR1000,South,427,431.47314,-4.47314453125,0,0
2025-08-19,OR1000,West,517,439.42517,77.5748291015625,0,0
2025-08-19,OR500,Central,518,610.5144,-92.514404296875,1,0
2025-08-19,OR500,East,453,526.36017,-73.36016845703125,0,0
2025-08-19,OR500,North,594,553.47406,40.52593994140625,0,0
2025-08-19,OR500,South,594,574.3548,19.64520263671875,0,0
2025-08-19,OR500,West,700,639.22107,60.7789306640625,0,0
2025-08-19,WT1000,Central,818,842.01215,-24.01214599609375,0,0
2025-08-19,WT1000,East,870,838.34485,31.6551513671875,0,0
2025-08-19,WT1000,North,951,839.9569,111.0430908203125,0,0
2025-08-19,WT1000,South,830,984.7932,-154.793212890625,0,0
2025-08-19,WT1000,West,1098,945.09155,152.908447265625,0,0
2025-08-20,BB1000,Central,615,625.99756,-10.99755859375,1,0
2025-08-20,BB1000,East,353,495.08423,-142.084228515625,0,0
2025-08-20,BB1000,North,607,538.8611,68.138916015625,0,0
2025-08-20,BB1000,South,539,542.1184,-3.118408203125,0,0
2025-08-20,BB1000,West,587,592.4499,-5.44989013671875,0,0
2025-08-20,BB250,Central,557,518.88855,38.1114501953125,0,0
2025-08-20,BB250,East,540,567.717,-27.71697998046875,0,0
2025-08-20,BB250,North,669,550.4188,118.5811767578125,0,0
2025-08-20,BB250,South,634,630.36914,3.630859375,0,0
2025-08-20,BB250,West,675,665.15784,9.8421630859375,0,0
2025-08-20,BB500,Central,762,737.62787,24.37213134765625,0,0
2025-08-20,BB500,East,849,803.7386,45.26141357421875,0,0
2025-08-20,BB500,North,913,838.28625,74.7137451171875,0,0
2025-08-20,BB500,South,1135,909.2481,225.75189208984375,0,0
2025-08-20,BB500,West,1178,879.2143,298.78570556640625,0,0
2025-08-20,EN250,Central,350,323.58298,26.417022705078125,0,0
2025-08-20,EN250,East,328,343.71628,-15.716278076171875,0,0
2025-08-20,EN250,North,357,370.95065,-13.950653076171875,0,0
2025-08-20,EN250,South,353,375.78522,-22.78521728515625,0,0
2025-08-20,EN250,West,403,407.64294,-4.6429443359375,0,0
2025-08-20,EN500,Central,204,221.2105,-17.210494995117188,0,0
2025-08-20,EN500,East,256,234.78622,21.213775634765625,0,0
2025-08-20,EN500,North,230,255.20627,-25.206268310546875,0,0
2025-08-20,EN500,South,268,290.20572,-22.205718994140625,0,0
2025-08-20,EN500,West,287,289.71045,-2.71044921875,0,0
2025-08-20,LM250,Central,450,524.7063,-74.706298828125,1,0
2025-08-20,LM250,East,492,411.95233,80.04766845703125,0,0
2025-08-20,LM250,North,420,434.1806,-14.18060302734375,0,0
2025-08-20,LM250,South,490,502.04544,-12.045440673828125,0,0
2025-08-20,LM250,West,572,522.1833,49.81671142578125,0,0
2025-08-20,LM500,Central,656,557.63696,98.363037109375,0,0
2025-08-20,LM500,East,652,680.6884,-28.68841552734375,1,0
2025-08-20,LM500,North,691,630.1251,60.8748779296875,0,0
2025-08-20,LM500,South,696,717.3563,-21.3563232421875,0,0
2025-08-20,LM500,West,768,777.7661,-9.76611328125,0,0
2025-08-20,OR1000,Central,330,343.92197,-13.921966552734375,0,0
2025-08-20,OR1000,East,398,371.90475,26.095245361328125,0,0
2025-08-20,OR1000,North,381,394.9527,-13.95269775390625,0,0
2025-08-20,OR1000,South,584,537.05884,46.941162109375,1,0
2025-08-20,OR1000,West,545,568.6206,-23.62060546875,1,0
2025-08-20,OR500,Central,538,484.6406,53.359405517578125,0,0
2025-08-20,OR500,East,388,510.96466,-122.96466064453125,0,0
2025-08-20,OR500,North,645,558.39197,86.6080322265625,0,0
2025-08-20,OR500,South,518,571.1034,-53.1033935546875,0,0
2025-08-20,OR500,West,691,629.12805,61.8719482421875,0,0
2025-08-20,WT1000,Central,903,810.2341,92.76593017578125,0,0
2025-08-20,WT1000,East,994,841.5726,152.42742919921875,0,0
2025-08-20,WT1000,North,912,830.77026,81.229736328125,0,0
2025-08-20,WT1000,South,1003,934.71045,68.28955078125,0,0
2025-08-20,WT1000,West,863,1008.11084,-145.11083984375,0,0
2025-08-21,BB1000,Central,405,487.14987,-82.14987182617188,0,0
2025-08-21,BB1000,East,520,502.30206,17.69793701171875,0,0
2025-08-21,BB1000,North,647,684.6801,-37.68011474609375,1,0
2025-08-21,BB1000,South,580,549.2464,30.75360107421875,0,0
2025-08-21,BB1000,West,595,616.4642,-21.46417236328125,0,0
2025-08-21,BB250,Central,520,516.05743,3.94256591796875,0,0
2025-08-21,BB250,East,587,563.6883,23.31170654296875,0,0
2025-08-21,BB250,North,529,556.7628,-27.7628173828125,0,0
2025-08-21,BB250,South,737,637.2754,99.724609375,0,0
2025-08-21,BB250,West,806,657.63416,148.3658447265625,0,0
2025-08-21,BB500,Central,692,719.87585,-27.8758544921875,0,0
2025-08-21,BB500,East,751,824.8745,-73.87451171875,0,0
2025-08-21,BB500,North,656,829.1234,-173.1234130859375,0,0
2025-08-21,BB500,South,968,892.36426,75.6357421875,0,0
2025-08-21,BB500,West,1004,967.1806,36.81939697265625,0,0
2025-08-21,EN250,Central,243,324.08035,-81.08035278320312,0,0
2025-08-21,EN250,East,378,345.37607,32.623931884765625,0,0
2025-08-21,EN250,North,306,369.60892,-63.608917236328125,0,0
2025-08-21,EN250,South,418,374.1814,43.818603515625,0,0
2025-08-21,EN250,West,363,407.95456,-44.954559326171875,0,0
2025-08-21,EN500,Central,249,217.10799,31.892013549804688,0,0
2025-08-21,EN500,East,242,236.27649,5.7235107421875,0,0
2025-08-21,EN500,North,241,246.71829,-5.718292236328125,0,0
2025-08-21,EN500,South,217,275.67215,-58.672149658203125,0,0
2025-08-21,EN500,West,304,287.20767,16.792327880859375,0,0
2025-08-21,LM250,Central,367,396.9066,-29.906585693359375,0,0
2025-08-21,LM250,East,363,421.7645,-58.764495849609375,0,0
2025-08-21,LM250,North,504,423.05228,80.94772338867188,0,0
2025-08-21,LM250,South,432,518.14246,-86.1424560546875,0,0
2025-08-21,LM250,West,498,515.93146,-17.93145751953125,0,0
2025-08-21,LM500,Central,614,576.597,37.40301513671875,0,0
2025-08-21,LM500,East,676,603.0518,72.94818115234375,0,0
2025-08-21,LM500,North,676,637.35913,38.640869140625,0,0
2025-08-21,LM500,South,704,692.4123,11.58770751953125,0,0
2025-08-21,LM500,West,784,781.8727,2.1273193359375,0,0
2025-08-21,OR1000,Central,354,339.27634,14.723663330078125,0,0
2025-08-21,OR1000,East,355,372.90292,-17.902923583984375,0,0
2025-08-21,OR1000,North,407,387.01938,19.980621337890625,0,0
2025-08-21,OR1000,South,359,438.89963,-79.89962768554688,0,0
2025-08-21,OR1000,West,398,434.8132,-36.813201904296875,0,0
2025-08-21,OR500,Central,675,617.4432,57.55682373046875,1,0
2025-08-21,OR500,East,505,631.4312,-126.43121337890625,1,0
2025-08-21,OR500,North,508,578.29675,-70.2967529296875,0,0
2025-08-21,OR500,South,551,574.4897,-23.48968505859375,0,0
2025-08-21,OR500,West,672,625.82916,46.17083740234375,0,0
2025-08-21,WT1000,Central,736,837.96326,-101.9632568359375,0,0
2025-08-21,WT1000,East,806,833.3617,-27.3616943359375,0,0
2025-08-21,WT1000,North,859,822.6487,36.351318359375,0,0
2025-08-21,WT1000,South,1014,814.3021,199.6978759765625,0,0
2025-08-21,WT1000,West,1331,1211.7166,119.283447265625,1,0
2025-08-22,BB1000,Central,577,606.7145,-29.7144775390625,1,0
2025-08-22,BB1000,East,390,472.9352,-82.93521118164062,0,0
2025-08-22,BB1000,North,492,526.50574,-34.5057373046875,0,0
2025-08-22,BB1000,South,648,559.84705,88.1529541015625,0,0
2025-08-22,BB1000,West,469,586.63684,-117.6368408203125,0,0
2025-08-22,BB250,Central,584,527.341,56.65899658203125,0,0
2025-08-22,BB250,East,570,567.8935,2.10650634765625,0,0
2025-08-22,BB250,North,583,549.7721,33.2279052734375,0,0
2025-08-22,BB250,South,656,643.7261,12.27392578125,0,0
2025-08-22,BB250,West,638,699.74316,-61.7431640625,0,0
2025-08-22,BB500,Central,647,715.9868,-68.98681640625,0,0
2025-08-22,BB500,East,758,793.3459,-35.34588623046875,0,0
2025-08-22,BB500,North,759,798.6764,-39.6763916015625,0,0
2025-08-22,BB500,South,1027,1146.1742,-119.1741943359375,1,0
2025-08-22,BB500,West,917,933.681,-16.6810302734375,0,0
2025-08-22,EN250,Central,285,323.47192,-38.471923828125,0,0
2025-08-22,EN250,East,349,358.27863,-9.27862548828125,0,0
2025-08-22,EN250,North,416,365.66568,50.334320068359375,0,0
2025-08-22,EN250,South,522,468.11066,53.88934326171875,1,0
2025-08-22,EN250,West,372,405.68958,-33.6895751953125,0,0
2025-08-22,EN500,Central,243,226.00798,16.992019653320312,0,0
2025-08-22,EN500,East,265,239.47997,25.520034790039062,0,0
2025-08-22,EN500,North,277,249.96455,27.035446166992188,0,0
2025-08-22,EN500,South,344,347.2825,-3.282501220703125,1,0
2025-08-22,EN500,West,302,293.95383,8.046173095703125,0,0
2025-08-22,LM250,Central,421,398.23587,22.764129638671875,0,0
2025-08-22,LM250,East,462,430.52448,31.47552490234375,0,0
2025-08-22,LM250,North,404,437.76266,-33.762664794921875,0,0
2025-08-22,LM250,South,498,509.61374,-11.613739013671875,0,0
2025-08-22,LM250,West,564,525.86957,38.13043212890625,0,0
2025-08-22,LM500,Central,724,713.62964,10.370361328125,1,0
2025-08-22,LM500,East,525,597.9877,-72.9876708984375,0,0
2025-08-22,LM500,North,625,641.99493,-16.99493408203125,0,0
2025-08-22,LM500,South,688,709.921,-21.9210205078125,0,0
2025-08-22,LM500,West,722,780.9386,-58.9385986328125,0,0
2025-08-22,OR1000,Central,394,339.35638,54.64361572265625,0,0
2025-08-22,OR1000,East,350,377.55292,-27.55291748046875,0,0
2025-08-22,OR1000,North,462,391.02164,70.97836303710938,0,0
2025-08-22,OR1000,South,452,434.8336,17.166412353515625,0,0
2025-08-22,OR1000,West,418,436.56308,-18.563079833984375,0,0
2025-08-22,OR500,Central,430,486.0052,-56.00518798828125,0,0
2025-08-22,OR500,East,554,499.80826,54.191741943359375,0,0
2025-08-22,OR500,North,409,564.0064,-155.00640869140625,0,0
2025-08-22,OR500,South,554,581.246,-27.2459716796875,0,0
2025-08-22,OR500,West,575,629.65656,-54.65655517578125,0,0
2025-08-22,WT1000,Central,863,899.8814,-36.88140869140625,0,0
2025-08-22,WT1000,East,881,790.0285,90.97149658203125,0,0
2025-08-22,WT1000,North,921,907.23785,13.76214599609375,0,0
2025-08-22,WT1000,South,1081,920.7711,160.2288818359375,0,0
2025-08-22,WT1000,West,879,965.6995,-86.69952392578125,0,0
2025-08-23,BB1000,Central,481,543.64233,-62.642333984375,0,0
2025-08-23,BB1000,East,565,551.03467,13.96533203125,0,0
2025-08-23,BB1000,North,557,586.8205,-29.82049560546875,0,0
2025-08-23,BB1000,South,652,632.9444,19.05560302734375,0,0
2025-08-23,BB1000,West,685,684.40515,0.5948486328125,0,0
2025-08-23,BB250,Central,667,580.8208,86.17919921875,0,0
2025-08-23,BB250,East,642,653.47754,-11.4775390625,0,0
2025-08-23,BB250,North,626,641.38654,-15.38653564453125,0,0
2025-08-23,BB250,South,827,748.9424,78.0576171875,0,0
2025-08-23,BB250,West,867,771.2432,95.75677490234375,0,0
2025-08-23,BB500,Central,704,779.7358,-75.73577880859375,0,0
2025-08-23,BB500,East,859,936.32715,-77.3271484375,0,0
2025-08-23,BB500,North,1019,922.0116,96.9884033203125,0,0
2025-08-23,BB500,South,1100,1072.1838,27.816162109375,0,0
2025-08-23,BB500,West,1206,1040.0215,165.978515625,0,0
2025-08-23,EN250,Central,387,368.5824,18.4176025390625,0,0
2025-08-23,EN250,East,332,404.75208,-72.7520751953125,0,0
2025-08-23,EN250,North,496,394.90976,101.09024047851562,0,0
2025-08-23,EN250,South,442,440.6018,1.398193359375,0,0
2025-08-23,EN250,West,509,468.4991,40.500885009765625,0,0
2025-08-23,EN500,Central,209,258.65805,-49.658050537109375,0,0
2025-08-23,EN500,East,288,272.6308,15.36920166015625,0,0
2025-08-23,EN500,North,330,284.97015,45.02984619140625,0,0
2025-08-23,EN500,South,308,304.97067,3.029327392578125,0,0
2025-08-23,EN500,West,354,340.30472,13.695281982421875,0,0
2025-08-23,LM250,Central,434,468.65875,-34.65875244140625,0,0
2025-08-23,LM250,East,527,488.0142,38.985809326171875,0,0
2025-08-23,LM250,North,474,492.2572,-18.2572021484375,0,0
2025-08-23,LM250,South,597,744.0616,-147.06158447265625,1,0
2025-08-23,LM250,West,543,604.8779,-61.8779296875,0,0
2025-08-23,LM500,Central,524,666.75916,-142.7591552734375,0,0
2025-08-23,LM500,East,773,685.23596,87.7640380859375,0,0
2025-08-23,LM500,North,716,734.57526,-18.57525634765625,0,0
2025-08-23,LM500,South,733,792.27997,-59.27996826171875,0,0
2025-08-23,LM500,West,1024,825.9902,198.00982666015625,0,0
2025-08-23,OR1000,Central,473,393.8649,79.13510131835938,0,0
2025-08-23,OR1000,East,471,451.2553,19.74468994140625,0,0
2025-08-23,OR1000,North,473,449.27966,23.7203369140625,0,0
2025-08-23,OR1000,South,567,495.5564,71.443603515625,0,0
2025-08-23,OR1000,West,428,492.7874,-64.78741455078125,0,0
2025-08-23,OR500,Central,454,554.8522,-100.8521728515625,0,0
2025-08-23,OR500,East,603,571.8329,31.1671142578125,0,0
2025-08-23,OR500,North,649,632.2968,16.70318603515625,0,0
2025-08-23,OR500,South,591,672.66077,-81.6607666015625,0,0
2025-08-23,OR500,West,955,952.826,2.17401123046875,1,0
2025-08-23,WT1000,Central,811,964.24713,-153.24713134765625,0,0
2025-08-23,WT1000,East,1076,956.7374,119.2625732421875,0,0
2025-08-23,WT1000,North,1036,1033.3346,2.6654052734375,0,0
2025-08-23,WT1000,South,1088,1145.993,-57.9930419921875,0,0
2025-08-23,WT1000,West,1345,1136.9791,208.0208740234375,0,0
2025-08-24,BB1000,Central,551,539.563,11.43701171875,0,0
2025-08-24,BB1000,East,566,518.16754,47.83245849609375,0,0
2025-08-24,BB1000,North,586,573.51135,12.4886474609375,0,0
2025-08-24,BB1000,South,812,644.9447,167.0552978515625,0,0
2025-08-24,BB1000,West,847,701.0601,145.93988037109375,0,0
2025-08-24,BB250,Central,528,600.22644,-72.2264404296875,0,0
2025-08-24,BB250,East,713,663.781,49.218994140625,0,0
2025-08-24,BB250,North,663,624.84827,38.1517333984375,0,0
2025-08-24,BB250,South,703,773.3971,-70.3970947265625,0,0
2025-08-24,BB250,West,723,749.4052,-26.40521240234375,0,0
2025-08-24,BB500,Central,837,809.7623,27.2376708984375,0,0
2025-08-24,BB500,East,1293,1113.5707,179.4293212890625,1,0
2025-08-24,BB500,North,1075,916.9995,158.00048828125,0,0
2025-08-24,BB500,South,1369,1406.5198,-37.519775390625,1,0
2025-08-24,BB500,West,1203,1045.0841,157.9158935546875,0,0
2025-08-24,EN250,Central,394,367.17108,26.82891845703125,0,0
2025-08-24,EN250,East,303,396.5723,-93.57229614257812,0,0
2025-08-24,EN250,North,445,428.07654,16.9234619140625,0,0
2025-08-24,EN250,South,430,436.3949,-6.3948974609375,0,0
2025-08-24,EN250,West,649,603.1171,45.88287353515625,1,0
2025-08-24,EN500,Central,302,235.67946,66.32054138183594,0,0
2025-08-24,EN500,East,321,265.32434,55.6756591796875,0,0
2025-08-24,EN500,North,278,288.6843,-10.684295654296875,0,0
2025-08-24,EN500,South,378,303.1018,74.898193359375,0,0
2025-08-24,EN500,West,302,338.34204,-36.342041015625,0,0
2025-08-24,LM250,Central,483,464.05225,18.94775390625,0,0
2025-08-24,LM250,East,451,500.45084,-49.450836181640625,0,0
2025-08-24,LM250,North,480,497.6677,-17.667694091796875,0,0
2025-08-24,LM250,South,554,571.114,-17.114013671875,0,0
2025-08-24,LM250,West,626,586.1273,39.8726806640625,0,0
2025-08-24,LM500,Central,556,661.5567,-105.55670166015625,0,0
2025-08-24,LM500,East,697,707.3283,-10.32830810546875,0,0
2025-08-24,LM500,North,722,774.8262,-52.826171875,0,0
2025-08-24,LM500,South,756,801.79315,-45.79315185546875,0,0
2025-08-24,LM500,West,1045,911.5051,133.494873046875,0,0
2025-08-24,OR1000,Central,520,402.99393,117.00607299804688,0,0
2025-08-24,OR1000,East,421,420.40646,0.593536376953125,0,0
2025-08-24,OR1000,North,415,452.0209,-37.020904541015625,0,0
2025-08-24,OR1000,South,463,511.2691,-48.26910400390625,0,0
2025-08-24,OR1000,West,502,499.73627,2.26373291015625,0,0
2025-08-24,OR500,Central,569,542.3058,26.6942138671875,0,0
2025-08-24,OR500,East,576,580.74066,-4.74066162109375,0,0
2025-08-24,OR500,North,707,613.1514,93.84857177734375,0,0
2025-08-24,OR500,South,966,789.94183,176.05816650390625,1,0
2025-08-24,OR500,West,675,716.44415,-41.44415283203125,0,0
2025-08-24,WT1000,Central,1035,931.5039,103.49609375,0,0
2025-08-24,WT1000,East,1056,966.1628,89.83721923828125,0,0
2025-08-24,WT1000,North,906,992.5723,-86.57232666015625,0,0
2025-08-24,WT1000,South,1196,1124.6205,71.3795166015625,0,0
2025-08-24,WT1000,West,1091,1122.6229,-31.6229248046875,0,0
2025-08-25,BB1000,Central,427,482.73627,-55.73626708984375,0,0
2025-08-25,BB1000,East,484,488.38223,-4.382232666015625,0,0
2025-08-25,BB1000,North,545,524.392,20.60797119140625,0,0
2025-08-25,BB1000,South,643,573.6691,69.33087158203125,0,0
2025-08-25,BB1000,West,619,593.1057,25.894287109375,0,0
2025-08-25,BB250,Central,534,529.3954,4.6046142578125,0,0
2025-08-25,BB250,East,674,696.0902,-22.0902099609375,1,0
2025-08-25,BB250,North,647,537.81696,109.18304443359375,0,0
2025-08-25,BB250,South,521,660.9145,-139.91448974609375,0,0
2025-08-25,BB250,West,585,680.9201,-95.92010498046875,0,0
2025-08-25,BB500,Central,747,686.376,60.6240234375,0,0
2025-08-25,BB500,East,932,793.5844,138.41558837890625,0,0
2025-08-25,BB500,North,895,840.79193,54.20806884765625,0,0
2025-08-25,BB500,South,1039,948.9994,90.0006103515625,0,0
2025-08-25,BB500,West,1055,941.1081,113.89190673828125,0,0
2025-08-25,EN250,Central,353,316.36243,36.6375732421875,0,0
2025-08-25,EN250,East,318,330.84906,-12.84906005859375,0,0
2025-08-25,EN250,North,319,363.7049,-44.70489501953125,0,0
2025-08-25,EN250,South,332,394.10822,-62.10821533203125,0,0
2025-08-25,EN250,West,423,395.38303,27.616973876953125,0,0
2025-08-25,EN500,Central,254,206.19635,47.80364990234375,0,0
2025-08-25,EN500,East,244,235.61497,8.385025024414062,0,0
2025-08-25,EN500,North,247,251.72835,-4.7283477783203125,0,0
2025-08-25,EN500,South,314,287.97742,26.0225830078125,0,0
2025-08-25,EN500,West,313,289.95877,23.041229248046875,0,0
2025-08-25,LM250,Central,384,413.91525,-29.915252685546875,0,0
2025-08-25,LM250,East,353,431.13086,-78.130859375,0,0
2025-08-25,LM250,North,503,430.36038,72.63961791992188,0,0
2025-08-25,LM250,South,505,514.152,-9.1519775390625,0,0
2025-08-25,LM250,West,443,521.4874,-78.4874267578125,0,0
2025-08-25,LM500,Central,510,564.7595,-54.759521484375,0,0
2025-08-25,LM500,East,599,614.41437,-15.41436767578125,0,0
2025-08-25,LM500,North,761,852.43634,-91.43634033203125,1,0
2025-08-25,LM500,South,580,703.72955,-123.72955322265625,0,0
2025-08-25,LM500,West,830,738.67114,91.328857421875,0,0
2025-08-25,OR1000,Central,372,344.9423,27.057708740234375,0,0
2025-08-25,OR1000,East,311,365.95102,-54.951019287109375,0,0
2025-08-25,OR1000,North,428,394.55096,33.44903564453125,0,0
2025-08-25,OR1000,South,428,435.24728,-7.247283935546875,0,0
2025-08-25,OR1000,West,439,431.43652,7.5634765625,0,0
2025-08-25,OR500,Central,474,482.9677,-8.96771240234375,0,0
2025-08-25,OR500,East,565,499.74057,65.25942993164062,0,0
2025-08-25,OR500,North,543,543.983,-0.98297119140625,0,0
2025-08-25,OR500,South,614,562.65894,51.341064453125,0,0
2025-08-25,OR500,West,598,656.1383,-58.1383056640625,0,0
2025-08-25,WT1000,Central,810,818.00665,-8.00665283203125,0,0
2025-08-25,WT1000,East,897,812.36633,84.6336669921875,0,0
2025-08-25,WT1000,North,845,882.0406,-37.04058837890625,0,0
2025-08-25,WT1000,South,1203,1186.353,16.64697265625,1,0
2025-08-25,WT1000,West,998,998.78754,-0.78753662109375,0,0
2025-08-26,BB1000,Central,405,482.44104,-77.4410400390625,0,0
2025-08-26,BB1000,East,476,480.87442,-4.874420166015625,0,0
2025-08-26,BB1000,North,531,529.9748,1.02520751953125,0,0
2025-08-26,BB1000,South,498,556.13995,-58.13995361328125,0,0
2025-08-26,BB1000,West,637,599.2764,37.72357177734375,0,0
2025-08-26,BB250,Central,474,532.67224,-58.6722412109375,0,0
2025-08-26,BB250,East,564,585.88,-21.8800048828125,0,0
2025-08-26,BB250,North,516,547.537,-31.5369873046875,0,0
2025-08-26,BB250,South,675,638.42096,36.57904052734375,0,0
2025-08-26,BB250,West,662,664.176,-2.176025390625,0,0
2025-08-26,BB500,Central,629,696.3734,-67.3734130859375,0,0
2025-08-26,BB500,East,901,819.76984,81.23016357421875,0,0
2025-08-26,BB500,North,1145,1052.023,92.97705078125,1,0
2025-08-26,BB500,South,834,884.09283,-50.09283447265625,0,0
2025-08-26,BB500,West,827,911.5578,-84.55780029296875,0,0
2025-08-26,EN250,Central,360,321.1452,38.85479736328125,0,0
2025-08-26,EN250,East,327,333.05945,-6.0594482421875,0,0
2025-08-26,EN250,North,314,359.1216,-45.121612548828125,0,0
2025-08-26,EN250,South,397,376.09988,20.900115966796875,0,0
2025-08-26,EN250,West,446,401.08124,44.91876220703125,0,0
2025-08-26,EN500,Central,209,217.51796,-8.517959594726562,0,0
2025-08-26,EN500,East,235,237.49084,-2.4908447265625,0,0
2025-08-26,EN500,North,284,250.98286,33.01713562011719,0,0
2025-08-26,EN500,South,273,279.12714,-6.12713623046875,0,0
2025-08-26,EN500,West,307,286.9854,20.01458740234375,0,0
2025-08-26,LM250,Central,454,397.98145,56.0185546875,0,0
2025-08-26,LM250,East,449,412.5972,36.402801513671875,0,0
2025-08-26,LM250,North,301,429.8261,-128.82611083984375,0,0
2025-08-26,LM250,South,516,498.54684,17.453155517578125,0,0
2025-08-26,LM250,West,536,524.7319,11.26812744140625,0,0
2025-08-26,LM500,Central,572,563.77625,8.2237548828125,0,0
2025-08-26,LM500,East,500,608.9097,-108.90972900390625,0,0
2025-08-26,LM500,North,591,667.24567,-76.24566650390625,0,0
2025-08-26,LM500,South,621,672.27893,-51.2789306640625,0,0
2025-08-26,LM500,West,781,744.4211,36.57891845703125,0,0
2025-08-26,OR1000,Central,347,351.19205,-4.192047119140625,0,0
2025-08-26,OR1000,East,362,359.18698,2.813018798828125,0,0
2025-08-26,OR1000,North,337,385.68942,-48.689422607421875,0,0
2025-08-26,OR1000,South,394,433.97986,-39.9798583984375,0,0
2025-08-26,OR1000,West,448,444.94772,3.052276611328125,0,0
2025-08-26,OR500,Central,471,490.37656,-19.376556396484375,0,0
2025-08-26,OR500,East,587,630.40765,-43.40765380859375,1,0
2025-08-26,OR500,North,596,555.00415,40.995849609375,0,0
2025-08-26,OR500,South,533,580.87915,-47.879150390625,0,0
2025-08-26,OR500,West,564,621.09186,-57.09185791015625,0,0
2025-08-26,WT1000,Central,822,818.047,3.9530029296875,0,0
2025-08-26,WT1000,East,950,800.6575,149.342529296875,0,0
2025-08-26,WT1000,North,918,857.039,60.96099853515625,0,0
2025-08-26,WT1000,South,1235,1219.9036,15.096435546875,1,0
2025-08-26,WT1000,West,1019,957.43286,61.567138671875,0,0
2025-08-27,BB1000,Central,516,452.44095,63.559051513671875,0,0
2025-08-27,BB1000,East,446,478.7234,-32.723388671875,0,0
2025-08-27,BB1000,North,576,529.0565,46.9434814453125,0,0
2025-08-27,BB1000,South,484,573.25586,-89.255859375,0,0
2025-08-27,BB1000,West,651,586.1525,64.84747314453125,0,0
2025-08-27,BB250,Central,464,531.46844,-67.46844482421875,0,0
2025-08-27,BB250,East,508,576.02374,-68.02374267578125,0,0
2025-08-27,BB250,North,628,545.24316,82.7568359375,0,0
2025-08-27,BB250,South,628,616.36786,11.63214111328125,0,0
2025-08-27,BB250,West,692,650.576,41.42401123046875,0,0
2025-08-27,BB500,Central,752,719.7204,32.27960205078125,0,0
2025-08-27,BB500,East,667,752.26874,-85.26873779296875,0,0
2025-08-27,BB500,North,842,829.7754,12.224609375,0,0
2025-08-27,BB500,South,854,892.86005,-38.86004638671875,0,0
2025-08-27,BB500,West,993,982.07385,10.9261474609375,0,0
2025-08-27,EN250,Central,366,320.81433,45.1856689453125,0,0
2025-08-27,EN250,East,311,330.27567,-19.275665283203125,0,0
2025-08-27,EN250,North,394,352.0446,41.955413818359375,0,0
2025-08-27,EN250,South,303,380.27094,-77.27093505859375,0,0
2025-08-27,EN250,West,475,406.11264,68.88735961914062,0,0
2025-08-27,EN500,Central,248,213.02664,34.973358154296875,0,0
2025-08-27,EN500,East,274,236.28685,37.71315002441406,0,0
2025-08-27,EN500,North,252,251.15912,0.84088134765625,0,0
2025-08-27,EN500,South,234,286.95837,-52.9583740234375,0,0
2025-08-27,EN500,West,278,287.82156,-9.821563720703125,0,0
2025-08-27,LM250,Central,310,397.04813,-87.04812622070312,0,0
2025-08-27,LM250,East,461,409.4498,51.550201416015625,0,0
2025-08-27,LM250,North,474,418.13647,55.863525390625,0,0
2025-08-27,LM250,South,605,622.5944,-17.59442138671875,1,0
2025-08-27,LM250,West,495,512.25854,-17.258544921875,0,0
2025-08-27,LM500,Central,639,557.8876,81.1124267578125,0,0
2025-08-27,LM500,East,746,596.616,149.38397216796875,0,0
2025-08-27,LM500,North,714,653.2683,60.731689453125,0,0
2025-08-27,LM500,South,672,649.95953,22.04046630859375,0,0
2025-08-27,LM500,West,651,731.6785,-80.67852783203125,0,0
2025-08-27,OR1000,Central,319,333.50366,-14.503662109375,0,0
2025-08-27,OR1000,East,372,362.56735,9.432647705078125,0,0
2025-08-27,OR1000,North,459,482.80164,-23.8016357421875,1,0
2025-08-27,OR1000,South,408,432.65768,-24.657684326171875,0,0
2025-08-27,OR1000,West,402,432.83112,-30.83111572265625,0,0
2025-08-27,OR500,Central,569,486.5195,82.48049926757812,0,0
2025-08-27,OR500,East,473,509.03586,-36.035858154296875,0,0
2025-08-27,OR500,North,545,566.2021,-21.20208740234375,0,0
2025-08-27,OR500,South,647,581.2798,65.72021484375,0,0
2025-08-27,OR500,West,745,635.4314,109.568603515625,0,0
2025-08-27,WT1000,Central,748,753.26575,-5.2657470703125,0,0
2025-08-27,WT1000,East,901,804.94904,96.05096435546875,0,0
2025-08-27,WT1000,North,937,847.0407,89.95928955078125,0,0
2025-08-27,WT1000,South,1060,870.95465,189.04534912109375,0,0
2025-08-27,WT1000,West,1099,895.96985,203.0301513671875,0,0
2025-08-28,BB1000,Central,577,598.90845,-21.908447265625,1,0
2025-08-28,BB1000,East,476,468.0994,7.900604248046875,0,0
2025-08-28,BB1000,North,484,544.47595,-60.4759521484375,0,0
2025-08-28,BB1000,South,535,561.5402,-26.54022216796875,0,0
2025-08-28,BB1000,West,753,788.2875,-35.2874755859375,1,0
2025-08-28,BB250,Central,388,526.0369,-138.03692626953125,0,0
2025-08-28,BB250,East,573,562.95197,10.04803466796875,0,0
2025-08-28,BB250,North,586,547.026,38.9739990234375,0,0
2025-08-28,BB250,South,675,625.48596,49.5140380859375,0,0
2025-08-28,BB250,West,806,825.39526,-19.395263671875,1,0
2025-08-28,BB500,Central,656,707.8322,-51.83221435546875,0,0
2025-08-28,BB500,East,829,769.46533,59.53466796875,0,0
2025-08-28,BB500,North,942,1064.9763,-122.976318359375,1,0
2025-08-28,BB500,South,942,1204.1082,-262.108154296875,1,0
2025-08-28,BB500,West,896,914.1466,-18.1466064453125,0,0
2025-08-28,EN250,Central,338,318.85333,19.14666748046875,0,0
2025-08-28,EN250,East,309,326.81482,-17.8148193359375,0,0
2025-08-28,EN250,North,357,360.50345,-3.503448486328125,0,0
2025-08-28,EN250,South,315,377.11954,-62.119537353515625,0,0
2025-08-28,EN250,West,381,406.64923,-25.64923095703125,0,0
2025-08-28,EN500,Central,222,221.20584,0.794158935546875,0,0
2025-08-28,EN500,East,193,239.96574,-46.96574401855469,0,0
2025-08-28,EN500,North,287,253.79053,33.20947265625,0,0
2025-08-28,EN500,South,249,278.08588,-29.08587646484375,0,0
2025-08-28,EN500,West,282,288.95126,-6.951263427734375,0,0
2025-08-28,LM250,Central,517,504.0156,12.984405517578125,1,0
2025-08-28,LM250,East,333,415.76492,-82.76492309570312,0,0
2025-08-28,LM250,North,462,422.41156,39.58843994140625,0,0
2025-08-28,LM250,South,516,479.94678,36.05322265625,0,0
2025-08-28,LM250,West,760,643.71045,116.28955078125,1,0
2025-08-28,LM500,Central,533,573.21027,-40.21026611328125,0,0
2025-08-28,LM500,East,559,615.452,-56.4520263671875,0,0
2025-08-28,LM500,North,799,657.6802,141.31982421875,0,0
2025-08-28,LM500,South,833,648.037,184.9630126953125,0,0
2025-08-28,LM500,West,953,724.7174,228.2825927734375,0,0
2025-08-28,OR1000,Central,289,352.81265,-63.812652587890625,0,0
2025-08-28,OR1000,East,367,360.7594,6.2406005859375,0,0
2025-08-28,OR1000,North,386,392.50302,-6.503021240234375,0,0
2025-08-28,OR1000,South,386,435.16782,-49.167816162109375,0,0
2025-08-28,OR1000,West,423,426.05774,-3.0577392578125,0,0
2025-08-28,OR500,Central,458,489.98718,-31.9871826171875,0,0
2025-08-28,OR500,East,470,498.5768,-28.576812744140625,0,0
2025-08-28,OR500,North,482,547.5567,-65.55670166015625,0,0
2025-08-28,OR500,South,684,710.425,-26.42498779296875,1,0
2025-08-28,OR500,West,565,631.6538,-66.65380859375,0,0
2025-08-28,WT1000,Central,763,743.0813,19.918701171875,0,0
2025-08-28,WT1000,East,851,835.9121,15.087890625,0,0
2025-08-28,WT1000,North,955,893.5083,61.49169921875,0,0
2025-08-28,WT1000,South,1186,919.9657,266.0343017578125,0,0
2025-08-28,WT1000,West,1232,1052.2329,179.76708984375,0,0
2025-08-29,BB1000,Central,447,481.19647,-34.19647216796875,0,0
2025-08-29,BB1000,East,659,547.37225,111.62774658203125,1,0
2025-08-29,BB1000,North,641,704.7141,-63.714111328125,1,0
2025-08-29,BB1000,South,550,546.8943,3.105712890625,0,0
2025-08-29,BB1000,West,616,602.18475,13.81524658203125,0,0
2025-08-29,BB250,Central,539,523.5548,15.4451904296875,0,0
2025-08-29,BB250,East,615,570.49915,44.5008544921875,0,0
2025-08-29,BB250,North,620,550.7115,69.28851318359375,0,0
2025-08-29,BB250,South,605,631.25024,-26.250244140625,0,0
2025-08-29,BB250,West,587,691.68866,-104.68865966796875,0,0
2025-08-29,BB500,Central,867,697.2756,169.72442626953125,0,0
2025-08-29,BB500,East,830,754.3277,75.67230224609375,0,0
2025-08-29,BB500,North,898,808.1466,89.8533935546875,0,0
2025-08-29,BB500,South,847,901.03516,-54.03515625,0,0
2025-08-29,BB500,West,836,923.04236,-87.0423583984375,0,0
2025-08-29,EN250,Central,341,323.13165,17.86834716796875,0,0
2025-08-29,EN250,East,359,326.18893,32.811065673828125,0,0
2025-08-29,EN250,North,274,358.98068,-84.98068237304688,0,0
2025-08-29,EN250,South,366,368.99673,-2.996734619140625,0,0
2025-08-29,EN250,West,415,407.47818,7.521820068359375,0,0
2025-08-29,EN500,Central,244,219.72354,24.276458740234375,0,0
2025-08-29,EN500,East,260,238.94496,21.055038452148438,0,0
2025-08-29,EN500,North,277,259.331,17.66900634765625,0,0
2025-08-29,EN500,South,356,281.08893,74.91107177734375,0,0
2025-08-29,EN500,West,308,290.0537,17.9462890625,0,0
2025-08-29,LM250,Central,361,400.42188,-39.421875,0,0
2025-08-29,LM250,East,449,416.06265,32.937347412109375,0,0
2025-08-29,LM250,North,500,421.6042,78.39581298828125,0,0
2025-08-29,LM250,South,430,496.2151,-66.215087890625,0,0
2025-08-29,LM250,West,429,546.46515,-117.46514892578125,0,0
2025-08-29,LM500,Central,573,575.557,-2.5570068359375,0,0
2025-08-29,LM500,East,660,582.993,77.00701904296875,0,0
2025-08-29,LM500,North,676,646.11633,29.8836669921875,0,0
2025-08-29,LM500,South,643,698.78,-55.780029296875,0,0
2025-08-29,LM500,West,824,740.31305,83.68695068359375,0,0
2025-08-29,OR1000,Central,344,349.33676,-5.336761474609375,0,0
2025-08-29,OR1000,East,344,357.7395,-13.739501953125,0,0
2025-08-29,OR1000,North,381,389.22116,-8.221160888671875,0,0
2025-08-29,OR1000,South,431,435.56332,-4.563323974609375,0,0
2025-08-29,OR1000,West,532,434.15692,97.84307861328125,0,0
2025-08-29,OR500,Central,506,475.17053,30.8294677734375,0,0
2025-08-29,OR500,East,572,502.77896,69.22103881835938,0,0
2025-08-29,OR500,North,610,540.00024,69.999755859375,0,0
2025-08-29,OR500,South,567,564.93994,2.06005859375,0,0
2025-08-29,OR500,West,635,623.4728,11.5272216796875,0,0
2025-08-29,WT1000,Central,760,778.33026,-18.33026123046875,0,0
2025-08-29,WT1000,East,871,825.339,45.6610107421875,0,0
2025-08-29,WT1000,North,1016,822.026,193.9739990234375,0,0
2025-08-29,WT1000,South,1017,943.568,73.4320068359375,0,0
2025-08-29,WT1000,West,1083,977.99365,105.00634765625,0,0
2025-08-30,BB1000,Central,646,552.6618,93.33819580078125,0,0
2025-08-30,BB1000,East,537,528.7075,8.29248046875,0,0
2025-08-30,BB1000,North,600,583.43787,16.5621337890625,0,0
2025-08-30,BB1000,South,599,625.0733,-26.07330322265625,0,0
2025-08-30,BB1000,West,672,696.7687,-24.7686767578125,0,0
2025-08-30,BB250,Central,656,737.4735,-81.4735107421875,1,0
2025-08-30,BB250,East,655,641.5962,13.40380859375,0,0
2025-08-30,BB250,North,737,648.5765,88.42352294921875,0,0
2025-08-30,BB250,South,927,975.08325,-48.083251953125,1,0
2025-08-30,BB250,West,642,760.16925,-118.16925048828125,0,0
2025-08-30,BB500,Central,807,796.3915,10.6085205078125,0,0
2025-08-30,BB500,East,942,888.08545,53.91455078125,0,0
2025-08-30,BB500,North,1084,960.6669,123.3331298828125,0,0
2025-08-30,BB500,South,892,1020.64075,-128.6407470703125,0,0
2025-08-30,BB500,West,1113,1098.699,14.301025390625,0,0
2025-08-30,EN250,Central,371,373.39886,-2.39886474609375,0,0
2025-08-30,EN250,East,308,370.3367,-62.336700439453125,0,0
2025-08-30,EN250,North,433,401.51926,31.480743408203125,0,0
2025-08-30,EN250,South,636,541.6436,94.35638427734375,1,0
2025-08-30,EN250,West,612,472.96463,139.03536987304688,0,0
2025-08-30,EN500,Central,402,315.39404,86.60595703125,1,0
2025-08-30,EN500,East,241,274.8576,-33.85760498046875,0,0
2025-08-30,EN500,North,340,292.27133,47.728668212890625,0,0
2025-08-30,EN500,South,327,311.01608,15.983917236328125,0,0
2025-08-30,EN500,West,349,321.5363,27.463714599609375,0,0
2025-08-30,LM250,Central,400,451.36646,-51.366455078125,0,0
2025-08-30,LM250,East,629,476.33093,152.6690673828125,0,0
2025-08-30,LM250,North,501,484.3654,16.634613037109375,0,0
2025-08-30,LM250,South,771,751.54663,19.453369140625,1,0
2025-08-30,LM250,West,673,637.3573,35.6427001953125,0,0
2025-08-30,LM500,Central,751,612.13367,138.8663330078125,0,0
2025-08-30,LM500,East,551,679.2551,-128.255126953125,0,0
2025-08-30,LM500,North,671,770.2607,-99.26068115234375,0,0
2025-08-30,LM500,South,1148,969.63605,178.36395263671875,1,0
2025-08-30,LM500,West,720,897.6186,-177.61859130859375,0,0
2025-08-30,OR1000,Central,367,404.74542,-37.74542236328125,0,0
2025-08-30,OR1000,East,408,413.82504,-5.825042724609375,0,0
2025-08-30,OR1000,North,476,444.7713,31.22869873046875,0,0
2025-08-30,OR1000,South,550,496.51404,53.4859619140625,0,0
2025-08-30,OR1000,West,564,623.5363,-59.53631591796875,1,0
2025-08-30,OR500,Central,537,558.62933,-21.62933349609375,0,0
2025-08-30,OR500,East,553,573.42816,-20.42816162109375,0,0
2025-08-30,OR500,North,655,614.1307,40.86932373046875,0,0
2025-08-30,OR500,South,531,680.60657,-149.6065673828125,0,0
2025-08-30,OR500,West,719,709.44226,9.5577392578125,0,0
2025-08-30,WT1000,Central,895,859.78296,35.217041015625,0,0
2025-08-30,WT1000,East,832,976.5552,-144.55517578125,0,0
2025-08-30,WT1000,North,1076,977.3566,98.64337158203125,0,0
2025-08-30,WT1000,South,1232,1046.4056,185.5943603515625,0,0
2025-08-30,WT1000,West,1533,1494.7695,38.23046875,1,0
2025-08-31,BB1000,Central,561,544.6711,16.32891845703125,0,0
2025-08-31,BB1000,East,551,533.36755,17.6324462890625,0,0
2025-08-31,BB1000,North,771,803.1533,-32.1533203125,1,0
2025-08-31,BB1000,South,645,624.19507,20.804931640625,0,0
2025-08-31,BB1000,West,637,676.046,-39.0460205078125,0,0
2025-08-31,BB250,Central,628,590.77484,37.22515869140625,0,0
2025-08-31,BB250,East,750,635.6641,114.33587646484375,0,0
2025-08-31,BB250,North,699,665.8134,33.18658447265625,0,0
2025-08-31,BB250,South,652,747.8367,-95.836669921875,0,0
2025-08-31,BB250,West,799,769.3905,29.6094970703125,0,0
2025-08-31,BB500,Central,1082,810.0498,271.9501953125,0,0
2025-08-31,BB500,East,784,919.0347,-135.03472900390625,0,0
2025-08-31,BB500,North,1097,967.51184,129.4881591796875,0,0
2025-08-31,BB500,South,1102,1045.3757,56.624267578125,0,0
2025-08-31,BB500,West,902,1021.79736,-119.79736328125,0,0
2025-08-31,EN250,Central,437,378.72064,58.27935791015625,0,0
2025-08-31,EN250,East,460,457.16232,2.837677001953125,1,0
2025-08-31,EN250,North,321,392.29852,-71.29852294921875,0,0
2025-08-31,EN250,South,497,420.235,76.7650146484375,0,0
2025-08-31,EN250,West,396,483.84146,-87.84146118164062,0,0
2025-08-31,EN500,Central,270,263.4336,6.56640625,0,0
2025-08-31,EN500,East,358,323.73462,34.265380859375,1,0
2025-08-31,EN500,North,321,288.8832,32.116790771484375,0,0
2025-08-31,EN500,South,325,306.0815,18.918487548828125,0,0
2025-08-31,EN500,West,319,325.33743,-6.337432861328125,0,0
2025-08-31,LM250,Central,461,457.20743,3.792572021484375,0,0
2025-08-31,LM250,East,448,485.15625,-37.15625,0,0
2025-08-31,LM250,North,525,490.524,34.47601318359375,0,0
2025-08-31,LM250,South,563,537.43774,25.562255859375,0,0
2025-08-31,LM250,West,605,620.11884,-15.11883544921875,0,0
2025-08-31,LM500,Central,600,659.3757,-59.37567138671875,0,0
2025-08-31,LM500,East,655,663.6962,-8.69622802734375,0,0
2025-08-31,LM500,North,786,765.43896,20.56103515625,0,0
2025-08-31,LM500,South,780,836.53503,-56.5350341796875,0,0
2025-08-31,LM500,West,797,865.7989,-68.79888916015625,0,0
2025-08-31,OR1000,Central,372,398.15594,-26.15594482421875,0,0
2025-08-31,OR1000,East,452,412.24396,39.75604248046875,0,0
2025-08-31,OR1000,North,416,449.04047,-33.04046630859375,0,0
2025-08-31,OR1000,South,506,503.35178,2.648223876953125,0,0
2025-08-31,OR1000,West,492,499.53397,-7.533966064453125,0,0
2025-08-31,OR500,Central,747,721.7704,25.2296142578125,1,0
2025-08-31,OR500,East,516,568.8409,-52.84088134765625,0,0
2025-08-31,OR500,North,526,599.0526,-73.0526123046875,0,0
2025-08-31,OR500,South,665,657.79956,7.200439453125,0,0
2025-08-31,OR500,West,813,753.9517,59.04827880859375,0,0
2025-08-31,WT1000,Central,1089,911.4915,177.50848388671875,0,0
2025-08-31,WT1000,East,892,946.75287,-54.75286865234375,0,0
2025-08-31,WT1000,North,1305,1348.6062,-43.606201171875,1,0
2025-08-31,WT1000,South,999,1075.6418,-76.641845703125,0,0
2025-08-31,WT1000,West,1156,1113.7639,42.236083984375,0,0
2025-09-01,BB1000,Central,530,479.72852,50.271484375,0,0
2025-09-01,BB1000,East,467,474.4601,-7.460113525390625,0,0
2025-09-01,BB1000,North,560,537.0642,22.935791015625,0,0
2025-09-01,BB1000,South,417,556.3895,-139.3895263671875,0,0
2025-09-01,BB1000,West,510,611.953,-101.9530029296875,0,0
2025-09-01,BB250,Central,429,522.15485,-93.15484619140625,0,0
2025-09-01,BB250,East,493,570.51074,-77.5107421875,0,0
2025-09-01,BB250,North,499,579.3492,-80.34918212890625,0,0
2025-09-01,BB250,South,528,650.7082,-122.70819091796875,0,0
2025-09-01,BB250,West,758,650.46594,107.5340576171875,0,0
2025-09-01,BB500,Central,741,734.7285,6.271484375,0,0
2025-09-01,BB500,East,791,781.15967,9.84033203125,0,0
2025-09-01,BB500,North,842,826.20966,15.79034423828125,0,0
2025-09-01,BB500,South,794,919.3612,-125.3612060546875,0,0
2025-09-01,BB500,West,1079,958.0593,120.940673828125,0,0
2025-09-01,EN250,Central,336,324.32092,11.6790771484375,0,0
2025-09-01,EN250,East,378,331.13663,46.863372802734375,0,0
2025-09-01,EN250,North,332,335.68015,-3.680145263671875,0,0
2025-09-01,EN250,South,415,373.98074,41.019256591796875,0,0
2025-09-01,EN250,West,386,418.78116,-32.781158447265625,0,0
2025-09-01,EN500,Central,237,235.65071,1.3492889404296875,0,0
2025-09-01,EN500,East,261,287.58374,-26.583740234375,1,0
2025-09-01,EN500,North,246,267.68918,-21.689178466796875,0,0
2025-09-01,EN500,South,289,276.99585,12.004150390625,0,0
2025-09-01,EN500,West,253,293.89087,-40.890869140625,0,0
2025-09-01,LM250,Central,403,396.32178,6.67822265625,0,0
2025-09-01,LM250,East,421,422.83752,-1.8375244140625,0,0
2025-09-01,LM250,North,472,437.14215,34.85784912109375,0,0
2025-09-01,LM250,South,642,629.52924,12.47076416015625,1,0
2025-09-01,LM250,West,563,531.6554,31.3446044921875,0,0
2025-09-01,LM500,Central,610,707.63,-97.6300048828125,1,0
2025-09-01,LM500,East,655,590.3522,64.6478271484375,0,0
2025-09-01,LM500,North,546,647.3187,-101.3187255859375,0,0
2025-09-01,LM500,South,867,871.41907,-4.4190673828125,1,0
2025-09-01,LM500,West,773,741.62213,31.37786865234375,0,0
2025-09-01,OR1000,Central,339,333.6034,5.3966064453125,0,0
2025-09-01,OR1000,East,324,361.3783,-37.3782958984375,0,0
2025-09-01,OR1000,North,385,386.601,-1.60101318359375,0,0
2025-09-01,OR1000,South,539,527.98175,11.01824951171875,1,0
2025-09-01,OR1000,West,465,443.82062,21.17938232421875,0,0
2025-09-01,OR500,Central,540,487.43658,52.56341552734375,0,0
2025-09-01,OR500,East,509,515.52594,-6.52593994140625,0,0
2025-09-01,OR500,North,450,533.0808,-83.080810546875,0,0
2025-09-01,OR500,South,753,714.6923,38.30767822265625,1,0
2025-09-01,OR500,West,587,629.2037,-42.20367431640625,0,0
2025-09-01,WT1000,Central,797,789.2922,7.70782470703125,0,0
2025-09-01,WT1000,East,853,824.1923,28.80767822265625,0,0
2025-09-01,WT1000,North,826,899.42896,-73.428955078125,0,0
2025-09-01,WT1000,South,1035,905.3259,129.674072265625,0,0
2025-09-01,WT1000,West,923,979.4427,-56.44268798828125,0,0
2025-09-02,BB1000,Central,491,485.54797,5.4520263671875,0,0
2025-09-02,BB1000,East,375,480.05225,-105.05224609375,0,0
2025-09-02,BB1000,North,461,552.77167,-91.77166748046875,0,0
2025-09-02,BB1000,South,541,574.9292,-33.92919921875,0,0
2025-09-02,BB1000,West,653,610.8882,42.11181640625,0,0
2025-09-02,BB250,Central,541,517.9274,23.07257080078125,0,0
2025-09-02,BB250,East,557,568.1641,-11.16412353515625,0,0
2025-09-02,BB250,North,563,575.8245,-12.82452392578125,0,0
2025-09-02,BB250,South,680,641.68884,38.3111572265625,0,0
2025-09-02,BB250,West,639,667.43744,-28.43743896484375,0,0
2025-09-02,BB500,Central,593,705.1956,-112.19561767578125,0,0
2025-09-02,BB500,East,812,777.744,34.2559814453125,0,0
2025-09-02,BB500,North,883,854.26465,28.7353515625,0,0
2025-09-02,BB500,South,812,867.58777,-55.5877685546875,0,0
2025-09-02,BB500,West,809,939.7918,-130.79180908203125,0,0
2025-09-02,EN250,Central,338,327.84528,10.15472412109375,0,0
2025-09-02,EN250,East,388,399.57895,-11.578948974609375,1,0
2025-09-02,EN250,North,402,339.5175,62.482513427734375,0,0
2025-09-02,EN250,South,443,381.64548,61.354522705078125,0,0
2025-09-02,EN250,West,503,410.85092,92.14907836914062,0,0
2025-09-02,EN500,Central,313,284.47528,28.52471923828125,1,0
2025-09-02,EN500,East,244,241.7038,2.29620361328125,0,0
2025-09-02,EN500,North,272,266.88882,5.111175537109375,0,0
2025-09-02,EN500,South,277,274.61362,2.386383056640625,0,0
2025-09-02,EN500,West,325,292.56958,32.430419921875,0,0
2025-09-02,LM250,Central,388,398.91357,-10.91357421875,0,0
2025-09-02,LM250,East,476,420.7761,55.223907470703125,0,0
2025-09-02,LM250,North,460,449.25076,10.749237060546875,0,0
2025-09-02,LM250,South,431,491.60287,-60.602874755859375,0,0
2025-09-02,LM250,West,559,534.10187,24.89813232421875,0,0
2025-09-02,LM500,Central,472,574.58813,-102.588134765625,0,0
2025-09-02,LM500,East,434,594.857,-160.85699462890625,0,0
2025-09-02,LM500,North,614,643.29987,-29.29986572265625,0,0
2025-09-02,LM500,South,749,652.96387,96.0361328125,0,0
2025-09-02,LM500,West,709,761.1219,-52.12188720703125,0,0
2025-09-02,OR1000,Central,343,336.6447,6.35528564453125,0,0
2025-09-02,OR1000,East,350,359.326,-9.32598876953125,0,0
2025-09-02,OR1000,North,391,385.09048,5.909515380859375,0,0
2025-09-02,OR1000,South,426,444.15308,-18.153076171875,0,0
2025-09-02,OR1000,West,428,454.22833,-26.22833251953125,0,0
2025-09-02,OR500,Central,508,488.05154,19.948455810546875,0,0
2025-09-02,OR500,East,515,509.56122,5.43878173828125,0,0
2025-09-02,OR500,North,606,529.0465,76.9534912109375,0,0
2025-09-02,OR500,South,585,573.8093,11.190673828125,0,0
2025-09-02,OR500,West,572,627.762,-55.76202392578125,0,0
2025-09-02,WT1000,Central,846,774.9834,71.0166015625,0,0
2025-09-02,WT1000,East,999,1046.9443,-47.9443359375,1,0
2025-09-02,WT1000,North,835,876.9903,-41.99029541015625,0,0
2025-09-02,WT1000,South,962,941.22473,20.7752685546875,0,0
2025-09-02,WT1000,West,883,947.2233,-64.22332763671875,0,0
2025-09-03,BB1000,Central,445,478.47723,-33.47723388671875,0,0
2025-09-03,BB1000,East,512,475.22458,36.775421142578125,0,0
2025-09-03,BB1000,North,484,527.7797,-43.77972412109375,0,0
2025-09-03,BB1000,South,533,554.5245,-21.52447509765625,0,0
2025-09-03,BB1000,West,599,602.8531,-3.85308837890625,0,0
2025-09-03,BB250,Central,479,507.5868,-28.5867919921875,0,0
2025-09-03,BB250,East,404,566.43164,-162.431640625,0,0
2025-09-03,BB250,North,566,572.44885,-6.4488525390625,0,0
2025-09-03,BB250,South,681,634.12726,46.87274169921875,0,0
2025-09-03,BB250,West,693,674.40643,18.59356689453125,0,0
2025-09-03,BB500,Central,732,731.18616,0.8138427734375,0,0
2025-09-03,BB500,East,904,755.01776,148.98223876953125,0,0
2025-09-03,BB500,North,928,826.39526,101.604736328125,0,0
2025-09-03,BB500,South,875,863.356,11.64398193359375,0,0
2025-09-03,BB500,West,856,946.0421,-90.0421142578125,0,0
2025-09-03,EN250,Central,283,327.29788,-44.297882080078125,0,0
2025-09-03,EN250,East,372,330.0738,41.92620849609375,0,0
2025-09-03,EN250,North,373,351.08664,21.913360595703125,0,0
2025-09-03,EN250,South,414,383.76276,30.23724365234375,0,0
2025-09-03,EN250,West,426,411.26263,14.73736572265625,0,0
2025-09-03,EN500,Central,231,294.38644,-63.386444091796875,1,0
2025-09-03,EN500,East,230,243.01454,-13.014541625976562,0,0
2025-09-03,EN500,North,319,260.77527,58.2247314453125,0,0
2025-09-03,EN500,South,250,277.21143,-27.21142578125,0,0
2025-09-03,EN500,West,275,283.4956,-8.49560546875,0,0
2025-09-03,LM250,Central,387,394.56882,-7.568817138671875,0,0
2025-09-03,LM250,East,450,419.8389,30.161102294921875,0,0
2025-09-03,LM250,North,456,447.4731,8.526885986328125,0,0
2025-09-03,LM250,South,573,491.37817,81.621826171875,0,0
2025-09-03,LM250,West,460,525.4325,-65.4324951171875,0,0
2025-09-03,LM500,Central,564,580.9057,-16.90570068359375,0,0
2025-09-03,LM500,East,701,591.79694,109.20306396484375,0,0
2025-09-03,LM500,North,677,619.323,57.677001953125,0,0
2025-09-03,LM500,South,635,679.58215,-44.5821533203125,0,0
2025-09-03,LM500,West,819,755.6552,63.34478759765625,0,0
2025-09-03,OR1000,Central,391,333.55206,57.44793701171875,0,0
2025-09-03,OR1000,East,375,357.9206,17.07940673828125,0,0
2025-09-03,OR1000,North,359,388.47598,-29.475982666015625,0,0
2025-09-03,OR1000,South,399,447.3169,-48.31689453125,0,0
2025-09-03,OR1000,West,445,443.6014,1.398590087890625,0,0
2025-09-03,OR500,Central,434,488.5768,-54.576812744140625,0,0
2025-09-03,OR500,East,522,499.94025,22.05975341796875,0,0
2025-09-03,OR500,North,591,526.14655,64.85345458984375,0,0
2025-09-03,OR500,South,944,749.3604,194.63958740234375,1,0
2025-09-03,OR500,West,639,619.4265,19.573486328125,0,0
2025-09-03,WT1000,Central,861,798.2164,62.78363037109375,0,0
2025-09-03,WT1000,East,756,827.12274,-71.12274169921875,0,0
2025-09-03,WT1000,North,1011,900.241,110.75897216796875,0,0
2025-09-03,WT1000,South,775,952.931,-177.9310302734375,0,0
2025-09-03,WT1000,West,909,1014.9714,-105.97137451171875,0,0
2025-09-04,BB1000,Central,507,468.53024,38.469757080078125,0,0
2025-09-04,BB1000,East,472,488.72583,-16.725830078125,0,0
2025-09-04,BB1000,North,577,545.0646,31.9354248046875,0,0
2025-09-04,BB1000,South,519,547.67957,-28.6795654296875,0,0
2025-09-04,BB1000,West,574,594.2714,-20.27142333984375,0,0
2025-09-04,BB250,Central,520,507.45987,12.540130615234375,0,0
2025-09-04,BB250,East,518,579.3245,-61.32452392578125,0,0
2025-09-04,BB250,North,627,568.53937,58.46063232421875,0,0
2025-09-04,BB250,South,568,650.43427,-82.43426513671875,0,0
2025-09-04,BB250,West,703,673.3449,29.65509033203125,0,0
2025-09-04,BB500,Central,881,714.38666,166.61334228515625,0,0
2025-09-04,BB500,East,831,758.4275,72.572509765625,0,0
2025-09-04,BB500,North,813,868.2672,-55.2672119140625,0,0
2025-09-04,BB500,South,800,858.64935,-58.64935302734375,0,0
2025-09-04,BB500,West,1080,955.5148,124.4852294921875,0,0
2025-09-04,EN250,Central,327,326.34082,0.6591796875,0,0
2025-09-04,EN250,East,308,333.88333,-25.883331298828125,0,0
2025-09-04,EN250,North,378,349.689,28.311004638671875,0,0
2025-09-04,EN250,South,338,388.86652,-50.86651611328125,0,0
2025-09-04,EN250,West,415,418.86115,-3.86114501953125,0,0
2025-09-04,EN500,Central,249,238.91898,10.081024169921875,0,0
2025-09-04,EN500,East,234,240.99675,-6.9967498779296875,0,0
2025-09-04,EN500,North,228,268.24457,-40.24456787109375,0,0
2025-09-04,EN500,South,297,274.6523,22.347686767578125,0,0
2025-09-04,EN500,West,300,289.38718,10.612823486328125,0,0
2025-09-04,LM250,Central,409,400.99548,8.0045166015625,0,0
2025-09-04,LM250,East,480,436.2383,43.761688232421875,0,0
2025-09-04,LM250,North,510,445.2327,64.76730346679688,0,0
2025-09-04,LM250,South,448,502.58868,-54.58868408203125,0,0
2025-09-04,LM250,West,612,672.0861,-60.08612060546875,1,0
2025-09-04,LM500,Central,602,555.76965,46.2303466796875,0,0
2025-09-04,LM500,East,667,594.64636,72.3536376953125,0,0
2025-09-04,LM500,North,745,646.3012,98.69879150390625,0,0
2025-09-04,LM500,South,630,687.7218,-57.7218017578125,0,0
2025-09-04,LM500,West,707,750.8838,-43.8837890625,0,0
2025-09-04,OR1000,Central,317,340.3811,-23.381103515625,0,0
2025-09-04,OR1000,East,356,444.61304,-88.613037109375,1,0
2025-09-04,OR1000,North,315,386.228,-71.22799682617188,0,0
2025-09-04,OR1000,South,446,439.46173,6.53826904296875,0,0
2025-09-04,OR1000,West,455,440.0716,14.92840576171875,0,0
2025-09-04,OR500,Central,415,497.9538,-82.95379638671875,0,0
2025-09-04,OR500,East,531,491.5775,39.4224853515625,0,0
2025-09-04,OR500,North,524,530.9098,-6.9097900390625,0,0
2025-09-04,OR500,South,508,537.5795,-29.57952880859375,0,0
2025-09-04,OR500,West,578,647.1512,-69.15118408203125,0,0
2025-09-04,WT1000,Central,607,806.1597,-199.15972900390625,0,0
2025-09-04,WT1000,East,854,837.7822,16.2177734375,0,0
2025-09-04,WT1000,North,897,874.1423,22.85772705078125,0,0
2025-09-04,WT1000,South,1022,975.12665,46.87335205078125,0,0
2025-09-04,WT1000,West,1085,970.54126,114.458740234375,0,0
2025-09-05,BB1000,Central,488,482.90555,5.094451904296875,0,0
2025-09-05,BB1000,East,481,476.24768,4.7523193359375,0,0
2025-09-05,BB1000,North,574,531.837,42.16302490234375,0,0
2025-09-05,BB1000,South,593,546.1193,46.88067626953125,0,0
2025-09-05,BB1000,West,708,616.67957,91.3204345703125,0,0
2025-09-05,BB250,Central,532,494.36523,37.634765625,0,0
2025-09-05,BB250,East,701,669.7592,31.24078369140625,1,0
2025-09-05,BB250,North,576,566.4556,9.54437255859375,0,0
2025-09-05,BB250,South,704,648.95807,55.04193115234375,0,0
2025-09-05,BB250,West,611,654.54016,-43.5401611328125,0,0
2025-09-05,BB500,Central,740,711.37396,28.62603759765625,0,0
2025-09-05,BB500,East,977,765.00134,211.9986572265625,0,0
2025-09-05,BB500,North,880,877.98126,2.01873779296875,0,0
2025-09-05,BB500,South,958,853.2415,104.75848388671875,0,0
2025-09-05,BB500,West,886,902.16016,-16.16015625,0,0
2025-09-05,EN250,Central,321,320.80057,0.199432373046875,0,0
2025-09-05,EN250,East,317,335.7643,-18.764312744140625,0,0
2025-09-05,EN250,North,373,344.1089,28.89111328125,0,0
2025-09-05,EN250,South,407,388.3995,18.600494384765625,0,0
2025-09-05,EN250,West,466,412.64136,53.358642578125,0,0
2025-09-05,EN500,Central,193,243.72173,-50.72172546386719,0,0
2025-09-05,EN500,East,229,243.97948,-14.979476928710938,0,0
2025-09-05,EN500,North,281,261.78616,19.213836669921875,0,0
2025-09-05,EN500,South,275,284.11633,-9.1163330078125,0,0
2025-09-05,EN500,West,397,288.6253,108.37469482421875,0,0
2025-09-05,LM250,Central,440,399.52316,40.476837158203125,0,0
2025-09-05,LM250,East,386,430.18497,-44.184967041015625,0,0
2025-09-05,LM250,North,451,436.06683,14.93316650390625,0,0
2025-09-05,LM250,South,488,505.20764,-17.2076416015625,0,0
2025-09-05,LM250,West,500,540.9203,-40.9202880859375,0,0
2025-09-05,LM500,Central,568,558.00415,9.995849609375,0,0
2025-09-05,LM500,East,572,592.5801,-20.580078125,0,0
2025-09-05,LM500,North,670,639.457,30.54302978515625,0,0
2025-09-05,LM500,South,758,676.71796,81.28204345703125,0,0
2025-09-05,LM500,West,779,792.2234,-13.223388671875,0,0
2025-09-05,OR1000,Central,316,340.65283,-24.65283203125,0,0
2025-09-05,OR1000,East,340,357.02298,-17.022979736328125,0,0
2025-09-05,OR1000,North,352,378.7352,-26.735198974609375,0,0
2025-09-05,OR1000,South,383,437.84787,-54.847869873046875,0,0
2025-09-05,OR1000,West,495,443.45395,51.546051025390625,0,0
2025-09-05,OR500,Central,409,489.92535,-80.92535400390625,0,0
2025-09-05,OR500,East,535,497.21777,37.7822265625,0,0
2025-09-05,OR500,North,483,530.55493,-47.554931640625,0,0
2025-09-05,OR500,South,665,580.09283,84.90716552734375,0,0
2025-09-05,OR500,West,660,614.00665,45.99334716796875,0,0
2025-09-05,WT1000,Central,891,768.8236,122.1763916015625,0,0
2025-09-05,WT1000,East,1124,1128.8728,-4.872802734375,1,0
2025-09-05,WT1000,North,912,873.32996,38.6700439453125,0,0
2025-09-05,WT1000,South,1126,920.2995,205.70050048828125,0,0
2025-09-05,WT1000,West,1086,1013.9697,72.0302734375,0,0
2025-09-06,BB1000,Central,476,559.17096,-83.17095947265625,0,0
2025-09-06,BB1000,East,702,542.7899,159.2100830078125,0,0
2025-09-06,BB1000,North,612,599.9808,12.01922607421875,0,0
2025-09-06,BB1000,South,852,802.54785,49.4521484375,1,0
2025-09-06,BB1000,West,616,720.48254,-104.4825439453125,0,0
2025-09-06,BB250,Central,670,549.7917,120.20831298828125,0,0
2025-09-06,BB250,East,613,671.8814,-58.88140869140625,0,0
2025-09-06,BB250,North,696,646.13354,49.866455078125,0,0
2025-09-06,BB250,South,663,735.73016,-72.73016357421875,0,0
2025-09-06,BB250,West,803,785.68744,17.31256103515625,0,0
2025-09-06,BB500,Central,911,814.7565,96.2435302734375,0,0
2025-09-06,BB500,East,851,865.3559,-14.35589599609375,0,0
2025-09-06,BB500,North,964,1008.2324,-44.232421875,0,0
2025-09-06,BB500,South,1137,977.2699,159.7301025390625,0,0
2025-09-06,BB500,West,1310,1067.5781,242.421875,0,0
2025-09-06,EN250,Central,320,381.62534,-61.625335693359375,0,0
2025-09-06,EN250,East,337,377.68616,-40.6861572265625,0,0
2025-09-06,EN250,North,521,398.59668,122.4033203125,0,0
2025-09-06,EN250,South,480,426.76895,53.231048583984375,0,0
2025-09-06,EN250,West,525,476.8748,48.125213623046875,0,0
2025-09-06,EN500,Central,280,266.97906,13.02093505859375,0,0
2025-09-06,EN500,East,238,271.8104,-33.810394287109375,0,0
2025-09-06,EN500,North,245,297.61203,-52.612030029296875,0,0
2025-09-06,EN500,South,281,308.21036,-27.210357666015625,0,0
2025-09-06,EN500,West,318,328.36047,-10.3604736328125,0,0
2025-09-06,LM250,Central,488,451.58075,36.41925048828125,0,0
2025-09-06,LM250,East,395,493.31335,-98.3133544921875,0,0
2025-09-06,LM250,North,504,504.0294,-0.029388427734375,0,0
2025-09-06,LM250,South,500,564.7205,-64.72052001953125,0,0
2025-09-06,LM250,West,799,764.2058,34.794189453125,1,0
2025-09-06,LM500,Central,701,611.5022,89.497802734375,0,0
2025-09-06,LM500,East,779,680.17084,98.82916259765625,0,0
2025-09-06,LM500,North,821,782.45966,38.54034423828125,0,0
2025-09-06,LM500,South,678,762.12665,-84.12664794921875,0,0
2025-09-06,LM500,West,843,886.0409,-43.0408935546875,0,0
2025-09-06,OR1000,Central,334,391.33615,-57.336151123046875,0,0
2025-09-06,OR1000,East,357,407.21024,-50.210235595703125,0,0
2025-09-06,OR1000,North,404,429.5719,-25.5718994140625,0,0
2025-09-06,OR1000,South,420,506.5318,-86.53179931640625,0,0
2025-09-06,OR1000,West,570,505.2755,64.7244873046875,0,0
2025-09-06,OR500,Central,770,691.8274,78.172607421875,1,0
2025-09-06,OR500,East,807,722.1729,84.82708740234375,1,0
2025-09-06,OR500,North,691,611.5227,79.477294921875,0,0
2025-09-06,OR500,South,745,689.68036,55.31964111328125,0,0
2025-09-06,OR500,West,751,723.7663,27.23370361328125,0,0
2025-09-06,WT1000,Central,930,881.7578,48.2421875,0,0
2025-09-06,WT1000,East,925,954.3499,-29.34991455078125,0,0
2025-09-06,WT1000,North,1214,977.2766,236.723388671875,0,0
2025-09-06,WT1000,South,1037,1109.5094,-72.5093994140625,0,0
2025-09-06,WT1000,West,1367,1084.9905,282.009521484375,0,0
2025-09-07,BB1000,Central,583,543.04913,39.95086669921875,0,0
2025-09-07,BB1000,East,549,541.1379,7.86212158203125,0,0
2025-09-07,BB1000,North,612,603.2852,8.71478271484375,0,0
2025-09-07,BB1000,South,710,629.52325,80.47674560546875,0,0
2025-09-07,BB1000,West,594,709.6608,-115.66082763671875,0,0
2025-09-07,BB250,Central,584,562.5803,21.419677734375,0,0
2025-09-07,BB250,East,617,653.37646,-36.37646484375,0,0
2025-09-07,BB250,North,768,653.7234,114.276611328125,0,0
2025-09-07,BB250,South,658,742.4719,-84.471923828125,0,0
2025-09-07,BB250,West,670,773.53485,-103.53485107421875,0,0
2025-09-07,BB500,Central,761,811.7413,-50.74127197265625,0,0
2025-09-07,BB500,East,987,903.4884,83.5115966796875,0,0
2025-09-07,BB500,North,948,977.0887,-29.08868408203125,0,0
2025-09-07,BB500,South,1069,965.60754,103.3924560546875,0,0
2025-09-07,BB500,West,1261,1070.5721,190.4278564453125,0,0
2025-09-07,EN250,Central,363,375.7441,-12.744110107421875,0,0
2025-09-07,EN250,East,455,389.47427,65.52572631835938,0,0
2025-09-07,EN250,North,569,504.5413,64.45870971679688,1,0
2025-09-07,EN250,South,565,548.36346,16.63653564453125,1,0
2025-09-07,EN250,West,488,489.13776,-1.13775634765625,0,0
2025-09-07,EN500,Central,289,260.9054,28.0946044921875,0,0
2025-09-07,EN500,East,276,274.02795,1.9720458984375,0,0
2025-09-07,EN500,North,342,298.39532,43.60467529296875,0,0
2025-09-07,EN500,South,335,300.5341,34.465911865234375,0,0
2025-09-07,EN500,West,333,331.04355,1.956451416015625,0,0
2025-09-07,LM250,Central,541,457.3074,83.69259643554688,0,0
2025-09-07,LM250,East,417,474.34387,-57.3438720703125,0,0
2025-09-07,LM250,North,491,513.6735,-22.67352294921875,0,0
2025-09-07,LM250,South,653,581.33673,71.66326904296875,0,0
2025-09-07,LM250,West,780,748.197,31.802978515625,1,0
2025-09-07,LM500,Central,651,637.57056,13.429443359375,0,0
2025-09-07,LM500,East,616,677.06775,-61.0677490234375,0,0
2025-09-07,LM500,North,670,783.85406,-113.85406494140625,0,0
2025-09-07,LM500,South,864,765.7607,98.23931884765625,0,0
2025-09-07,LM500,West,1001,1105.2478,-104.247802734375,1,0
2025-09-07,OR1000,Central,331,373.4275,-42.427490234375,0,0
2025-09-07,OR1000,East,488,412.56793,75.43206787109375,0,0
2025-09-07,OR1000,North,482,426.26,55.739990234375,0,0
2025-09-07,OR1000,South,451,489.2324,-38.232391357421875,0,0
2025-09-07,OR1000,West,470,510.49234,-40.492340087890625,0,0
2025-09-07,OR500,Central,477,543.39197,-66.3919677734375,0,0
2025-09-07,OR500,East,541,582.02704,-41.02703857421875,0,0
2025-09-07,OR500,North,640,605.83356,34.16644287109375,0,0
2025-09-07,OR500,South,729,704.912,24.0880126953125,0,0
2025-09-07,OR500,West,862,724.0915,137.90850830078125,0,0
2025-09-07,WT1000,Central,832,943.6846,-111.6845703125,0,0
2025-09-07,WT1000,East,853,969.42334,-116.42333984375,0,0
2025-09-07,WT1000,North,969,1067.7046,-98.70458984375,0,0
2025-09-07,WT1000,South,1340,1092.9293,247.0706787109375,0,0
2025-09-07,WT1000,West,1139,1032.9644,106.03564453125,0,0
2025-09-08,BB1000,Central,491,489.0418,1.95819091796875,0,0
2025-09-08,BB1000,East,426,477.21777,-51.2177734375,0,0
2025-09-08,BB1000,North,608,535.39404,72.60595703125,0,0
2025-09-08,BB1000,South,538,560.598,-22.5980224609375,0,0
2025-09-08,BB1000,West,600,588.5501,11.44989013671875,0,0
2025-09-08,BB250,Central,563,493.64392,69.3560791015625,0,0
2025-09-08,BB250,East,623,552.21985,70.7801513671875,0,0
2025-09-08,BB250,North,504,585.0298,-81.02978515625,0,0
2025-09-08,BB250,South,686,660.25977,25.740234375,0,0
2025-09-08,BB250,West,709,667.5952,41.40478515625,0,0
2025-09-08,BB500,Central,842,729.2104,112.78961181640625,0,0
2025-09-08,BB500,East,804,799.73486,4.26513671875,0,0
2025-09-08,BB500,North,1116,1013.96936,102.0306396484375,1,0
2025-09-08,BB500,South,934,862.305,71.69500732421875,0,0
2025-09-08,BB500,West,875,968.91864,-93.91864013671875,0,0
2025-09-08,EN250,Central,322,328.1213,-6.121307373046875,0,0
2025-09-08,EN250,East,351,334.41068,16.589324951171875,0,0
2025-09-08,EN250,North,483,438.68118,44.318817138671875,1,0
2025-09-08,EN250,South,398,391.20605,6.7939453125,0,0
2025-09-08,EN250,West,413,414.2097,-1.209686279296875,0,0
2025-09-08,EN500,Central,262,234.7858,27.214202880859375,0,0
2025-09-08,EN500,East,230,236.24124,-6.241241455078125,0,0
2025-09-08,EN500,North,229,260.50256,-31.5025634765625,0,0
2025-09-08,EN500,South,236,274.34277,-38.3427734375,0,0
2025-09-08,EN500,West,318,290.20505,27.794952392578125,0,0
2025-09-08,LM250,Central,421,400.52383,20.476165771484375,0,0
2025-09-08,LM250,East,451,415.51254,35.487457275390625,0,0
2025-09-08,LM250,North,501,443.54544,57.454559326171875,0,0
2025-09-08,LM250,South,593,503.1284,89.87161254882812,0,0
2025-09-08,LM250,West,527,548.4601,-21.4600830078125,0,0
2025-09-08,LM500,Central,620,559.7297,60.27032470703125,0,0
2025-09-08,LM500,East,553,577.9349,-24.93487548828125,0,0
2025-09-08,LM500,North,517,665.35565,-148.35565185546875,0,0
2025-09-08,LM500,South,711,858.07495,-147.074951171875,1,0
2025-09-08,LM500,West,765,719.39453,45.60546875,0,0
2025-09-08,OR1000,Central,348,335.79398,12.206024169921875,0,0
2025-09-08,OR1000,East,371,351.69415,19.30584716796875,0,0
2025-09-08,OR1000,North,429,375.40482,53.595184326171875,0,0
2025-09-08,OR1000,South,433,419.78616,13.213836669921875,0,0
2025-09-08,OR1000,West,448,448.5657,-0.565704345703125,0,0
2025-09-08,OR500,Central,504,502.40775,1.592254638671875,0,0
2025-09-08,OR500,East,534,497.9732,36.02679443359375,0,0
2025-09-08,OR500,North,539,538.268,0.73199462890625,0,0
2025-09-08,OR500,South,815,739.7491,75.25091552734375,1,0
2025-09-08,OR500,West,653,596.80396,56.196044921875,0,0
2025-09-08,WT1000,Central,811,788.3328,22.66717529296875,0,0
2025-09-08,WT1000,East,1158,1062.2324,95.767578125,1,0
2025-09-08,WT1000,North,823,914.1518,-91.15179443359375,0,0
2025-09-08,WT1000,South,918,950.7724,-32.77239990234375,0,0
2025-09-08,WT1000,West,924,987.1213,-63.12127685546875,0,0
2025-09-09,BB1000,Central,443,483.90854,-40.908538818359375,0,0
2025-09-09,BB1000,East,493,468.55948,24.440521240234375,0,0
2025-09-09,BB1000,North,575,554.6737,20.3262939453125,0,0
2025-09-09,BB1000,South,632,545.69257,86.30743408203125,0,0
2025-09-09,BB1000,West,618,587.6525,30.34747314453125,0,0
2025-09-09,BB250,Central,507,506.26254,0.737457275390625,0,0
2025-09-09,BB250,East,591,543.99225,47.00775146484375,0,0
2025-09-09,BB250,North,508,569.6282,-61.628173828125,0,0
2025-09-09,BB250,South,722,654.6718,67.32818603515625,0,0
2025-09-09,BB250,West,649,668.83075,-19.83074951171875,0,0
2025-09-09,BB500,Central,603,760.239,-157.239013671875,0,0
2025-09-09,BB500,East,722,783.63245,-61.6324462890625,0,0
2025-09-09,BB500,North,896,834.0198,61.980224609375,0,0
2025-09-09,BB500,South,991,878.06915,112.93084716796875,0,0
2025-09-09,BB500,West,920,928.183,-8.1829833984375,0,0
2025-09-09,EN250,Central,324,327.8842,-3.884185791015625,0,0
2025-09-09,EN250,East,305,338.36194,-33.3619384765625,0,0
2025-09-09,EN250,North,360,371.62134,-11.621337890625,0,0
2025-09-09,EN250,South,371,386.72504,-15.72503662109375,0,0
2025-09-09,EN250,West,471,403.31223,67.68777465820312,0,0
2025-09-09,EN500,Central,272,237.41167,34.58833312988281,0,0
2025-09-09,EN500,East,204,235.91058,-31.91058349609375,0,0
2025-09-09,EN500,North,253,260.084,-7.084014892578125,0,0
2025-09-09,EN500,South,320,271.09875,48.9012451171875,0,0
2025-09-09,EN500,West,240,290.79037,-50.790374755859375,0,0
2025-09-09,LM250,Central,375,402.71634,-27.716339111328125,0,0
2025-09-09,LM250,East,358,413.3382,-55.33819580078125,0,0
2025-09-09,LM250,North,416,452.08585,-36.085845947265625,0,0
2025-09-09,LM250,South,451,504.26196,-53.261962890625,0,0
2025-09-09,LM250,West,611,699.39264,-88.39263916015625,1,0
2025-09-09,LM500,Central,524,552.9677,-28.96771240234375,0,0
2025-09-09,LM500,East,596,563.25104,32.74896240234375,0,0
2025-09-09,LM500,North,671,652.88824,18.11175537109375,0,0
2025-09-09,LM500,South,1044,887.4855,156.5145263671875,1,0
2025-09-09,LM500,West,634,739.70715,-105.7071533203125,0,0
2025-09-09,OR1000,Central,348,336.34805,11.651947021484375,0,0
2025-09-09,OR1000,East,375,358.16367,16.836334228515625,0,0
2025-09-09,OR1000,North,528,481.39517,46.604827880859375,1,0
2025-09-09,OR1000,South,363,418.5037,-55.503692626953125,0,0
2025-09-09,OR1000,West,474,448.5327,25.46728515625,0,0
2025-09-09,OR500,Central,430,496.11783,-66.11782836914062,0,0
2025-09-09,OR500,East,560,495.32126,64.67874145507812,0,0
2025-09-09,OR500,North,494,529.1255,-35.12548828125,0,0
2025-09-09,OR500,South,637,630.013,6.98699951171875,0,0
2025-09-09,OR500,West,647,617.86145,29.1385498046875,0,0
2025-09-09,WT1000,Central,701,790.44794,-89.44793701171875,0,0
2025-09-09,WT1000,East,802,801.88184,0.1181640625,0,0
2025-09-09,WT1000,North,894,907.6119,-13.61187744140625,0,0
2025-09-09,WT1000,South,996,913.8155,82.18450927734375,0,0
2025-09-09,WT1000,West,1013,986.88135,26.11865234375,0,0
2025-09-10,BB1000,Central,437,477.04736,-40.04736328125,0,0
2025-09-10,BB1000,East,562,480.36374,81.63626098632812,0,0
2025-09-10,BB1000,North,526,535.9197,-9.919677734375,0,0
2025-09-10,BB1000,South,789,689.43414,99.56585693359375,1,0
2025-09-10,BB1000,West,737,584.4759,152.52410888671875,0,0
2025-09-10,BB250,Central,521,512.22784,8.77215576171875,0,0
2025-09-10,BB250,East,540,564.7632,-24.76318359375,0,0
2025-09-10,BB250,North,592,584.2278,7.772216796875,0,0
2025-09-10,BB250,South,713,653.40704,59.59295654296875,0,0
2025-09-10,BB250,West,682,667.22064,14.77935791015625,0,0
2025-09-10,BB500,Central,770,756.85333,13.14666748046875,0,0
2025-09-10,BB500,East,871,785.8887,85.111328125,0,0
2025-09-10,BB500,North,916,838.1378,77.8621826171875,0,0
2025-09-10,BB500,South,869,922.9603,-53.9603271484375,0,0
2025-09-10,BB500,West,911,906.3423,4.65771484375,0,0
2025-09-10,EN250,Central,334,326.33328,7.666717529296875,0,0
2025-09-10,EN250,East,348,328.3303,19.669708251953125,0,0
2025-09-10,EN250,North,355,369.9289,-14.92889404296875,0,0
2025-09-10,EN250,South,413,382.88593,30.11407470703125,0,0
2025-09-10,EN250,West,551,527.4236,23.576416015625,1,0
2025-09-10,EN500,Central,228,235.77634,-7.776336669921875,0,0
2025-09-10,EN500,East,271,232.1885,38.811492919921875,0,0
2025-09-10,EN500,North,212,254.78453,-42.78453063964844,0,0
2025-09-10,EN500,South,319,267.5497,51.450286865234375,0,0
2025-09-10,EN500,West,276,292.39713,-16.397125244140625,0,0
2025-09-10,LM250,Central,474,402.55786,71.442138671875,0,0
2025-09-10,LM250,East,417,408.44702,8.552978515625,0,0
2025-09-10,LM250,North,443,438.3655,4.634490966796875,0,0
2025-09-10,LM250,South,565,496.889,68.11099243164062,0,0
2025-09-10,LM250,West,455,532.32715,-77.3271484375,0,0
2025-09-10,LM500,Central,532,552.8298,-20.82977294921875,0,0
2025-09-10,LM500,East,572,598.63196,-26.6319580078125,0,0
2025-09-10,LM500,North,697,660.89124,36.1087646484375,0,0
2025-09-10,LM500,South,706,726.7039,-20.70391845703125,0,0
2025-09-10,LM500,West,678,746.18933,-68.1893310546875,0,0
2025-09-10,OR1000,Central,280,331.13522,-51.135223388671875,0,0
2025-09-10,OR1000,East,356,356.10556,-0.105560302734375,0,0
2025-09-10,OR1000,North,332,385.7631,-53.763092041015625,0,0
2025-09-10,OR1000,South,414,409.97525,4.024749755859375,0,0
2025-09-10,OR1000,West,452,446.84973,5.1502685546875,0,0
2025-09-10,OR500,Central,464,481.6576,-17.6575927734375,0,0
2025-09-10,OR500,East,575,501.5939,73.40609741210938,0,0
2025-09-10,OR500,North,365,538.2417,-173.24169921875,0,0
2025-09-10,OR500,South,636,591.4974,44.50262451171875,0,0
2025-09-10,OR500,West,549,624.12946,-75.12945556640625,0,0
2025-09-10,WT1000,Central,800,790.76196,9.238037109375,0,0
2025-09-10,WT1000,East,898,835.10944,62.89056396484375,0,0
2025-09-10,WT1000,North,817,861.38525,-44.38525390625,0,0
2025-09-10,WT1000,South,1034,932.0424,101.95758056640625,0,0
2025-09-10,WT1000,West,1141,913.95953,227.04046630859375,0,0
2025-09-11,BB1000,Central,488,465.20538,22.79461669921875,0,0
2025-09-11,BB1000,East,476,478.64316,-2.643157958984375,0,0
2025-09-11,BB1000,North,507,528.945,-21.94500732421875,0,0
2025-09-11,BB1000,South,606,561.8017,44.19830322265625,0,0
2025-09-11,BB1000,West,535,598.3247,-63.32470703125,0,0
2025-09-11,BB250,Central,568,500.95996,67.0400390625,0,0
2025-09-11,BB250,East,590,548.03894,41.9610595703125,0,0
2025-09-11,BB250,North,594,580.4651,13.534912109375,0,0
2025-09-11,BB250,South,580,636.7722,-56.772216796875,0,0
2025-09-11,BB250,West,749,675.68005,73.3199462890625,0,0
2025-09-11,BB500,Central,908,942.76324,-34.76324462890625,1,0
2025-09-11,BB500,East,698,784.8567,-86.856689453125,0,0
2025-09-11,BB500,North,962,844.5469,117.453125,0,0
2025-09-11,BB500,South,906,868.7192,37.28082275390625,0,0
2025-09-11,BB500,West,745,942.34485,-197.3448486328125,0,0
2025-09-11,EN250,Central,326,322.7266,3.273406982421875,0,0
2025-09-11,EN250,East,309,327.7091,-18.7091064453125,0,0
2025-09-11,EN250,North,326,375.6012,-49.6011962890625,0,0
2025-09-11,EN250,South,396,398.01462,-2.014617919921875,0,0
2025-09-11,EN250,West,433,412.56744,20.43255615234375,0,0
2025-09-11,EN500,Central,232,235.62749,-3.6274871826171875,0,0
2025-09-11,EN500,East,240,235.74976,4.250244140625,0,0
2025-09-11,EN500,North,287,251.65816,35.34184265136719,0,0
2025-09-11,EN500,South,309,272.06314,36.936859130859375,0,0
2025-09-11,EN500,West,291,294.07217,-3.072174072265625,0,0
2025-09-11,LM250,Central,419,408.8271,10.17291259765625,0,0
2025-09-11,LM250,East,480,408.77625,71.2237548828125,0,0
2025-09-11,LM250,North,464,445.8215,18.178497314453125,0,0
2025-09-11,LM250,South,677,633.99506,43.00494384765625,1,0
2025-09-11,LM250,West,577,534.07446,42.925537109375,0,0
2025-09-11,LM500,Central,525,551.0681,-26.068115234375,0,0
2025-09-11,LM500,East,651,585.13403,65.865966796875,0,0
2025-09-11,LM500,North,642,659.4125,-17.4124755859375,0,0
2025-09-11,LM500,South,735,900.3341,-165.3341064453125,1,0
2025-09-11,LM500,West,805,761.13654,43.86346435546875,0,0
2025-09-11,OR1000,Central,394,325.50046,68.49954223632812,0,0
2025-09-11,OR1000,East,380,360.04556,19.954437255859375,0,0
2025-09-11,OR1000,North,382,388.5122,-6.51220703125,0,0
2025-09-11,OR1000,South,366,414.028,-48.02801513671875,0,0
2025-09-11,OR1000,West,410,448.59836,-38.598358154296875,0,0
2025-09-11,OR500,Central,547,479.3562,67.643798828125,0,0
2025-09-11,OR500,East,497,506.6648,-9.664794921875,0,0
2025-09-11,OR500,North,449,536.7437,-87.74371337890625,0,0
2025-09-11,OR500,South,497,607.04517,-110.045166015625,0,0
2025-09-11,OR500,West,497,614.43677,-117.436767578125,0,0
2025-09-11,WT1000,Central,691,788.8862,-97.88623046875,0,0
2025-09-11,WT1000,East,919,834.3062,84.69378662109375,0,0
2025-09-11,WT1000,North,934,864.9383,69.06170654296875,0,0
2025-09-11,WT1000,South,1249,927.80164,321.1983642578125,0,0
2025-09-11,WT1000,West,1026,1006.3855,19.614501953125,0,0
2025-09-12,BB1000,Central,500,489.99936,10.000640869140625,0,0
2025-09-12,BB1000,East,491,488.41092,2.589080810546875,0,0
2025-09-12,BB1000,North,756,686.08417,69.91583251953125,1,0
2025-09-12,BB1000,South,512,548.52637,-36.5263671875,0,0
2025-09-12,BB1000,West,573,601.37836,-28.37835693359375,0,0
2025-09-12,BB250,Central,591,517.0708,73.92919921875,0,0
2025-09-12,BB250,East,617,570.5524,46.44757080078125,0,0
2025-09-12,BB250,North,486,587.1703,-101.1702880859375,0,0
2025-09-12,BB250,South,529,627.9408,-98.9407958984375,0,0
2025-09-12,BB250,West,635,671.3337,-36.33367919921875,0,0
2025-09-12,BB500,Central,620,717.09436,-97.0943603515625,0,0
2025-09-12,BB500,East,751,761.4781,-10.47808837890625,0,0
2025-09-12,BB500,North,664,846.2121,-182.21209716796875,0,0
2025-09-12,BB500,South,897,922.627,-25.62701416015625,0,0
2025-09-12,BB500,West,1038,945.845,92.155029296875,0,0
2025-09-12,EN250,Central,287,323.44702,-36.447021484375,0,0
2025-09-12,EN250,East,349,330.1495,18.850494384765625,0,0
2025-09-12,EN250,North,376,374.08453,1.91546630859375,0,0
2025-09-12,EN250,South,372,400.42105,-28.421051025390625,0,0
2025-09-12,EN250,West,422,408.67764,13.322357177734375,0,0
2025-09-12,EN500,Central,225,233.79683,-8.796829223632812,0,0
2025-09-12,EN500,East,265,234.75876,30.241241455078125,0,0
2025-09-12,EN500,North,341,257.85074,83.14926147460938,0,0
2025-09-12,EN500,South,272,285.15158,-13.151580810546875,0,0
2025-09-12,EN500,West,239,289.7587,-50.758697509765625,0,0
2025-09-12,LM250,Central,362,399.89273,-37.892730712890625,0,0
2025-09-12,LM250,East,476,420.4058,55.594207763671875,0,0
2025-09-12,LM250,North,434,453.11743,-19.117431640625,0,0
2025-09-12,LM250,South,702,653.6143,48.38568115234375,1,0
2025-09-12,LM250,West,552,522.96924,29.03076171875,0,0
2025-09-12,LM500,Central,583,548.5625,34.4375,0,0
2025-09-12,LM500,East,650,594.0015,55.99847412109375,0,0
2025-09-12,LM500,North,530,648.917,-118.9169921875,0,0
2025-09-12,LM500,South,734,701.6041,32.3958740234375,0,0
2025-09-12,LM500,West,744,747.40094,-3.40093994140625,0,0
2025-09-12,OR1000,Central,379,333.84872,45.151275634765625,0,0
2025-09-12,OR1000,East,362,355.70697,6.29302978515625,0,0
2025-09-12,OR1000,North,362,394.58606,-32.5860595703125,0,0
2025-09-12,OR1000,South,433,411.95502,21.04498291015625,0,0
2025-09-12,OR1000,West,463,454.19705,8.802947998046875,0,0
2025-09-12,OR500,Central,572,479.18878,92.81121826171875,0,0
2025-09-12,OR500,East,525,504.80276,20.197235107421875,0,0
2025-09-12,OR500,North,628,535.5767,92.42327880859375,0,0
2025-09-12,OR500,South,531,601.297,-70.2969970703125,0,0
2025-09-12,OR500,West,674,633.386,40.614013671875,0,0
2025-09-12,WT1000,Central,748,770.0686,-22.068603515625,0,0
2025-09-12,WT1000,East,761,827.31415,-66.31414794921875,0,0
2025-09-12,WT1000,North,815,888.6531,-73.653076171875,0,0
2025-09-12,WT1000,South,946,996.20734,-50.20733642578125,0,0
2025-09-12,WT1000,West,1102,972.62054,129.37945556640625,0,0
2025-09-13,BB1000,Central,552,536.7045,15.29547119140625,0,0
2025-09-13,BB1000,East,625,529.08923,95.9107666015625,0,0
2025-09-13,BB1000,North,528,617.3443,-89.34429931640625,0,0
2025-09-13,BB1000,South,521,653.4061,-132.4061279296875,0,0
2025-09-13,BB1000,West,756,690.5735,65.426513671875,0,0
2025-09-13,BB250,Central,538,589.4092,-51.4091796875,0,0
2025-09-13,BB250,East,599,630.2286,-31.22857666015625,0,0
2025-09-13,BB250,North,705,690.95337,14.046630859375,0,0
2025-09-13,BB250,South,688,727.54254,-39.54254150390625,0,0
2025-09-13,BB250,West,808,779.7458,28.25421142578125,0,0
2025-09-13,BB500,Central,949,831.23956,117.76043701171875,0,0
2025-09-13,BB500,East,937,896.77313,40.22686767578125,0,0
2025-09-13,BB500,North,977,995.3857,-18.38568115234375,0,0
2025-09-13,BB500,South,987,1031.5842,-44.584228515625,0,0
2025-09-13,BB500,West,1229,1072.9264,156.0736083984375,0,0
2025-09-13,EN250,Central,378,368.259,9.740997314453125,0,0
2025-09-13,EN250,East,375,379.60666,-4.606658935546875,0,0
2025-09-13,EN250,North,395,420.82135,-25.82135009765625,0,0
2025-09-13,EN250,South,542,431.7122,110.28781127929688,0,0
2025-09-13,EN250,West,504,491.457,12.542999267578125,0,0
2025-09-13,EN500,Central,264,265.16644,-1.16644287109375,0,0
2025-09-13,EN500,East,288,269.78665,18.213348388671875,0,0
2025-09-13,EN500,North,261,293.11987,-32.119873046875,0,0
2025-09-13,EN500,South,332,314.11508,17.884918212890625,0,0
2025-09-13,EN500,West,375,316.95538,58.04461669921875,0,0
2025-09-13,LM250,Central,504,554.5215,-50.521484375,1,0
2025-09-13,LM250,East,477,484.015,-7.0150146484375,0,0
2025-09-13,LM250,North,531,495.93298,35.0670166015625,0,0
2025-09-13,LM250,South,450,593.1654,-143.1654052734375,0,0
2025-09-13,LM250,West,643,610.97253,32.0274658203125,0,0
2025-09-13,LM500,Central,724,637.07745,86.92254638671875,0,0
2025-09-13,LM500,East,776,682.6872,93.31280517578125,0,0
2025-09-13,LM500,North,710,763.27386,-53.27386474609375,0,0
2025-09-13,LM500,South,797,822.7375,-25.73748779296875,0,0
2025-09-13,LM500,West,819,840.8631,-21.86309814453125,0,0
2025-09-13,OR1000,Central,465,381.13998,83.86001586914062,0,0
2025-09-13,OR1000,East,413,408.61472,4.385284423828125,0,0
2025-09-13,OR1000,North,476,448.4494,27.55059814453125,0,0
2025-09-13,OR1000,South,515,468.88275,46.11724853515625,0,0
2025-09-13,OR1000,West,561,502.34033,58.65966796875,0,0
2025-09-13,OR500,Central,549,551.967,-2.96697998046875,0,0
2025-09-13,OR500,East,482,589.1966,-107.19659423828125,0,0
2025-09-13,OR500,North,684,600.7662,83.23382568359375,0,0
2025-09-13,OR500,South,858,842.16797,15.83203125,1,0
2025-09-13,OR500,West,826,725.5162,100.48382568359375,0,0
2025-09-13,WT1000,Central,911,861.18494,49.8150634765625,0,0
2025-09-13,WT1000,East,921,988.97675,-67.97674560546875,0,0
2025-09-13,WT1000,North,1098,1062.4734,35.526611328125,0,0
2025-09-13,WT1000,South,1080,1104.0406,-24.0406494140625,0,0
2025-09-13,WT1000,West,1194,1109.9501,84.0499267578125,0,0
2025-09-14,BB1000,Central,611,543.4605,67.53948974609375,0,0
2025-09-14,BB1000,East,639,537.1902,101.809814453125,0,0
2025-09-14,BB1000,North,633,585.10333,47.89666748046875,0,0
2025-09-14,BB1000,South,672,624.53076,47.46923828125,0,0
2025-09-14,BB1000,West,619,691.7121,-72.71209716796875,0,0
2025-09-14,BB250,Central,699,581.6897,117.310302734375,0,0
2025-09-14,BB250,East,582,643.92596,-61.92596435546875,0,0
2025-09-14,BB250,North,652,694.3821,-42.382080078125,0,0
2025-09-14,BB250,South,730,746.862,-16.86199951171875,0,0
2025-09-14,BB250,West,847,770.6857,76.31427001953125,0,0
2025-09-14,BB500,Central,782,844.8733,-62.873291015625,0,0
2025-09-14,BB500,East,1028,930.8639,97.1361083984375,0,0
2025-09-14,BB500,North,1253,1176.2201,76.7799072265625,1,0
2025-09-14,BB500,South,829,1008.0613,-179.061279296875,0,0
2025-09-14,BB500,West,960,1047.6417,-87.6417236328125,0,0
2025-09-14,EN250,Central,327,362.92917,-35.929168701171875,0,0
2025-09-14,EN250,East,428,372.65588,55.3441162109375,0,0
2025-09-14,EN250,North,434,410.22235,23.77764892578125,0,0
2025-09-14,EN250,South,453,436.7872,16.212799072265625,0,0
2025-09-14,EN250,West,547,490.43625,56.563751220703125,0,0
2025-09-14,EN500,Central,314,267.97675,46.02325439453125,0,0
2025-09-14,EN500,East,253,270.44687,-17.446868896484375,0,0
2025-09-14,EN500,North,250,297.0894,-47.089385986328125,0,0
2025-09-14,EN500,South,307,310.1457,-3.14569091796875,0,0
2025-09-14,EN500,West,350,315.77426,34.225738525390625,0,0
2025-09-14,LM250,Central,521,456.94684,64.05316162109375,0,0
2025-09-14,LM250,East,499,477.59146,21.408538818359375,0,0
2025-09-14,LM250,North,462,498.425,-36.42498779296875,0,0
2025-09-14,LM250,South,549,570.4789,-21.4788818359375,0,0
2025-09-14,LM250,West,624,606.0821,17.91790771484375,0,0
2025-09-14,LM500,Central,542,630.34894,-88.34893798828125,0,0
2025-09-14,LM500,East,769,681.4696,87.5303955078125,0,0
2025-09-14,LM500,North,794,748.88416,45.1158447265625,0,0
2025-09-14,LM500,South,752,837.29767,-85.29766845703125,0,0
2025-09-14,LM500,West,834,862.0255,-28.0255126953125,0,0
2025-09-14,OR1000,Central,503,479.50006,23.49993896484375,1,0
2025-09-14,OR1000,East,469,411.32693,57.673065185546875,0,0
2025-09-14,OR1000,North,561,545.2776,15.722412109375,1,0
2025-09-14,OR1000,South,446,483.68915,-37.68914794921875,0,0
2025-09-14,OR1000,West,523,505.5544,17.445587158203125,0,0
2025-09-14,OR500,Central,588,559.20166,28.79833984375,0,0
2025-09-14,OR500,East,618,583.7846,34.21539306640625,0,0
2025-09-14,OR500,North,637,612.11804,24.8819580078125,0,0
2025-09-14,OR500,South,901,848.7565,52.2435302734375,1,0
2025-09-14,OR500,West,816,743.9847,72.01531982421875,0,0
2025-09-14,WT1000,Central,1243,1200.1409,42.859130859375,1,0
2025-09-14,WT1000,East,897,977.97076,-80.97076416015625,0,0
2025-09-14,WT1000,North,1225,982.3725,242.62750244140625,0,0
2025-09-14,WT1000,South,1092,1123.9595,-31.95947265625,0,0
2025-09-14,WT1000,West,1147,1092.3906,54.609375,0,0
2025-09-15,BB1000,Central,468,478.77615,-10.776153564453125,0,0
2025-09-15,BB1000,East,496,480.16043,15.839569091796875,0,0
2025-09-15,BB1000,North,358,532.97614,-174.97613525390625,0,0
2025-09-15,BB1000,South,587,561.53625,25.4637451171875,0,0
2025-09-15,BB1000,West,609,601.1196,7.88037109375,0,0
2025-09-15,BB250,Central,525,524.3374,0.66259765625,0,0
2025-09-15,BB250,East,529,541.89825,-12.89825439453125,0,0
2025-09-15,BB250,North,530,573.527,-43.5269775390625,0,0
2025-09-15,BB250,South,547,644.62213,-97.62213134765625,0,0
2025-09-15,BB250,West,837,823.99994,13.00006103515625,1,0
2025-09-15,BB500,Central,694,730.43475,-36.43475341796875,0,0
2025-09-15,BB500,East,816,782.6708,33.3292236328125,0,0
2025-09-15,BB500,North,777,841.8891,-64.88909912109375,0,0
2025-09-15,BB500,South,802,892.8624,-90.8624267578125,0,0
2025-09-15,BB500,West,982,956.2774,25.72259521484375,0,0
2025-09-15,EN250,Central,282,314.0428,-32.04278564453125,0,0
2025-09-15,EN250,East,344,329.44153,14.5584716796875,0,0
2025-09-15,EN250,North,296,354.30255,-58.30255126953125,0,0
2025-09-15,EN250,South,510,492.29565,17.704345703125,1,0
2025-09-15,EN250,West,452,418.18564,33.814361572265625,0,0
2025-09-15,EN500,Central,255,233.00491,21.995086669921875,0,0
2025-09-15,EN500,East,224,239.05022,-15.050216674804688,0,0
2025-09-15,EN500,North,261,250.91188,10.088119506835938,0,0
2025-09-15,EN500,South,334,270.16,63.839996337890625,0,0
2025-09-15,EN500,West,267,289.159,-22.15899658203125,0,0
2025-09-15,LM250,Central,435,405.86047,29.1395263671875,0,0
2025-09-15,LM250,East,447,421.19092,25.80908203125,0,0
2025-09-15,LM250,North,417,439.22684,-22.226837158203125,0,0
2025-09-15,LM250,South,569,520.7357,48.2642822265625,0,0
2025-09-15,LM250,West,472,546.1694,-74.16937255859375,0,0
2025-09-15,LM500,Central,569,539.75665,29.24334716796875,0,0
2025-09-15,LM500,East,618,595.5374,22.46258544921875,0,0
2025-09-15,LM500,North,711,668.8315,42.16851806640625,0,0
2025-09-15,LM500,South,771,709.5047,61.49530029296875,0,0
2025-09-15,LM500,West,731,756.40204,-25.40203857421875,0,0
2025-09-15,OR1000,Central,376,337.88464,38.1153564453125,0,0
2025-09-15,OR1000,East,527,465.5049,61.495086669921875,1,0
2025-09-15,OR1000,North,328,393.8194,-65.81939697265625,0,0
2025-09-15,OR1000,South,442,413.80847,28.1915283203125,0,0
2025-09-15,OR1000,West,433,448.6474,-15.64739990234375,0,0
2025-09-15,OR500,Central,458,502.10416,-44.104156494140625,0,0
2025-09-15,OR500,East,724,642.8685,81.1314697265625,1,0
2025-09-15,OR500,North,565,543.9081,21.0919189453125,0,0
2025-09-15,OR500,South,668,653.33215,14.6678466796875,0,0
2025-09-15,OR500,West,543,635.1919,-92.19189453125,0,0
2025-09-15,WT1000,Central,864,787.5289,76.47113037109375,0,0
2025-09-15,WT1000,East,1066,841.32477,224.67523193359375,0,0
2025-09-15,WT1000,North,1004,940.68414,63.31585693359375,0,0
2025-09-15,WT1000,South,1054,979.9679,74.0321044921875,0,0
2025-09-15,WT1000,West,1044,1028.8978,15.1021728515625,0,0
2025-09-16,BB1000,Central,395,478.00143,-83.00143432617188,0,0
2025-09-16,BB1000,East,521,481.64236,39.357635498046875,0,0
2025-09-16,BB1000,North,511,515.57605,-4.5760498046875,0,0
2025-09-16,BB1000,South,521,560.1956,-39.19561767578125,0,0
2025-09-16,BB1000,West,538,586.214,-48.2139892578125,0,0
2025-09-16,BB250,Central,496,521.0126,-25.0125732421875,0,0
2025-09-16,BB250,East,650,681.5551,-31.55511474609375,1,0
2025-09-16,BB250,North,613,569.93555,43.064453125,0,0
2025-09-16,BB250,South,617,623.3856,-6.3856201171875,0,0
2025-09-16,BB250,West,664,673.0617,-9.06170654296875,0,0
2025-09-16,BB500,Central,734,721.33105,12.6689453125,0,0
2025-09-16,BB500,East,700,776.6919,-76.69189453125,0,0
2025-09-16,BB500,North,846,872.36005,-26.36004638671875,0,0
2025-09-16,BB500,South,1000,897.7826,102.2174072265625,0,0
2025-09-16,BB500,West,1077,1156.0862,-79.086181640625,1,0
2025-09-16,EN250,Central,271,313.08252,-42.08251953125,0,0
2025-09-16,EN250,East,333,335.0803,-2.080291748046875,0,0
2025-09-16,EN250,North,412,372.1973,39.802703857421875,0,0
2025-09-16,EN250,South,459,395.4311,63.56890869140625,0,0
2025-09-16,EN250,West,393,430.70102,-37.701019287109375,0,0
2025-09-16,EN500,Central,231,239.9135,-8.913497924804688,0,0
2025-09-16,EN500,East,238,238.12616,-0.12615966796875,0,0
2025-09-16,EN500,North,275,252.99176,22.00823974609375,0,0
2025-09-16,EN500,South,272,273.2602,-1.26019287109375,0,0
2025-09-16,EN500,West,287,287.40128,-0.401275634765625,0,0
2025-09-16,LM250,Central,341,419.70456,-78.70455932617188,0,0
2025-09-16,LM250,East,443,417.42468,25.5753173828125,0,0
2025-09-16,LM250,North,465,436.0152,28.98480224609375,0,0
2025-09-16,LM250,South,521,499.3521,21.64788818359375,0,0
2025-09-16,LM250,West,461,547.0027,-86.002685546875,0,0
2025-09-16,LM500,Central,661,546.1351,114.86492919921875,0,0
2025-09-16,LM500,East,712,587.6647,124.3353271484375,0,0
2025-09-16,LM500,North,766,632.44324,133.5567626953125,0,0
2025-09-16,LM500,South,736,693.63055,42.36944580078125,0,0
2025-09-16,LM500,West,694,726.54675,-32.5467529296875,0,0
2025-09-16,OR1000,Central,401,341.81192,59.188079833984375,0,0
2025-09-16,OR1000,East,379,364.5914,14.408599853515625,0,0
2025-09-16,OR1000,North,434,490.0203,-56.020294189453125,1,0
2025-09-16,OR1000,South,405,413.35986,-8.35986328125,0,0
2025-09-16,OR1000,West,512,447.88867,64.111328125,0,0
2025-09-16,OR500,Central,512,491.08652,20.913482666015625,0,0
2025-09-16,OR500,East,505,521.1206,-16.12060546875,0,0
2025-09-16,OR500,North,619,539.074,79.926025390625,0,0
2025-09-16,OR500,South,644,635.86975,8.1302490234375,0,0
2025-09-16,OR500,West,572,636.87885,-64.87884521484375,0,0
2025-09-16,WT1000,Central,819,762.1618,56.83819580078125,0,0
2025-09-16,WT1000,East,816,833.5175,-17.51751708984375,0,0
2025-09-16,WT1000,North,920,884.27527,35.7247314453125,0,0
2025-09-16,WT1000,South,1022,923.2921,98.7078857421875,0,0
2025-09-16,WT1000,West,875,951.85254,-76.8525390625,0,0
2025-09-17,BB1000,Central,417,471.10516,-54.10516357421875,0,0
2025-09-17,BB1000,East,498,481.7315,16.26849365234375,0,0
2025-09-17,BB1000,North,536,536.75415,-0.754150390625,0,0
2025-09-17,BB1000,South,712,537.26416,174.73583984375,0,0
2025-09-17,BB1000,West,536,581.1693,-45.1693115234375,0,0
2025-09-17,BB250,Central,592,513.0401,78.95989990234375,0,0
2025-09-17,BB250,East,591,543.51447,47.48553466796875,0,0
2025-09-17,BB250,North,666,578.6936,87.306396484375,0,0
2025-09-17,BB250,South,652,600.6043,51.39569091796875,0,0
2025-09-17,BB250,West,638,656.2824,-18.28240966796875,0,0
2025-09-17,BB500,Central,734,742.89954,-8.8995361328125,0,0
2025-09-17,BB500,East,832,781.91907,50.0809326171875,0,0
2025-09-17,BB500,North,1014,1090.5312,-76.53125,1,0
2025-09-17,BB500,South,887,895.89484,-8.89483642578125,0,0
2025-09-17,BB500,West,1048,945.229,102.77099609375,0,0
2025-09-17,EN250,Central,420,382.73718,37.2628173828125,1,0
2025-09-17,EN250,East,339,331.2533,7.7467041015625,0,0
2025-09-17,EN250,North,312,370.4155,-58.415496826171875,0,0
2025-09-17,EN250,South,366,395.24612,-29.246124267578125,0,0
2025-09-17,EN250,West,406,420.4589,-14.458892822265625,0,0
2025-09-17,EN500,Central,236,233.37291,2.6270904541015625,0,0
2025-09-17,EN500,East,248,238.86844,9.131561279296875,0,0
2025-09-17,EN500,North,245,259.7833,-14.783294677734375,0,0
2025-09-17,EN500,South,319,269.15356,49.846435546875,0,0
2025-09-17,EN500,West,289,288.7127,0.28729248046875,0,0
2025-09-17,LM250,Central,365,400.6369,-35.63690185546875,0,0
2025-09-17,LM250,East,427,424.42416,2.575836181640625,0,0
2025-09-17,LM250,North,498,448.6721,49.327911376953125,0,0
2025-09-17,LM250,South,451,509.71347,-58.713470458984375,0,0
2025-09-17,LM250,West,478,534.78375,-56.78375244140625,0,0
2025-09-17,LM500,Central,573,561.72473,11.2752685546875,0,0
2025-09-17,LM500,East,691,591.4861,99.513916015625,0,0
2025-09-17,LM500,North,723,660.70044,62.299560546875,0,0
2025-09-17,LM500,South,580,690.2708,-110.27081298828125,0,0
2025-09-17,LM500,West,625,714.64886,-89.64886474609375,0,0
2025-09-17,OR1000,Central,401,341.89346,59.106536865234375,0,0
2025-09-17,OR1000,East,424,365.28708,58.712921142578125,0,0
2025-09-17,OR1000,North,458,385.5054,72.49459838867188,0,0
2025-09-17,OR1000,South,440,409.24496,30.755035400390625,0,0
2025-09-17,OR1000,West,469,455.06146,13.93853759765625,0,0
2025-09-17,OR500,Central,508,492.62396,15.37603759765625,0,0
2025-09-17,OR500,East,493,522.17114,-29.171142578125,0,0
2025-09-17,OR500,North,549,547.23175,1.76824951171875,0,0
2025-09-17,OR500,South,627,629.4727,-2.47271728515625,0,0
2025-09-17,OR500,West,767,729.2626,37.7374267578125,1,0
2025-09-17,WT1000,Central,683,799.3326,-116.33258056640625,0,0
2025-09-17,WT1000,East,869,873.8462,-4.84619140625,0,0
2025-09-17,WT1000,North,852,831.3288,20.67120361328125,0,0
2025-09-17,WT1000,South,1004,946.4451,57.55487060546875,0,0
2025-09-17,WT1000,West,953,1017.31354,-64.31353759765625,0,0
2025-09-18,BB1000,Central,383,454.6821,-71.68209838867188,0,0
2025-09-18,BB1000,East,533,490.35168,42.6483154296875,0,0
2025-09-18,BB1000,North,459,538.1333,-79.13330078125,0,0
2025-09-18,BB1000,South,695,731.80695,-36.80694580078125,1,0
2025-09-18,BB1000,West,748,737.10376,10.896240234375,1,0
2025-09-18,BB250,Central,570,519.2443,50.75567626953125,0,0
2025-09-18,BB250,East,639,556.3378,82.66217041015625,0,0
2025-09-18,BB250,North,457,567.42285,-110.4228515625,0,0
2025-09-18,BB250,South,690,618.39343,71.6065673828125,0,0
2025-09-18,BB250,West,644,682.37384,-38.37384033203125,0,0
2025-09-18,BB500,Central,763,711.02893,51.9710693359375,0,0
2025-09-18,BB500,East,865,786.81335,78.1866455078125,0,0
2025-09-18,BB500,North,842,834.8225,7.177490234375,0,0
2025-09-18,BB500,South,980,899.035,80.96502685546875,0,0
2025-09-18,BB500,West,1071,908.68994,162.31005859375,0,0
2025-09-18,EN250,Central,381,369.6132,11.386810302734375,1,0
2025-09-18,EN250,East,345,326.86118,18.138824462890625,0,0
2025-09-18,EN250,North,374,362.98566,11.01434326171875,0,0
2025-09-18,EN250,South,347,405.92496,-58.924957275390625,0,0
2025-09-18,EN250,West,326,421.7504,-95.75039672851562,0,0
2025-09-18,EN500,Central,222,233.31133,-11.311325073242188,0,0
2025-09-18,EN500,East,251,237.67638,13.323623657226562,0,0
2025-09-18,EN500,North,296,256.93765,39.062347412109375,0,0
2025-09-18,EN500,South,365,336.81775,28.1822509765625,1,0
2025-09-18,EN500,West,336,289.3204,46.679595947265625,0,0
2025-09-18,LM250,Central,434,494.082,-60.082000732421875,1,0
2025-09-18,LM250,East,410,410.6552,-0.65521240234375,0,0
2025-09-18,LM250,North,507,451.47034,55.5296630859375,0,0
2025-09-18,LM250,South,396,505.26553,-109.26553344726562,0,0
2025-09-18,LM250,West,586,666.3709,-80.37091064453125,1,0
2025-09-18,LM500,Central,554,548.5959,5.40411376953125,0,0
2025-09-18,LM500,East,607,602.1969,4.8031005859375,0,0
2025-09-18,LM500,North,757,658.60754,98.3924560546875,0,0
2025-09-18,LM500,South,717,717.35004,-0.35003662109375,0,0
2025-09-18,LM500,West,760,735.02246,24.9775390625,0,0
2025-09-18,OR1000,Central,403,353.88376,49.116241455078125,0,0
2025-09-18,OR1000,East,284,373.55472,-89.55471801757812,0,0
2025-09-18,OR1000,North,344,392.92575,-48.925750732421875,0,0
2025-09-18,OR1000,South,459,402.50302,56.496978759765625,0,0
2025-09-18,OR1000,West,455,441.70737,13.292633056640625,0,0
2025-09-18,OR500,Central,526,507.85526,18.144744873046875,0,0
2025-09-18,OR500,East,583,522.82446,60.175537109375,0,0
2025-09-18,OR500,North,410,535.2914,-125.2913818359375,0,0
2025-09-18,OR500,South,474,631.94055,-157.9405517578125,0,0
2025-09-18,OR500,West,564,625.9994,-61.9993896484375,0,0
2025-09-18,WT1000,Central,763,757.9968,5.003173828125,0,0
2025-09-18,WT1000,East,790,848.86975,-58.8697509765625,0,0
2025-09-18,WT1000,North,882,897.4058,-15.40582275390625,0,0
2025-09-18,WT1000,South,943,925.60144,17.3985595703125,0,0
2025-09-18,WT1000,West,900,996.8151,-96.81512451171875,0,0
2025-09-19,BB1000,Central,451,474.3182,-23.318206787109375,0,0
2025-09-19,BB1000,East,444,481.17468,-37.1746826171875,0,0
2025-09-19,BB1000,North,481,523.7782,-42.7781982421875,0,0
2025-09-19,BB1000,South,532,574.4045,-42.40447998046875,0,0
2025-09-19,BB1000,West,754,603.85345,150.14654541015625,0,0
2025-09-19,BB250,Central,582,521.91205,60.08795166015625,0,0
2025-09-19,BB250,East,472,546.3039,-74.30389404296875,0,0
2025-09-19,BB250,North,615,566.47864,48.5213623046875,0,0
2025-09-19,BB250,South,684,616.6093,67.39068603515625,0,0
2025-09-19,BB250,West,764,657.4681,106.53192138671875,0,0
2025-09-19,BB500,Central,760,718.70557,41.29443359375,0,0
2025-09-19,BB500,East,750,781.06287,-31.0628662109375,0,0
2025-09-19,BB500,North,833,833.59814,-0.59814453125,0,0
2025-09-19,BB500,South,884,880.5843,3.41571044921875,0,0
2025-09-19,BB500,West,954,942.43054,11.5694580078125,0,0
2025-09-19,EN250,Central,344,315.20166,28.79833984375,0,0
2025-09-19,EN250,East,395,330.53806,64.46194458007812,0,0
2025-09-19,EN250,North,375,366.85767,8.142333984375,0,0
2025-09-19,EN250,South,424,398.787,25.2130126953125,0,0
2025-09-19,EN250,West,493,412.9308,80.0692138671875,0,0
2025-09-19,EN500,Central,199,232.93816,-33.93815612792969,0,0
2025-09-19,EN500,East,257,240.44385,16.55615234375,0,0
2025-09-19,EN500,North,262,257.86133,4.138671875,0,0
2025-09-19,EN500,South,303,290.34097,12.659027099609375,0,0
2025-09-19,EN500,West,257,287.92917,-30.929168701171875,0,0
2025-09-19,LM250,Central,424,405.6088,18.391204833984375,0,0
2025-09-19,LM250,East,411,411.83908,-0.839080810546875,0,0
2025-09-19,LM250,North,544,447.35678,96.64321899414062,0,0
2025-09-19,LM250,South,477,505.26416,-28.26416015625,0,0
2025-09-19,LM250,West,502,524.0877,-22.08770751953125,0,0
2025-09-19,LM500,Central,533,547.3719,-14.37188720703125,0,0
2025-09-19,LM500,East,594,574.9213,19.07867431640625,0,0
2025-09-19,LM500,North,691,650.6882,40.31182861328125,0,0
2025-09-19,LM500,South,802,704.131,97.8690185546875,0,0
2025-09-19,LM500,West,800,734.0489,65.95111083984375,0,0
2025-09-19,OR1000,Central,366,357.41632,8.58367919921875,0,0
2025-09-19,OR1000,East,371,366.89713,4.102874755859375,0,0
2025-09-19,OR1000,North,374,388.84668,-14.8466796875,0,0
2025-09-19,OR1000,South,433,406.73074,26.269256591796875,0,0
2025-09-19,OR1000,West,419,449.43674,-30.436737060546875,0,0
2025-09-19,OR500,Central,504,485.61188,18.38812255859375,0,0
2025-09-19,OR500,East,462,531.99054,-69.99053955078125,0,0
2025-09-19,OR500,North,623,515.8371,107.16290283203125,0,0
2025-09-19,OR500,South,529,615.42163,-86.421630859375,0,0
2025-09-19,OR500,West,623,627.3373,-4.3372802734375,0,0
2025-09-19,WT1000,Central,894,758.70764,135.2923583984375,0,0
2025-09-19,WT1000,East,735,864.81995,-129.8199462890625,0,0
2025-09-19,WT1000,North,975,862.7176,112.28240966796875,0,0
2025-09-19,WT1000,South,1088,933.4122,154.58782958984375,0,0
2025-09-19,WT1000,West,955,992.0161,-37.01611328125,0,0
2025-09-20,BB1000,Central,604,508.86996,95.13003540039062,0,0
2025-09-20,BB1000,East,481,571.8421,-90.84210205078125,0,0
2025-09-20,BB1000,North,636,605.46893,30.53106689453125,0,0
2025-09-20,BB1000,South,638,626.2172,11.78277587890625,0,0
2025-09-20,BB1000,West,701,695.25854,5.741455078125,0,0
2025-09-20,BB250,Central,510,598.66077,-88.6607666015625,0,0
2025-09-20,BB250,East,537,635.03467,-98.03466796875,0,0
2025-09-20,BB250,North,667,651.06226,15.937744140625,0,0
2025-09-20,BB250,South,752,736.10547,15.89453125,0,0
2025-09-20,BB250,West,826,801.6606,24.33941650390625,0,0
2025-09-20,BB500,Central,739,822.4412,-83.44122314453125,0,0
2025-09-20,BB500,East,1091,881.7015,209.29852294921875,0,0
2025-09-20,BB500,North,1037,990.5805,46.41949462890625,0,0
2025-09-20,BB500,South,1244,1020.3936,223.60638427734375,0,0
2025-09-20,BB500,West,1202,1039.3729,162.6270751953125,0,0
2025-09-20,EN250,Central,298,364.41455,-66.41455078125,0,0
2025-09-20,EN250,East,423,376.9876,46.01239013671875,0,0
2025-09-20,EN250,North,367,405.09833,-38.09832763671875,0,0
2025-09-20,EN250,South,584,547.37164,36.62835693359375,1,0
2025-09-20,EN250,West,439,486.45465,-47.45465087890625,0,0
2025-09-20,EN500,Central,226,262.02158,-36.021575927734375,0,0
2025-09-20,EN500,East,290,275.9521,14.04791259765625,0,0
2025-09-20,EN500,North,268,286.01263,-18.01263427734375,0,0
2025-09-20,EN500,South,340,326.4384,13.561614990234375,0,0
2025-09-20,EN500,West,387,326.3996,60.60040283203125,0,0
2025-09-20,LM250,Central,455,459.78552,-4.7855224609375,0,0
2025-09-20,LM250,East,573,472.64966,100.350341796875,0,0
2025-09-20,LM250,North,411,518.9098,-107.9097900390625,0,0
2025-09-20,LM250,South,535,599.67395,-64.6739501953125,0,0
2025-09-20,LM250,West,578,652.1876,-74.1876220703125,0,0
2025-09-20,LM500,Central,623,631.3828,-8.3828125,0,0
2025-09-20,LM500,East,601,680.19037,-79.19036865234375,0,0
2025-09-20,LM500,North,694,779.4851,-85.485107421875,0,0
2025-09-20,LM500,South,814,994.47614,-180.47613525390625,1,0
2025-09-20,LM500,West,1187,1089.0826,97.9173583984375,1,0
2025-09-20,OR1000,Central,446,407.1987,38.801300048828125,0,0
2025-09-20,OR1000,East,467,423.6282,43.371795654296875,0,0
2025-09-20,OR1000,North,519,445.15213,73.84786987304688,0,0
2025-09-20,OR1000,South,499,468.80725,30.1927490234375,0,0
2025-09-20,OR1000,West,582,508.34787,73.65213012695312,0,0
2025-09-20,OR500,Central,673,551.37836,121.62164306640625,0,0
2025-09-20,OR500,East,566,597.0815,-31.08148193359375,0,0
2025-09-20,OR500,North,607,614.04565,-7.045654296875,0,0
2025-09-20,OR500,South,640,680.21277,-40.2127685546875,0,0
2025-09-20,OR500,West,768,714.4164,53.5836181640625,0,0
2025-09-20,WT1000,Central,1246,1087.7974,158.20263671875,1,0
2025-09-20,WT1000,East,947,955.87634,-8.8763427734375,0,0
2025-09-20,WT1000,North,863,1027.2208,-164.2208251953125,0,0
2025-09-20,WT1000,South,1318,1116.9471,201.0528564453125,0,0
2025-09-20,WT1000,West,1041,1074.3513,-33.351318359375,0,0
2025-09-21,BB1000,Central,537,526.35803,10.6419677734375,0,0
2025-09-21,BB1000,East,501,554.2328,-53.2327880859375,0,0
2025-09-21,BB1000,North,617,609.61224,7.38775634765625,0,0
2025-09-21,BB1000,South,627,659.2319,-32.23187255859375,0,0
2025-09-21,BB1000,West,655,707.20984,-52.2098388671875,0,0
2025-09-21,BB250,Central,527,587.32947,-60.3294677734375,0,0
2025-09-21,BB250,East,636,618.55896,17.4410400390625,0,0
2025-09-21,BB250,North,657,662.16583,-5.16583251953125,0,0
2025-09-21,BB250,South,813,725.90076,87.0992431640625,0,0
2025-09-21,BB250,West,686,796.0819,-110.0819091796875,0,0
2025-09-21,BB500,Central,863,841.19794,21.80206298828125,0,0
2025-09-21,BB500,East,783,902.37476,-119.374755859375,0,0
2025-09-21,BB500,North,979,1249.3577,-270.357666015625,1,0
2025-09-21,BB500,South,1108,998.58936,109.41064453125,0,0
2025-09-21,BB500,West,1088,1069.7938,18.2061767578125,0,0
2025-09-21,EN250,Central,390,363.58945,26.410552978515625,0,0
2025-09-21,EN250,East,455,381.19888,73.80111694335938,0,0
2025-09-21,EN250,North,454,397.46237,56.537628173828125,0,0
2025-09-21,EN250,South,530,461.0714,68.9285888671875,0,0
2025-09-21,EN250,West,436,496.66766,-60.66766357421875,0,0
2025-09-21,EN500,Central,316,271.53116,44.468841552734375,0,0
2025-09-21,EN500,East,317,271.25275,45.74725341796875,0,0
2025-09-21,EN500,North,403,336.89328,66.10671997070312,1,0
2025-09-21,EN500,South,408,332.42694,75.57305908203125,0,0
2025-09-21,EN500,West,317,318.45477,-1.45477294921875,0,0
2025-09-21,LM250,Central,447,462.8596,-15.859588623046875,0,0
2025-09-21,LM250,East,551,491.98465,59.015350341796875,0,0
2025-09-21,LM250,North,585,503.97818,81.02182006835938,0,0
2025-09-21,LM250,South,660,579.348,80.6519775390625,0,0
2025-09-21,LM250,West,616,610.12317,5.8768310546875,0,0
2025-09-21,LM500,Central,674,640.1082,33.89178466796875,0,0
2025-09-21,LM500,East,705,672.99744,32.0025634765625,0,0
2025-09-21,LM500,North,754,770.5048,-16.50482177734375,0,0
2025-09-21,LM500,South,1098,1004.85803,93.1419677734375,1,0
2025-09-21,LM500,West,893,905.5638,-12.56378173828125,0,0
2025-09-21,OR1000,Central,405,407.0801,-2.080108642578125,0,0
2025-09-21,OR1000,East,518,512.69794,5.30206298828125,1,0
2025-09-21,OR1000,North,474,437.82748,36.172515869140625,0,0
2025-09-21,OR1000,South,584,467.50348,116.49652099609375,0,0
2025-09-21,OR1000,West,498,516.4173,-18.41729736328125,0,0
2025-09-21,OR500,Central,594,560.1467,33.853271484375,0,0
2025-09-21,OR500,East,529,589.77545,-60.77545166015625,0,0
2025-09-21,OR500,North,594,605.3269,-11.326904296875,0,0
2025-09-21,OR500,South,683,705.3506,-22.3505859375,0,0
2025-09-21,OR500,West,707,746.9209,-39.9208984375,0,0
2025-09-21,WT1000,Central,872,904.00433,-32.00433349609375,0,0
2025-09-21,WT1000,East,1424,1239.5065,184.4935302734375,1,0
2025-09-21,WT1000,North,1030,1047.4479,-17.4478759765625,0,0
2025-09-21,WT1000,South,1298,1125.0991,172.90087890625,0,0
2025-09-21,WT1000,West,1268,1110.4846,157.515380859375,0,0
2025-09-22,BB1000,Central,454,467.79953,-13.799530029296875,0,0
2025-09-22,BB1000,East,525,476.83514,48.16485595703125,0,0
2025-09-22,BB1000,North,499,549.7409,-50.74090576171875,0,0
2025-09-22,BB1000,South,584,542.7387,41.26129150390625,0,0
2025-09-22,BB1000,West,663,573.22,89.780029296875,0,0
2025-09-22,BB250,Central,576,515.7667,60.2332763671875,0,0
2025-09-22,BB250,East,644,538.7311,105.2689208984375,0,0
2025-09-22,BB250,North,744,686.9804,57.01959228515625,1,0
2025-09-22,BB250,South,685,627.26337,57.73663330078125,0,0
2025-09-22,BB250,West,710,666.5825,43.41748046875,0,0
2025-09-22,BB500,Central,679,713.68176,-34.6817626953125,0,0
2025-09-22,BB500,East,747,777.1215,-30.12152099609375,0,0
2025-09-22,BB500,North,865,864.389,0.61102294921875,0,0
2025-09-22,BB500,South,1027,908.49646,118.5035400390625,0,0
2025-09-22,BB500,West,1071,906.72064,164.27935791015625,0,0
2025-09-22,EN250,Central,306,318.51135,-12.5113525390625,0,0
2025-09-22,EN250,East,294,344.41516,-50.4151611328125,0,0
2025-09-22,EN250,North,521,445.5971,75.40289306640625,1,0
2025-09-22,EN250,South,418,399.14905,18.8509521484375,0,0
2025-09-22,EN250,West,399,412.63092,-13.63092041015625,0,0
2025-09-22,EN500,Central,279,282.20798,-3.207977294921875,1,0
2025-09-22,EN500,East,269,238.32011,30.679885864257812,0,0
2025-09-22,EN500,North,276,266.31152,9.6884765625,0,0
2025-09-22,EN500,South,284,289.321,-5.321014404296875,0,0
2025-09-22,EN500,West,323,290.0424,32.957611083984375,0,0
2025-09-22,LM250,Central,459,394.75156,64.24844360351562,0,0
2025-09-22,LM250,East,418,416.8497,1.150299072265625,0,0
2025-09-22,LM250,North,476,450.53128,25.468719482421875,0,0
2025-09-22,LM250,South,484,511.54483,-27.544830322265625,0,0
2025-09-22,LM250,West,515,523.2975,-8.2974853515625,0,0
2025-09-22,LM500,Central,742,678.7408,63.25921630859375,1,0
2025-09-22,LM500,East,513,593.2275,-80.22747802734375,0,0
2025-09-22,LM500,North,702,636.09247,65.90753173828125,0,0
2025-09-22,LM500,South,721,759.8593,-38.85931396484375,0,0
2025-09-22,LM500,West,837,759.39197,77.6080322265625,0,0
2025-09-22,OR1000,Central,433,355.24014,77.75985717773438,0,0
2025-09-22,OR1000,East,382,367.13995,14.86004638671875,0,0
2025-09-22,OR1000,North,449,396.98642,52.013580322265625,0,0
2025-09-22,OR1000,South,422,427.3581,-5.35809326171875,0,0
2025-09-22,OR1000,West,414,451.14035,-37.140350341796875,0,0
2025-09-22,OR500,Central,428,497.48395,-69.48394775390625,0,0
2025-09-22,OR500,East,477,510.1948,-33.194793701171875,0,0
2025-09-22,OR500,North,614,530.8532,83.14678955078125,0,0
2025-09-22,OR500,South,651,595.4839,55.51611328125,0,0
2025-09-22,OR500,West,652,619.3362,32.663818359375,0,0
2025-09-22,WT1000,Central,962,798.1561,163.8438720703125,0,0
2025-09-22,WT1000,East,895,848.4239,46.57611083984375,0,0
2025-09-22,WT1000,North,891,920.7692,-29.76922607421875,0,0
2025-09-22,WT1000,South,1052,1016.992,35.00799560546875,0,0
2025-09-22,WT1000,West,1019,985.27155,33.72845458984375,0,0
2025-09-23,BB1000,Central,478,468.04242,9.95758056640625,0,0
2025-09-23,BB1000,East,494,482.57532,11.4246826171875,0,0
2025-09-23,BB1000,North,624,530.2843,93.7156982421875,0,0
2025-09-23,BB1000,South,455,562.4857,-107.4857177734375,0,0
2025-09-23,BB1000,West,572,576.8448,-4.84478759765625,0,0
2025-09-23,BB250,Central,507,512.2273,-5.227294921875,0,0
2025-09-23,BB250,East,578,538.1314,39.86859130859375,0,0
2025-09-23,BB250,North,472,571.5485,-99.54852294921875,0,0
2025-09-23,BB250,South,533,635.4628,-102.46282958984375,0,0
2025-09-23,BB250,West,751,656.6355,94.364501953125,0,0
2025-09-23,BB500,Central,663,720.84845,-57.84844970703125,0,0
2025-09-23,BB500,East,705,788.39404,-83.39404296875,0,0
2025-09-23,BB500,North,739,843.2769,-104.27691650390625,0,0
2025-09-23,BB500,South,785,852.7396,-67.7396240234375,0,0
2025-09-23,BB500,West,890,940.399,-50.39898681640625,0,0
2025-09-23,EN250,Central,338,313.30505,24.6949462890625,0,0
2025-09-23,EN250,East,386,433.5978,-47.597808837890625,1,0
2025-09-23,EN250,North,304,354.75653,-50.75653076171875,0,0
2025-09-23,EN250,South,445,404.67123,40.328765869140625,0,0
2025-09-23,EN250,West,403,418.68042,-15.680419921875,0,0
2025-09-23,EN500,Central,220,234.71371,-14.713714599609375,0,0
2025-09-23,EN500,East,227,240.76186,-13.761856079101562,0,0
2025-09-23,EN500,North,240,266.14053,-26.140533447265625,0,0
2025-09-23,EN500,South,261,296.44452,-35.44451904296875,0,0
2025-09-23,EN500,West,320,288.68643,31.313568115234375,0,0
2025-09-23,LM250,Central,556,504.63156,51.368438720703125,1,0
2025-09-23,LM250,East,372,421.00433,-49.00433349609375,0,0
2025-09-23,LM250,North,415,439.15222,-24.1522216796875,0,0
2025-09-23,LM250,South,502,506.9004,-4.900390625,0,0
2025-09-23,LM250,West,516,534.3607,-18.3607177734375,0,0
2025-09-23,LM500,Central,534,583.4727,-49.47271728515625,0,0
2025-09-23,LM500,East,690,602.9476,87.05242919921875,0,0
2025-09-23,LM500,North,719,640.468,78.531982421875,0,0
2025-09-23,LM500,South,789,758.3097,30.6903076171875,0,0
2025-09-23,LM500,West,636,742.067,-106.0670166015625,0,0
2025-09-23,OR1000,Central,340,357.92023,-17.92022705078125,0,0
2025-09-23,OR1000,East,395,369.53522,25.46478271484375,0,0
2025-09-23,OR1000,North,438,393.56198,44.438018798828125,0,0
2025-09-23,OR1000,South,453,422.78693,30.21307373046875,0,0
2025-09-23,OR1000,West,477,446.70105,30.2989501953125,0,0
2025-09-23,OR500,Central,394,497.50095,-103.50094604492188,0,0
2025-09-23,OR500,East,604,520.61273,83.38726806640625,0,0
2025-09-23,OR500,North,434,525.1944,-91.19439697265625,0,0
2025-09-23,OR500,South,593,610.85516,-17.85516357421875,0,0
2025-09-23,OR500,West,677,611.4566,65.54339599609375,0,0
2025-09-23,WT1000,Central,679,784.88684,-105.8868408203125,0,0
2025-09-23,WT1000,East,909,821.91956,87.0804443359375,0,0
2025-09-23,WT1000,North,812,885.53253,-73.53253173828125,0,0
2025-09-23,WT1000,South,984,975.28015,8.7198486328125,0,0
2025-09-23,WT1000,West,1365,1189.7268,175.273193359375,1,0
2025-09-24,BB1000,Central,487,462.60965,24.390350341796875,0,0
2025-09-24,BB1000,East,441,476.62048,-35.6204833984375,0,0
2025-09-24,BB1000,North,611,539.7526,71.24737548828125,0,0
2025-09-24,BB1000,South,580,543.9046,36.09539794921875,0,0
2025-09-24,BB1000,West,704,576.66943,127.33056640625,0,0
2025-09-24,BB250,Central,619,630.1957,-11.1956787109375,1,0
2025-09-24,BB250,East,530,545.76733,-15.767333984375,0,0
2025-09-24,BB250,North,633,566.72925,66.270751953125,0,0
2025-09-24,BB250,South,565,620.5274,-55.52740478515625,0,0
2025-09-24,BB250,West,695,669.8808,25.11920166015625,0,0
2025-09-24,BB500,Central,752,718.599,33.4010009765625,0,0
2025-09-24,BB500,East,781,774.64136,6.358642578125,0,0
2025-09-24,BB500,North,1020,854.86505,165.13494873046875,0,0
2025-09-24,BB500,South,858,869.84796,-11.84796142578125,0,0
2025-09-24,BB500,West,1087,948.97614,138.02386474609375,0,0
2025-09-24,EN250,Central,336,312.65262,23.347381591796875,0,0
2025-09-24,EN250,East,320,345.5954,-25.59539794921875,0,0
2025-09-24,EN250,North,349,349.893,-0.89300537109375,0,0
2025-09-24,EN250,South,404,389.93158,14.06842041015625,0,0
2025-09-24,EN250,West,444,412.73718,31.2628173828125,0,0
2025-09-24,EN500,Central,200,229.55263,-29.552627563476562,0,0
2025-09-24,EN500,East,247,242.74861,4.2513885498046875,0,0
2025-09-24,EN500,North,284,263.59537,20.404632568359375,0,0
2025-09-24,EN500,South,265,292.77716,-27.77716064453125,0,0
2025-09-24,EN500,West,290,287.75577,2.244232177734375,0,0
2025-09-24,LM250,Central,439,395.5885,43.4114990234375,0,0
2025-09-24,LM250,East,565,419.5195,145.48049926757812,0,0
2025-09-24,LM250,North,471,451.048,19.951995849609375,0,0
2025-09-24,LM250,South,523,503.5112,19.488800048828125,0,0
2025-09-24,LM250,West,499,521.3452,-22.34521484375,0,0
2025-09-24,LM500,Central,529,547.423,-18.4229736328125,0,0
2025-09-24,LM500,East,614,601.94495,12.0550537109375,0,0
2025-09-24,LM500,North,610,646.1737,-36.1737060546875,0,0
2025-09-24,LM500,South,710,789.3978,-79.3978271484375,0,0
2025-09-24,LM500,West,794,720.5113,73.48870849609375,0,0
2025-09-24,OR1000,Central,350,342.62463,7.3753662109375,0,0
2025-09-24,OR1000,East,478,475.2503,2.74969482421875,1,0
2025-09-24,OR1000,North,510,477.33478,32.66522216796875,1,0
2025-09-24,OR1000,South,455,424.43265,30.567352294921875,0,0
2025-09-24,OR1000,West,492,445.74078,46.25921630859375,0,0
2025-09-24,OR500,Central,467,488.15305,-21.153045654296875,0,0
2025-09-24,OR500,East,567,505.93668,61.063323974609375,0,0
2025-09-24,OR500,North,591,523.35315,67.6468505859375,0,0
2025-09-24,OR500,South,507,632.2214,-125.22137451171875,0,0
2025-09-24,OR500,West,526,626.7611,-100.7611083984375,0,0
2025-09-24,WT1000,Central,762,811.68665,-49.6866455078125,0,0
2025-09-24,WT1000,East,791,827.19806,-36.19805908203125,0,0
2025-09-24,WT1000,North,847,896.68207,-49.68206787109375,0,0
2025-09-24,WT1000,South,1007,912.422,94.5780029296875,0,0
2025-09-24,WT1000,West,776,947.9499,-171.94989013671875,0,0
2025-09-25,BB1000,Central,401,476.21713,-75.21713256835938,0,0
2025-09-25,BB1000,East,486,476.51123,9.48876953125,0,0
2025-09-25,BB1000,North,552,542.153,9.84698486328125,0,0
2025-09-25,BB1000,South,624,541.5118,82.48822021484375,0,0
2025-09-25,BB1000,West,607,597.7948,9.2052001953125,0,0
2025-09-25,BB250,Central,485,513.96655,-28.966552734375,0,0
2025-09-25,BB250,East,709,540.8021,168.1978759765625,0,0
2025-09-25,BB250,North,601,564.94556,36.054443359375,0,0
2025-09-25,BB250,South,648,617.65,30.3499755859375,0,0
2025-09-25,BB250,West,855,884.74347,-29.74346923828125,1,0
2025-09-25,BB500,Central,767,731.81323,35.186767578125,0,0
2025-09-25,BB500,East,807,790.0944,16.90557861328125,0,0
2025-09-25,BB500,North,1135,1071.1704,63.82958984375,1,0
2025-09-25,BB500,South,1239,1107.4647,131.5352783203125,1,0
2025-09-25,BB500,West,802,982.58453,-180.58453369140625,0,0
2025-09-25,EN250,Central,370,312.71442,57.28558349609375,0,0
2025-09-25,EN250,East,335,343.89084,-8.890838623046875,0,0
2025-09-25,EN250,North,395,349.77383,45.226165771484375,0,0
2025-09-25,EN250,South,352,393.18756,-41.18756103515625,0,0
2025-09-25,EN250,West,397,407.10013,-10.100128173828125,0,0
2025-09-25,EN500,Central,230,228.38307,1.6169281005859375,0,0
2025-09-25,EN500,East,254,241.95401,12.045989990234375,0,0
2025-09-25,EN500,North,299,267.76053,31.239471435546875,0,0
2025-09-25,EN500,South,304,290.56146,13.43853759765625,0,0
2025-09-25,EN500,West,262,290.4458,-28.44580078125,0,0
2025-09-25,LM250,Central,403,406.9726,-3.97259521484375,0,0
2025-09-25,LM250,East,431,410.27533,20.72467041015625,0,0
2025-09-25,LM250,North,504,463.56622,40.43377685546875,0,0
2025-09-25,LM250,South,493,519.0491,-26.049072265625,0,0
2025-09-25,LM250,West,589,500.19202,88.8079833984375,0,0
2025-09-25,LM500,Central,655,547.6721,107.327880859375,0,0
2025-09-25,LM500,East,679,590.73425,88.2657470703125,0,0
2025-09-25,LM500,North,663,654.47906,8.52093505859375,0,0
2025-09-25,LM500,South,673,726.74133,-53.7413330078125,0,0
2025-09-25,LM500,West,532,737.77167,-205.77166748046875,0,0
2025-09-25,OR1000,Central,312,352.2955,-40.295501708984375,0,0
2025-09-25,OR1000,East,334,379.65958,-45.659576416015625,0,0
2025-09-25,OR1000,North,406,389.8664,16.13360595703125,0,0
2025-09-25,OR1000,South,472,425.99698,46.003021240234375,0,0
2025-09-25,OR1000,West,447,452.60513,-5.605133056640625,0,0
2025-09-25,OR500,Central,500,485.9967,14.0032958984375,0,0
2025-09-25,OR500,East,469,507.7944,-38.794403076171875,0,0
2025-09-25,OR500,North,471,531.58356,-60.58355712890625,0,0
2025-09-25,OR500,South,634,599.28625,34.7137451171875,0,0
2025-09-25,OR500,West,698,614.77594,83.22406005859375,0,0
2025-09-25,WT1000,Central,634,805.60077,-171.60076904296875,0,0
2025-09-25,WT1000,East,849,798.19543,50.8045654296875,0,0
2025-09-25,WT1000,North,983,880.4339,102.56610107421875,0,0
2025-09-25,WT1000,South,795,986.9055,-191.905517578125,0,0
2025-09-25,WT1000,West,1083,1029.9537,53.0462646484375,0,0
2025-09-26,BB1000,Central,550,463.75598,86.2440185546875,0,0
2025-09-26,BB1000,East,426,481.1979,-55.197906494140625,0,0
2025-09-26,BB1000,North,466,544.6258,-78.62579345703125,0,0
2025-09-26,BB1000,South,580,561.20044,18.799560546875,0,0
2025-09-26,BB1000,West,552,561.42926,-9.42926025390625,0,0
2025-09-26,BB250,Central,533,644.0578,-111.05780029296875,1,0
2025-09-26,BB250,East,484,565.02594,-81.02593994140625,0,0
2025-09-26,BB250,North,534,545.051,-11.051025390625,0,0
2025-09-26,BB250,South,686,620.5962,65.40380859375,0,0
2025-09-26,BB250,West,619,670.1466,-51.1466064453125,0,0
2025-09-26,BB500,Central,795,731.66833,63.3316650390625,0,0
2025-09-26,BB500,East,916,786.52936,129.47064208984375,0,0
2025-09-26,BB500,North,846,877.0366,-31.03662109375,0,0
2025-09-26,BB500,South,1068,1114.3695,-46.3695068359375,1,0
2025-09-26,BB500,West,1015,951.4449,63.55511474609375,0,0
2025-09-26,EN250,Central,348,315.8444,32.155609130859375,0,0
2025-09-26,EN250,East,300,346.16873,-46.168731689453125,0,0
2025-09-26,EN250,North,349,360.7106,-11.710601806640625,0,0
2025-09-26,EN250,South,358,408.38882,-50.388824462890625,0,0
2025-09-26,EN250,West,424,409.18973,14.810272216796875,0,0
2025-09-26,EN500,Central,230,230.59265,-0.5926513671875,0,0
2025-09-26,EN500,East,236,243.04178,-7.041778564453125,0,0
2025-09-26,EN500,North,293,267.65573,25.344268798828125,0,0
2025-09-26,EN500,South,260,291.54135,-31.541351318359375,0,0
2025-09-26,EN500,West,315,287.0966,27.903411865234375,0,0
2025-09-26,LM250,Central,451,512.4425,-61.4425048828125,1,0
2025-09-26,LM250,East,413,428.78027,-15.7802734375,0,0
2025-09-26,LM250,North,406,468.78323,-62.783233642578125,0,0
2025-09-26,LM250,South,609,608.02484,0.97515869140625,1,0
2025-09-26,LM250,West,581,518.6255,62.37451171875,0,0
2025-09-26,LM500,Central,576,564.5149,11.485107421875,0,0
2025-09-26,LM500,East,637,594.5048,42.49517822265625,0,0
2025-09-26,LM500,North,661,672.2843,-11.2843017578125,0,0
2025-09-26,LM500,South,573,726.9825,-153.98248291015625,0,0
2025-09-26,LM500,West,823,734.07465,88.92535400390625,0,0
2025-09-26,OR1000,Central,310,358.61356,-48.613555908203125,0,0
2025-09-26,OR1000,East,332,378.7281,-46.72808837890625,0,0
2025-09-26,OR1000,North,444,395.8277,48.17230224609375,0,0
2025-09-26,OR1000,South,441,426.57962,14.420379638671875,0,0
2025-09-26,OR1000,West,542,580.6309,-38.63092041015625,1,0
2025-09-26,OR500,Central,443,486.36548,-43.365478515625,0,0
2025-09-26,OR500,East,471,529.6173,-58.6173095703125,0,0
2025-09-26,OR500,North,551,543.84894,7.15106201171875,0,0
2025-09-26,OR500,South,614,617.8605,-3.8604736328125,0,0
2025-09-26,OR500,West,608,612.75024,-4.750244140625,0,0
2025-09-26,WT1000,Central,808,805.7058,2.294189453125,0,0
2025-09-26,WT1000,East,802,844.0168,-42.01678466796875,0,0
2025-09-26,WT1000,North,981,912.84656,68.1534423828125,0,0
2025-09-26,WT1000,South,1014,973.1736,40.826416015625,0,0
2025-09-26,WT1000,West,995,925.23193,69.76806640625,0,0
2025-09-27,BB1000,Central,554,522.60596,31.39404296875,0,0
2025-09-27,BB1000,East,520,570.8135,-50.8134765625,0,0
2025-09-27,BB1000,North,611,596.7141,14.285888671875,0,0
2025-09-27,BB1000,South,611,630.16626,-19.166259765625,0,0
2025-09-27,BB1000,West,600,691.2718,-91.27178955078125,0,0
2025-09-27,BB250,Central,573,746.32336,-173.3233642578125,1,0
2025-09-27,BB250,East,672,630.8,41.20001220703125,0,0
2025-09-27,BB250,North,624,664.3873,-40.3873291015625,0,0
2025-09-27,BB250,South,676,729.7123,-53.7122802734375,0,0
2025-09-27,BB250,West,793,792.3004,0.6995849609375,0,0
2025-09-27,BB500,Central,911,847.3978,63.6021728515625,0,0
2025-09-27,BB500,East,980,938.93463,41.06536865234375,0,0
2025-09-27,BB500,North,1105,970.0852,134.914794921875,0,0
2025-09-27,BB500,South,976,1107.9404,-131.9404296875,0,0
2025-09-27,BB500,West,1104,1075.7802,28.2198486328125,0,0
2025-09-27,EN250,Central,388,367.66434,20.335662841796875,0,0
2025-09-27,EN250,East,364,379.32916,-15.32916259765625,0,0
2025-09-27,EN250,North,414,415.66364,-1.66363525390625,0,0
2025-09-27,EN250,South,460,474.65036,-14.650360107421875,0,0
2025-09-27,EN250,West,542,473.5261,68.47390747070312,0,0
2025-09-27,EN500,Central,264,269.9432,-5.943206787109375,0,0
2025-09-27,EN500,East,270,273.8344,-3.83441162109375,0,0
2025-09-27,EN500,North,309,305.28375,3.71624755859375,0,0
2025-09-27,EN500,South,367,332.87262,34.12738037109375,0,0
2025-09-27,EN500,West,300,330.38403,-30.384033203125,0,0
2025-09-27,LM250,Central,487,461.55905,25.440948486328125,0,0
2025-09-27,LM250,East,508,513.0006,-5.0006103515625,0,0
2025-09-27,LM250,North,563,498.3651,64.6348876953125,0,0
2025-09-27,LM250,South,535,571.4276,-36.4276123046875,0,0
2025-09-27,LM250,West,523,606.1977,-83.19769287109375,0,0
2025-09-27,LM500,Central,677,637.6242,39.37579345703125,0,0
2025-09-27,LM500,East,733,683.8689,49.131103515625,0,0
2025-09-27,LM500,North,650,764.39264,-114.39263916015625,0,0
2025-09-27,LM500,South,913,781.06287,131.9371337890625,0,0
2025-09-27,LM500,West,841,840.5369,0.46307373046875,0,0
2025-09-27,OR1000,Central,411,392.43488,18.56512451171875,0,0
2025-09-27,OR1000,East,454,425.06848,28.9315185546875,0,0
2025-09-27,OR1000,North,485,451.92194,33.07806396484375,0,0
2025-09-27,OR1000,South,471,505.1111,-34.111114501953125,0,0
2025-09-27,OR1000,West,570,512.3091,57.69091796875,0,0
2025-09-27,OR500,Central,578,548.98083,29.0191650390625,0,0
2025-09-27,OR500,East,611,589.2484,21.7515869140625,0,0
2025-09-27,OR500,North,645,606.69653,38.303466796875,0,0
2025-09-27,OR500,South,569,730.6418,-161.64178466796875,0,0
2025-09-27,OR500,West,665,732.2984,-67.29840087890625,0,0
2025-09-27,WT1000,Central,1029,899.5564,129.443603515625,0,0
2025-09-27,WT1000,East,859,952.0546,-93.05462646484375,0,0
2025-09-27,WT1000,North,1215,1006.51117,208.48883056640625,0,0
2025-09-27,WT1000,South,1292,1177.337,114.6629638671875,0,0
2025-09-27,WT1000,West,1396,1452.4036,-56.403564453125,1,0
2025-09-28,BB1000,Central,516,524.0132,-8.01318359375,0,0
2025-09-28,BB1000,East,616,551.78485,64.21514892578125,0,0
2025-09-28,BB1000,North,508,607.8235,-99.823486328125,0,0
2025-09-28,BB1000,South,653,636.4742,16.52581787109375,0,0
2025-09-28,BB1000,West,708,666.9622,41.03778076171875,0,0
2025-09-28,BB250,Central,565,605.4672,-40.46722412109375,0,0
2025-09-28,BB250,East,646,631.6511,14.348876953125,0,0
2025-09-28,BB250,North,689,643.0184,45.98162841796875,0,0
2025-09-28,BB250,South,580,714.92645,-134.92645263671875,0,0
2025-09-28,BB250,West,750,802.2807,-52.28070068359375,0,0
2025-09-28,BB500,Central,910,879.5403,30.459716796875,0,0
2025-09-28,BB500,East,966,941.23987,24.7601318359375,0,0
2025-09-28,BB500,North,926,983.87683,-57.8768310546875,0,0
2025-09-28,BB500,South,918,1098.6544,-180.6544189453125,0,0
2025-09-28,BB500,West,1054,1031.1528,22.84716796875,0,0
2025-09-28,EN250,Central,358,366.35645,-8.3564453125,0,0
2025-09-28,EN250,East,375,389.25067,-14.25067138671875,0,0
2025-09-28,EN250,North,387,408.54477,-21.544769287109375,0,0
2025-09-28,EN250,South,423,468.14984,-45.14984130859375,0,0
2025-09-28,EN250,West,668,560.97015,107.02984619140625,1,0
2025-09-28,EN500,Central,317,338.71683,-21.716827392578125,1,0
2025-09-28,EN500,East,325,280.6163,44.383697509765625,0,0
2025-09-28,EN500,North,308,304.71646,3.283538818359375,0,0
2025-09-28,EN500,South,317,326.38535,-9.385345458984375,0,0
2025-09-28,EN500,West,349,323.79523,25.20477294921875,0,0
2025-09-28,LM250,Central,490,465.94464,24.05535888671875,0,0
2025-09-28,LM250,East,545,480.47562,64.52438354492188,0,0
2025-09-28,LM250,North,465,508.87726,-43.87725830078125,0,0
2025-09-28,LM250,South,584,574.81415,9.18585205078125,0,0
2025-09-28,LM250,West,686,604.90704,81.09295654296875,0,0
2025-09-28,LM500,Central,564,643.6357,-79.63568115234375,0,0
2025-09-28,LM500,East,910,879.8871,30.1129150390625,1,0
2025-09-28,LM500,North,703,765.96704,-62.967041015625,0,0
2025-09-28,LM500,South,799,838.11505,-39.11505126953125,0,0
2025-09-28,LM500,West,869,833.3655,35.634521484375,0,0
2025-09-28,OR1000,Central,444,383.55804,60.44195556640625,0,0
2025-09-28,OR1000,East,443,428.1329,14.867095947265625,0,0
2025-09-28,OR1000,North,596,540.59143,55.4085693359375,1,0
2025-09-28,OR1000,South,531,488.49963,42.5003662109375,0,0
2025-09-28,OR1000,West,470,527.63165,-57.63165283203125,0,0
2025-09-28,OR500,Central,541,549.2582,-8.2581787109375,0,0
2025-09-28,OR500,East,590,587.8391,2.160888671875,0,0
2025-09-28,OR500,North,731,598.93835,132.0616455078125,0,0
2025-09-28,OR500,South,684,711.5397,-27.5396728515625,0,0
2025-09-28,OR500,West,624,727.0824,-103.0823974609375,0,0
2025-09-28,WT1000,Central,831,910.268,-79.26800537109375,0,0
2025-09-28,WT1000,East,986,1022.9849,-36.98492431640625,0,0
2025-09-28,WT1000,North,883,1014.5866,-131.58660888671875,0,0
2025-09-28,WT1000,South,1197,1122.742,74.258056640625,0,0
2025-09-28,WT1000,West,1435,1411.4639,23.5361328125,1,0
2025-09-29,BB1000,Central,477,464.07462,12.925384521484375,0,0
2025-09-29,BB1000,East,489,480.00726,8.99273681640625,0,0
2025-09-29,BB1000,North,459,511.6599,-52.659912109375,0,0
2025-09-29,BB1000,South,681,553.7849,127.215087890625,0,0
2025-09-29,BB1000,West,594,572.53394,21.466064453125,0,0
2025-09-29,BB250,Central,514,502.64218,11.357818603515625,0,0
2025-09-29,BB250,East,605,543.76794,61.2320556640625,0,0
2025-09-29,BB250,North,677,555.435,121.56500244140625,0,0
2025-09-29,BB250,South,680,621.5726,58.42742919921875,0,0
2025-09-29,BB250,West,651,699.99207,-48.9920654296875,0,0
2025-09-29,BB500,Central,658,745.6224,-87.62237548828125,0,0
2025-09-29,BB500,East,916,773.57745,142.42254638671875,0,0
2025-09-29,BB500,North,991,876.9829,114.01708984375,0,0
2025-09-29,BB500,South,835,922.991,-87.99102783203125,0,0
2025-09-29,BB500,West,1097,938.33075,158.66925048828125,0,0
2025-09-29,EN250,Central,368,317.5895,50.410491943359375,0,0
2025-09-29,EN250,East,337,332.7177,4.28228759765625,0,0
2025-09-29,EN250,North,287,351.18335,-64.183349609375,0,0
2025-09-29,EN250,South,402,406.26968,-4.269683837890625,0,0
2025-09-29,EN250,West,402,395.45154,6.5484619140625,0,0
2025-09-29,EN500,Central,220,230.63588,-10.635879516601562,0,0
2025-09-29,EN500,East,280,240.34064,39.65936279296875,0,0
2025-09-29,EN500,North,252,266.20627,-14.206268310546875,0,0
2025-09-29,EN500,South,301,287.65793,13.342071533203125,0,0
2025-09-29,EN500,West,303,291.7016,11.29840087890625,0,0
2025-09-29,LM250,Central,386,416.4984,-30.4984130859375,0,0
2025-09-29,LM250,East,375,423.14685,-48.1468505859375,0,0
2025-09-29,LM250,North,432,452.37964,-20.379638671875,0,0
2025-09-29,LM250,South,548,492.09387,55.9061279296875,0,0
2025-09-29,LM250,West,570,535.12885,34.87115478515625,0,0
2025-09-29,LM500,Central,469,539.31616,-70.316162109375,0,0
2025-09-29,LM500,East,662,606.0863,55.9136962890625,0,0
2025-09-29,LM500,North,599,621.7427,-22.74267578125,0,0
2025-09-29,LM500,South,683,727.1272,-44.127197265625,0,0
2025-09-29,LM500,West,718,764.43994,-46.43994140625,0,0
2025-09-29,OR1000,Central,392,360.26428,31.7357177734375,0,0
2025-09-29,OR1000,East,411,374.31403,36.68597412109375,0,0
2025-09-29,OR1000,North,421,406.0898,14.910186767578125,0,0
2025-09-29,OR1000,South,546,529.3993,16.6007080078125,1,0
2025-09-29,OR1000,West,432,448.76428,-16.7642822265625,0,0
2025-09-29,OR500,Central,454,479.49503,-25.495025634765625,0,0
2025-09-29,OR500,East,469,512.4907,-43.49072265625,0,0
2025-09-29,OR500,North,492,541.82184,-49.82183837890625,0,0
2025-09-29,OR500,South,786,734.61,51.3900146484375,1,0
2025-09-29,OR500,West,573,611.1806,-38.18060302734375,0,0
2025-09-29,WT1000,Central,863,804.29645,58.70355224609375,0,0
2025-09-29,WT1000,East,895,850.91144,44.08856201171875,0,0
2025-09-29,WT1000,North,767,871.55927,-104.55926513671875,0,0
2025-09-29,WT1000,South,975,974.26294,0.737060546875,0,0
2025-09-29,WT1000,West,1133,944.1733,188.82672119140625,0,0
2025-09-30,BB1000,Central,423,461.26804,-38.268035888671875,0,0
2025-09-30,BB1000,East,425,466.34256,-41.342559814453125,0,0
2025-09-30,BB1000,North,485,504.23862,-19.238616943359375,0,0
2025-09-30,BB1000,South,567,591.5369,-24.53692626953125,0,0
2025-09-30,BB1000,West,714,573.98145,140.0185546875,0,0
2025-09-30,BB250,Central,571,523.41766,47.58233642578125,0,0
2025-09-30,BB250,East,530,541.8636,-11.86358642578125,0,0
2025-09-30,BB250,North,537,572.4485,-35.448486328125,0,0
2025-09-30,BB250,South,658,614.74255,43.2574462890625,0,0
2025-09-30,BB250,West,589,656.3275,-67.3275146484375,0,0
2025-09-30,BB500,Central,765,735.99274,29.00726318359375,0,0
2025-09-30,BB500,East,714,783.78174,-69.78173828125,0,0
2025-09-30,BB500,North,739,844.5,-105.5,0,0
2025-09-30,BB500,South,946,859.7018,86.2982177734375,0,0
2025-09-30,BB500,West,999,938.839,60.1610107421875,0,0
2025-09-30,EN250,Central,388,316.13898,71.86102294921875,0,0
2025-09-30,EN250,East,415,332.1589,82.84109497070312,0,0
2025-09-30,EN250,North,304,353.19397,-49.1939697265625,0,0
2025-09-30,EN250,South,584,502.27258,81.7274169921875,1,0
2025-09-30,EN250,West,418,429.38235,-11.382354736328125,0,0
2025-09-30,EN500,Central,266,229.26884,36.73115539550781,0,0
2025-09-30,EN500,East,236,239.98889,-3.9888916015625,0,0
2025-09-30,EN500,North,280,262.96375,17.0362548828125,0,0
2025-09-30,EN500,South,262,286.88297,-24.882965087890625,0,0
2025-09-30,EN500,West,353,288.2444,64.755615234375,0,0
2025-09-30,LM250,Central,494,414.86218,79.1378173828125,0,0
2025-09-30,LM250,East,434,422.43115,11.56884765625,0,0
2025-09-30,LM250,North,484,445.3965,38.603485107421875,0,0
2025-09-30,LM250,South,585,488.2398,96.76019287109375,0,0
2025-09-30,LM250,West,563,532.95557,30.04443359375,0,0
2025-09-30,LM500,Central,584,556.23566,27.76434326171875,0,0
2025-09-30,LM500,East,593,609.9432,-16.94317626953125,0,0
2025-09-30,LM500,North,753,648.1739,104.82611083984375,0,0
2025-09-30,LM500,South,739,705.9555,33.04449462890625,0,0
2025-09-30,LM500,West,817,723.828,93.1719970703125,0,0
2025-09-30,OR1000,Central,409,357.83347,51.166534423828125,0,0
2025-09-30,OR1000,East,294,376.19827,-82.19827270507812,0,0
2025-09-30,OR1000,North,369,412.0348,-43.0347900390625,0,0
2025-09-30,OR1000,South,443,428.986,14.014007568359375,0,0
2025-09-30,OR1000,West,396,443.35745,-47.357452392578125,0,0
2025-09-30,OR500,Central,505,478.50586,26.494140625,0,0
2025-09-30,OR500,East,510,503.60794,6.392059326171875,0,0
2025-09-30,OR500,North,559,686.4446,-127.444580078125,1,0
2025-09-30,OR500,South,550,611.4701,-61.4700927734375,0,0
2025-09-30,OR500,West,872,745.265,126.7349853515625,1,0
2025-09-30,WT1000,Central,791,803.36084,-12.36083984375,0,0
2025-09-30,WT1000,East,744,866.08124,-122.08123779296875,0,0
2025-09-30,WT1000,North,1024,858.52484,165.47515869140625,0,0
2025-09-30,WT1000,South,1084,959.55225,124.44775390625,0,0
2025-09-30,WT1000,West,1000,963.86096,36.1390380859375,0,0
2025-10-01,BB1000,Central,474,445.77267,28.227325439453125,0,0
2025-10-01,BB1000,East,565,473.54984,91.45016479492188,0,0
2025-10-01,BB1000,North,488,507.32233,-19.32232666015625,0,0
2025-10-01,BB1000,South,568,556.1131,11.88690185546875,0,0
2025-10-01,BB1000,West,628,589.05054,38.949462890625,0,0
2025-10-01,BB250,Central,469,521.8587,-52.85870361328125,0,0
2025-10-01,BB250,East,594,541.4691,52.5308837890625,0,0
2025-10-01,BB250,North,654,574.56683,79.43316650390625,0,0
2025-10-01,BB250,South,640,616.0666,23.93341064453125,0,0
2025-10-01,BB250,West,610,658.8427,-48.84271240234375,0,0
2025-10-01,BB500,Central,711,727.62195,-16.6219482421875,0,0
2025-10-01,BB500,East,859,799.2549,59.7451171875,0,0
2025-10-01,BB500,North,839,855.6558,-16.65582275390625,0,0
2025-10-01,BB500,South,870,874.2857,-4.28570556640625,0,0
2025-10-01,BB500,West,1051,973.8948,77.105224609375,0,0
2025-10-01,EN250,Central,410,406.3471,3.65289306640625,1,0
2025-10-01,EN250,East,417,330.90695,86.09304809570312,0,0
2025-10-01,EN250,North,463,432.79413,30.20587158203125,1,0
2025-10-01,EN250,South,404,405.41925,-1.41925048828125,0,0
2025-10-01,EN250,West,433,411.22693,21.7730712890625,0,0
2025-10-01,EN500,Central,217,236.37987,-19.379867553710938,0,0
2025-10-01,EN500,East,260,242.8844,17.1156005859375,0,0
2025-10-01,EN500,North,239,265.88107,-26.881072998046875,0,0
2025-10-01,EN500,South,288,287.68182,0.31817626953125,0,0
2025-10-01,EN500,West,319,286.94434,32.0556640625,0,0
2025-10-01,LM250,Central,352,415.00894,-63.008941650390625,0,0
2025-10-01,LM250,East,464,419.12784,44.872161865234375,0,0
2025-10-01,LM250,North,433,451.35364,-18.3536376953125,0,0
2025-10-01,LM250,South,491,498.32394,-7.323944091796875,0,0
2025-10-01,LM250,West,569,516.452,52.5479736328125,0,0
2025-10-01,LM500,Central,757,690.74176,66.25823974609375,1,0
2025-10-01,LM500,East,707,617.35205,89.64794921875,0,0
2025-10-01,LM500,North,577,657.3414,-80.34136962890625,0,0
2025-10-01,LM500,South,765,690.907,74.093017578125,0,0
2025-10-01,LM500,West,732,748.0099,-16.0098876953125,0,0
2025-10-01,OR1000,Central,397,364.6289,32.37109375,0,0
2025-10-01,OR1000,East,362,366.62054,-4.62054443359375,0,0
2025-10-01,OR1000,North,439,405.06958,33.930419921875,0,0
2025-10-01,OR1000,South,496,432.30017,63.6998291015625,0,0
2025-10-01,OR1000,West,493,446.25473,46.745269775390625,0,0
2025-10-01,OR500,Central,481,482.21805,-1.218048095703125,0,0
2025-10-01,OR500,East,524,503.782,20.217987060546875,0,0
2025-10-01,OR500,North,436,535.0129,-99.01287841796875,0,0
2025-10-01,OR500,South,667,595.16876,71.83123779296875,0,0
2025-10-01,OR500,West,686,622.5026,63.49737548828125,0,0
2025-10-01,WT1000,Central,860,790.94965,69.05035400390625,0,0
2025-10-01,WT1000,East,744,829.6318,-85.63177490234375,0,0
2025-10-01,WT1000,North,902,885.77423,16.22576904296875,0,0
2025-10-01,WT1000,South,1027,954.47955,72.52044677734375,0,0
2025-10-01,WT1000,West,1113,889.5156,223.484375,0,0
2025-10-02,BB1000,Central,560,524.03564,35.96435546875,0,1
2025-10-02,BB1000,East,665,663.7514,1.24859619140625,1,1
2025-10-02,BB1000,North,626,622.97003,3.02996826171875,0,1
2025-10-02,BB1000,South,558,669.9842,-111.98419189453125,0,1
2025-10-02,BB1000,West,614,702.33905,-88.33905029296875,0,1
2025-10-02,BB250,Central,618,680.89404,-62.89404296875,0,1
2025-10-02,BB250,East,620,692.7006,-72.70062255859375,0,1
2025-10-02,BB250,North,721,657.7934,63.20660400390625,0,1
2025-10-02,BB250,South,981,887.74316,93.2568359375,1,1
2025-10-02,BB250,West,870,836.3782,33.621826171875,0,1
2025-10-02,BB500,Central,875,890.29614,-15.296142578125,0,1
2025-10-02,BB500,East,945,1017.8686,-72.86859130859375,0,1
2025-10-02,BB500,North,972,1076.9092,-104.9091796875,0,1
2025-10-02,BB500,South,1007,1052.455,-45.4549560546875,0,1
2025-10-02,BB500,West,1264,1080.9297,183.0703125,0,1
2025-10-02,EN250,Central,439,392.4878,46.51220703125,0,1
2025-10-02,EN250,East,366,406.19998,-40.199981689453125,0,1
2025-10-02,EN250,North,480,422.7372,57.262786865234375,0,1
2025-10-02,EN250,South,546,487.6411,58.35888671875,0,1
2025-10-02,EN250,West,437,517.2181,-80.21807861328125,0,1
2025-10-02,EN500,Central,363,323.9671,39.03289794921875,1,1
2025-10-02,EN500,East,387,339.6019,47.398101806640625,1,1
2025-10-02,EN500,North,312,315.66486,-3.66485595703125,0,1
2025-10-02,EN500,South,374,380.33096,-6.330963134765625,0,1
2025-10-02,EN500,West,303,367.72018,-64.72018432617188,0,1
2025-10-02,LM250,Central,490,516.39996,-26.39996337890625,0,1
2025-10-02,LM250,East,530,504.92725,25.07275390625,0,1
2025-10-02,LM250,North,557,520.9676,36.03240966796875,0,1
2025-10-02,LM250,South,555,567.7184,-12.7183837890625,0,1
2025-10-02,LM250,West,647,648.6679,-1.66790771484375,0,1
2025-10-02,LM500,Central,623,682.77167,-59.77166748046875,0,1
2025-10-02,LM500,East,862,736.5886,125.411376953125,0,1
2025-10-02,LM500,North,705,773.61774,-68.61773681640625,0,1
2025-10-02,LM500,South,957,848.95123,108.04876708984375,0,1
2025-10-02,LM500,West,977,917.77814,59.22186279296875,0,1
2025-10-02,OR1000,Central,379,431.8903,-52.890289306640625,0,1
2025-10-02,OR1000,East,487,424.51562,62.484375,0,1
2025-10-02,OR1000,North,464,508.16714,-44.167144775390625,0,1
2025-10-02,OR1000,South,618,528.5804,89.41961669921875,0,1
2025-10-02,OR1000,West,595,526.5032,68.496826171875,0,1
2025-10-02,OR500,Central,537,598.5326,-61.5325927734375,0,1
2025-10-02,OR500,East,621,644.9912,-23.9912109375,0,1
2025-10-02,OR500,North,559,642.0825,-83.08251953125,0,1
2025-10-02,OR500,South,842,685.9782,156.02178955078125,0,1
2025-10-02,OR500,West,942,791.7204,150.27960205078125,0,1
2025-10-02,WT1000,Central,893,1024.6725,-131.6724853515625,0,1
2025-10-02,WT1000,East,941,987.8422,-46.84222412109375,0,1
2025-10-02,WT1000,North,1010,1006.11554,3.88446044921875,0,1
2025-10-02,WT1000,South,1029,884.8119,144.1881103515625,0,1
2025-10-02,WT1000,West,1423,979.3693,443.63067626953125,0,1
2025-10-03,BB1000,Central,457,465.823,-8.822998046875,0,0
2025-10-03,BB1000,East,425,481.6072,-56.607208251953125,0,0
2025-10-03,BB1000,North,525,522.0691,2.930908203125,0,0
2025-10-03,BB1000,South,644,567.3697,76.63031005859375,0,0
2025-10-03,BB1000,West,492,565.979,-73.97900390625,0,0
2025-10-03,BB250,Central,532,519.19415,12.80584716796875,0,0
2025-10-03,BB250,East,556,550.8642,5.13580322265625,0,0
2025-10-03,BB250,North,532,588.9889,-56.9888916015625,0,0
2025-10-03,BB250,South,687,629.3261,57.67388916015625,0,0
2025-10-03,BB250,West,672,670.01385,1.98614501953125,0,0
2025-10-03,BB500,Central,939,922.17957,16.8204345703125,1,0
2025-10-03,BB500,East,859,783.652,75.3480224609375,0,0
2025-10-03,BB500,North,675,847.56335,-172.5633544921875,0,0
2025-10-03,BB500,South,911,899.536,11.4639892578125,0,0
2025-10-03,BB500,West,928,907.0636,20.9364013671875,0,0
2025-10-03,EN250,Central,269,338.63077,-69.63076782226562,0,0
2025-10-03,EN250,East,304,343.53027,-39.5302734375,0,0
2025-10-03,EN250,North,344,370.18457,-26.1845703125,0,0
2025-10-03,EN250,South,464,412.55508,51.444915771484375,0,0
2025-10-03,EN250,West,303,412.8352,-109.835205078125,0,0
2025-10-03,EN500,Central,239,239.71918,-0.71917724609375,0,0
2025-10-03,EN500,East,239,251.20688,-12.206878662109375,0,0
2025-10-03,EN500,North,208,267.01202,-59.01202392578125,0,0
2025-10-03,EN500,South,288,286.68826,1.311737060546875,0,0
2025-10-03,EN500,West,297,292.62692,4.373077392578125,0,0
2025-10-03,LM250,Central,454,414.69992,39.300079345703125,0,0
2025-10-03,LM250,East,465,429.0139,35.986114501953125,0,0
2025-10-03,LM250,North,444,443.32434,0.6756591796875,0,0
2025-10-03,LM250,South,478,506.56815,-28.568145751953125,0,0
2025-10-03,LM250,West,701,674.1176,26.88238525390625,1,0
2025-10-03,LM500,Central,491,568.1907,-77.190673828125,0,0
2025-10-03,LM500,East,650,623.7622,26.23779296875,0,0
2025-10-03,LM500,North,574,650.2683,-76.268310546875,0,0
2025-10-03,LM500,South,705,774.3596,-69.359619140625,0,0
2025-10-03,LM500,West,822,937.91113,-115.9111328125,1,0
2025-10-03,OR1000,Central,363,362.84344,0.15655517578125,0,0
2025-10-03,OR1000,East,394,371.11835,22.88165283203125,0,0
2025-10-03,OR1000,North,386,408.25897,-22.25897216796875,0,0
2025-10-03,OR1000,South,422,434.0536,-12.0535888671875,0,0
2025-10-03,OR1000,West,423,455.52652,-32.526519775390625,0,0
2025-10-03,OR500,Central,473,480.9233,-7.923309326171875,0,0
2025-10-03,OR500,East,549,512.24695,36.7530517578125,0,0
2025-10-03,OR500,North,557,534.3337,22.66632080078125,0,0
2025-10-03,OR500,South,640,615.5467,24.45330810546875,0,0
2025-10-03,OR500,West,581,620.2516,-39.2515869140625,0,0
2025-10-03,WT1000,Central,868,792.6651,75.33489990234375,0,0
2025-10-03,WT1000,East,894,852.372,41.62799072265625,0,0
2025-10-03,WT1000,North,815,844.1979,-29.1978759765625,0,0
2025-10-03,WT1000,South,934,954.168,-20.16802978515625,0,0
2025-10-03,WT1000,West,1095,897.12274,197.87725830078125,0,0
2025-10-04,BB1000,Central,612,528.47687,83.52313232421875,0,0
2025-10-04,BB1000,East,524,546.7688,-22.768798828125,0,0
2025-10-04,BB1000,North,538,591.2348,-53.23480224609375,0,0
2025-10-04,BB1000,South,645,663.6885,-18.6884765625,0,0
2025-10-04,BB1000,West,660,681.1268,-21.12677001953125,0,0
2025-10-04,BB250,Central,568,602.4501,-34.4500732421875,0,0
2025-10-04,BB250,East,750,622.8003,127.19970703125,0,0
2025-10-04,BB250,North,714,658.4802,55.519775390625,0,0
2025-10-04,BB250,South,642,726.0992,-84.09918212890625,0,0
2025-10-04,BB250,West,796,778.0773,17.9227294921875,0,0
2025-10-04,BB500,Central,858,868.66876,-10.66876220703125,0,0
2025-10-04,BB500,East,1041,943.16187,97.838134765625,0,0
2025-10-04,BB500,North,1067,968.0668,98.9332275390625,0,0
2025-10-04,BB500,South,1032,1033.6422,-1.6422119140625,0,0
2025-10-04,BB500,West,1051,1089.4675,-38.467529296875,0,0
2025-10-04,EN250,Central,382,379.63428,2.36572265625,0,0
2025-10-04,EN250,East,405,386.39963,18.600372314453125,0,0
2025-10-04,EN250,North,384,424.604,-40.60400390625,0,0
2025-10-04,EN250,South,415,478.6609,-63.660888671875,0,0
2025-10-04,EN250,West,423,461.5054,-38.505401611328125,0,0
2025-10-04,EN500,Central,295,272.97803,22.02197265625,0,0
2025-10-04,EN500,East,258,288.62875,-30.628753662109375,0,0
2025-10-04,EN500,North,311,295.8952,15.10479736328125,0,0
2025-10-04,EN500,South,377,330.37125,46.628753662109375,0,0
2025-10-04,EN500,West,345,330.12396,14.87603759765625,0,0
2025-10-04,LM250,Central,485,476.65277,8.34722900390625,0,0
2025-10-04,LM250,East,480,492.8541,-12.854095458984375,0,0
2025-10-04,LM250,North,518,510.8085,7.191497802734375,0,0
2025-10-04,LM250,South,657,579.40564,77.5943603515625,0,0
2025-10-04,LM250,West,712,607.4796,104.5203857421875,0,0
2025-10-04,LM500,Central,630,635.8238,-5.82379150390625,0,0
2025-10-04,LM500,East,719,715.59375,3.40625,0,0
2025-10-04,LM500,North,659,761.5296,-102.52960205078125,0,0
2025-10-04,LM500,South,991,1017.1316,-26.131591796875,1,0
2025-10-04,LM500,West,1045,1085.7147,-40.7147216796875,1,0
2025-10-04,OR1000,Central,402,410.4955,-8.495513916015625,0,0
2025-10-04,OR1000,East,394,430.21716,-36.2171630859375,0,0
2025-10-04,OR1000,North,424,468.64386,-44.64385986328125,0,0
2025-10-04,OR1000,South,549,504.0916,44.90838623046875,0,0
2025-10-04,OR1000,West,557,516.0293,40.970703125,0,0
2025-10-04,OR500,Central,600,555.8885,44.11151123046875,0,0
2025-10-04,OR500,East,636,578.8622,57.1378173828125,0,0
2025-10-04,OR500,North,637,599.7542,37.24578857421875,0,0
2025-10-04,OR500,South,707,704.8879,2.11212158203125,0,0
2025-10-04,OR500,West,794,719.7836,74.21636962890625,0,0
2025-10-04,WT1000,Central,956,900.4817,55.518310546875,0,0
2025-10-04,WT1000,East,1072,954.6216,117.37841796875,0,0
2025-10-04,WT1000,North,961,1027.2113,-66.2113037109375,0,0
2025-10-04,WT1000,South,1199,1139.4392,59.560791015625,0,0
2025-10-04,WT1000,West,1192,1159.8849,32.1151123046875,0,0
2025-10-05,BB1000,Central,459,542.6449,-83.6448974609375,0,0
2025-10-05,BB1000,East,505,553.5376,-48.53759765625,0,0
2025-10-05,BB1000,North,516,585.2671,-69.26708984375,0,0
2025-10-05,BB1000,South,652,655.5025,-3.50250244140625,0,0
2025-10-05,BB1000,West,817,810.96735,6.03265380859375,1,0
2025-10-05,BB250,Central,561,581.3962,-20.39617919921875,0,0
2025-10-05,BB250,East,737,621.39764,115.60235595703125,0,0
2025-10-05,BB250,North,660,676.549,-16.54901123046875,0,0
2025-10-05,BB250,South,820,721.8817,98.1182861328125,0,0
2025-10-05,BB250,West,755,785.103,-30.10302734375,0,0
2025-10-05,BB500,Central,834,814.2437,19.75628662109375,0,0
2025-10-05,BB500,East,917,897.7877,19.2122802734375,0,0
2025-10-05,BB500,North,1004,952.24713,51.75286865234375,0,0
2025-10-05,BB500,South,1017,1054.089,-37.0889892578125,0,0
2025-10-05,BB500,West,1291,1045.0912,245.9088134765625,0,0
2025-10-05,EN250,Central,443,375.0515,67.948486328125,0,0
2025-10-05,EN250,East,365,386.377,-21.37701416015625,0,0
2025-10-05,EN250,North,526,410.56418,115.43582153320312,0,0
2025-10-05,EN250,South,531,473.82776,57.1722412109375,0,0
2025-10-05,EN250,West,423,463.39252,-40.39251708984375,0,0
2025-10-05,EN500,Central,248,279.12366,-31.1236572265625,0,0
2025-10-05,EN500,East,278,286.94662,-8.946624755859375,0,0
2025-10-05,EN500,North,322,296.76373,25.23626708984375,0,0
2025-10-05,EN500,South,311,322.06287,-11.0628662109375,0,0
2025-10-05,EN500,West,296,332.13098,-36.1309814453125,0,0
2025-10-05,LM250,Central,507,472.99707,34.0029296875,0,0
2025-10-05,LM250,East,698,568.89,129.1099853515625,1,0
2025-10-05,LM250,North,755,627.25574,127.7442626953125,1,0
2025-10-05,LM250,South,646,578.7347,67.26531982421875,0,0
2025-10-05,LM250,West,640,596.91724,43.082763671875,0,0
2025-10-05,LM500,Central,662,647.47363,14.5263671875,0,0
2025-10-05,LM500,East,704,679.2179,24.7821044921875,0,0
2025-10-05,LM500,North,682,742.2638,-60.2637939453125,0,0
2025-10-05,LM500,South,735,813.58746,-78.58746337890625,0,0
2025-10-05,LM500,West,783,902.55396,-119.553955078125,0,0
2025-10-05,OR1000,Central,308,412.45053,-104.45053100585938,0,0
2025-10-05,OR1000,East,354,441.5344,-87.53439331054688,0,0
2025-10-05,OR1000,North,422,467.74384,-45.74383544921875,0,0
2025-10-05,OR1000,South,529,522.0917,6.9083251953125,0,0
2025-10-05,OR1000,West,533,510.49036,22.5096435546875,0,0
2025-10-05,OR500,Central,556,559.0288,-3.02880859375,0,0
2025-10-05,OR500,East,674,588.6768,85.32318115234375,0,0
2025-10-05,OR500,North,601,597.50305,3.4969482421875,0,0
2025-10-05,OR500,South,566,709.7153,-143.71527099609375,0,0
2025-10-05,OR500,West,684,721.0007,-37.00067138671875,0,0
2025-10-05,WT1000,Central,793,863.8554,-70.85540771484375,0,0
2025-10-05,WT1000,East,880,884.4147,-4.4146728515625,0,0
2025-10-05,WT1000,North,1050,1012.21967,37.78033447265625,0,0
2025-10-05,WT1000,South,977,1118.4198,-141.4197998046875,0,0
2025-10-05,WT1000,West,1117,1094.9348,22.065185546875,0,0
2025-10-06,BB1000,Central,455,468.77737,-13.777374267578125,0,0
2025-10-06,BB1000,East,482,481.82245,0.17755126953125,0,0
2025-10-06,BB1000,North,499,509.68637,-10.686370849609375,0,0
2025-10-06,BB1000,South,594,554.7157,39.2843017578125,0,0
2025-10-06,BB1000,West,493,585.45795,-92.45794677734375,0,0
2025-10-06,BB250,Central,746,638.806,107.1939697265625,1,0
2025-10-06,BB250,East,486,549.04944,-63.0494384765625,0,0
2025-10-06,BB250,North,850,706.90625,143.09375,1,0
2025-10-06,BB250,South,705,653.19727,51.802734375,0,0
2025-10-06,BB250,West,630,685.2392,-55.23919677734375,0,0
2025-10-06,BB500,Central,834,760.35583,73.6441650390625,0,0
2025-10-06,BB500,East,892,771.5227,120.477294921875,0,0
2025-10-06,BB500,North,729,824.4882,-95.48822021484375,0,0
2025-10-06,BB500,South,969,883.73193,85.26806640625,0,0
2025-10-06,BB500,West,891,942.621,-51.6209716796875,0,0
2025-10-06,EN250,Central,351,339.64014,11.35986328125,0,0
2025-10-06,EN250,East,363,332.58224,30.417755126953125,0,0
2025-10-06,EN250,North,365,364.54968,0.4503173828125,0,0
2025-10-06,EN250,South,369,402.48776,-33.487762451171875,0,0
2025-10-06,EN250,West,408,409.28156,-1.28155517578125,0,0
2025-10-06,EN500,Central,228,237.70888,-9.708877563476562,0,0
2025-10-06,EN500,East,303,246.07907,56.920928955078125,0,0
2025-10-06,EN500,North,272,265.25613,6.743865966796875,0,0
2025-10-06,EN500,South,333,288.539,44.46099853515625,0,0
2025-10-06,EN500,West,320,287.64276,32.35723876953125,0,0
2025-10-06,LM250,Central,439,416.7881,22.2119140625,0,0
2025-10-06,LM250,East,379,438.69708,-59.69708251953125,0,0
2025-10-06,LM250,North,376,473.3787,-97.37869262695312,0,0
2025-10-06,LM250,South,575,501.90857,73.0914306640625,0,0
2025-10-06,LM250,West,520,523.2281,-3.22808837890625,0,0
2025-10-06,LM500,Central,570,546.5531,23.4468994140625,0,0
2025-10-06,LM500,East,574,633.9607,-59.960693359375,0,0
2025-10-06,LM500,North,856,785.98737,70.01263427734375,1,0
2025-10-06,LM500,South,658,717.9586,-59.9586181640625,0,0
2025-10-06,LM500,West,797,722.94354,74.05645751953125,0,0
2025-10-06,OR1000,Central,354,352.42093,1.579071044921875,0,0
2025-10-06,OR1000,East,371,366.49863,4.501373291015625,0,0
2025-10-06,OR1000,North,374,405.89963,-31.899627685546875,0,0
2025-10-06,OR1000,South,536,561.57495,-25.574951171875,1,0
2025-10-06,OR1000,West,462,447.9795,14.0205078125,0,0
2025-10-06,OR500,Central,533,623.0368,-90.03680419921875,1,0
2025-10-06,OR500,East,602,629.9921,-27.99212646484375,1,0
2025-10-06,OR500,North,617,523.3106,93.68939208984375,0,0
2025-10-06,OR500,South,587,596.1093,-9.10931396484375,0,0
2025-10-06,OR500,West,707,650.8013,56.19873046875,0,0
2025-10-06,WT1000,Central,827,791.6491,35.35089111328125,0,0
2025-10-06,WT1000,East,800,833.0154,-33.015380859375,0,0
2025-10-06,WT1000,North,782,876.2213,-94.2213134765625,0,0
2025-10-06,WT1000,South,975,942.02356,32.9764404296875,0,0
2025-10-06,WT1000,West,977,950.602,26.39801025390625,0,0
2025-10-07,BB1000,Central,361,460.40582,-99.40582275390625,0,0
2025-10-07,BB1000,East,513,479.72876,33.271240234375,0,0
2025-10-07,BB1000,North,559,497.74503,61.254974365234375,0,0
2025-10-07,BB1000,South,631,558.67395,72.3260498046875,0,0
2025-10-07,BB1000,West,476,581.8573,-105.8572998046875,0,0
2025-10-07,BB250,Central,555,540.4787,14.52130126953125,0,0
2025-10-07,BB250,East,495,536.28424,-41.28424072265625,0,0
2025-10-07,BB250,North,557,558.36456,-1.36456298828125,0,0
2025-10-07,BB250,South,592,637.81055,-45.810546875,0,0
2025-10-07,BB250,West,583,661.14874,-78.14874267578125,0,0
2025-10-07,BB500,Central,631,747.6841,-116.68408203125,0,0
2025-10-07,BB500,East,795,760.468,34.531982421875,0,0
2025-10-07,BB500,North,749,828.3265,-79.32647705078125,0,0
2025-10-07,BB500,South,974,914.3953,59.60467529296875,0,0
2025-10-07,BB500,West,1032,959.3062,72.69378662109375,0,0
2025-10-07,EN250,Central,407,337.71652,69.28347778320312,0,0
2025-10-07,EN250,East,399,341.48923,57.510772705078125,0,0
2025-10-07,EN250,North,347,356.02713,-9.027130126953125,0,0
2025-10-07,EN250,South,441,399.41562,41.584381103515625,0,0
2025-10-07,EN250,West,447,408.1092,38.89080810546875,0,0
2025-10-07,EN500,Central,201,235.83807,-34.83807373046875,0,0
2025-10-07,EN500,East,248,246.50658,1.4934234619140625,0,0
2025-10-07,EN500,North,239,263.64246,-24.6424560546875,0,0
2025-10-07,EN500,South,254,287.70523,-33.705230712890625,0,0
2025-10-07,EN500,West,318,288.24307,29.756927490234375,0,0
2025-10-07,LM250,Central,420,415.15552,4.844482421875,0,0
2025-10-07,LM250,East,449,438.41663,10.5833740234375,0,0
2025-10-07,LM250,North,474,444.69644,29.303558349609375,0,0
2025-10-07,LM250,South,618,497.553,120.44699096679688,0,0
2025-10-07,LM250,West,609,515.5666,93.43341064453125,0,0
2025-10-07,LM500,Central,789,707.0369,81.96307373046875,1,0
2025-10-07,LM500,East,657,621.8046,35.19537353515625,0,0
2025-10-07,LM500,North,670,639.0839,30.91607666015625,0,0
2025-10-07,LM500,South,717,726.4013,-9.40130615234375,0,0
2025-10-07,LM500,West,667,741.79315,-74.79315185546875,0,0
2025-10-07,OR1000,Central,284,352.41647,-68.41647338867188,0,0
2025-10-07,OR1000,East,312,366.16592,-54.165924072265625,0,0
2025-10-07,OR1000,North,410,407.84866,2.151336669921875,0,0
2025-10-07,OR1000,South,457,447.80002,9.199981689453125,0,0
2025-10-07,OR1000,West,440,452.03888,-12.03887939453125,0,0
2025-10-07,OR500,Central,513,480.84872,32.151275634765625,0,0
2025-10-07,OR500,East,426,507.28583,-81.28582763671875,0,0
2025-10-07,OR500,North,498,530.9114,-32.911376953125,0,0
2025-10-07,OR500,South,533,583.2896,-50.28961181640625,0,0
2025-10-07,OR500,West,680,636.43634,43.56365966796875,0,0
2025-10-07,WT1000,Central,832,762.02655,69.97344970703125,0,0
2025-10-07,WT1000,East,852,821.73737,30.26263427734375,0,0
2025-10-07,WT1000,North,822,875.3872,-53.38720703125,0,0
2025-10-07,WT1000,South,1033,916.4214,116.57861328125,0,0
2025-10-07,WT1000,West,977,870.4659,106.53411865234375,0,0
2025-10-08,BB1000,Central,509,454.085,54.915008544921875,0,0
2025-10-08,BB1000,East,449,479.99493,-30.99493408203125,0,0
2025-10-08,BB1000,North,522,495.2839,26.716094970703125,0,0
2025-10-08,BB1000,South,697,558.964,138.0360107421875,0,0
2025-10-08,BB1000,West,543,605.0171,-62.01708984375,0,0
2025-10-08,BB250,Central,487,519.3604,-32.36041259765625,0,0
2025-10-08,BB250,East,466,542.7109,-76.71087646484375,0,0
2025-10-08,BB250,North,632,576.2971,55.702880859375,0,0
2025-10-08,BB250,South,581,614.604,-33.60400390625,0,0
2025-10-08,BB250,West,585,667.74976,-82.749755859375,0,0
2025-10-08,BB500,Central,863,908.5881,-45.58807373046875,1,0
2025-10-08,BB500,East,675,799.3563,-124.3563232421875,0,0
2025-10-08,BB500,North,1032,1071.6605,-39.6605224609375,1,0
2025-10-08,BB500,South,970,904.62915,65.370849609375,0,0
2025-10-08,BB500,West,1083,945.14703,137.85296630859375,0,0
2025-10-08,EN250,Central,265,339.39655,-74.39654541015625,0,0
2025-10-08,EN250,East,297,346.12857,-49.128570556640625,0,0
2025-10-08,EN250,North,318,366.79318,-48.793182373046875,0,0
2025-10-08,EN250,South,408,408.88562,-0.8856201171875,0,0
2025-10-08,EN250,West,387,403.6282,-16.628204345703125,0,0
2025-10-08,EN500,Central,212,233.30449,-21.304489135742188,0,0
2025-10-08,EN500,East,288,255.44029,32.55970764160156,0,0
2025-10-08,EN500,North,281,261.06683,19.93316650390625,0,0
2025-10-08,EN500,South,293,288.51743,4.482574462890625,0,0
2025-10-08,EN500,West,293,286.00415,6.995849609375,0,0
2025-10-08,LM250,Central,331,417.31656,-86.31655883789062,0,0
2025-10-08,LM250,East,385,434.2266,-49.226593017578125,0,0
2025-10-08,LM250,North,505,451.07037,53.92962646484375,0,0
2025-10-08,LM250,South,465,506.12756,-41.1275634765625,0,0
2025-10-08,LM250,West,431,514.37067,-83.37066650390625,0,0
2025-10-08,LM500,Central,506,588.9102,-82.91021728515625,0,0
2025-10-08,LM500,East,775,756.2533,18.7467041015625,1,0
2025-10-08,LM500,North,616,641.9554,-25.95538330078125,0,0
2025-10-08,LM500,South,523,729.75116,-206.75115966796875,0,0
2025-10-08,LM500,West,789,732.59076,56.40924072265625,0,0
2025-10-08,OR1000,Central,374,347.33,26.670013427734375,0,0
2025-10-08,OR1000,East,414,361.31528,52.684722900390625,0,0
2025-10-08,OR1000,North,414,405.13052,8.869476318359375,0,0
2025-10-08,OR1000,South,395,441.51456,-46.514556884765625,0,0
2025-10-08,OR1000,West,450,444.11777,5.882232666015625,0,0
2025-10-08,OR500,Central,473,476.47604,-3.476043701171875,0,0
2025-10-08,OR500,East,529,502.99213,26.00787353515625,0,0
2025-10-08,OR500,North,587,531.3119,55.6881103515625,0,0
2025-10-08,OR500,South,614,575.3531,38.64691162109375,0,0
2025-10-08,OR500,West,543,626.6732,-83.6732177734375,0,0
2025-10-08,WT1000,Central,923,986.12317,-63.1231689453125,1,0
2025-10-08,WT1000,East,953,826.65045,126.34954833984375,0,0
2025-10-08,WT1000,North,1043,845.0612,197.93878173828125,0,0
2025-10-08,WT1000,South,1344,885.1172,458.8828125,0,0
2025-10-08,WT1000,West,1172,1009.519,162.48101806640625,0,0
2025-10-09,BB1000,Central,434,456.15143,-22.15142822265625,0,0
2025-10-09,BB1000,East,536,483.75623,52.2437744140625,0,0
2025-10-09,BB1000,North,520,504.4216,15.578399658203125,0,0
2025-10-09,BB1000,South,604,567.85956,36.14044189453125,0,0
2025-10-09,BB1000,West,577,566.12665,10.87335205078125,0,0
2025-10-09,BB250,Central,472,524.5166,-52.5166015625,0,0
2025-10-09,BB250,East,691,690.1631,0.8369140625,1,0
2025-10-09,BB250,North,560,573.06824,-13.0682373046875,0,0
2025-10-09,BB250,South,710,593.8831,116.11688232421875,0,0
2025-10-09,BB250,West,685,668.96747,16.03253173828125,0,0
2025-10-09,BB500,Central,911,723.9597,187.040283203125,0,0
2025-10-09,BB500,East,1096,783.78723,312.2127685546875,0,0
2025-10-09,BB500,North,847,835.89026,11.1097412109375,0,0
2025-10-09,BB500,South,960,895.8299,64.17010498046875,0,0
2025-10-09,BB500,West,915,938.6447,-23.64471435546875,0,0
2025-10-09,EN250,Central,243,338.01978,-95.019775390625,0,0
2025-10-09,EN250,East,361,339.00787,21.99212646484375,0,0
2025-10-09,EN250,North,368,354.92526,13.074737548828125,0,0
2025-10-09,EN250,South,514,506.0615,7.938507080078125,1,0
2025-10-09,EN250,West,423,401.91727,21.082733154296875,0,0
2025-10-09,EN500,Central,234,236.66566,-2.6656646728515625,0,0
2025-10-09,EN500,East,232,248.35437,-16.3543701171875,0,0
2025-10-09,EN500,North,287,267.39816,19.601837158203125,0,0
2025-10-09,EN500,South,249,290.6205,-41.620513916015625,0,0
2025-10-09,EN500,West,302,287.7332,14.266815185546875,0,0
2025-10-09,LM250,Central,342,407.2993,-65.29928588867188,0,0
2025-10-09,LM250,East,401,446.45395,-45.453948974609375,0,0
2025-10-09,LM250,North,425,461.83426,-36.834259033203125,0,0
2025-10-09,LM250,South,548,496.7725,51.227508544921875,0,0
2025-10-09,LM250,West,624,528.48364,95.516357421875,0,0
2025-10-09,LM500,Central,531,563.8496,-32.849609375,0,0
2025-10-09,LM500,East,615,637.2421,-22.24212646484375,0,0
2025-10-09,LM500,North,774,633.2164,140.78363037109375,0,0
2025-10-09,LM500,South,751,677.47845,73.52154541015625,0,0
2025-10-09,LM500,West,656,730.64636,-74.6463623046875,0,0
2025-10-09,OR1000,Central,388,437.0122,-49.01220703125,1,0
2025-10-09,OR1000,East,398,361.0204,36.9796142578125,0,0
2025-10-09,OR1000,North,442,401.052,40.947998046875,0,0
2025-10-09,OR1000,South,461,438.91156,22.08843994140625,0,0
2025-10-09,OR1000,West,565,551.298,13.7020263671875,1,0
2025-10-09,OR500,Central,466,487.35443,-21.35443115234375,0,0
2025-10-09,OR500,East,468,509.38416,-41.3841552734375,0,0
2025-10-09,OR500,North,549,519.70734,29.29266357421875,0,0
2025-10-09,OR500,South,561,609.46625,-48.46624755859375,0,0
2025-10-09,OR500,West,620,638.95575,-18.95574951171875,0,0
2025-10-09,WT1000,Central,728,793.903,-65.90301513671875,0,0
2025-10-09,WT1000,East,811,834.3216,-23.32159423828125,0,0
2025-10-09,WT1000,North,823,848.681,-25.6810302734375,0,0
2025-10-09,WT1000,South,934,1002.081,-68.08099365234375,0,0
2025-10-09,WT1000,West,871,939.1816,-68.18157958984375,0,0
2025-10-10,BB1000,Central,464,459.21936,4.7806396484375,0,0
2025-10-10,BB1000,East,503,477.2117,25.788299560546875,0,0
2025-10-10,BB1000,North,536,497.83353,38.166473388671875,0,0
2025-10-10,BB1000,South,620,560.33014,59.66986083984375,0,0
2025-10-10,BB1000,West,654,581.016,72.9840087890625,0,0
2025-10-10,BB250,Central,544,522.619,21.3809814453125,0,0
2025-10-10,BB250,East,600,544.2475,55.75250244140625,0,0
2025-10-10,BB250,North,639,583.8058,55.1942138671875,0,0
2025-10-10,BB250,South,673,621.5181,51.48187255859375,0,0
2025-10-10,BB250,West,805,650.7289,154.2711181640625,0,0
2025-10-10,BB500,Central,683,683.3439,-0.3438720703125,0,0
2025-10-10,BB500,East,842,820.95306,21.04693603515625,0,0
2025-10-10,BB500,North,680,851.49207,-171.4920654296875,0,0
2025-10-10,BB500,South,931,899.928,31.072021484375,0,0
2025-10-10,BB500,West,970,958.3334,11.6666259765625,0,0
2025-10-10,EN250,Central,344,334.49023,9.509765625,0,0
2025-10-10,EN250,East,315,337.3505,-22.350494384765625,0,0
2025-10-10,EN250,North,482,438.07498,43.925018310546875,1,0
2025-10-10,EN250,South,411,408.9504,2.049591064453125,0,0
2025-10-10,EN250,West,431,406.0589,24.94110107421875,0,0
2025-10-10,EN500,Central,225,229.60493,-4.6049346923828125,0,0
2025-10-10,EN500,East,241,245.94656,-4.946563720703125,0,0
2025-10-10,EN500,North,286,267.0789,18.921112060546875,0,0
2025-10-10,EN500,South,239,287.41788,-48.417877197265625,0,0
2025-10-10,EN500,West,285,288.59503,-3.59503173828125,0,0
2025-10-10,LM250,Central,401,401.21707,-0.217071533203125,0,0
2025-10-10,LM250,East,454,438.11823,15.88177490234375,0,0
2025-10-10,LM250,North,456,450.78333,5.2166748046875,0,0
2025-10-10,LM250,South,467,484.5931,-17.593109130859375,0,0
2025-10-10,LM250,West,535,519.41095,15.58905029296875,0,0
2025-10-10,LM500,Central,619,569.1983,49.80169677734375,0,0
2025-10-10,LM500,East,612,625.7981,-13.798095703125,0,0
2025-10-10,LM500,North,761,655.5627,105.43731689453125,0,0
2025-10-10,LM500,South,852,698.9533,153.04669189453125,0,0
2025-10-10,LM500,West,854,731.0312,122.96881103515625,0,0
2025-10-10,OR1000,Central,317,349.0122,-32.01220703125,0,0
2025-10-10,OR1000,East,422,372.37253,49.627471923828125,0,0
2025-10-10,OR1000,North,378,401.84167,-23.8416748046875,0,0
2025-10-10,OR1000,South,453,449.9452,3.0548095703125,0,0
2025-10-10,OR1000,West,437,451.43884,-14.4388427734375,0,0
2025-10-10,OR500,Central,531,487.53226,43.467742919921875,0,0
2025-10-10,OR500,East,520,511.91318,8.086822509765625,0,0
2025-10-10,OR500,North,605,535.615,69.385009765625,0,0
2025-10-10,OR500,South,498,605.9401,-107.94012451171875,0,0
2025-10-10,OR500,West,610,634.21423,-24.2142333984375,0,0
2025-10-10,WT1000,Central,870,772.3152,97.684814453125,0,0
2025-10-10,WT1000,East,928,812.5782,115.42181396484375,0,0
2025-10-10,WT1000,North,984,837.7223,146.2777099609375,0,0
2025-10-10,WT1000,South,991,973.50977,17.490234375,0,0
2025-10-10,WT1000,West,997,1003.9333,-6.93328857421875,0,0
2025-10-11,BB1000,Central,458,504.36014,-46.360137939453125,0,0
2025-10-11,BB1000,East,575,552.6922,22.30780029296875,0,0
2025-10-11,BB1000,North,610,577.0987,32.90130615234375,0,0
2025-10-11,BB1000,South,633,657.9903,-24.99029541015625,0,0
2025-10-11,BB1000,West,797,796.7538,0.2462158203125,1,0
2025-10-11,BB250,Central,535,591.3146,-56.3145751953125,0,0
2025-10-11,BB250,East,731,628.0175,102.98248291015625,0,0
2025-10-11,BB250,North,717,675.3929,41.60711669921875,0,0
2025-10-11,BB250,South,630,743.84644,-113.846435546875,0,0
2025-10-11,BB250,West,748,747.0961,0.90386962890625,0,0
2025-10-11,BB500,Central,958,848.05237,109.9476318359375,0,0
2025-10-11,BB500,East,964,927.8012,36.19879150390625,0,0
2025-10-11,BB500,North,989,990.2457,-1.2457275390625,0,0
2025-10-11,BB500,South,987,1015.0078,-28.0078125,0,0
2025-10-11,BB500,West,1129,1074.4935,54.5064697265625,0,0
2025-10-11,EN250,Central,411,378.4804,32.51959228515625,0,0
2025-10-11,EN250,East,318,383.44754,-65.44754028320312,0,0
2025-10-11,EN250,North,412,407.40765,4.59234619140625,0,0
2025-10-11,EN250,South,510,472.62244,37.3775634765625,0,0
2025-10-11,EN250,West,407,461.98315,-54.983154296875,0,0
2025-10-11,EN500,Central,270,263.86688,6.13311767578125,0,0
2025-10-11,EN500,East,346,280.24002,65.75997924804688,0,0
2025-10-11,EN500,North,299,300.49622,-1.4962158203125,0,0
2025-10-11,EN500,South,333,326.03226,6.967742919921875,0,0
2025-10-11,EN500,West,405,328.62714,76.37286376953125,0,0
2025-10-11,LM250,Central,478,460.2349,17.765106201171875,0,0
2025-10-11,LM250,East,505,488.63693,16.363067626953125,0,0
2025-10-11,LM250,North,514,522.7483,-8.748291015625,0,0
2025-10-11,LM250,South,513,583.0916,-70.09161376953125,0,0
2025-10-11,LM250,West,592,602.2874,-10.28741455078125,0,0
2025-10-11,LM500,Central,683,656.9461,26.05389404296875,0,0
2025-10-11,LM500,East,771,723.35455,47.64544677734375,0,0
2025-10-11,LM500,North,693,784.3105,-91.31048583984375,0,0
2025-10-11,LM500,South,767,824.3527,-57.35272216796875,0,0
2025-10-11,LM500,West,819,847.1422,-28.1422119140625,0,0
2025-10-11,OR1000,Central,430,403.58344,26.41656494140625,0,0
2025-10-11,OR1000,East,392,423.30048,-31.30047607421875,0,0
2025-10-11,OR1000,North,438,459.3169,-21.31689453125,0,0
2025-10-11,OR1000,South,543,527.01495,15.98504638671875,0,0
2025-10-11,OR1000,West,560,510.66376,49.33624267578125,0,0
2025-10-11,OR500,Central,619,547.8755,71.12451171875,0,0
2025-10-11,OR500,East,742,733.06384,8.9361572265625,1,0
2025-10-11,OR500,North,746,811.1952,-65.1951904296875,1,0
2025-10-11,OR500,South,905,790.18243,114.81756591796875,1,0
2025-10-11,OR500,West,812,721.7432,90.25677490234375,0,0
2025-10-11,WT1000,Central,948,911.6652,36.33477783203125,0,0
2025-10-11,WT1000,East,978,965.51825,12.48175048828125,0,0
2025-10-11,WT1000,North,998,1008.40576,-10.40576171875,0,0
2025-10-11,WT1000,South,1198,1113.0034,84.99658203125,0,0
2025-10-11,WT1000,West,1230,1131.7471,98.2529296875,0,0
2025-10-12,BB1000,Central,506,507.0783,-1.07830810546875,0,0
2025-10-12,BB1000,East,527,554.08594,-27.0859375,0,0
2025-10-12,BB1000,North,640,572.0778,67.92218017578125,0,0
2025-10-12,BB1000,South,548,683.5795,-135.57952880859375,0,0
2025-10-12,BB1000,West,604,681.8563,-77.8563232421875,0,0
2025-10-12,BB250,Central,703,593.7665,109.2335205078125,0,0
2025-10-12,BB250,East,651,630.5772,20.42279052734375,0,0
2025-10-12,BB250,North,689,675.89484,13.10516357421875,0,0
2025-10-12,BB250,South,707,742.8955,-35.8955078125,0,0
2025-10-12,BB250,West,800,742.33075,57.66925048828125,0,0
2025-10-12,BB500,Central,965,852.14264,112.85736083984375,0,0
2025-10-12,BB500,East,845,918.1496,-73.14959716796875,0,0
2025-10-12,BB500,North,1245,981.1432,263.8568115234375,0,0
2025-10-12,BB500,South,1086,1011.8437,74.15631103515625,0,0
2025-10-12,BB500,West,1088,1112.6516,-24.651611328125,0,0
2025-10-12,EN250,Central,443,376.22995,66.77005004882812,0,0
2025-10-12,EN250,East,394,383.01923,10.98077392578125,0,0
2025-10-12,EN250,North,386,415.31992,-29.319915771484375,0,0
2025-10-12,EN250,South,546,472.95282,73.04718017578125,0,0
2025-10-12,EN250,West,509,455.44537,53.55462646484375,0,0
2025-10-12,EN500,Central,260,265.28403,-5.284027099609375,0,0
2025-10-12,EN500,East,299,283.35373,15.646270751953125,0,0
2025-10-12,EN500,North,310,300.2909,9.7091064453125,0,0
2025-10-12,EN500,South,339,314.5122,24.48779296875,0,0
2025-10-12,EN500,West,368,329.2807,38.71929931640625,0,0
2025-10-12,LM250,Central,469,462.89624,6.103759765625,0,0
2025-10-12,LM250,East,561,478.345,82.65499877929688,0,0
2025-10-12,LM250,North,517,514.2524,2.74761962890625,0,0
2025-10-12,LM250,South,565,584.0602,-19.0601806640625,0,0
2025-10-12,LM250,West,719,633.8762,85.123779296875,0,0
2025-10-12,LM500,Central,705,649.25287,55.74713134765625,0,0
2025-10-12,LM500,East,756,715.9388,40.06121826171875,0,0
2025-10-12,LM500,North,702,761.08014,-59.08013916015625,0,0
2025-10-12,LM500,South,784,830.6796,-46.67962646484375,0,0
2025-10-12,LM500,West,872,1026.2277,-154.2276611328125,1,0
2025-10-12,OR1000,Central,385,409.43762,-24.4376220703125,0,0
2025-10-12,OR1000,East,393,427.12347,-34.12347412109375,0,0
2025-10-12,OR1000,North,489,445.64725,43.352752685546875,0,0
2025-10-12,OR1000,South,411,514.46765,-103.4676513671875,0,0
2025-10-12,OR1000,West,480,517.4038,-37.40380859375,0,0
2025-10-12,OR500,Central,544,565.8374,-21.83740234375,0,0
2025-10-12,OR500,East,523,588.5533,-65.55328369140625,0,0
2025-10-12,OR500,North,620,633.0277,-13.0277099609375,0,0
2025-10-12,OR500,South,720,686.319,33.6810302734375,0,0
2025-10-12,OR500,West,722,746.6149,-24.61492919921875,0,0
2025-10-12,WT1000,Central,1047,904.8476,142.15240478515625,0,0
2025-10-12,WT1000,East,1091,939.4682,151.53179931640625,0,0
2025-10-12,WT1000,North,879,1022.7179,-143.7178955078125,0,0
2025-10-12,WT1000,South,1106,1086.3031,19.6968994140625,0,0
2025-10-12,WT1000,West,1463,1101.9496,361.0504150390625,0,0
2025-10-13,BB1000,Central,453,450.3652,2.634796142578125,0,0
2025-10-13,BB1000,East,510,475.72284,34.27716064453125,0,0
2025-10-13,BB1000,North,552,498.49536,53.504638671875,0,0
2025-10-13,BB1000,South,603,560.24506,42.75494384765625,0,0
2025-10-13,BB1000,West,603,580.2452,22.75482177734375,0,0
2025-10-13,BB250,Central,475,528.4002,-53.40020751953125,0,0
2025-10-13,BB250,East,576,558.3003,17.69970703125,0,0
2025-10-13,BB250,North,606,581.052,24.947998046875,0,0
2025-10-13,BB250,South,695,607.9658,87.0341796875,0,0
2025-10-13,BB250,West,578,669.74945,-91.74945068359375,0,0
2025-10-13,BB500,Central,765,738.93134,26.06866455078125,0,0
2025-10-13,BB500,East,808,788.0885,19.9114990234375,0,0
2025-10-13,BB500,North,955,830.665,124.33502197265625,0,0
2025-10-13,BB500,South,928,880.66907,47.3309326171875,0,0
2025-10-13,BB500,West,933,893.09235,39.90765380859375,0,0
2025-10-13,EN250,Central,366,337.57605,28.4239501953125,0,0
2025-10-13,EN250,East,314,334.2329,-20.23291015625,0,0
2025-10-13,EN250,North,344,365.162,-21.1619873046875,0,0
2025-10-13,EN250,South,410,430.05954,-20.059539794921875,0,0
2025-10-13,EN250,West,363,393.58286,-30.582855224609375,0,0
2025-10-13,EN500,Central,272,223.68546,48.314544677734375,0,0
2025-10-13,EN500,East,215,251.89038,-36.890380859375,0,0
2025-10-13,EN500,North,300,264.50876,35.491241455078125,0,0
2025-10-13,EN500,South,259,286.70328,-27.703277587890625,0,0
2025-10-13,EN500,West,336,300.61362,35.386383056640625,0,0
2025-10-13,LM250,Central,412,399.56345,12.436553955078125,0,0
2025-10-13,LM250,East,408,438.16058,-30.16058349609375,0,0
2025-10-13,LM250,North,531,581.05743,-50.05743408203125,1,0
2025-10-13,LM250,South,533,505.0363,27.963714599609375,0,0
2025-10-13,LM250,West,580,551.0309,28.9691162109375,0,0
2025-10-13,LM500,Central,523,569.3263,-46.3262939453125,0,0
2025-10-13,LM500,East,640,636.5893,3.41070556640625,0,0
2025-10-13,LM500,North,693,654.4871,38.51287841796875,0,0
2025-10-13,LM500,South,761,696.50757,64.492431640625,0,0
2025-10-13,LM500,West,787,762.2364,24.76361083984375,0,0
2025-10-13,OR1000,Central,359,358.4952,0.504791259765625,0,0
2025-10-13,OR1000,East,367,372.46103,-5.461029052734375,0,0
2025-10-13,OR1000,North,390,398.74936,-8.749359130859375,0,0
2025-10-13,OR1000,South,436,445.60025,-9.600250244140625,0,0
2025-10-13,OR1000,West,414,454.93024,-40.93023681640625,0,0
2025-10-13,OR500,Central,515,487.8374,27.16259765625,0,0
2025-10-13,OR500,East,515,510.28094,4.71905517578125,0,0
2025-10-13,OR500,North,624,530.7609,93.23907470703125,0,0
2025-10-13,OR500,South,722,581.8038,140.19622802734375,0,0
2025-10-13,OR500,West,630,601.9499,28.05010986328125,0,0
2025-10-13,WT1000,Central,644,805.98206,-161.9820556640625,0,0
2025-10-13,WT1000,East,792,831.91394,-39.9139404296875,0,0
2025-10-13,WT1000,North,1184,869.5528,314.44720458984375,0,0
2025-10-13,WT1000,South,945,904.2651,40.73492431640625,0,0
2025-10-13,WT1000,West,1005,910.93976,94.06024169921875,0,0
2025-10-14,BB1000,Central,527,444.95355,82.04644775390625,0,0
2025-10-14,BB1000,East,467,472.52695,-5.526947021484375,0,0
2025-10-14,BB1000,North,496,511.34793,-15.347930908203125,0,0
2025-10-14,BB1000,South,658,701.41406,-43.4140625,1,0
2025-10-14,BB1000,West,596,585.71295,10.28704833984375,0,0
2025-10-14,BB250,Central,582,521.2995,60.70050048828125,0,0
2025-10-14,BB250,East,578,558.2889,19.71112060546875,0,0
2025-10-14,BB250,North,702,573.22095,128.779052734375,0,0
2025-10-14,BB250,South,614,792.53375,-178.53375244140625,1,0
2025-10-14,BB250,West,729,653.7658,75.23419189453125,0,0
2025-10-14,BB500,Central,615,719.1402,-104.14019775390625,0,0
2025-10-14,BB500,East,933,999.1501,-66.15008544921875,1,0
2025-10-14,BB500,North,858,847.8885,10.11151123046875,0,0
2025-10-14,BB500,South,998,868.613,129.38702392578125,0,0
2025-10-14,BB500,West,899,948.3934,-49.39337158203125,0,0
2025-10-14,EN250,Central,322,332.83875,-10.8387451171875,0,0
2025-10-14,EN250,East,263,331.86313,-68.86312866210938,0,0
2025-10-14,EN250,North,446,358.88684,87.1131591796875,0,0
2025-10-14,EN250,South,416,416.1585,-0.15850830078125,0,0
2025-10-14,EN250,West,327,388.4012,-61.401214599609375,0,0
2025-10-14,EN500,Central,267,234.96944,32.03056335449219,0,0
2025-10-14,EN500,East,211,246.69858,-35.698577880859375,0,0
2025-10-14,EN500,North,295,264.64645,30.353546142578125,0,0
2025-10-14,EN500,South,289,279.90573,9.094268798828125,0,0
2025-10-14,EN500,West,323,301.05194,21.94805908203125,0,0
2025-10-14,LM250,Central,400,405.62543,-5.62542724609375,0,0
2025-10-14,LM250,East,407,435.27112,-28.2711181640625,0,0
2025-10-14,LM250,North,480,456.4149,23.585113525390625,0,0
2025-10-14,LM250,South,453,501.50528,-48.505279541015625,0,0
2025-10-14,LM250,West,509,545.07434,-36.0743408203125,0,0
2025-10-14,LM500,Central,642,548.9032,93.0968017578125,0,0
2025-10-14,LM500,East,569,642.27216,-73.27215576171875,0,0
2025-10-14,LM500,North,777,679.2494,97.7506103515625,0,0
2025-10-14,LM500,South,759,710.0219,48.97808837890625,0,0
2025-10-14,LM500,West,669,746.7616,-77.7615966796875,0,0
2025-10-14,OR1000,Central,357,355.07898,1.9210205078125,0,0
2025-10-14,OR1000,East,316,358.01706,-42.017059326171875,0,0
2025-10-14,OR1000,North,445,404.2601,40.739898681640625,0,0
2025-10-14,OR1000,South,391,438.03134,-47.031341552734375,0,0
2025-10-14,OR1000,West,450,451.47125,-1.47125244140625,0,0
2025-10-14,OR500,Central,535,487.7797,47.220306396484375,0,0
2025-10-14,OR500,East,544,510.3575,33.642486572265625,0,0
2025-10-14,OR500,North,645,532.7434,112.256591796875,0,0
2025-10-14,OR500,South,819,747.06555,71.9344482421875,1,0
2025-10-14,OR500,West,599,643.603,-44.60302734375,0,0
2025-10-14,WT1000,Central,1032,955.7763,76.22369384765625,1,0
2025-10-14,WT1000,East,820,809.68036,10.31964111328125,0,0
2025-10-14,WT1000,North,805,845.18475,-40.18475341796875,0,0
2025-10-14,WT1000,South,993,952.13605,40.86395263671875,0,0
2025-10-14,WT1000,West,1275,1226.7529,48.2470703125,1,0
2025-10-15,BB1000,Central,441,446.97382,-5.97381591796875,0,0
2025-10-15,BB1000,East,450,480.9948,-30.99481201171875,0,0
2025-10-15,BB1000,North,504,508.11163,-4.11163330078125,0,0
2025-10-15,BB1000,South,594,555.3115,38.6884765625,0,0
2025-10-15,BB1000,West,612,564.67664,47.3233642578125,0,0
2025-10-15,BB250,Central,537,522.28345,14.716552734375,0,0
2025-10-15,BB250,East,568,564.2441,3.75592041015625,0,0
2025-10-15,BB250,North,527,597.9523,-70.9522705078125,0,0
2025-10-15,BB250,South,661,630.23285,30.76715087890625,0,0
2025-10-15,BB250,West,730,666.0687,63.9312744140625,0,0
2025-10-15,BB500,Central,750,733.3333,16.66668701171875,0,0
2025-10-15,BB500,East,961,803.6797,157.3203125,0,0
2025-10-15,BB500,North,895,846.3596,48.640380859375,0,0
2025-10-15,BB500,South,855,905.50714,-50.50714111328125,0,0
2025-10-15,BB500,West,1086,940.7313,145.2686767578125,0,0
2025-10-15,EN250,Central,421,422.06296,-1.062957763671875,1,0
2025-10-15,EN250,East,366,323.74075,42.259246826171875,0,0
2025-10-15,EN250,North,340,352.3626,-12.36260986328125,0,0
2025-10-15,EN250,South,426,413.3143,12.685699462890625,0,0
2025-10-15,EN250,West,408,388.17416,19.825836181640625,0,0
2025-10-15,EN500,Central,231,235.88109,-4.8810882568359375,0,0
2025-10-15,EN500,East,232,238.46223,-6.4622344970703125,0,0
2025-10-15,EN500,North,253,264.67392,-11.673919677734375,0,0
2025-10-15,EN500,South,278,287.44824,-9.4482421875,0,0
2025-10-15,EN500,West,293,297.21786,-4.217864990234375,0,0
2025-10-15,LM250,Central,428,397.91434,30.085662841796875,0,0
2025-10-15,LM250,East,455,440.88718,14.112823486328125,0,0
2025-10-15,LM250,North,397,465.59314,-68.5931396484375,0,0
2025-10-15,LM250,South,482,495.74036,-13.7403564453125,0,0
2025-10-15,LM250,West,526,538.71783,-12.71783447265625,0,0
2025-10-15,LM500,Central,578,574.7882,3.2117919921875,0,0
2025-10-15,LM500,East,584,617.1967,-33.19671630859375,0,0
2025-10-15,LM500,North,673,657.17957,15.8204345703125,0,0
2025-10-15,LM500,South,705,754.0649,-49.06488037109375,0,0
2025-10-15,LM500,West,818,732.0753,85.9246826171875,0,0
2025-10-15,OR1000,Central,392,352.97876,39.021240234375,0,0
2025-10-15,OR1000,East,383,364.80988,18.19012451171875,0,0
2025-10-15,OR1000,North,402,395.74673,6.253265380859375,0,0
2025-10-15,OR1000,South,480,442.4392,37.560791015625,0,0
2025-10-15,OR1000,West,439,452.14868,-13.148681640625,0,0
2025-10-15,OR500,Central,552,489.09796,62.90203857421875,0,0
2025-10-15,OR500,East,513,521.5713,-8.5712890625,0,0
2025-10-15,OR500,North,532,539.1524,-7.15240478515625,0,0
2025-10-15,OR500,South,529,594.64606,-65.64605712890625,0,0
2025-10-15,OR500,West,494,635.45996,-141.4599609375,0,0
2025-10-15,WT1000,Central,792,797.412,-5.4119873046875,0,0
2025-10-15,WT1000,East,1074,824.84534,249.1546630859375,0,0
2025-10-15,WT1000,North,889,850.1467,38.853271484375,0,0
2025-10-15,WT1000,South,1047,966.1768,80.82318115234375,0,0
2025-10-15,WT1000,West,1050,938.1226,111.87738037109375,0,0
2025-10-16,BB1000,Central,543,458.73907,84.26092529296875,0,0
2025-10-16,BB1000,East,471,485.1815,-14.181488037109375,0,0
2025-10-16,BB1000,North,565,506.5658,58.4342041015625,0,0
2025-10-16,BB1000,South,561,543.06195,17.93804931640625,0,0
2025-10-16,BB1000,West,690,574.7912,115.20880126953125,0,0
2025-10-16,BB250,Central,549,515.4302,33.56982421875,0,0
2025-10-16,BB250,East,720,692.91846,27.08154296875,1,0
2025-10-16,BB250,North,563,590.93005,-27.9300537109375,0,0
2025-10-16,BB250,South,688,622.62897,65.37103271484375,0,0
2025-10-16,BB250,West,540,677.2901,-137.29010009765625,0,0
2025-10-16,BB500,Central,844,964.27136,-120.2713623046875,1,0
2025-10-16,BB500,East,909,829.9255,79.07452392578125,0,0
2025-10-16,BB500,North,861,822.5348,38.4652099609375,0,0
2025-10-16,BB500,South,954,909.84094,44.1590576171875,0,0
2025-10-16,BB500,West,999,912.4296,86.57037353515625,0,0
2025-10-16,EN250,Central,269,345.55392,-76.55392456054688,0,0
2025-10-16,EN250,East,388,333.14288,54.85711669921875,0,0
2025-10-16,EN250,North,497,460.87698,36.123016357421875,1,0
2025-10-16,EN250,South,431,408.8916,22.1083984375,0,0
2025-10-16,EN250,West,381,385.979,-4.97900390625,0,0
2025-10-16,EN500,Central,202,232.41037,-30.410369873046875,0,0
2025-10-16,EN500,East,208,241.30334,-33.3033447265625,0,0
2025-10-16,EN500,North,269,267.48422,1.515777587890625,0,0
2025-10-16,EN500,South,236,283.78662,-47.78662109375,0,0
2025-10-16,EN500,West,270,301.58066,-31.580657958984375,0,0
2025-10-16,LM250,Central,473,405.20837,67.7916259765625,0,0
2025-10-16,LM250,East,385,439.68652,-54.6865234375,0,0
2025-10-16,LM250,North,376,459.2341,-83.23410034179688,0,0
2025-10-16,LM250,South,498,498.14984,-0.14984130859375,0,0
2025-10-16,LM250,West,596,544.26184,51.7381591796875,0,0
2025-10-16,LM500,Central,527,578.3071,-51.30712890625,0,0
2025-10-16,LM500,East,647,622.2968,24.70318603515625,0,0
2025-10-16,LM500,North,807,649.9535,157.0465087890625,0,0
2025-10-16,LM500,South,772,735.838,36.1619873046875,0,0
2025-10-16,LM500,West,770,743.3148,26.6851806640625,0,0
2025-10-16,OR1000,Central,277,358.2905,-81.29049682617188,0,0
2025-10-16,OR1000,East,372,361.01453,10.9854736328125,0,0
2025-10-16,OR1000,North,322,400.21613,-78.21612548828125,0,0
2025-10-16,OR1000,South,423,444.17316,-21.17315673828125,0,0
2025-10-16,OR1000,West,472,455.9283,16.071685791015625,0,0
2025-10-16,OR500,Central,578,489.4435,88.55648803710938,0,0
2025-10-16,OR500,East,517,520.0449,-3.044921875,0,0
2025-10-16,OR500,North,532,544.5663,-12.5662841796875,0,0
2025-10-16,OR500,South,594,585.1486,8.85137939453125,0,0
2025-10-16,OR500,West,598,611.7611,-13.7611083984375,0,0
2025-10-16,WT1000,Central,729,816.0928,-87.0927734375,0,0
2025-10-16,WT1000,East,846,824.3233,21.67669677734375,0,0
2025-10-16,WT1000,North,1117,1111.075,5.925048828125,1,0
2025-10-16,WT1000,South,978,954.0795,23.92047119140625,0,0
2025-10-16,WT1000,West,1073,867.0307,205.96929931640625,0,0
2025-10-17,BB1000,Central,518,452.86115,65.13885498046875,0,0
2025-10-17,BB1000,East,430,462.2344,-32.234405517578125,0,0
2025-10-17,BB1000,North,575,503.60916,71.39083862304688,0,0
2025-10-17,BB1000,South,565,563.37476,1.625244140625,0,0
2025-10-17,BB1000,West,540,597.8531,-57.85308837890625,0,0
2025-10-17,BB250,Central,499,520.70795,-21.70794677734375,0,0
2025-10-17,BB250,East,513,591.8551,-78.8551025390625,0,0
2025-10-17,BB250,North,482,586.27295,-104.27294921875,0,0
2025-10-17,BB250,South,490,638.3189,-148.31890869140625,0,0
2025-10-17,BB250,West,664,661.989,2.010986328125,0,0
2025-10-17,BB500,Central,769,744.4392,24.560791015625,0,0
2025-10-17,BB500,East,791,801.3794,-10.37939453125,0,0
2025-10-17,BB500,North,849,847.89197,1.1080322265625,0,0
2025-10-17,BB500,South,1092,917.4328,174.56719970703125,0,0
2025-10-17,BB500,West,1003,924.91986,78.08013916015625,0,0
2025-10-17,EN250,Central,342,331.8774,10.122589111328125,0,0
2025-10-17,EN250,East,305,326.73215,-21.732147216796875,0,0
2025-10-17,EN250,North,331,362.60086,-31.600860595703125,0,0
2025-10-17,EN250,South,367,414.13217,-47.132171630859375,0,0
2025-10-17,EN250,West,442,397.6,44.399993896484375,0,0
2025-10-17,EN500,Central,229,230.81078,-1.8107757568359375,0,0
2025-10-17,EN500,East,227,236.05351,-9.053512573242188,0,0
2025-10-17,EN500,North,279,264.56732,14.43267822265625,0,0
2025-10-17,EN500,South,328,275.0155,52.9844970703125,0,0
2025-10-17,EN500,West,258,292.42294,-34.422943115234375,0,0
2025-10-17,LM250,Central,399,413.95953,-14.95953369140625,0,0
2025-10-17,LM250,East,432,433.18588,-1.185882568359375,0,0
2025-10-17,LM250,North,433,444.25653,-11.25653076171875,0,0
2025-10-17,LM250,South,569,622.12195,-53.1219482421875,1,0
2025-10-17,LM250,West,575,549.8945,25.10552978515625,0,0
2025-10-17,LM500,Central,580,565.13934,14.86065673828125,0,0
2025-10-17,LM500,East,686,629.1225,56.87750244140625,0,0
2025-10-17,LM500,North,666,642.664,23.33599853515625,0,0
2025-10-17,LM500,South,875,706.29834,168.70166015625,0,0
2025-10-17,LM500,West,767,734.54266,32.45733642578125,0,0
2025-10-17,OR1000,Central,353,344.5779,8.422088623046875,0,0
2025-10-17,OR1000,East,343,357.24005,-14.24005126953125,0,0
2025-10-17,OR1000,North,354,398.9734,-44.973388671875,0,0
2025-10-17,OR1000,South,470,437.97784,32.02215576171875,0,0
2025-10-17,OR1000,West,431,451.26163,-20.261627197265625,0,0
2025-10-17,OR500,Central,455,488.90613,-33.9061279296875,0,0
2025-10-17,OR500,East,599,504.18137,94.81863403320312,0,0
2025-10-17,OR500,North,621,536.7145,84.2855224609375,0,0
2025-10-17,OR500,South,952,738.4544,213.54559326171875,1,0
2025-10-17,OR500,West,643,605.7982,37.2017822265625,0,0
2025-10-17,WT1000,Central,925,762.8808,162.11920166015625,0,0
2025-10-17,WT1000,East,970,871.8192,98.1807861328125,0,0
2025-10-17,WT1000,North,933,886.74286,46.25714111328125,0,0
2025-10-17,WT1000,South,766,933.3156,-167.31561279296875,0,0
2025-10-17,WT1000,West,1298,1226.4005,71.5994873046875,1,0
2025-10-18,BB1000,Central,538,536.2939,1.70611572265625,0,0
2025-10-18,BB1000,East,655,528.0017,126.998291015625,0,0
2025-10-18,BB1000,North,619,579.0481,39.951904296875,0,0
2025-10-18,BB1000,South,688,673.8837,14.11627197265625,0,0
2025-10-18,BB1000,West,614,665.4183,-51.41827392578125,0,0
2025-10-18,BB250,Central,630,743.5993,-113.59930419921875,1,0
2025-10-18,BB250,East,649,656.80756,-7.80755615234375,0,0
2025-10-18,BB250,North,674,683.3011,-9.30108642578125,0,0
2025-10-18,BB250,South,577,761.6637,-184.6636962890625,0,0
2025-10-18,BB250,West,775,743.2781,31.721923828125,0,0
2025-10-18,BB500,Central,787,864.0231,-77.0230712890625,0,0
2025-10-18,BB500,East,1023,964.44073,58.55926513671875,0,0
2025-10-18,BB500,North,1201,982.38403,218.615966796875,0,0
2025-10-18,BB500,South,1220,1107.4513,112.5487060546875,0,0
2025-10-18,BB500,West,1365,1050.8214,314.1785888671875,0,0
2025-10-18,EN250,Central,357,376.17984,-19.179840087890625,0,0
2025-10-18,EN250,East,414,379.3523,34.647705078125,0,0
2025-10-18,EN250,North,519,416.29617,102.70382690429688,0,0
2025-10-18,EN250,South,527,469.1819,57.818115234375,0,0
2025-10-18,EN250,West,540,448.21695,91.78305053710938,0,0
2025-10-18,EN500,Central,299,264.08206,34.917938232421875,0,0
2025-10-18,EN500,East,390,332.58792,57.412078857421875,1,0
2025-10-18,EN500,North,310,301.2548,8.745208740234375,0,0
2025-10-18,EN500,South,261,313.5009,-52.500885009765625,0,0
2025-10-18,EN500,West,375,338.72568,36.274322509765625,0,0
2025-10-18,LM250,Central,484,459.4574,24.5426025390625,0,0
2025-10-18,LM250,East,466,497.30853,-31.30853271484375,0,0
2025-10-18,LM250,North,577,500.35767,76.642333984375,0,0
2025-10-18,LM250,South,667,577.07025,89.92974853515625,0,0
2025-10-18,LM250,West,639,628.4057,10.59429931640625,0,0
2025-10-18,LM500,Central,740,650.19525,89.80474853515625,0,0
2025-10-18,LM500,East,805,711.5373,93.46270751953125,0,0
2025-10-18,LM500,North,716,769.54504,-53.5450439453125,0,0
2025-10-18,LM500,South,738,834.06366,-96.06365966796875,0,0
2025-10-18,LM500,West,982,883.6773,98.32269287109375,0,0
2025-10-18,OR1000,Central,523,474.7408,48.259185791015625,1,0
2025-10-18,OR1000,East,459,415.60123,43.398773193359375,0,0
2025-10-18,OR1000,North,490,462.06528,27.934722900390625,0,0
2025-10-18,OR1000,South,445,504.66586,-59.665863037109375,0,0
2025-10-18,OR1000,West,433,511.06927,-78.06927490234375,0,0
2025-10-18,OR500,Central,484,548.7934,-64.79339599609375,0,0
2025-10-18,OR500,East,815,759.27545,55.72454833984375,1,0
2025-10-18,OR500,North,596,616.44403,-20.44403076171875,0,0
2025-10-18,OR500,South,696,674.1483,21.8516845703125,0,0
2025-10-18,OR500,West,685,724.64136,-39.641357421875,0,0
2025-10-18,WT1000,Central,1021,925.8734,95.1265869140625,0,0
2025-10-18,WT1000,East,1078,993.32043,84.6795654296875,0,0
2025-10-18,WT1000,North,1109,992.01324,116.98675537109375,0,0
2025-10-18,WT1000,South,1361,1159.2648,201.7352294921875,0,0
2025-10-18,WT1000,West,1167,1131.3358,35.6641845703125,0,0
2025-10-19,BB1000,Central,534,518.2176,15.78240966796875,0,0
2025-10-19,BB1000,East,603,558.56854,44.43145751953125,0,0
2025-10-19,BB1000,North,581,574.5712,6.42877197265625,0,0
2025-10-19,BB1000,South,665,675.08044,-10.0804443359375,0,0
2025-10-19,BB1000,West,648,682.35175,-34.35174560546875,0,0
2025-10-19,BB250,Central,569,585.3068,-16.30682373046875,0,0
2025-10-19,BB250,East,680,652.278,27.72198486328125,0,0
2025-10-19,BB250,North,723,665.23285,57.76715087890625,0,0
2025-10-19,BB250,South,709,709.74664,-0.74664306640625,0,0
2025-10-19,BB250,West,711,771.872,-60.87200927734375,0,0
2025-10-19,BB500,Central,1074,887.90314,186.09686279296875,0,0
2025-10-19,BB500,East,785,905.6926,-120.692626953125,0,0
2025-10-19,BB500,North,933,962.14594,-29.14593505859375,0,0
2025-10-19,BB500,South,1152,1058.5352,93.46484375,0,0
2025-10-19,BB500,West,1420,1018.93616,401.0638427734375,0,0
2025-10-19,EN250,Central,445,377.86224,67.13775634765625,0,0
2025-10-19,EN250,East,454,381.12543,72.87457275390625,0,0
2025-10-19,EN250,North,386,429.65637,-43.6563720703125,0,0
2025-10-19,EN250,South,362,484.19925,-122.19924926757812,0,0
2025-10-19,EN250,West,593,555.19275,37.8072509765625,1,0
2025-10-19,EN500,Central,283,264.73047,18.26953125,0,0
2025-10-19,EN500,East,266,282.06595,-16.065948486328125,0,0
2025-10-19,EN500,North,304,305.61874,-1.618743896484375,0,0
2025-10-19,EN500,South,314,309.08548,4.914520263671875,0,0
2025-10-19,EN500,West,315,325.029,-10.02899169921875,0,0
2025-10-19,LM250,Central,575,463.96094,111.0390625,0,0
2025-10-19,LM250,East,430,491.59717,-61.59716796875,0,0
2025-10-19,LM250,North,567,518.43445,48.5655517578125,0,0
2025-10-19,LM250,South,752,746.7901,5.20989990234375,1,0
2025-10-19,LM250,West,676,580.5989,95.401123046875,0,0
2025-10-19,LM500,Central,727,649.0499,77.9500732421875,0,0
2025-10-19,LM500,East,683,733.77563,-50.775634765625,0,0
2025-10-19,LM500,North,824,746.43304,77.56695556640625,0,0
2025-10-19,LM500,South,791,812.12946,-21.12945556640625,0,0
2025-10-19,LM500,West,1040,1037.9175,2.08251953125,1,0
2025-10-19,OR1000,Central,497,495.01862,1.98138427734375,1,0
2025-10-19,OR1000,East,362,413.87952,-51.8795166015625,0,0
2025-10-19,OR1000,North,379,453.2567,-74.2567138671875,0,0
2025-10-19,OR1000,South,406,508.15726,-102.15725708007812,0,0
2025-10-19,OR1000,West,530,503.00378,26.9962158203125,0,0
2025-10-19,OR500,Central,779,722.4598,56.54022216796875,1,0
2025-10-19,OR500,East,639,619.9681,19.03192138671875,0,0
2025-10-19,OR500,North,669,638.9447,30.0552978515625,0,0
2025-10-19,OR500,South,747,720.1003,26.89971923828125,0,0
2025-10-19,OR500,West,929,723.16864,205.83135986328125,0,0
2025-10-19,WT1000,Central,886,887.928,-1.927978515625,0,0
2025-10-19,WT1000,East,1498,1241.4677,256.5323486328125,1,0
2025-10-19,WT1000,North,972,1002.93427,-30.93426513671875,0,0
2025-10-19,WT1000,South,1180,1067.727,112.27294921875,0,0
2025-10-19,WT1000,West,1027,1215.3317,-188.3316650390625,0,0
2025-10-20,BB1000,Central,580,515.83704,64.1629638671875,0,1
2025-10-20,BB1000,East,573,544.38446,28.61553955078125,0,1
2025-10-20,BB1000,North,620,739.49054,-119.49053955078125,1,1
2025-10-20,BB1000,South,887,671.94104,215.0589599609375,0,1
2025-10-20,BB1000,West,739,675.06055,63.939453125,0,1
2025-10-20,BB250,Central,728,680.9194,47.08062744140625,0,1
2025-10-20,BB250,East,672,653.9437,18.0562744140625,0,1
2025-10-20,BB250,North,670,716.1074,-46.107421875,0,1
2025-10-20,BB250,South,803,747.3813,55.61871337890625,0,1
2025-10-20,BB250,West,816,796.0676,19.932373046875,0,1
2025-10-20,BB500,Central,840,940.5996,-100.599609375,0,1
2025-10-20,BB500,East,953,1090.1923,-137.1922607421875,0,1
2025-10-20,BB500,North,973,1053.3779,-80.3779296875,0,1
2025-10-20,BB500,South,999,972.03064,26.9693603515625,0,1
2025-10-20,BB500,West,1258,1005.97534,252.024658203125,0,1
2025-10-20,EN250,Central,351,406.0004,-55.000396728515625,0,1
2025-10-20,EN250,East,388,392.3303,-4.330291748046875,0,1
2025-10-20,EN250,North,541,503.09897,37.901031494140625,1,1
2025-10-20,EN250,South,424,491.2394,-67.23941040039062,0,1
2025-10-20,EN250,West,468,490.7534,-22.753387451171875,0,1
2025-10-20,EN500,Central,319,296.97916,22.020843505859375,0,1
2025-10-20,EN500,East,320,302.098,17.902008056640625,0,1
2025-10-20,EN500,North,325,321.65582,3.34417724609375,0,1
2025-10-20,EN500,South,326,343.63672,-17.63671875,0,1
2025-10-20,EN500,West,397,365.44864,31.551361083984375,0,1
2025-10-20,LM250,Central,451,520.15454,-69.154541015625,0,1
2025-10-20,LM250,East,492,491.11182,0.88818359375,0,1
2025-10-20,LM250,North,546,484.0264,61.973602294921875,0,1
2025-10-20,LM250,South,532,663.1288,-131.1287841796875,0,1
2025-10-20,LM250,West,670,648.5693,21.43072509765625,0,1
2025-10-20,LM500,Central,607,674.2546,-67.25457763671875,0,1
2025-10-20,LM500,East,957,890.032,66.968017578125,1,1
2025-10-20,LM500,North,907,807.67834,99.3216552734375,0,1
2025-10-20,LM500,South,824,831.8096,-7.8095703125,0,1
2025-10-20,LM500,West,1064,906.6681,157.3319091796875,0,1
2025-10-20,OR1000,Central,428,442.22736,-14.22735595703125,0,1
2025-10-20,OR1000,East,491,440.85086,50.149139404296875,0,1
2025-10-20,OR1000,North,492,487.20715,4.7928466796875,0,1
2025-10-20,OR1000,South,538,520.91833,17.0816650390625,0,1
2025-10-20,OR1000,West,565,600.552,-35.552001953125,1,1
2025-10-20,OR500,Central,616,576.8251,39.1749267578125,0,1
2025-10-20,OR500,East,612,647.3433,-35.34332275390625,0,1
2025-10-20,OR500,North,620,685.6836,-65.68359375,0,1
2025-10-20,OR500,South,703,721.8619,-18.86187744140625,0,1
2025-10-20,OR500,West,641,760.0483,-119.04827880859375,0,1
2025-10-20,WT1000,Central,938,955.0591,-17.05908203125,0,1
2025-10-20,WT1000,East,940,986.02795,-46.0279541015625,0,1
2025-10-20,WT1000,North,918,1025.8965,-107.896484375,0,1
2025-10-20,WT1000,South,925,1012.403,-87.40301513671875,0,1
2025-10-20,WT1000,West,1260,952.70337,307.296630859375,0,1
2025-10-21,BB1000,Central,465,458.37506,6.62493896484375,0,0
2025-10-21,BB1000,East,434,483.89334,-49.893341064453125,0,0
2025-10-21,BB1000,North,464,499.1606,-35.160614013671875,0,0
2025-10-21,BB1000,South,477,564.29016,-87.2901611328125,0,0
2025-10-21,BB1000,West,613,598.4569,14.5430908203125,0,0
2025-10-21,BB250,Central,541,545.87854,-4.8785400390625,0,0
2025-10-21,BB250,East,597,561.622,35.37799072265625,0,0
2025-10-21,BB250,North,784,703.19824,80.8017578125,1,0
2025-10-21,BB250,South,633,620.5823,12.417724609375,0,0
2025-10-21,BB250,West,604,655.55817,-51.55816650390625,0,0
2025-10-21,BB500,Central,837,743.8698,93.13018798828125,0,0
2025-10-21,BB500,East,770,811.36664,-41.36663818359375,0,0
2025-10-21,BB500,North,755,898.98083,-143.9808349609375,0,0
2025-10-21,BB500,South,889,889.30145,-0.30145263671875,0,0
2025-10-21,BB500,West,885,958.7888,-73.788818359375,0,0
2025-10-21,EN250,Central,368,335.22107,32.7789306640625,0,0
2025-10-21,EN250,East,332,336.4205,-4.420501708984375,0,0
2025-10-21,EN250,North,315,366.89264,-51.89263916015625,0,0
2025-10-21,EN250,South,425,409.7969,15.203094482421875,0,0
2025-10-21,EN250,West,436,397.03876,38.96124267578125,0,0
2025-10-21,EN500,Central,223,235.28201,-12.282012939453125,0,0
2025-10-21,EN500,East,259,240.56989,18.43011474609375,0,0
2025-10-21,EN500,North,257,263.20642,-6.2064208984375,0,0
2025-10-21,EN500,South,303,265.84482,37.155181884765625,0,0
2025-10-21,EN500,West,328,296.32675,31.673248291015625,0,0
2025-10-21,LM250,Central,396,531.0759,-135.075927734375,1,0
2025-10-21,LM250,East,444,426.0775,17.9224853515625,0,0
2025-10-21,LM250,North,416,453.74908,-37.74908447265625,0,0
2025-10-21,LM250,South,576,642.8118,-66.81182861328125,1,0
2025-10-21,LM250,West,755,665.1981,89.8018798828125,1,0
2025-10-21,LM500,Central,607,569.07947,37.9205322265625,0,0
2025-10-21,LM500,East,654,648.1844,5.81561279296875,0,0
2025-10-21,LM500,North,679,679.0542,-0.05419921875,0,0
2025-10-21,LM500,South,928,717.76117,210.23883056640625,0,0
2025-10-21,LM500,West,710,750.97363,-40.9736328125,0,0
2025-10-21,OR1000,Central,328,352.9334,-24.93341064453125,0,0
2025-10-21,OR1000,East,407,357.50076,49.499237060546875,0,0
2025-10-21,OR1000,North,348,400.8386,-52.838592529296875,0,0
2025-10-21,OR1000,South,502,435.09882,66.90118408203125,0,0
2025-10-21,OR1000,West,483,453.08096,29.919036865234375,0,0
2025-10-21,OR500,Central,462,496.11526,-34.115264892578125,0,0
2025-10-21,OR500,East,670,537.572,132.427978515625,0,0
2025-10-21,OR500,North,618,548.50073,69.499267578125,0,0
2025-10-21,OR500,South,629,624.4168,4.58319091796875,0,0
2025-10-21,OR500,West,763,638.53613,124.4638671875,0,0
2025-10-21,WT1000,Central,1038,770.2318,267.7681884765625,0,0
2025-10-21,WT1000,East,762,832.6446,-70.64459228515625,0,0
2025-10-21,WT1000,North,836,883.33246,-47.33245849609375,0,0
2025-10-21,WT1000,South,1010,983.2169,26.7830810546875,0,0
2025-10-21,WT1000,West,1122,1058.913,63.0870361328125,0,0
2025-10-22,BB1000,Central,408,462.66904,-54.669036865234375,0,0
2025-10-22,BB1000,East,445,476.8215,-31.821502685546875,0,0
2025-10-22,BB1000,North,548,509.0112,38.988800048828125,0,0
2025-10-22,BB1000,South,575,577.86127,-2.86126708984375,0,0
2025-10-22,BB1000,West,695,573.0544,121.94561767578125,0,0
2025-10-22,BB250,Central,487,522.5027,-35.502685546875,0,0
2025-10-22,BB250,East,639,553.2798,85.72021484375,0,0
2025-10-22,BB250,North,693,778.647,-85.64697265625,1,0
2025-10-22,BB250,South,669,631.3765,37.62347412109375,0,0
2025-10-22,BB250,West,637,648.6319,-11.63189697265625,0,0
2025-10-22,BB500,Central,791,755.36017,35.63983154296875,0,0
2025-10-22,BB500,East,674,855.09094,-181.0909423828125,0,0
2025-10-22,BB500,North,686,876.53467,-190.53466796875,0,0
2025-10-22,BB500,South,1073,872.0153,200.98468017578125,0,0
2025-10-22,BB500,West,914,968.38104,-54.38104248046875,0,0
2025-10-22,EN250,Central,336,330.3993,5.6007080078125,0,0
2025-10-22,EN250,East,449,333.71774,115.28225708007812,0,0
2025-10-22,EN250,North,321,365.393,-44.39300537109375,0,0
2025-10-22,EN250,South,372,401.8323,-29.832305908203125,0,0
2025-10-22,EN250,West,517,490.7081,26.291900634765625,1,0
2025-10-22,EN500,Central,240,232.00839,7.991607666015625,0,0
2025-10-22,EN500,East,259,246.82213,12.177871704101562,0,0
2025-10-22,EN500,North,273,324.545,-51.545013427734375,1,0
2025-10-22,EN500,South,253,271.48083,-18.4808349609375,0,0
2025-10-22,EN500,West,251,294.63925,-43.639251708984375,0,0
2025-10-22,LM250,Central,369,413.61703,-44.617034912109375,0,0
2025-10-22,LM250,East,442,428.0361,13.963897705078125,0,0
2025-10-22,LM250,North,504,455.3403,48.659698486328125,0,0
2025-10-22,LM250,South,454,488.91803,-34.91802978515625,0,0
2025-10-22,LM250,West,590,570.5951,19.4049072265625,0,0
2025-10-22,LM500,Central,464,571.1867,-107.18670654296875,0,0
2025-10-22,LM500,East,751,816.4993,-65.49932861328125,1,0
2025-10-22,LM500,North,666,656.066,9.93402099609375,0,0
2025-10-22,LM500,South,862,725.0541,136.9459228515625,0,0
2025-10-22,LM500,West,948,899.2615,48.738525390625,1,0
2025-10-22,OR1000,Central,355,353.4401,1.559906005859375,0,0
2025-10-22,OR1000,East,382,366.5965,15.40350341796875,0,0
2025-10-22,OR1000,North,418,395.284,22.71600341796875,0,0
2025-10-22,OR1000,South,411,441.4382,-30.438201904296875,0,0
2025-10-22,OR1000,West,508,450.09277,57.9072265625,0,0
2025-10-22,OR500,Central,527,492.95084,34.049163818359375,0,0
2025-10-22,OR500,East,449,531.38947,-82.38946533203125,0,0
2025-10-22,OR500,North,441,532.714,-91.7139892578125,0,0
2025-10-22,OR500,South,673,721.9435,-48.9434814453125,1,0
2025-10-22,OR500,West,603,618.0158,-15.01580810546875,0,0
2025-10-22,WT1000,Central,820,818.40186,1.59814453125,0,0
2025-10-22,WT1000,East,1172,1009.83484,162.1651611328125,1,0
2025-10-22,WT1000,North,977,868.02313,108.97686767578125,0,0
2025-10-22,WT1000,South,977,937.0339,39.96612548828125,0,0
2025-10-22,WT1000,West,1127,971.16455,155.83544921875,0,0
2025-10-23,BB1000,Central,523,460.50504,62.494964599609375,0,0
2025-10-23,BB1000,East,643,624.9156,18.08441162109375,1,0
2025-10-23,BB1000,North,558,509.64365,48.356353759765625,0,0
2025-10-23,BB1000,South,588,560.8751,27.1248779296875,0,0
2025-10-23,BB1000,West,613,570.2546,42.74542236328125,0,0
2025-10-23,BB250,Central,519,525.26685,-6.266845703125,0,0
2025-10-23,BB250,East,527,566.6871,-39.68707275390625,0,0
2025-10-23,BB250,North,547,594.2227,-47.22271728515625,0,0
2025-10-23,BB250,South,564,639.98114,-75.98114013671875,0,0
2025-10-23,BB250,West,657,654.4698,2.53021240234375,0,0
2025-10-23,BB500,Central,853,755.9594,97.04058837890625,0,0
2025-10-23,BB500,East,781,850.10693,-69.10693359375,0,0
2025-10-23,BB500,North,928,878.50586,49.494140625,0,0
2025-10-23,BB500,South,898,909.6992,-11.69921875,0,0
2025-10-23,BB500,West,785,969.82526,-184.82525634765625,0,0
2025-10-23,EN250,Central,334,328.41727,5.582733154296875,0,0
2025-10-23,EN250,East,400,339.7628,60.237213134765625,0,0
2025-10-23,EN250,North,308,374.41406,-66.4140625,0,0
2025-10-23,EN250,South,436,404.19812,31.8018798828125,0,0
2025-10-23,EN250,West,608,506.62027,101.37973022460938,1,0
2025-10-23,EN500,Central,254,233.95866,20.041336059570312,0,0
2025-10-23,EN500,East,214,248.84666,-34.84666442871094,0,0
2025-10-23,EN500,North,300,267.13477,32.865234375,0,0
2025-10-23,EN500,South,340,274.29926,65.70074462890625,0,0
2025-10-23,EN500,West,296,296.69894,-0.698944091796875,0,0
2025-10-23,LM250,Central,395,395.90945,-0.909454345703125,0,0
2025-10-23,LM250,East,450,423.50128,26.49871826171875,0,0
2025-10-23,LM250,North,369,461.45273,-92.45272827148438,0,0
2025-10-23,LM250,South,508,502.62967,5.370330810546875,0,0
2025-10-23,LM250,West,567,550.17645,16.82354736328125,0,0
2025-10-23,LM500,Central,590,570.5525,19.447509765625,0,0
2025-10-23,LM500,East,619,651.1761,-32.17608642578125,0,0
2025-10-23,LM500,North,537,680.10394,-143.10394287109375,0,0
2025-10-23,LM500,South,660,738.2817,-78.28167724609375,0,0
2025-10-23,LM500,West,765,783.7606,-18.7606201171875,0,0
2025-10-23,OR1000,Central,434,441.9698,-7.96978759765625,1,0
2025-10-23,OR1000,East,305,364.53488,-59.534881591796875,0,0
2025-10-23,OR1000,North,351,392.42838,-41.428375244140625,0,0
2025-10-23,OR1000,South,482,438.1998,43.800201416015625,0,0
2025-10-23,OR1000,West,457,454.5899,2.41009521484375,0,0
2025-10-23,OR500,Central,446,499.0935,-53.093505859375,0,0
2025-10-23,OR500,East,605,659.5826,-54.58258056640625,1,0
2025-10-23,OR500,North,451,553.3452,-102.34521484375,0,0
2025-10-23,OR500,South,689,633.4971,55.5029296875,0,0
2025-10-23,OR500,West,559,634.5813,-75.581298828125,0,0
2025-10-23,WT1000,Central,772,795.6055,-23.60552978515625,0,0
2025-10-23,WT1000,East,923,872.5639,50.43609619140625,0,0
2025-10-23,WT1000,North,913,928.0371,-15.037109375,0,0
2025-10-23,WT1000,South,1010,952.7956,57.20440673828125,0,0
2025-10-23,WT1000,West,848,925.375,-77.375,0,0
2025-10-24,BB1000,Central,532,458.60052,73.39947509765625,0,0
2025-10-24,BB1000,East,559,479.97388,79.026123046875,0,0
2025-10-24,BB1000,North,503,504.79492,-1.794921875,0,0
2025-10-24,BB1000,South,541,570.4661,-29.46612548828125,0,0
2025-10-24,BB1000,West,583,583.41974,-0.41973876953125,0,0
2025-10-24,BB250,Central,471,524.0228,-53.0228271484375,0,0
2025-10-24,BB250,East,644,580.20605,63.7939453125,0,0
2025-10-24,BB250,North,662,591.4,70.5999755859375,0,0
2025-10-24,BB250,South,698,632.002,65.99798583984375,0,0
2025-10-24,BB250,West,716,665.961,50.03900146484375,0,0
2025-10-24,BB500,Central,785,783.71576,1.28424072265625,0,0
2025-10-24,BB500,East,751,813.91437,-62.91436767578125,0,0
2025-10-24,BB500,North,831,845.9003,-14.90032958984375,0,0
2025-10-24,BB500,South,1101,1200.8624,-99.8624267578125,1,0
2025-10-24,BB500,West,930,951.8989,-21.89892578125,0,0
2025-10-24,EN250,Central,301,339.79678,-38.796783447265625,0,0
2025-10-24,EN250,East,325,340.0392,-15.039215087890625,0,0
2025-10-24,EN250,North,310,356.02856,-46.028564453125,0,0
2025-10-24,EN250,South,374,402.70963,-28.709625244140625,0,0
2025-10-24,EN250,West,383,399.5538,-16.553802490234375,0,0
2025-10-24,EN500,Central,214,237.15555,-23.155548095703125,0,0
2025-10-24,EN500,East,219,248.02661,-29.026611328125,0,0
2025-10-24,EN500,North,262,266.9742,-4.974212646484375,0,0
2025-10-24,EN500,South,262,272.47287,-10.472869873046875,0,0
2025-10-24,EN500,West,278,295.0626,-17.062591552734375,0,0
2025-10-24,LM250,Central,415,408.69595,6.304046630859375,0,0
2025-10-24,LM250,East,480,424.43433,55.565673828125,0,0
2025-10-24,LM250,North,429,448.86185,-19.861846923828125,0,0
2025-10-24,LM250,South,542,496.49976,45.500244140625,0,0
2025-10-24,LM250,West,514,552.6363,-38.63629150390625,0,0
2025-10-24,LM500,Central,494,577.983,-83.98297119140625,0,0
2025-10-24,LM500,East,713,629.3131,83.6868896484375,0,0
2025-10-24,LM500,North,711,682.22943,28.77056884765625,0,0
2025-10-24,LM500,South,743,734.04675,8.9532470703125,0,0
2025-10-24,LM500,West,753,771.8795,-18.8795166015625,0,0
2025-10-24,OR1000,Central,308,363.2804,-55.2803955078125,0,0
2025-10-24,OR1000,East,336,359.8963,-23.89630126953125,0,0
2025-10-24,OR1000,North,368,394.43222,-26.432220458984375,0,0
2025-10-24,OR1000,South,445,442.91312,2.086883544921875,0,0
2025-10-24,OR1000,West,427,457.7091,-30.7091064453125,0,0
2025-10-24,OR500,Central,495,491.2141,3.785888671875,0,0
2025-10-24,OR500,East,440,530.0812,-90.0811767578125,0,0
2025-10-24,OR500,North,677,672.06866,4.93133544921875,1,0
2025-10-24,OR500,South,774,711.7955,62.20452880859375,1,0
2025-10-24,OR500,West,523,639.9917,-116.99169921875,0,0
2025-10-24,WT1000,Central,839,829.34143,9.6585693359375,0,0
2025-10-24,WT1000,East,734,901.6321,-167.632080078125,0,0
2025-10-24,WT1000,North,923,900.9712,22.02880859375,0,0
2025-10-24,WT1000,South,925,926.122,-1.12200927734375,0,0
2025-10-24,WT1000,West,1094,986.0419,107.9581298828125,0,0
2025-10-25,BB1000,Central,621,520.99255,100.0074462890625,0,0
2025-10-25,BB1000,East,536,549.70355,-13.70355224609375,0,0
2025-10-25,BB1000,North,856,742.5461,113.45391845703125,1,0
2025-10-25,BB1000,South,778,671.2066,106.79339599609375,0,0
2025-10-25,BB1000,West,538,693.3722,-155.3721923828125,0,0
2025-10-25,BB250,Central,572,595.00006,-23.00006103515625,0,0
2025-10-25,BB250,East,526,675.1234,-149.1234130859375,0,0
2025-10-25,BB250,North,591,681.1694,-90.16937255859375,0,0
2025-10-25,BB250,South,808,753.4788,54.52117919921875,0,0
2025-10-25,BB250,West,925,731.40424,193.59576416015625,0,0
2025-10-25,BB500,Central,874,896.79285,-22.7928466796875,0,0
2025-10-25,BB500,East,906,939.4072,-33.4072265625,0,0
2025-10-25,BB500,North,1109,951.073,157.927001953125,0,0
2025-10-25,BB500,South,1027,1037.0868,-10.0867919921875,0,0
2025-10-25,BB500,West,1174,1093.1884,80.8116455078125,0,0
2025-10-25,EN250,Central,324,381.9313,-57.931304931640625,0,0
2025-10-25,EN250,East,388,400.4118,-12.41180419921875,0,0
2025-10-25,EN250,North,415,480.50635,-65.50634765625,1,0
2025-10-25,EN250,South,449,470.4451,-21.445098876953125,0,0
2025-10-25,EN250,West,527,500.45676,26.543243408203125,0,0
2025-10-25,EN500,Central,297,326.41415,-29.414154052734375,1,0
2025-10-25,EN500,East,221,286.60645,-65.6064453125,0,0
2025-10-25,EN500,North,275,307.2482,-32.248199462890625,0,0
2025-10-25,EN500,South,325,317.0785,7.9215087890625,0,0
2025-10-25,EN500,West,311,339.65018,-28.650177001953125,0,0
2025-10-25,LM250,Central,523,567.5224,-44.52239990234375,1,0
2025-10-25,LM250,East,517,495.48413,21.515869140625,0,0
2025-10-25,LM250,North,439,507.52783,-68.52783203125,0,0
2025-10-25,LM250,South,579,578.33887,0.6611328125,0,0
2025-10-25,LM250,West,567,655.2776,-88.277587890625,0,0
2025-10-25,LM500,Central,588,641.6494,-53.6494140625,0,0
2025-10-25,LM500,East,709,738.5955,-29.59552001953125,0,0
2025-10-25,LM500,North,674,759.9743,-85.97430419921875,0,0
2025-10-25,LM500,South,850,825.4365,24.5634765625,0,0
2025-10-25,LM500,West,798,890.7506,-92.7506103515625,0,0
2025-10-25,OR1000,Central,363,413.50974,-50.509735107421875,0,0
2025-10-25,OR1000,East,422,415.60297,6.39703369140625,0,0
2025-10-25,OR1000,North,403,456.4297,-53.4296875,0,0
2025-10-25,OR1000,South,471,501.6315,-30.631500244140625,0,0
2025-10-25,OR1000,West,559,519.5586,39.44140625,0,0
2025-10-25,OR500,Central,567,566.00397,0.99603271484375,0,0
2025-10-25,OR500,East,610,628.8659,-18.86590576171875,0,0
2025-10-25,OR500,North,820,806.9245,13.07550048828125,1,0
2025-10-25,OR500,South,762,731.1686,30.8314208984375,0,0
2025-10-25,OR500,West,786,745.6135,40.386474609375,0,0
2025-10-25,WT1000,Central,1049,933.59467,115.40533447265625,0,0
2025-10-25,WT1000,East,1059,969.01294,89.987060546875,0,0
2025-10-25,WT1000,North,1132,1037.1469,94.8531494140625,0,0
2025-10-25,WT1000,South,1039,1128.8182,-89.8182373046875,0,0
2025-10-25,WT1000,West,1541,1114.8802,426.1197509765625,0,0
2025-10-26,BB1000,Central,570,521.08875,48.9112548828125,0,0
2025-10-26,BB1000,East,522,544.8452,-22.84521484375,0,0
2025-10-26,BB1000,North,668,627.8732,40.12677001953125,0,0
2025-10-26,BB1000,South,618,677.1287,-59.12872314453125,0,0
2025-10-26,BB1000,West,704,664.25366,39.746337890625,0,0
2025-10-26,BB250,Central,579,602.6437,-23.6436767578125,0,0
2025-10-26,BB250,East,716,658.6158,57.38421630859375,0,0
2025-10-26,BB250,North,724,677.6426,46.357421875,0,0
2025-10-26,BB250,South,1089,866.43256,222.56744384765625,1,0
2025-10-26,BB250,West,856,773.65344,82.3465576171875,0,0
2025-10-26,BB500,Central,903,916.93805,-13.93804931640625,0,0
2025-10-26,BB500,East,988,913.08875,74.9112548828125,0,0
2025-10-26,BB500,North,986,947.1621,38.837890625,0,0
2025-10-26,BB500,South,1027,1031.4904,-4.4903564453125,0,0
2025-10-26,BB500,West,888,1114.3152,-226.315185546875,0,0
2025-10-26,EN250,Central,342,382.8847,-40.88470458984375,0,0
2025-10-26,EN250,East,429,386.56168,42.438323974609375,0,0
2025-10-26,EN250,North,417,413.3542,3.64581298828125,0,0
2025-10-26,EN250,South,496,458.49356,37.506439208984375,0,0
2025-10-26,EN250,West,483,472.17242,10.82757568359375,0,0
2025-10-26,EN500,Central,314,269.5868,44.4132080078125,0,0
2025-10-26,EN500,East,274,277.2661,-3.26611328125,0,0
2025-10-26,EN500,North,325,305.54266,19.45733642578125,0,0
2025-10-26,EN500,South,297,311.71136,-14.71136474609375,0,0
2025-10-26,EN500,West,416,399.2773,16.722686767578125,1,0
2025-10-26,LM250,Central,412,454.82336,-42.8233642578125,0,0
2025-10-26,LM250,East,534,498.45535,35.544647216796875,0,0
2025-10-26,LM250,North,473,493.68927,-20.68927001953125,0,0
2025-10-26,LM250,South,728,787.74457,-59.74456787109375,1,0
2025-10-26,LM250,West,644,684.042,-40.0419921875,0,0
2025-10-26,LM500,Central,673,643.8503,29.14971923828125,0,0
2025-10-26,LM500,East,797,755.4366,41.56341552734375,0,0
2025-10-26,LM500,North,629,766.86975,-137.8697509765625,0,0
2025-10-26,LM500,South,787,820.9344,-33.93438720703125,0,0
2025-10-26,LM500,West,841,904.9649,-63.96490478515625,0,0
2025-10-26,OR1000,Central,417,418.94135,-1.94134521484375,0,0
2025-10-26,OR1000,East,639,492.687,146.31298828125,1,0
2025-10-26,OR1000,North,479,457.34213,21.657867431640625,0,0
2025-10-26,OR1000,South,608,504.0542,103.94580078125,0,0
2025-10-26,OR1000,West,483,506.79892,-23.798919677734375,0,0
2025-10-26,OR500,Central,485,566.22296,-81.22296142578125,0,0
2025-10-26,OR500,East,620,613.6387,6.361328125,0,0
2025-10-26,OR500,North,630,639.60504,-9.60504150390625,0,0
2025-10-26,OR500,South,577,753.9308,-176.9307861328125,0,0
2025-10-26,OR500,West,839,719.5579,119.44207763671875,0,0
2025-10-26,WT1000,Central,766,868.92084,-102.92083740234375,0,0
2025-10-26,WT1000,East,889,1036.2646,-147.2646484375,0,0
2025-10-26,WT1000,North,912,1015.65076,-103.6507568359375,0,0
2025-10-26,WT1000,South,1149,1089.4677,59.5323486328125,0,0
2025-10-26,WT1000,West,1125,1128.864,-3.864013671875,0,0
2025-10-27,BB1000,Central,524,599.18243,-75.18243408203125,1,0
2025-10-27,BB1000,East,458,485.3278,-27.327789306640625,0,0
2025-10-27,BB1000,North,526,528.12134,-2.121337890625,0,0
2025-10-27,BB1000,South,668,573.34503,94.65496826171875,0,0
2025-10-27,BB1000,West,625,570.5048,54.49517822265625,0,0
2025-10-27,BB250,Central,509,510.2647,-1.26470947265625,0,0
2025-10-27,BB250,East,536,567.5299,-31.5299072265625,0,0
2025-10-27,BB250,North,546,596.92487,-50.92486572265625,0,0
2025-10-27,BB250,South,544,667.8205,-123.82049560546875,0,0
2025-10-27,BB250,West,657,670.2787,-13.2786865234375,0,0
2025-10-27,BB500,Central,806,770.63776,35.36224365234375,0,0
2025-10-27,BB500,East,810,771.6985,38.301513671875,0,0
2025-10-27,BB500,North,951,836.33057,114.66943359375,0,0
2025-10-27,BB500,South,919,919.4616,-0.46160888671875,0,0
2025-10-27,BB500,West,1005,948.1098,56.89019775390625,0,0
2025-10-27,EN250,Central,295,331.35397,-36.353973388671875,0,0
2025-10-27,EN250,East,371,343.6812,27.31878662109375,0,0
2025-10-27,EN250,North,367,359.9924,7.007598876953125,0,0
2025-10-27,EN250,South,461,407.04065,53.9593505859375,0,0
2025-10-27,EN250,West,487,398.18185,88.81814575195312,0,0
2025-10-27,EN500,Central,237,237.89922,-0.8992156982421875,0,0
2025-10-27,EN500,East,286,242.15375,43.84625244140625,0,0
2025-10-27,EN500,North,266,264.7468,1.253204345703125,0,0
2025-10-27,EN500,South,282,269.27097,12.729034423828125,0,0
2025-10-27,EN500,West,294,296.13657,-2.136566162109375,0,0
2025-10-27,LM250,Central,415,400.5473,14.45269775390625,0,0
2025-10-27,LM250,East,562,558.9771,3.02288818359375,1,0
2025-10-27,LM250,North,400,442.69473,-42.694732666015625,0,0
2025-10-27,LM250,South,647,663.61957,-16.61956787109375,1,0
2025-10-27,LM250,West,656,708.0006,-52.0006103515625,1,0
2025-10-27,LM500,Central,645,584.5567,60.44329833984375,0,0
2025-10-27,LM500,East,729,635.7147,93.2852783203125,0,0
2025-10-27,LM500,North,555,630.48975,-75.48974609375,0,0
2025-10-27,LM500,South,678,746.4026,-68.402587890625,0,0
2025-10-27,LM500,West,793,779.31824,13.6817626953125,0,0
2025-10-27,OR1000,Central,390,360.61658,29.3834228515625,0,0
2025-10-27,OR1000,East,323,385.51498,-62.514984130859375,0,0
2025-10-27,OR1000,North,450,387.23645,62.7635498046875,0,0
2025-10-27,OR1000,South,443,434.77145,8.228546142578125,0,0
2025-10-27,OR1000,West,437,441.16895,-4.1689453125,0,0
2025-10-27,OR500,Central,521,496.17932,24.8206787109375,0,0
2025-10-27,OR500,East,498,537.0099,-39.0098876953125,0,0
2025-10-27,OR500,North,586,553.4767,32.5233154296875,0,0
2025-10-27,OR500,South,672,630.04913,41.95086669921875,0,0
2025-10-27,OR500,West,656,637.015,18.9849853515625,0,0
2025-10-27,WT1000,Central,761,823.0519,-62.0518798828125,0,0
2025-10-27,WT1000,East,847,872.221,-25.22100830078125,0,0
2025-10-27,WT1000,North,877,879.57733,-2.57733154296875,0,0
2025-10-27,WT1000,South,1034,980.40576,53.59423828125,0,0
2025-10-27,WT1000,West,1041,962.20306,78.79693603515625,0,0
2025-10-28,BB1000,Central,443,466.7699,-23.7698974609375,0,0
2025-10-28,BB1000,East,444,479.9549,-35.95489501953125,0,0
2025-10-28,BB1000,North,581,526.03094,54.96905517578125,0,0
2025-10-28,BB1000,South,622,591.3957,30.60430908203125,0,0
2025-10-28,BB1000,West,603,578.92255,24.07745361328125,0,0
2025-10-28,BB250,Central,496,520.82935,-24.829345703125,0,0
2025-10-28,BB250,East,594,566.8225,27.177490234375,0,0
2025-10-28,BB250,North,626,587.2963,38.70367431640625,0,0
2025-10-28,BB250,South,645,651.69446,-6.6944580078125,0,0
2025-10-28,BB250,West,736,813.7409,-77.74090576171875,1,0
2025-10-28,BB500,Central,804,761.6632,42.3367919921875,0,0
2025-10-28,BB500,East,944,784.4255,159.57452392578125,0,0
2025-10-28,BB500,North,742,852.7995,-110.79949951171875,0,0
2025-10-28,BB500,South,1157,1128.1365,28.863525390625,1,0
2025-10-28,BB500,West,1037,982.09283,54.90716552734375,0,0
2025-10-28,EN250,Central,365,327.83145,37.168548583984375,0,0
2025-10-28,EN250,East,334,352.13284,-18.132843017578125,0,0
2025-10-28,EN250,North,325,359.12137,-34.121368408203125,0,0
2025-10-28,EN250,South,515,528.06104,-13.06103515625,1,0
2025-10-28,EN250,West,447,414.06894,32.931060791015625,0,0
2025-10-28,EN500,Central,274,234.09041,39.90959167480469,0,0
2025-10-28,EN500,East,253,240.03741,12.96258544921875,0,0
2025-10-28,EN500,North,288,266.3576,21.64239501953125,0,0
2025-10-28,EN500,South,295,271.97427,23.025726318359375,0,0
2025-10-28,EN500,West,309,298.00797,10.992034912109375,0,0
2025-10-28,LM250,Central,552,540.1244,11.8756103515625,1,0
2025-10-28,LM250,East,421,435.7796,-14.77960205078125,0,0
2025-10-28,LM250,North,522,441.3151,80.68490600585938,0,0
2025-10-28,LM250,South,488,526.8598,-38.85980224609375,0,0
2025-10-28,LM250,West,524,572.4809,-48.48089599609375,0,0
2025-10-28,LM500,Central,593,574.42316,18.57684326171875,0,0
2025-10-28,LM500,East,631,646.5014,-15.50140380859375,0,0
2025-10-28,LM500,North,629,660.7008,-31.7008056640625,0,0
2025-10-28,LM500,South,769,761.0608,7.939208984375,0,0
2025-10-28,LM500,West,612,753.36194,-141.3619384765625,0,0
2025-10-28,OR1000,Central,332,361.39642,-29.39642333984375,0,0
2025-10-28,OR1000,East,336,359.4055,-23.405487060546875,0,0
2025-10-28,OR1000,North,358,388.0698,-30.069793701171875,0,0
2025-10-28,OR1000,South,483,436.9216,46.078399658203125,0,0
2025-10-28,OR1000,West,476,444.9817,31.018310546875,0,0
2025-10-28,OR500,Central,501,488.21127,12.788726806640625,0,0
2025-10-28,OR500,East,509,543.2936,-34.2935791015625,0,0
2025-10-28,OR500,North,598,543.5417,54.45831298828125,0,0
2025-10-28,OR500,South,623,644.86975,-21.8697509765625,0,0
2025-10-28,OR500,West,757,637.54785,119.4521484375,0,0
2025-10-28,WT1000,Central,849,843.04694,5.95306396484375,0,0
2025-10-28,WT1000,East,755,856.0806,-101.08062744140625,0,0
2025-10-28,WT1000,North,862,926.27374,-64.27374267578125,0,0
2025-10-28,WT1000,South,1178,930.36176,247.63824462890625,0,0
2025-10-28,WT1000,West,1209,942.9761,266.02392578125,0,0
2025-10-29,BB1000,Central,530,460.1205,69.87948608398438,0,0
2025-10-29,BB1000,East,585,483.25397,101.74603271484375,0,0
2025-10-29,BB1000,North,547,532.20166,14.79833984375,0,0
2025-10-29,BB1000,South,692,564.152,127.8480224609375,0,0
2025-10-29,BB1000,West,638,565.422,72.5780029296875,0,0
2025-10-29,BB250,Central,626,515.5657,110.434326171875,0,0
2025-10-29,BB250,East,597,568.92694,28.07305908203125,0,0
2025-10-29,BB250,North,684,594.24506,89.75494384765625,0,0
2025-10-29,BB250,South,612,661.513,-49.51300048828125,0,0
2025-10-29,BB250,West,738,659.84406,78.15594482421875,0,0
2025-10-29,BB500,Central,859,763.2798,95.72021484375,0,0
2025-10-29,BB500,East,979,996.83154,-17.83154296875,1,0
2025-10-29,BB500,North,1004,843.3701,160.6298828125,0,0
2025-10-29,BB500,South,940,959.4241,-19.424072265625,0,0
2025-10-29,BB500,West,1220,1217.786,2.2139892578125,1,0
2025-10-29,EN250,Central,343,324.19934,18.8006591796875,0,0
2025-10-29,EN250,East,378,353.49164,24.50836181640625,0,0
2025-10-29,EN250,North,330,356.5487,-26.5487060546875,0,0
2025-10-29,EN250,South,353,409.83185,-56.83184814453125,0,0
2025-10-29,EN250,West,403,410.93304,-7.93304443359375,0,0
2025-10-29,EN500,Central,240,236.08223,3.9177703857421875,0,0
2025-10-29,EN500,East,238,242.30533,-4.305328369140625,0,0
2025-10-29,EN500,North,383,325.5598,57.440185546875,1,0
2025-10-29,EN500,South,249,274.96393,-25.96392822265625,0,0
2025-10-29,EN500,West,272,290.978,-18.977996826171875,0,0
2025-10-29,LM250,Central,371,400.22293,-29.222930908203125,0,0
2025-10-29,LM250,East,464,432.71988,31.280120849609375,0,0
2025-10-29,LM250,North,450,428.17627,21.82373046875,0,0
2025-10-29,LM250,South,554,532.51355,21.4864501953125,0,0
2025-10-29,LM250,West,575,557.87726,17.12274169921875,0,0
2025-10-29,LM500,Central,589,584.8117,4.18829345703125,0,0
2025-10-29,LM500,East,612,648.274,-36.27398681640625,0,0
2025-10-29,LM500,North,743,634.827,108.1729736328125,0,0
2025-10-29,LM500,South,782,753.6176,28.38238525390625,0,0
2025-10-29,LM500,West,699,799.14594,-100.14593505859375,0,0
2025-10-29,OR1000,Central,369,356.6684,12.33160400390625,0,0
2025-10-29,OR1000,East,300,361.90524,-61.905242919921875,0,0
2025-10-29,OR1000,North,358,388.7725,-30.772491455078125,0,0
2025-10-29,OR1000,South,436,447.663,-11.662994384765625,0,0
2025-10-29,OR1000,West,583,574.4263,8.57373046875,1,0
2025-10-29,OR500,Central,530,499.44913,30.550872802734375,0,0
2025-10-29,OR500,East,517,550.0346,-33.03460693359375,0,0
2025-10-29,OR500,North,629,548.6815,80.3184814453125,0,0
2025-10-29,OR500,South,605,639.95197,-34.95196533203125,0,0
2025-10-29,OR500,West,576,646.1674,-70.16741943359375,0,0
2025-10-29,WT1000,Central,794,799.30396,-5.303955078125,0,0
2025-10-29,WT1000,East,821,888.8963,-67.89630126953125,0,0
2025-10-29,WT1000,North,1076,891.1112,184.8887939453125,0,0
2025-10-29,WT1000,South,994,947.02057,46.97943115234375,0,0
2025-10-29,WT1000,West,1213,951.7331,261.26690673828125,0,0
2025-10-30,BB1000,Central,407,476.9408,-69.9407958984375,0,0
2025-10-30,BB1000,East,566,509.39108,56.608917236328125,0,0
2025-10-30,BB1000,North,506,522.772,-16.77197265625,0,0
2025-10-30,BB1000,South,588,594.9812,-6.981201171875,0,0
2025-10-30,BB1000,West,713,732.91833,-19.9183349609375,1,0
2025-10-30,BB250,Central,543,522.4931,20.50689697265625,0,0
2025-10-30,BB250,East,532,575.281,-43.281005859375,0,0
2025-10-30,BB250,North,532,611.29913,-79.29913330078125,0,0
2025-10-30,BB250,South,725,657.8125,67.1875,0,0
2025-10-30,BB250,West,658,685.5684,-27.56842041015625,0,0
2025-10-30,BB500,Central,819,780.5452,38.45477294921875,0,0
2025-10-30,BB500,East,817,819.9855,-2.9854736328125,0,0
2025-10-30,BB500,North,1047,843.2415,203.75848388671875,0,0
2025-10-30,BB500,South,1002,936.6156,65.3843994140625,0,0
2025-10-30,BB500,West,1044,971.2966,72.70343017578125,0,0
2025-10-30,EN250,Central,414,325.82156,88.17843627929688,0,0
2025-10-30,EN250,East,376,353.43497,22.565032958984375,0,0
2025-10-30,EN250,North,368,355.59564,12.40435791015625,0,0
2025-10-30,EN250,South,378,414.13556,-36.13555908203125,0,0
2025-10-30,EN250,West,448,426.34482,21.655181884765625,0,0
2025-10-30,EN500,Central,232,237.07788,-5.077880859375,0,0
2025-10-30,EN500,East,280,234.87863,45.121368408203125,0,0
2025-10-30,EN500,North,275,272.89996,2.10003662109375,0,0
2025-10-30,EN500,South,241,270.50256,-29.5025634765625,0,0
2025-10-30,EN500,West,333,354.51144,-21.511444091796875,1,0
2025-10-30,LM250,Central,434,406.34903,27.650970458984375,0,0
2025-10-30,LM250,East,461,442.41037,18.589630126953125,0,0
2025-10-30,LM250,North,430,447.606,-17.605987548828125,0,0
2025-10-30,LM250,South,511,529.1418,-18.14178466796875,0,0
2025-10-30,LM250,West,496,561.42914,-65.42913818359375,0,0
2025-10-30,LM500,Central,499,565.3848,-66.38482666015625,0,0
2025-10-30,LM500,East,724,640.85864,83.141357421875,0,0
2025-10-30,LM500,North,694,670.2824,23.71759033203125,0,0
2025-10-30,LM500,South,689,711.49457,-22.49456787109375,0,0
2025-10-30,LM500,West,660,786.2291,-126.2291259765625,0,0
2025-10-30,OR1000,Central,335,350.29797,-15.2979736328125,0,0
2025-10-30,OR1000,East,371,355.10526,15.894744873046875,0,0
2025-10-30,OR1000,North,366,378.10703,-12.107025146484375,0,0
2025-10-30,OR1000,South,427,451.2359,-24.23590087890625,0,0
2025-10-30,OR1000,West,387,451.13278,-64.13278198242188,0,0
2025-10-30,OR500,Central,480,492.23148,-12.231475830078125,0,0
2025-10-30,OR500,East,535,524.85736,10.14263916015625,0,0
2025-10-30,OR500,North,519,561.5212,-42.52117919921875,0,0
2025-10-30,OR500,South,549,643.7753,-94.77532958984375,0,0
2025-10-30,OR500,West,585,638.97174,-53.97174072265625,0,0
2025-10-30,WT1000,Central,733,799.2967,-66.29669189453125,0,0
2025-10-30,WT1000,East,696,833.81177,-137.811767578125,0,0
2025-10-30,WT1000,North,1073,884.7644,188.235595703125,0,0
2025-10-30,WT1000,South,1017,1155.7006,-138.7005615234375,1,0
2025-10-30,WT1000,West,1200,930.30566,269.6943359375,0,0
2025-10-31,BB1000,Central,552,468.80902,83.19097900390625,0,0
2025-10-31,BB1000,East,461,488.43677,-27.436767578125,0,0
2025-10-31,BB1000,North,521,532.50824,-11.50823974609375,0,0
2025-10-31,BB1000,South,580,602.18097,-22.18096923828125,0,0
2025-10-31,BB1000,West,441,600.9314,-159.931396484375,0,0
2025-10-31,BB250,Central,547,514.29474,32.70526123046875,0,0
2025-10-31,BB250,East,562,580.14984,-18.14984130859375,0,0
2025-10-31,BB250,North,578,598.5969,-20.596923828125,0,0
2025-10-31,BB250,South,577,635.75165,-58.75164794921875,0,0
2025-10-31,BB250,West,579,662.73505,-83.73504638671875,0,0
2025-10-31,BB500,Central,959,776.09174,182.90826416015625,0,0
2025-10-31,BB500,East,937,802.20465,134.79534912109375,0,0
2025-10-31,BB500,North,815,861.2004,-46.20037841796875,0,0
2025-10-31,BB500,South,960,929.4146,30.58538818359375,0,0
2025-10-31,BB500,West,1038,962.1885,75.8115234375,0,0
2025-10-31,EN250,Central,318,324.49838,-6.498382568359375,0,0
2025-10-31,EN250,East,319,344.3017,-25.30169677734375,0,0
2025-10-31,EN250,North,377,346.43344,30.566558837890625,0,0
2025-10-31,EN250,South,342,407.7116,-65.71160888671875,0,0
2025-10-31,EN250,West,412,413.61746,-1.617462158203125,0,0
2025-10-31,EN500,Central,269,232.64975,36.350250244140625,0,0
2025-10-31,EN500,East,300,240.56747,59.432525634765625,0,0
2025-10-31,EN500,North,347,323.61777,23.382232666015625,1,0
2025-10-31,EN500,South,241,271.0266,-30.026611328125,0,0
2025-10-31,EN500,West,288,294.86343,-6.863433837890625,0,0
2025-10-31,LM250,Central,319,404.13098,-85.1309814453125,0,0
2025-10-31,LM250,East,458,440.36905,17.630950927734375,0,0
2025-10-31,LM250,North,655,545.3802,109.61981201171875,1,0
2025-10-31,LM250,South,476,544.9102,-68.91021728515625,0,0
2025-10-31,LM250,West,681,685.29364,-4.29364013671875,1,0
2025-10-31,LM500,Central,552,554.8795,-2.8795166015625,0,0
2025-10-31,LM500,East,522,639.14703,-117.14703369140625,0,0
2025-10-31,LM500,North,640,639.20264,0.79736328125,0,0
2025-10-31,LM500,South,676,757.54755,-81.54754638671875,0,0
2025-10-31,LM500,West,743,740.1437,2.8563232421875,0,0
2025-10-31,OR1000,Central,352,352.527,-0.527008056640625,0,0
2025-10-31,OR1000,East,363,358.25604,4.74395751953125,0,0
2025-10-31,OR1000,North,508,472.90915,35.090850830078125,1,0
2025-10-31,OR1000,South,356,441.56985,-85.56985473632812,0,0
2025-10-31,OR1000,West,467,446.13983,20.86016845703125,0,0
2025-10-31,OR500,Central,472,490.61502,-18.615020751953125,0,0
2025-10-31,OR500,East,513,548.8494,-35.84942626953125,0,0
2025-10-31,OR500,North,533,552.92596,-19.92596435546875,0,0
2025-10-31,OR500,South,638,606.17896,31.821044921875,0,0
2025-10-31,OR500,West,686,615.84894,70.15106201171875,0,0
2025-10-31,WT1000,Central,818,775.08246,42.91754150390625,0,0
2025-10-31,WT1000,East,1000,811.1172,188.8828125,0,0
2025-10-31,WT1000,North,801,882.9312,-81.93121337890625,0,0
2025-10-31,WT1000,South,1037,995.05945,41.9405517578125,0,0
2025-10-31,WT1000,West,1100,891.17316,208.82684326171875,0,0
2025-11-01,BB1000,Central,562,518.6235,43.37652587890625,0,0
2025-11-01,BB1000,East,592,568.13306,23.866943359375,0,0
2025-11-01,BB1000,North,548,604.52313,-56.52313232421875,0,0
2025-11-01,BB1000,South,658,681.0127,-23.0126953125,0,0
2025-11-01,BB1000,West,817,687.1595,129.84051513671875,0,0
2025-11-01,BB250,Central,642,594.1924,47.8076171875,0,0
2025-11-01,BB250,East,698,659.5063,38.49371337890625,0,0
2025-11-01,BB250,North,643,678.8528,-35.852783203125,0,0
2025-11-01,BB250,South,579,737.1985,-158.198486328125,0,0
2025-11-01,BB250,West,727,728.095,-1.094970703125,0,0
2025-11-01,BB500,Central,983,890.0373,92.96270751953125,0,0
2025-11-01,BB500,East,932,953.7256,-21.7255859375,0,0
2025-11-01,BB500,North,1090,953.99164,136.00836181640625,0,0
2025-11-01,BB500,South,1373,1294.455,78.5450439453125,1,0
2025-11-01,BB500,West,1206,1022.21106,183.7889404296875,0,0
2025-11-01,EN250,Central,535,468.40457,66.59542846679688,1,0
2025-11-01,EN250,East,326,392.17316,-66.17315673828125,0,0
2025-11-01,EN250,North,400,396.2931,3.7069091796875,0,0
2025-11-01,EN250,South,439,455.03165,-16.031646728515625,0,0
2025-11-01,EN250,West,490,470.64197,19.3580322265625,0,0
2025-11-01,EN500,Central,302,274.37463,27.6253662109375,0,0
2025-11-01,EN500,East,267,270.45874,-3.458740234375,0,0
2025-11-01,EN500,North,282,308.80725,-26.8072509765625,0,0
2025-11-01,EN500,South,445,391.35712,53.64288330078125,1,0
2025-11-01,EN500,West,332,340.1787,-8.1787109375,0,0
2025-11-01,LM250,Central,403,470.6802,-67.68020629882812,0,0
2025-11-01,LM250,East,729,632.0342,96.9658203125,1,0
2025-11-01,LM250,North,530,506.76776,23.23223876953125,0,0
2025-11-01,LM250,South,610,595.2989,14.70111083984375,0,0
2025-11-01,LM250,West,620,639.2529,-19.2529296875,0,0
2025-11-01,LM500,Central,654,657.6523,-3.65228271484375,0,0
2025-11-01,LM500,East,722,751.02563,-29.025634765625,0,0
2025-11-01,LM500,North,621,791.201,-170.20098876953125,0,0
2025-11-01,LM500,South,762,856.29346,-94.29345703125,0,0
2025-11-01,LM500,West,955,857.5547,97.4453125,0,0
2025-11-01,OR1000,Central,333,386.2979,-53.29791259765625,0,0
2025-11-01,OR1000,East,408,408.602,-0.60198974609375,0,0
2025-11-01,OR1000,North,496,439.25052,56.749481201171875,0,0
2025-11-01,OR1000,South,466,503.62494,-37.62493896484375,0,0
2025-11-01,OR1000,West,532,520.83746,11.16253662109375,0,0
2025-11-01,OR500,Central,438,568.9232,-130.9232177734375,0,0
2025-11-01,OR500,East,549,629.3976,-80.3975830078125,0,0
2025-11-01,OR500,North,689,635.857,53.14300537109375,0,0
2025-11-01,OR500,South,751,724.30524,26.69476318359375,0,0
2025-11-01,OR500,West,665,708.95233,-43.95233154296875,0,0
2025-11-01,WT1000,Central,880,919.0798,-39.07977294921875,0,0
2025-11-01,WT1000,East,1150,923.97943,226.02056884765625,0,0
2025-11-01,WT1000,North,950,1048.2891,-98.2890625,0,0
2025-11-01,WT1000,South,1128,1114.2018,13.7982177734375,0,0
2025-11-01,WT1000,West,1430,1124.7502,305.249755859375,0,0
2025-11-02,BB1000,Central,766,664.9833,101.0167236328125,1,0
2025-11-02,BB1000,East,481,570.8523,-89.852294921875,0,0
2025-11-02,BB1000,North,516,603.3257,-87.32568359375,0,0
2025-11-02,BB1000,South,766,676.031,89.968994140625,0,0
2025-11-02,BB1000,West,653,670.5172,-17.5172119140625,0,0
2025-11-02,BB250,Central,660,608.2947,51.705322265625,0,0
2025-11-02,BB250,East,679,648.2143,30.78570556640625,0,0
2025-11-02,BB250,North,910,828.9533,81.04669189453125,1,0
2025-11-02,BB250,South,808,700.9784,107.0216064453125,0,0
2025-11-02,BB250,West,805,760.3852,44.61480712890625,0,0
2025-11-02,BB500,Central,874,814.65845,59.341552734375,0,0
2025-11-02,BB500,East,1176,1115.0891,60.910888671875,1,0
2025-11-02,BB500,North,795,981.8919,-186.89190673828125,0,0
2025-11-02,BB500,South,1218,1046.7218,171.2781982421875,0,0
2025-11-02,BB500,West,1147,1110.401,36.5989990234375,0,0
2025-11-02,EN250,Central,397,376.8243,20.175689697265625,0,0
2025-11-02,EN250,East,369,385.47363,-16.4736328125,0,0
2025-11-02,EN250,North,436,409.37003,26.629974365234375,0,0
2025-11-02,EN250,South,561,577.5293,-16.529296875,1,0
2025-11-02,EN250,West,566,573.6326,-7.63262939453125,1,0
2025-11-02,EN500,Central,254,268.98734,-14.987335205078125,0,0
2025-11-02,EN500,East,304,278.4105,25.589508056640625,0,0
2025-11-02,EN500,North,338,309.9399,28.060089111328125,0,0
2025-11-02,EN500,South,324,302.27863,21.72137451171875,0,0
2025-11-02,EN500,West,346,329.99377,16.0062255859375,0,0
2025-11-02,LM250,Central,412,453.22836,-41.228363037109375,0,0
2025-11-02,LM250,East,432,538.08905,-106.08905029296875,0,0
2025-11-02,LM250,North,574,497.38055,76.61944580078125,0,0
2025-11-02,LM250,South,534,585.5654,-51.5654296875,0,0
2025-11-02,LM250,West,594,648.28174,-54.28173828125,0,0
2025-11-02,LM500,Central,757,656.31964,100.68035888671875,0,0
2025-11-02,LM500,East,899,735.0089,163.9910888671875,0,0
2025-11-02,LM500,North,616,789.9463,-173.9462890625,0,0
2025-11-02,LM500,South,870,809.19855,60.80145263671875,0,0
2025-11-02,LM500,West,783,864.2207,-81.220703125,0,0
2025-11-02,OR1000,Central,364,373.0282,-9.0281982421875,0,0
2025-11-02,OR1000,East,499,414.29193,84.70806884765625,0,0
2025-11-02,OR1000,North,429,442.4449,-13.44488525390625,0,0
2025-11-02,OR1000,South,456,493.9576,-37.957611083984375,0,0
2025-11-02,OR1000,West,546,522.1917,23.80828857421875,0,0
2025-11-02,OR500,Central,581,581.4458,-0.44580078125,0,0
2025-11-02,OR500,East,607,612.4011,-5.401123046875,0,0
2025-11-02,OR500,North,662,647.0152,14.98480224609375,0,0
2025-11-02,OR500,South,713,729.72656,-16.7265625,0,0
2025-11-02,OR500,West,572,729.37756,-157.3775634765625,0,0
2025-11-02,WT1000,Central,685,875.91266,-190.91265869140625,0,0
2025-11-02,WT1000,East,962,877.90576,84.09423828125,0,0
2025-11-02,WT1000,North,930,980.4423,-50.44232177734375,0,0
2025-11-02,WT1000,South,1102,1075.4619,26.5380859375,0,0
2025-11-02,WT1000,West,1004,1130.6818,-126.6817626953125,0,0
2025-11-03,BB1000,Central,387,485.16257,-98.16256713867188,0,0
2025-11-03,BB1000,East,463,488.69366,-25.69366455078125,0,0
2025-11-03,BB1000,North,719,687.80176,31.1982421875,1,0
2025-11-03,BB1000,South,536,573.78406,-37.7840576171875,0,0
2025-11-03,BB1000,West,643,595.9846,47.015380859375,0,0
2025-11-03,BB250,Central,478,516.68976,-38.68975830078125,0,0
2025-11-03,BB250,East,569,581.117,-12.11700439453125,0,0
2025-11-03,BB250,North,658,600.1532,57.8468017578125,0,0
2025-11-03,BB250,South,726,643.09753,82.9024658203125,0,0
2025-11-03,BB250,West,777,667.95514,109.04486083984375,0,0
2025-11-03,BB500,Central,765,780.7033,-15.70330810546875,0,0
2025-11-03,BB500,East,750,818.3925,-68.39251708984375,0,0
2025-11-03,BB500,North,743,827.7776,-84.777587890625,0,0
2025-11-03,BB500,South,987,962.19666,24.8033447265625,0,0
2025-11-03,BB500,West,1153,946.37396,206.62603759765625,0,0
2025-11-03,EN250,Central,362,336.84982,25.150177001953125,0,0
2025-11-03,EN250,East,320,339.8162,-19.816192626953125,0,0
2025-11-03,EN250,North,368,349.363,18.636993408203125,0,0
2025-11-03,EN250,South,508,501.11954,6.880462646484375,1,0
2025-11-03,EN250,West,390,425.73712,-35.73712158203125,0,0
2025-11-03,EN500,Central,270,240.0777,29.92230224609375,0,0
2025-11-03,EN500,East,256,248.45308,7.5469207763671875,0,0
2025-11-03,EN500,North,313,330.538,-17.537994384765625,1,0
2025-11-03,EN500,South,297,278.71408,18.285919189453125,0,0
2025-11-03,EN500,West,275,301.12073,-26.1207275390625,0,0
2025-11-03,LM250,Central,439,392.3082,46.691802978515625,0,0
2025-11-03,LM250,East,396,440.62265,-44.622650146484375,0,0
2025-11-03,LM250,North,441,442.96097,-1.960968017578125,0,0
2025-11-03,LM250,South,491,517.59906,-26.59906005859375,0,0
2025-11-03,LM250,West,569,531.686,37.31402587890625,0,0
2025-11-03,LM500,Central,619,591.20807,27.79193115234375,0,0
2025-11-03,LM500,East,593,656.5043,-63.5042724609375,0,0
2025-11-03,LM500,North,753,802.07166,-49.0716552734375,1,0
2025-11-03,LM500,South,685,738.3043,-53.3043212890625,0,0
2025-11-03,LM500,West,706,725.31494,-19.31494140625,0,0
2025-11-03,OR1000,Central,347,339.29514,7.704864501953125,0,0
2025-11-03,OR1000,East,314,354.94772,-40.947723388671875,0,0
2025-11-03,OR1000,North,367,387.9182,-20.918212890625,0,0
2025-11-03,OR1000,South,407,437.7019,-30.701904296875,0,0
2025-11-03,OR1000,West,394,440.3661,-46.3660888671875,0,0
2025-11-03,OR500,Central,474,486.18823,-12.188232421875,0,0
2025-11-03,OR500,East,616,521.4036,94.59637451171875,0,0
2025-11-03,OR500,North,567,567.5561,-0.55609130859375,0,0
2025-11-03,OR500,South,557,636.0236,-79.02362060546875,0,0
2025-11-03,OR500,West,652,628.57947,23.4205322265625,0,0
2025-11-03,WT1000,Central,908,774.0753,133.9246826171875,0,0
2025-11-03,WT1000,East,908,861.3866,46.6134033203125,0,0
2025-11-03,WT1000,North,1215,897.4704,317.52960205078125,0,0
2025-11-03,WT1000,South,1098,948.9646,149.035400390625,0,0
2025-11-03,WT1000,West,1149,917.3559,231.64410400390625,0,0
2025-11-04,BB1000,Central,500,464.20496,35.7950439453125,0,0
2025-11-04,BB1000,East,551,480.11102,70.88897705078125,0,0
2025-11-04,BB1000,North,651,543.1267,107.873291015625,0,0
2025-11-04,BB1000,South,626,579.3177,46.68231201171875,0,0
2025-11-04,BB1000,West,624,595.056,28.9439697265625,0,0
2025-11-04,BB250,Central,610,513.3499,96.65008544921875,0,0
2025-11-04,BB250,East,569,575.9819,-6.98187255859375,0,0
2025-11-04,BB250,North,602,596.2105,5.78948974609375,0,0
2025-11-04,BB250,South,688,625.77496,62.22503662109375,0,0
2025-11-04,BB250,West,692,659.8561,32.1439208984375,0,0
2025-11-04,BB500,Central,794,765.0625,28.9375,0,0
2025-11-04,BB500,East,862,816.0114,45.98858642578125,0,0
2025-11-04,BB500,North,1117,1006.47833,110.52166748046875,1,0
2025-11-04,BB500,South,782,916.30554,-134.3055419921875,0,0
2025-11-04,BB500,West,1015,898.7233,116.27667236328125,0,0
2025-11-04,EN250,Central,364,331.852,32.14801025390625,0,0
2025-11-04,EN250,East,371,334.37683,36.6231689453125,0,0
2025-11-04,EN250,North,321,355.97668,-34.9766845703125,0,0
2025-11-04,EN250,South,303,399.45734,-96.45733642578125,0,0
2025-11-04,EN250,West,418,416.8421,1.15789794921875,0,0
2025-11-04,EN500,Central,251,238.44414,12.555862426757812,0,0
2025-11-04,EN500,East,232,244.62056,-12.620559692382812,0,0
2025-11-04,EN500,North,250,276.21347,-26.213470458984375,0,0
2025-11-04,EN500,South,326,274.18423,51.815765380859375,0,0
2025-11-04,EN500,West,264,297.40454,-33.404541015625,0,0
2025-11-04,LM250,Central,357,385.38498,-28.384979248046875,0,0
2025-11-04,LM250,East,413,439.03552,-26.0355224609375,0,0
2025-11-04,LM250,North,517,442.24646,74.7535400390625,0,0
2025-11-04,LM250,South,560,511.36502,48.634979248046875,0,0
2025-11-04,LM250,West,512,529.83,-17.83001708984375,0,0
2025-11-04,LM500,Central,562,591.0189,-29.0189208984375,0,0
2025-11-04,LM500,East,562,637.6916,-75.69158935546875,0,0
2025-11-04,LM500,North,780,839.0403,-59.040283203125,1,0
2025-11-04,LM500,South,621,709.76276,-88.76275634765625,0,0
2025-11-04,LM500,West,786,704.8268,81.1732177734375,0,0
2025-11-04,OR1000,Central,356,333.2639,22.736114501953125,0,0
2025-11-04,OR1000,East,325,351.3788,-26.378814697265625,0,0
2025-11-04,OR1000,North,376,390.60205,-14.60205078125,0,0
2025-11-04,OR1000,South,377,422.92078,-45.9207763671875,0,0
2025-11-04,OR1000,West,459,448.44025,10.55975341796875,0,0
2025-11-04,OR500,Central,492,473.8972,18.102813720703125,0,0
2025-11-04,OR500,East,729,673.97375,55.0262451171875,1,0
2025-11-04,OR500,North,571,581.683,-10.6829833984375,0,0
2025-11-04,OR500,South,580,644.0705,-64.07049560546875,0,0
2025-11-04,OR500,West,547,627.09625,-80.09625244140625,0,0
2025-11-04,WT1000,Central,944,768.5072,175.4927978515625,0,0
2025-11-04,WT1000,East,1081,1064.3734,16.6265869140625,1,0
2025-11-04,WT1000,North,778,892.67865,-114.67864990234375,0,0
2025-11-04,WT1000,South,1121,893.67175,227.3282470703125,0,0
2025-11-04,WT1000,West,1180,890.0973,289.9027099609375,0,0
2025-11-05,BB1000,Central,546,614.9973,-68.997314453125,1,0
2025-11-05,BB1000,East,518,483.86658,34.1334228515625,0,0
2025-11-05,BB1000,North,480,531.3642,-51.36419677734375,0,0
2025-11-05,BB1000,South,679,573.9535,105.0465087890625,0,0
2025-11-05,BB1000,West,510,572.8794,-62.87939453125,0,0
2025-11-05,BB250,Central,514,515.3416,-1.34161376953125,0,0
2025-11-05,BB250,East,585,582.58673,2.41326904296875,0,0
2025-11-05,BB250,North,583,584.9128,-1.91278076171875,0,0
2025-11-05,BB250,South,657,642.6861,14.31390380859375,0,0
2025-11-05,BB250,West,806,650.1779,155.82208251953125,0,0
2025-11-05,BB500,Central,877,780.30176,96.6982421875,0,0
2025-11-05,BB500,East,740,801.25775,-61.25775146484375,0,0
2025-11-05,BB500,North,816,825.7635,-9.76348876953125,0,0
2025-11-05,BB500,South,1030,924.55054,105.449462890625,0,0
2025-11-05,BB500,West,807,923.1413,-116.14129638671875,0,0
2025-11-05,EN250,Central,363,332.07303,30.926971435546875,0,0
2025-11-05,EN250,East,425,334.22232,90.77767944335938,0,0
2025-11-05,EN250,North,314,351.59396,-37.593963623046875,0,0
2025-11-05,EN250,South,353,397.84088,-44.84088134765625,0,0
2025-11-05,EN250,West,390,409.98593,-19.985931396484375,0,0
2025-11-05,EN500,Central,247,237.77396,9.226043701171875,0,0
2025-11-05,EN500,East,250,241.50146,8.49853515625,0,0
2025-11-05,EN500,North,206,281.91116,-75.91116333007812,0,0
2025-11-05,EN500,South,289,274.62952,14.3704833984375,0,0
2025-11-05,EN500,West,296,289.66055,6.339447021484375,0,0
2025-11-05,LM250,Central,391,391.8571,-0.857086181640625,0,0
2025-11-05,LM250,East,483,440.04117,42.958831787109375,0,0
2025-11-05,LM250,North,428,454.15555,-26.155548095703125,0,0
2025-11-05,LM250,South,502,508.8776,-6.877593994140625,0,0
2025-11-05,LM250,West,644,643.38226,0.61773681640625,1,0
2025-11-05,LM500,Central,619,556.30225,62.69775390625,0,0
2025-11-05,LM500,East,678,637.9403,40.0596923828125,0,0
2025-11-05,LM500,North,726,627.8917,98.1082763671875,0,0
2025-11-05,LM500,South,648,719.49945,-71.49945068359375,0,0
2025-11-05,LM500,West,1027,944.4708,82.5291748046875,1,0
2025-11-05,OR1000,Central,338,340.78137,-2.7813720703125,0,0
2025-11-05,OR1000,East,478,433.17435,44.825653076171875,1,0
2025-11-05,OR1000,North,384,498.37375,-114.37374877929688,1,0
2025-11-05,OR1000,South,536,508.01938,27.980621337890625,1,0
2025-11-05,OR1000,West,460,440.88297,19.117034912109375,0,0
2025-11-05,OR500,Central,424,477.88437,-53.884368896484375,0,0
2025-11-05,OR500,East,494,541.1136,-47.11358642578125,0,0
2025-11-05,OR500,North,438,579.91205,-141.91204833984375,0,0
2025-11-05,OR500,South,622,636.4455,-14.44549560546875,0,0
2025-11-05,OR500,West,613,598.2056,14.79437255859375,0,0
2025-11-05,WT1000,Central,787,786.17676,0.8232421875,0,0
2025-11-05,WT1000,East,834,850.62616,-16.62615966796875,0,0
2025-11-05,WT1000,North,696,863.73956,-167.73956298828125,0,0
2025-11-05,WT1000,South,1014,937.2874,76.71258544921875,0,0
2025-11-05,WT1000,West,1007,907.4666,99.53338623046875,0,0
2025-11-06,BB1000,Central,400,486.7434,-86.743408203125,0,0
2025-11-06,BB1000,East,530,479.2317,50.768310546875,0,0
2025-11-06,BB1000,North,431,544.10443,-113.10443115234375,0,0
2025-11-06,BB1000,South,493,578.99365,-85.99365234375,0,0
2025-11-06,BB1000,West,672,571.5776,100.42242431640625,0,0
2025-11-06,BB250,Central,626,645.4886,-19.48858642578125,1,0
2025-11-06,BB250,East,538,579.67053,-41.6705322265625,0,0
2025-11-06,BB250,North,502,593.5928,-91.5927734375,0,0
2025-11-06,BB250,South,670,630.4782,39.52178955078125,0,0
2025-11-06,BB250,West,817,817.3341,-0.3341064453125,1,0
2025-11-06,BB500,Central,711,767.679,-56.67901611328125,0,0
2025-11-06,BB500,East,1001,1055.9543,-54.954345703125,1,0
2025-11-06,BB500,North,1041,865.4498,175.5501708984375,0,0
2025-11-06,BB500,South,728,897.8809,-169.88092041015625,0,0
2025-11-06,BB500,West,910,980.78156,-70.78155517578125,0,0
2025-11-06,EN250,Central,358,332.62137,25.378631591796875,0,0
2025-11-06,EN250,East,301,343.1603,-42.160308837890625,0,0
2025-11-06,EN250,North,397,354.04773,42.9522705078125,0,0
2025-11-06,EN250,South,426,523.25464,-97.254638671875,1,0
2025-11-06,EN250,West,489,417.0722,71.92779541015625,0,0
2025-11-06,EN500,Central,241,238.052,2.947998046875,0,0
2025-11-06,EN500,East,247,244.61118,2.388824462890625,0,0
2025-11-06,EN500,North,246,264.3845,-18.384490966796875,0,0
2025-11-06,EN500,South,313,281.09518,31.904815673828125,0,0
2025-11-06,EN500,West,261,289.7926,-28.7926025390625,0,0
2025-11-06,LM250,Central,447,387.57333,59.426666259765625,0,0
2025-11-06,LM250,East,444,444.18445,-0.1844482421875,0,0
2025-11-06,LM250,North,593,587.4006,5.59942626953125,1,0
2025-11-06,LM250,South,524,514.0857,9.914306640625,0,0
2025-11-06,LM250,West,525,520.461,4.53900146484375,0,0
2025-11-06,LM500,Central,585,565.15515,19.8448486328125,0,0
2025-11-06,LM500,East,641,619.57,21.42999267578125,0,0
2025-11-06,LM500,North,588,670.6457,-82.64569091796875,0,0
2025-11-06,LM500,South,816,931.5535,-115.55352783203125,1,0
2025-11-06,LM500,West,797,729.9441,67.055908203125,0,0
2025-11-06,OR1000,Central,333,337.5329,-4.53289794921875,0,0
2025-11-06,OR1000,East,469,446.72165,22.278350830078125,1,0
2025-11-06,OR1000,North,352,387.69672,-35.69671630859375,0,0
2025-11-06,OR1000,South,543,424.668,118.33200073242188,0,0
2025-11-06,OR1000,West,478,456.4352,21.564788818359375,0,0
2025-11-06,OR500,Central,443,468.98846,-25.98846435546875,0,0
2025-11-06,OR500,East,586,544.24493,41.75506591796875,0,0
2025-11-06,OR500,North,551,562.2375,-11.23748779296875,0,0
2025-11-06,OR500,South,660,619.5679,40.43212890625,0,0
2025-11-06,OR500,West,768,598.41986,169.58013916015625,0,0
2025-11-06,WT1000,Central,836,751.2391,84.76092529296875,0,0
2025-11-06,WT1000,East,776,849.3175,-73.3175048828125,0,0
2025-11-06,WT1000,North,1141,1029.3384,111.66162109375,1,0
2025-11-06,WT1000,South,929,930.64734,-1.6473388671875,0,0
2025-11-06,WT1000,West,1150,957.1151,192.8848876953125,0,0
2025-11-07,BB1000,Central,460,475.27722,-15.2772216796875,0,0
2025-11-07,BB1000,East,512,489.03223,22.9677734375,0,0
2025-11-07,BB1000,North,722,691.1326,30.86737060546875,1,0
2025-11-07,BB1000,South,605,577.896,27.10400390625,0,0
2025-11-07,BB1000,West,637,574.45654,62.54345703125,0,0
2025-11-07,BB250,Central,472,525.3859,-53.38592529296875,0,0
2025-11-07,BB250,East,532,588.56726,-56.5672607421875,0,0
2025-11-07,BB250,North,594,596.2864,-2.286376953125,0,0
2025-11-07,BB250,South,559,644.7936,-85.7935791015625,0,0
2025-11-07,BB250,West,691,692.54236,-1.5423583984375,0,0
2025-11-07,BB500,Central,773,742.02,30.97998046875,0,0
2025-11-07,BB500,East,1079,1049.7201,29.2799072265625,1,0
2025-11-07,BB500,North,943,828.6765,114.323486328125,0,0
2025-11-07,BB500,South,1097,933.35706,163.6429443359375,0,0
2025-11-07,BB500,West,1052,942.5204,109.4796142578125,0,0
2025-11-07,EN250,Central,317,338.4367,-21.43670654296875,0,0
2025-11-07,EN250,East,320,334.95496,-14.9549560546875,0,0
2025-11-07,EN250,North,400,358.53476,41.465240478515625,0,0
2025-11-07,EN250,South,374,400.39798,-26.397979736328125,0,0
2025-11-07,EN250,West,383,414.2896,-31.28961181640625,0,0
2025-11-07,EN500,Central,232,239.08754,-7.0875396728515625,0,0
2025-11-07,EN500,East,295,242.69226,52.3077392578125,0,0
2025-11-07,EN500,North,318,267.63092,50.36907958984375,0,0
2025-11-07,EN500,South,303,278.68393,24.316070556640625,0,0
2025-11-07,EN500,West,292,290.36588,1.634124755859375,0,0
2025-11-07,LM250,Central,506,512.139,-6.13897705078125,1,0
2025-11-07,LM250,East,464,446.696,17.303985595703125,0,0
2025-11-07,LM250,North,554,467.77133,86.22866821289062,0,0
2025-11-07,LM250,South,438,510.22815,-72.2281494140625,0,0
2025-11-07,LM250,West,452,531.86035,-79.8603515625,0,0
2025-11-07,LM500,Central,587,561.1068,25.8931884765625,0,0
2025-11-07,LM500,East,630,631.7241,-1.72412109375,0,0
2025-11-07,LM500,North,674,657.85364,16.1463623046875,0,0
2025-11-07,LM500,South,692,723.8233,-31.82330322265625,0,0
2025-11-07,LM500,West,608,732.83405,-124.83404541015625,0,0
2025-11-07,OR1000,Central,339,332.49506,6.50494384765625,0,0
2025-11-07,OR1000,East,421,449.0252,-28.02520751953125,1,0
2025-11-07,OR1000,North,360,379.096,-19.09600830078125,0,0
2025-11-07,OR1000,South,435,429.4146,5.58538818359375,0,0
2025-11-07,OR1000,West,424,448.92227,-24.922271728515625,0,0
2025-11-07,OR500,Central,488,469.58472,18.415283203125,0,0
2025-11-07,OR500,East,509,533.6571,-24.6571044921875,0,0
2025-11-07,OR500,North,519,563.0181,-44.01812744140625,0,0
2025-11-07,OR500,South,622,649.48175,-27.48175048828125,0,0
2025-11-07,OR500,West,539,627.23987,-88.2398681640625,0,0
2025-11-07,WT1000,Central,796,756.8752,39.12481689453125,0,0
2025-11-07,WT1000,East,1137,1003.6387,133.361328125,1,0
2025-11-07,WT1000,North,921,921.15137,-0.1513671875,0,0
2025-11-07,WT1000,South,1033,929.1395,103.8604736328125,0,0
2025-11-07,WT1000,West,1132,1346.8765,-214.87646484375,1,0
2025-11-08,BB1000,Central,552,534.1368,17.86322021484375,0,0
2025-11-08,BB1000,East,603,536.1628,66.83721923828125,0,0
2025-11-08,BB1000,North,587,626.44586,-39.44586181640625,0,0
2025-11-08,BB1000,South,607,661.6235,-54.62347412109375,0,0
2025-11-08,BB1000,West,744,688.2356,55.764404296875,0,0
2025-11-08,BB250,Central,634,598.25323,35.74676513671875,0,0
2025-11-08,BB250,East,667,644.1413,22.85870361328125,0,0
2025-11-08,BB250,North,637,658.49414,-21.494140625,0,0
2025-11-08,BB250,South,813,740.4692,72.53082275390625,0,0
2025-11-08,BB250,West,745,754.94037,-9.94036865234375,0,0
2025-11-08,BB500,Central,1050,1083.8718,-33.871826171875,1,0
2025-11-08,BB500,East,851,928.8347,-77.834716796875,0,0
2025-11-08,BB500,North,1034,959.21704,74.782958984375,0,0
2025-11-08,BB500,South,1149,1122.7274,26.2725830078125,0,0
2025-11-08,BB500,West,1145,1034.6547,110.3453369140625,0,0
2025-11-08,EN250,Central,432,397.22946,34.770538330078125,0,0
2025-11-08,EN250,East,382,383.3871,-1.3870849609375,0,0
2025-11-08,EN250,North,407,407.57986,-0.579864501953125,0,0
2025-11-08,EN250,South,509,458.90512,50.094879150390625,0,0
2025-11-08,EN250,West,442,474.62192,-32.621917724609375,0,0
2025-11-08,EN500,Central,296,334.92056,-38.920562744140625,1,0
2025-11-08,EN500,East,297,275.23218,21.767822265625,0,0
2025-11-08,EN500,North,352,300.88153,51.11846923828125,0,0
2025-11-08,EN500,South,269,335.2534,-66.25338745117188,0,0
2025-11-08,EN500,West,378,321.85742,56.142578125,0,0
2025-11-08,LM250,Central,502,459.18823,42.811767578125,0,0
2025-11-08,LM250,East,563,484.0006,78.9993896484375,0,0
2025-11-08,LM250,North,563,523.17426,39.82574462890625,0,0
2025-11-08,LM250,South,518,590.90533,-72.90533447265625,0,0
2025-11-08,LM250,West,564,620.53375,-56.53375244140625,0,0
2025-11-08,LM500,Central,667,663.1249,3.8751220703125,0,0
2025-11-08,LM500,East,725,712.2609,12.73907470703125,0,0
2025-11-08,LM500,North,708,754.7651,-46.76507568359375,0,0
2025-11-08,LM500,South,943,822.87994,120.12005615234375,0,0
2025-11-08,LM500,West,1126,964.16736,161.8326416015625,1,0
2025-11-08,OR1000,Central,370,382.56534,-12.565338134765625,0,0
2025-11-08,OR1000,East,519,491.57193,27.428070068359375,1,0
2025-11-08,OR1000,North,384,435.8425,-51.842498779296875,0,0
2025-11-08,OR1000,South,646,617.34827,28.6517333984375,1,0
2025-11-08,OR1000,West,525,513.36835,11.63165283203125,0,0
2025-11-08,OR500,Central,455,556.7558,-101.75579833984375,0,0
2025-11-08,OR500,East,676,623.5625,52.4375,0,0
2025-11-08,OR500,North,670,626.6771,43.3228759765625,0,0
2025-11-08,OR500,South,758,726.97363,31.0263671875,0,0
2025-11-08,OR500,West,628,714.1949,-86.19488525390625,0,0
2025-11-08,WT1000,Central,933,888.1439,44.8560791015625,0,0
2025-11-08,WT1000,East,864,955.3801,-91.380126953125,0,0
2025-11-08,WT1000,North,1031,1027.6437,3.3563232421875,0,0
2025-11-08,WT1000,South,1215,1085.3837,129.6163330078125,0,0
2025-11-08,WT1000,West,1140,1139.2423,0.7576904296875,0,0
2025-11-09,BB1000,Central,483,525.038,-42.03802490234375,0,0
2025-11-09,BB1000,East,587,564.31836,22.681640625,0,0
2025-11-09,BB1000,North,592,609.96234,-17.96234130859375,0,0
2025-11-09,BB1000,South,685,646.71313,38.286865234375,0,0
2025-11-09,BB1000,West,748,685.8724,62.12762451171875,0,0
2025-11-09,BB250,Central,599,612.23004,-13.23004150390625,0,0
2025-11-09,BB250,East,632,692.20447,-60.2044677734375,0,0
2025-11-09,BB250,North,714,668.8685,45.1314697265625,0,0
2025-11-09,BB250,South,654,722.8907,-68.89068603515625,0,0
2025-11-09,BB250,West,772,754.0707,17.9293212890625,0,0
2025-11-09,BB500,Central,939,893.8487,45.15130615234375,0,0
2025-11-09,BB500,East,935,894.76575,40.2342529296875,0,0
2025-11-09,BB500,North,1218,989.7835,228.21649169921875,0,0
2025-11-09,BB500,South,1021,1026.856,-5.85595703125,0,0
2025-11-09,BB500,West,1240,1077.1765,162.823486328125,0,0
2025-11-09,EN250,Central,291,384.32092,-93.3209228515625,0,0
2025-11-09,EN250,East,373,381.7687,-8.768707275390625,0,0
2025-11-09,EN250,North,413,401.69177,11.3082275390625,0,0
2025-11-09,EN250,South,477,450.84747,26.15252685546875,0,0
2025-11-09,EN250,West,494,471.23224,22.76776123046875,0,0
2025-11-09,EN500,Central,314,269.0727,44.92730712890625,0,0
2025-11-09,EN500,East,268,279.52835,-11.528350830078125,0,0
2025-11-09,EN500,North,266,306.7583,-40.75830078125,0,0
2025-11-09,EN500,South,324,319.90237,4.097625732421875,0,0
2025-11-09,EN500,West,366,324.26566,41.734344482421875,0,0
2025-11-09,LM250,Central,565,565.11285,-0.11285400390625,1,0
2025-11-09,LM250,East,562,490.12253,71.87747192382812,0,0
2025-11-09,LM250,North,551,529.3102,21.6898193359375,0,0
2025-11-09,LM250,South,663,728.5037,-65.50372314453125,1,0
2025-11-09,LM250,West,556,603.6567,-47.65667724609375,0,0
2025-11-09,LM500,Central,656,676.7147,-20.7147216796875,0,0
2025-11-09,LM500,East,717,713.3121,3.68792724609375,0,0
2025-11-09,LM500,North,680,787.15027,-107.1502685546875,0,0
2025-11-09,LM500,South,735,845.20917,-110.20916748046875,0,0
2025-11-09,LM500,West,779,866.03876,-87.03875732421875,0,0
2025-11-09,OR1000,Central,429,385.21844,43.78155517578125,0,0
2025-11-09,OR1000,East,369,431.29733,-62.297332763671875,0,0
2025-11-09,OR1000,North,378,435.79706,-57.79705810546875,0,0
2025-11-09,OR1000,South,570,572.60266,-2.6026611328125,1,0
2025-11-09,OR1000,West,578,643.17413,-65.17413330078125,1,0
2025-11-09,OR500,Central,523,541.6327,-18.6326904296875,0,0
2025-11-09,OR500,East,548,614.2637,-66.263671875,0,0
2025-11-09,OR500,North,672,627.96704,44.032958984375,0,0
2025-11-09,OR500,South,708,734.95074,-26.95074462890625,0,0
2025-11-09,OR500,West,741,712.7166,28.28338623046875,0,0
2025-11-09,WT1000,Central,901,904.3215,-3.32147216796875,0,0
2025-11-09,WT1000,East,972,995.1282,-23.128173828125,0,0
2025-11-09,WT1000,North,973,1008.0546,-35.05462646484375,0,0
2025-11-09,WT1000,South,1093,1070.8083,22.191650390625,0,0
2025-11-09,WT1000,West,1103,1092.5212,10.478759765625,0,0
2025-11-10,BB1000,Central,443,476.90182,-33.901824951171875,0,0
2025-11-10,BB1000,East,560,500.13098,59.8690185546875,0,0
2025-11-10,BB1000,North,554,525.2016,28.79840087890625,0,0
2025-11-10,BB1000,South,596,591.15375,4.84625244140625,0,0
2025-11-10,BB1000,West,609,572.231,36.76898193359375,0,0
2025-11-10,BB250,Central,471,526.4966,-55.49658203125,0,0
2025-11-10,BB250,East,547,578.6548,-31.65478515625,0,0
2025-11-10,BB250,North,598,579.6117,18.3883056640625,0,0
2025-11-10,BB250,South,765,632.79895,132.2010498046875,0,0
2025-11-10,BB250,West,588,664.0448,-76.0447998046875,0,0
2025-11-10,BB500,Central,969,1013.7693,-44.769287109375,1,0
2025-11-10,BB500,East,783,796.6427,-13.6427001953125,0,0
2025-11-10,BB500,North,813,860.7949,-47.794921875,0,0
2025-11-10,BB500,South,953,920.7539,32.24609375,0,0
2025-11-10,BB500,West,1082,927.784,154.21600341796875,0,0
2025-11-10,EN250,Central,316,331.86627,-15.86627197265625,0,0
2025-11-10,EN250,East,339,335.9446,3.055389404296875,0,0
2025-11-10,EN250,North,362,359.97824,2.021759033203125,0,0
2025-11-10,EN250,South,483,494.8483,-11.848297119140625,1,0
2025-11-10,EN250,West,446,406.24237,39.75762939453125,0,0
2025-11-10,EN500,Central,228,235.54877,-7.54876708984375,0,0
2025-11-10,EN500,East,248,243.50496,4.4950408935546875,0,0
2025-11-10,EN500,North,267,267.76077,-0.760772705078125,0,0
2025-11-10,EN500,South,316,279.83157,36.168426513671875,0,0
2025-11-10,EN500,West,329,288.34787,40.652130126953125,0,0
2025-11-10,LM250,Central,449,402.8893,46.110687255859375,0,0
2025-11-10,LM250,East,430,445.48663,-15.48663330078125,0,0
2025-11-10,LM250,North,533,467.8762,65.12380981445312,0,0
2025-11-10,LM250,South,466,505.57,-39.57000732421875,0,0
2025-11-10,LM250,West,593,535.82904,57.17095947265625,0,0
2025-11-10,LM500,Central,564,558.7176,5.28240966796875,0,0
2025-11-10,LM500,East,635,639.39496,-4.39495849609375,0,0
2025-11-10,LM500,North,624,646.07574,-22.07574462890625,0,0
2025-11-10,LM500,South,810,734.4215,75.5784912109375,0,0
2025-11-10,LM500,West,808,731.4588,76.54119873046875,0,0
2025-11-10,OR1000,Central,406,343.0011,62.9989013671875,0,0
2025-11-10,OR1000,East,304,376.4529,-72.45291137695312,0,0
2025-11-10,OR1000,North,393,364.45966,28.54034423828125,0,0
2025-11-10,OR1000,South,427,435.79077,-8.790771484375,0,0
2025-11-10,OR1000,West,453,446.71652,6.283477783203125,0,0
2025-11-10,OR500,Central,536,462.75897,73.24102783203125,0,0
2025-11-10,OR500,East,426,523.5262,-97.52618408203125,0,0
2025-11-10,OR500,North,518,543.8748,-25.87481689453125,0,0
2025-11-10,OR500,South,555,648.6591,-93.65911865234375,0,0
2025-11-10,OR500,West,664,612.0471,51.952880859375,0,0
2025-11-10,WT1000,Central,886,764.3298,121.67022705078125,0,0
2025-11-10,WT1000,East,883,850.9692,32.03082275390625,0,0
2025-11-10,WT1000,North,942,882.9248,59.0751953125,0,0
2025-11-10,WT1000,South,944,985.7274,-41.7274169921875,0,0
2025-11-10,WT1000,West,1166,958.97955,207.02044677734375,0,0
2025-11-11,BB1000,Central,394,476.03442,-82.034423828125,0,0
2025-11-11,BB1000,East,431,495.32993,-64.32992553710938,0,0
2025-11-11,BB1000,North,509,531.9998,-22.99981689453125,0,0
2025-11-11,BB1000,South,714,717.7107,-3.710693359375,1,0
2025-11-11,BB1000,West,536,574.51917,-38.5191650390625,0,0
2025-11-11,BB250,Central,561,516.79175,44.208251953125,0,0
2025-11-11,BB250,East,609,574.3319,34.6680908203125,0,0
2025-11-11,BB250,North,602,585.35895,16.64105224609375,0,0
2025-11-11,BB250,South,656,640.4763,15.523681640625,0,0
2025-11-11,BB250,West,683,686.6915,-3.6915283203125,0,0
2025-11-11,BB500,Central,745,759.39624,-14.396240234375,0,0
2025-11-11,BB500,East,794,797.0845,-3.08447265625,0,0
2025-11-11,BB500,North,859,858.75104,0.24896240234375,0,0
2025-11-11,BB500,South,1012,898.3623,113.6376953125,0,0
2025-11-11,BB500,West,952,941.5402,10.45977783203125,0,0
2025-11-11,EN250,Central,402,333.58435,68.4156494140625,0,0
2025-11-11,EN250,East,359,334.26666,24.73333740234375,0,0
2025-11-11,EN250,North,299,352.66327,-53.66326904296875,0,0
2025-11-11,EN250,South,453,409.187,43.81298828125,0,0
2025-11-11,EN250,West,516,408.83685,107.16314697265625,0,0
2025-11-11,EN500,Central,235,236.98477,-1.984771728515625,0,0
2025-11-11,EN500,East,244,241.36032,2.639678955078125,0,0
2025-11-11,EN500,North,258,265.4598,-7.459808349609375,0,0
2025-11-11,EN500,South,267,285.54526,-18.545257568359375,0,0
2025-11-11,EN500,West,291,288.28043,2.719573974609375,0,0
2025-11-11,LM250,Central,454,407.29626,46.7037353515625,0,0
2025-11-11,LM250,East,343,445.85358,-102.85357666015625,0,0
2025-11-11,LM250,North,379,470.90466,-91.9046630859375,0,0
2025-11-11,LM250,South,498,502.0456,-4.04559326171875,0,0
2025-11-11,LM250,West,507,528.5853,-21.5853271484375,0,0
2025-11-11,LM500,Central,594,571.5753,22.4246826171875,0,0
2025-11-11,LM500,East,644,643.8573,0.1427001953125,0,0
2025-11-11,LM500,North,602,622.4627,-20.46270751953125,0,0
2025-11-11,LM500,South,676,716.82825,-40.8282470703125,0,0
2025-11-11,LM500,West,819,751.7697,67.23028564453125,0,0
2025-11-11,OR1000,Central,340,340.36536,-0.3653564453125,0,0
2025-11-11,OR1000,East,465,362.46002,102.53997802734375,0,0
2025-11-11,OR1000,North,484,461.19418,22.805816650390625,1,0
2025-11-11,OR1000,South,428,441.78857,-13.78857421875,0,0
2025-11-11,OR1000,West,499,447.74936,51.250640869140625,0,0
2025-11-11,OR500,Central,508,477.56305,30.43695068359375,0,0
2025-11-11,OR500,East,527,495.3116,31.688385009765625,0,0
2025-11-11,OR500,North,565,533.22253,31.7774658203125,0,0
2025-11-11,OR500,South,608,625.39276,-17.39276123046875,0,0
2025-11-11,OR500,West,724,587.16254,136.83746337890625,0,0
2025-11-11,WT1000,Central,1062,974.6467,87.353271484375,1,0
2025-11-11,WT1000,East,854,889.30084,-35.30084228515625,0,0
2025-11-11,WT1000,North,1035,852.40436,182.59564208984375,0,0
2025-11-11,WT1000,South,970,950.4006,19.59942626953125,0,0
2025-11-11,WT1000,West,964,975.3116,-11.31158447265625,0,0
2025-11-12,BB1000,Central,447,467.54477,-20.544769287109375,0,0
2025-11-12,BB1000,East,447,502.80908,-55.80908203125,0,0
2025-11-12,BB1000,North,631,558.1298,72.87017822265625,0,0
2025-11-12,BB1000,South,691,578.6792,112.32080078125,0,0
2025-11-12,BB1000,West,817,742.2355,74.7645263671875,1,0
2025-11-12,BB250,Central,557,527.13416,29.8658447265625,0,0
2025-11-12,BB250,East,551,584.4816,-33.48162841796875,0,0
2025-11-12,BB250,North,497,577.08026,-80.08026123046875,0,0
2025-11-12,BB250,South,558,636.9853,-78.98529052734375,0,0
2025-11-12,BB250,West,854,820.3256,33.67437744140625,1,0
2025-11-12,BB500,Central,853,768.1965,84.80352783203125,0,0
2025-11-12,BB500,East,926,807.0716,118.92840576171875,0,0
2025-11-12,BB500,North,873,806.9368,66.06317138671875,0,0
2025-11-12,BB500,South,1022,897.9273,124.07269287109375,0,0
2025-11-12,BB500,West,1302,1208.2319,93.76806640625,1,0
2025-11-12,EN250,Central,324,337.5742,-13.574188232421875,0,0
2025-11-12,EN250,East,389,340.85443,48.14556884765625,0,0
2025-11-12,EN250,North,395,352.23804,42.761962890625,0,0
2025-11-12,EN250,South,412,398.84982,13.150177001953125,0,0
2025-11-12,EN250,West,430,426.88702,3.11297607421875,0,0
2025-11-12,EN500,Central,206,235.32643,-29.326431274414062,0,0
2025-11-12,EN500,East,247,243.63374,3.3662567138671875,0,0
2025-11-12,EN500,North,293,267.97855,25.021453857421875,0,0
2025-11-12,EN500,South,384,333.414,50.58599853515625,1,0
2025-11-12,EN500,West,274,288.05713,-14.05712890625,0,0
2025-11-12,LM250,Central,386,410.9166,-24.916595458984375,0,0
2025-11-12,LM250,East,381,440.71713,-59.717132568359375,0,0
2025-11-12,LM250,North,478,449.59232,28.407684326171875,0,0
2025-11-12,LM250,South,450,501.97867,-51.978668212890625,0,0
2025-11-12,LM250,West,727,674.411,52.5889892578125,1,0
2025-11-12,LM500,Central,673,573.7711,99.2288818359375,0,0
2025-11-12,LM500,East,618,642.18463,-24.18463134765625,0,0
2025-11-12,LM500,North,686,635.6164,50.38360595703125,0,0
2025-11-12,LM500,South,745,721.16046,23.83953857421875,0,0
2025-11-12,LM500,West,800,738.06256,61.93743896484375,0,0
2025-11-12,OR1000,Central,319,341.558,-22.558013916015625,0,0
2025-11-12,OR1000,East,352,383.84995,-31.849945068359375,0,0
2025-11-12,OR1000,North,402,369.26715,32.73284912109375,0,0
2025-11-12,OR1000,South,441,443.01987,-2.019866943359375,0,0
2025-11-12,OR1000,West,458,447.7969,10.203094482421875,0,0
2025-11-12,OR500,Central,526,468.71484,57.28515625,0,0
2025-11-12,OR500,East,517,526.0913,-9.09130859375,0,0
2025-11-12,OR500,North,570,541.6858,28.314208984375,0,0
2025-11-12,OR500,South,570,617.7616,-47.7615966796875,0,0
2025-11-12,OR500,West,643,616.3358,26.6641845703125,0,0
2025-11-12,WT1000,Central,1173,992.3425,180.657470703125,1,0
2025-11-12,WT1000,East,715,868.4759,-153.47589111328125,0,0
2025-11-12,WT1000,North,858,849.36383,8.63616943359375,0,0
2025-11-12,WT1000,South,869,865.25806,3.741943359375,0,0
2025-11-12,WT1000,West,960,895.7436,64.25640869140625,0,0
2025-11-13,BB1000,Central,574,462.3691,111.63088989257812,0,0
2025-11-13,BB1000,East,468,495.1833,-27.18328857421875,0,0
2025-11-13,BB1000,North,617,545.7492,71.25079345703125,0,0
2025-11-13,BB1000,South,503,569.629,-66.6290283203125,0,0
2025-11-13,BB1000,West,642,585.7657,56.23431396484375,0,0
2025-11-13,BB250,Central,551,528.6295,22.3704833984375,0,0
2025-11-13,BB250,East,658,704.6336,-46.63360595703125,1,0
2025-11-13,BB250,North,610,589.0,21.0,0,0
2025-11-13,BB250,South,680,636.37415,43.6258544921875,0,0
2025-11-13,BB250,West,656,693.6846,-37.6845703125,0,0
2025-11-13,BB500,Central,822,766.27606,55.72393798828125,0,0
2025-11-13,BB500,East,931,1029.687,-98.68701171875,1,0
2025-11-13,BB500,North,807,835.53723,-28.5372314453125,0,0
2025-11-13,BB500,South,879,887.37213,-8.37213134765625,0,0
2025-11-13,BB500,West,1069,930.0652,138.934814453125,0,0
2025-11-13,EN250,Central,281,329.51712,-48.517120361328125,0,0
2025-11-13,EN250,East,347,341.20734,5.79266357421875,0,0
2025-11-13,EN250,North,350,357.7219,-7.721893310546875,0,0
2025-11-13,EN250,South,354,403.4089,-49.408905029296875,0,0
2025-11-13,EN250,West,419,435.32306,-16.32305908203125,0,0
2025-11-13,EN500,Central,262,233.22612,28.773880004882812,0,0
2025-11-13,EN500,East,277,242.81865,34.18135070800781,0,0
2025-11-13,EN500,North,263,265.98038,-2.980377197265625,0,0
2025-11-13,EN500,South,302,283.61203,18.387969970703125,0,0
2025-11-13,EN500,West,345,290.00418,54.995819091796875,0,0
2025-11-13,LM250,Central,518,410.87466,107.12533569335938,0,0
2025-11-13,LM250,East,513,442.91028,70.0897216796875,0,0
2025-11-13,LM250,North,504,457.67664,46.3233642578125,0,0
2025-11-13,LM250,South,430,504.3005,-74.30050659179688,0,0
2025-11-13,LM250,West,586,539.12067,46.87933349609375,0,0
2025-11-13,LM500,Central,636,564.30273,71.697265625,0,0
2025-11-13,LM500,East,716,632.0527,83.94732666015625,0,0
2025-11-13,LM500,North,657,657.0911,-0.09112548828125,0,0
2025-11-13,LM500,South,773,725.1541,47.84588623046875,0,0
2025-11-13,LM500,West,735,769.1674,-34.16741943359375,0,0
2025-11-13,OR1000,Central,313,335.97424,-22.9742431640625,0,0
2025-11-13,OR1000,East,347,379.06445,-32.064453125,0,0
2025-11-13,OR1000,North,372,374.73795,-2.737945556640625,0,0
2025-11-13,OR1000,South,377,442.36862,-65.36862182617188,0,0
2025-11-13,OR1000,West,381,446.93356,-65.93356323242188,0,0
2025-11-13,OR500,Central,479,464.5062,14.493804931640625,0,0
2025-11-13,OR500,East,564,508.71277,55.2872314453125,0,0
2025-11-13,OR500,North,662,540.47656,121.5234375,0,0
2025-11-13,OR500,South,517,619.1732,-102.1732177734375,0,0
2025-11-13,OR500,West,715,602.67993,112.320068359375,0,0
2025-11-13,WT1000,Central,824,778.83746,45.16253662109375,0,0
2025-11-13,WT1000,East,927,861.75586,65.244140625,0,0
2025-11-13,WT1000,North,955,935.94196,19.05804443359375,0,0
2025-11-13,WT1000,South,1033,944.20544,88.7945556640625,0,0
2025-11-13,WT1000,West,1018,953.8113,64.188720703125,0,0
2025-11-14,BB1000,Central,502,478.58008,23.419921875,0,0
2025-11-14,BB1000,East,532,482.9543,49.045684814453125,0,0
2025-11-14,BB1000,North,522,523.1856,-1.18560791015625,0,0
2025-11-14,BB1000,South,543,579.2899,-36.2899169921875,0,0
2025-11-14,BB1000,West,501,587.01886,-86.01885986328125,0,0
2025-11-14,BB250,Central,577,527.6775,49.322509765625,0,0
2025-11-14,BB250,East,541,575.9365,-34.9365234375,0,0
2025-11-14,BB250,North,548,587.061,-39.06097412109375,0,0
2025-11-14,BB250,South,620,622.15424,-2.15423583984375,0,0
2025-11-14,BB250,West,564,675.1005,-111.10052490234375,0,0
2025-11-14,BB500,Central,762,809.32684,-47.32684326171875,0,0
2025-11-14,BB500,East,763,788.0828,-25.08282470703125,0,0
2025-11-14,BB500,North,844,860.12866,-16.128662109375,0,0
2025-11-14,BB500,South,1004,926.63257,77.367431640625,0,0
2025-11-14,BB500,West,950,935.58795,14.41204833984375,0,0
2025-11-14,EN250,Central,346,330.66672,15.333282470703125,0,0
2025-11-14,EN250,East,372,335.80176,36.1982421875,0,0
2025-11-14,EN250,North,431,356.08368,74.91632080078125,0,0
2025-11-14,EN250,South,437,400.66946,36.330535888671875,0,0
2025-11-14,EN250,West,434,432.20273,1.797271728515625,0,0
2025-11-14,EN500,Central,241,238.20908,2.790924072265625,0,0
2025-11-14,EN500,East,216,244.24916,-28.249160766601562,0,0
2025-11-14,EN500,North,224,264.04868,-40.048675537109375,0,0
2025-11-14,EN500,South,256,288.3521,-32.35211181640625,0,0
2025-11-14,EN500,West,308,289.95035,18.049652099609375,0,0
2025-11-14,LM250,Central,419,418.91373,0.086273193359375,0,0
2025-11-14,LM250,East,352,441.82825,-89.8282470703125,0,0
2025-11-14,LM250,North,377,472.25674,-95.25674438476562,0,0
2025-11-14,LM250,South,550,496.0339,53.966094970703125,0,0
2025-11-14,LM250,West,630,673.46326,-43.4632568359375,1,0
2025-11-14,LM500,Central,715,728.46094,-13.4609375,1,0
2025-11-14,LM500,East,540,653.5691,-113.569091796875,0,0
2025-11-14,LM500,North,636,640.27563,-4.275634765625,0,0
2025-11-14,LM500,South,576,731.3651,-155.3651123046875,0,0
2025-11-14,LM500,West,786,759.9918,26.0081787109375,0,0
2025-11-14,OR1000,Central,387,339.65704,47.34295654296875,0,0
2025-11-14,OR1000,East,367,375.39166,-8.39166259765625,0,0
2025-11-14,OR1000,North,449,372.1353,76.86468505859375,0,0
2025-11-14,OR1000,South,548,530.83575,17.16424560546875,1,0
2025-11-14,OR1000,West,524,448.8997,75.10031127929688,0,0
2025-11-14,OR500,Central,452,474.54352,-22.54351806640625,0,0
2025-11-14,OR500,East,531,535.28046,-4.28045654296875,0,0
2025-11-14,OR500,North,532,688.971,-156.97100830078125,1,0
2025-11-14,OR500,South,641,597.79895,43.2010498046875,0,0
2025-11-14,OR500,West,755,770.793,-15.79302978515625,1,0
2025-11-14,WT1000,Central,853,803.57794,49.42205810546875,0,0
2025-11-14,WT1000,East,681,850.61884,-169.61883544921875,0,0
2025-11-14,WT1000,North,957,896.4431,60.556884765625,0,0
2025-11-14,WT1000,South,1072,946.1363,125.86370849609375,0,0
2025-11-14,WT1000,West,1130,990.6667,139.33331298828125,0,0
2025-11-15,BB1000,Central,527,544.69324,-17.6932373046875,0,0
2025-11-15,BB1000,East,598,546.60443,51.39556884765625,0,0
2025-11-15,BB1000,North,470,607.466,-137.46600341796875,0,0
2025-11-15,BB1000,South,644,675.1397,-31.13970947265625,0,0
2025-11-15,BB1000,West,778,702.32776,75.6722412109375,0,0
2025-11-15,BB250,Central,698,611.3567,86.643310546875,0,0
2025-11-15,BB250,East,558,658.42487,-100.42486572265625,0,0
2025-11-15,BB250,North,707,664.99927,42.000732421875,0,0
2025-11-15,BB250,South,712,730.73,-18.72998046875,0,0
2025-11-15,BB250,West,748,764.1571,-16.1571044921875,0,0
2025-11-15,BB500,Central,974,896.15186,77.84814453125,0,0
2025-11-15,BB500,East,1001,926.2991,74.700927734375,0,0
2025-11-15,BB500,North,864,955.7956,-91.79559326171875,0,0
2025-11-15,BB500,South,1022,1020.4849,1.51507568359375,0,0
2025-11-15,BB500,West,972,1032.606,-60.60595703125,0,0
2025-11-15,EN250,Central,380,366.48413,13.515869140625,0,0
2025-11-15,EN250,East,363,387.73102,-24.73101806640625,0,0
2025-11-15,EN250,North,431,404.2221,26.77789306640625,0,0
2025-11-15,EN250,South,448,457.25787,-9.25787353515625,0,0
2025-11-15,EN250,West,463,497.57236,-34.572357177734375,0,0
2025-11-15,EN500,Central,278,274.66287,3.337127685546875,0,0
2025-11-15,EN500,East,321,277.3173,43.682708740234375,0,0
2025-11-15,EN500,North,260,305.47168,-45.4716796875,0,0
2025-11-15,EN500,South,310,323.40466,-13.4046630859375,0,0
2025-11-15,EN500,West,380,337.1713,42.828704833984375,0,0
2025-11-15,LM250,Central,488,461.55383,26.4461669921875,0,0
2025-11-15,LM250,East,533,486.4269,46.573089599609375,0,0
2025-11-15,LM250,North,570,534.5553,35.4447021484375,0,0
2025-11-15,LM250,South,591,574.697,16.302978515625,0,0
2025-11-15,LM250,West,617,623.13007,-6.13006591796875,0,0
2025-11-15,LM500,Central,712,694.86224,17.13775634765625,0,0
2025-11-15,LM500,East,747,718.6844,28.31561279296875,0,0
2025-11-15,LM500,North,845,750.867,94.13299560546875,0,0
2025-11-15,LM500,South,814,783.6941,30.305908203125,0,0
2025-11-15,LM500,West,731,916.08044,-185.0804443359375,0,0
2025-11-15,OR1000,Central,365,388.73117,-23.731170654296875,0,0
2025-11-15,OR1000,East,493,431.13635,61.8636474609375,0,0
2025-11-15,OR1000,North,418,438.30115,-20.3011474609375,0,0
2025-11-15,OR1000,South,446,502.46948,-56.469482421875,0,0
2025-11-15,OR1000,West,570,506.11234,63.887664794921875,0,0
2025-11-15,OR500,Central,513,541.96326,-28.9632568359375,0,0
2025-11-15,OR500,East,648,610.1227,37.8773193359375,0,0
2025-11-15,OR500,North,547,620.5523,-73.55230712890625,0,0
2025-11-15,OR500,South,614,707.16113,-93.1611328125,0,0
2025-11-15,OR500,West,768,746.77155,21.22845458984375,0,0
2025-11-15,WT1000,Central,949,919.13916,29.86083984375,0,0
2025-11-15,WT1000,East,1071,971.37103,99.62896728515625,0,0
2025-11-15,WT1000,North,1052,987.09,64.90997314453125,0,0
2025-11-15,WT1000,South,1110,1081.5314,28.4686279296875,0,0
2025-11-15,WT1000,West,1330,1375.8088,-45.808837890625,1,0
2025-11-16,BB1000,Central,490,550.2145,-60.2144775390625,0,0
2025-11-16,BB1000,East,771,722.041,48.958984375,1,0
2025-11-16,BB1000,North,629,613.6878,15.31219482421875,0,0
2025-11-16,BB1000,South,633,666.3584,-33.3583984375,0,0
2025-11-16,BB1000,West,711,677.8679,33.132080078125,0,0
2025-11-16,BB250,Central,630,621.0172,8.9827880859375,0,0
2025-11-16,BB250,East,658,662.8183,-4.81829833984375,0,0
2025-11-16,BB250,North,535,672.48694,-137.4869384765625,0,0
2025-11-16,BB250,South,879,899.39764,-20.39764404296875,1,0
2025-11-16,BB250,West,915,791.7264,123.27362060546875,0,0
2025-11-16,BB500,Central,826,842.3506,-16.3505859375,0,0
2025-11-16,BB500,East,907,892.1564,14.8436279296875,0,0
2025-11-16,BB500,North,1040,1016.4529,23.547119140625,0,0
2025-11-16,BB500,South,1222,1035.4006,186.599365234375,0,0
2025-11-16,BB500,West,1003,1068.3655,-65.365478515625,0,0
2025-11-16,EN250,Central,411,375.38943,35.610565185546875,0,0
2025-11-16,EN250,East,447,386.9844,60.015594482421875,0,0
2025-11-16,EN250,North,459,398.7759,60.224090576171875,0,0
2025-11-16,EN250,South,461,441.1359,19.864105224609375,0,0
2025-11-16,EN250,West,467,484.97037,-17.970367431640625,0,0
2025-11-16,EN500,Central,274,271.9453,2.0546875,0,0
2025-11-16,EN500,East,287,276.96933,10.030670166015625,0,0
2025-11-16,EN500,North,280,292.64633,-12.646331787109375,0,0
2025-11-16,EN500,South,337,324.7125,12.287506103515625,0,0
2025-11-16,EN500,West,371,334.5138,36.4862060546875,0,0
2025-11-16,LM250,Central,422,464.56464,-42.56463623046875,0,0
2025-11-16,LM250,East,503,488.80798,14.1920166015625,0,0
2025-11-16,LM250,North,638,616.399,21.60101318359375,1,0
2025-11-16,LM250,South,809,705.85504,103.14495849609375,1,0
2025-11-16,LM250,West,682,602.63184,79.3681640625,0,0
2025-11-16,LM500,Central,951,818.4457,132.5543212890625,1,0
2025-11-16,LM500,East,784,755.4779,28.5220947265625,0,0
2025-11-16,LM500,North,1008,756.08746,251.91253662109375,0,0
2025-11-16,LM500,South,829,842.2051,-13.205078125,0,0
2025-11-16,LM500,West,1006,851.94354,154.05645751953125,0,0
2025-11-16,OR1000,Central,353,389.6935,-36.693511962890625,0,0
2025-11-16,OR1000,East,517,517.0582,-0.0582275390625,1,0
2025-11-16,OR1000,North,484,430.72394,53.27606201171875,0,0
2025-11-16,OR1000,South,506,484.66608,21.33392333984375,0,0
2025-11-16,OR1000,West,591,520.64374,70.35626220703125,0,0
2025-11-16,OR500,Central,643,643.9442,-0.9442138671875,1,0
2025-11-16,OR500,East,686,608.149,77.85101318359375,0,0
2025-11-16,OR500,North,624,629.96594,-5.9659423828125,0,0
2025-11-16,OR500,South,751,696.2767,54.72332763671875,0,0
2025-11-16,OR500,West,790,729.2316,60.76837158203125,0,0
2025-11-16,WT1000,Central,1107,933.8284,173.17156982421875,0,0
2025-11-16,WT1000,East,1126,947.51324,178.48675537109375,0,0
2025-11-16,WT1000,North,1062,1014.0942,47.90582275390625,0,0
2025-11-16,WT1000,South,1089,1041.8301,47.169921875,0,0
2025-11-16,WT1000,West,1364,1096.862,267.137939453125,0,0
2025-11-17,BB1000,Central,486,477.083,8.9169921875,0,0
2025-11-17,BB1000,East,479,506.10187,-27.10186767578125,0,0
2025-11-17,BB1000,North,530,534.6233,-4.623291015625,0,0
2025-11-17,BB1000,South,543,585.05396,-42.053955078125,0,0
2025-11-17,BB1000,West,614,591.56555,22.4344482421875,0,0
2025-11-17,BB250,Central,580,530.1523,49.84771728515625,0,0
2025-11-17,BB250,East,536,551.1025,-15.10247802734375,0,0
2025-11-17,BB250,North,596,609.0003,-13.00030517578125,0,0
2025-11-17,BB250,South,596,662.2656,-66.265625,0,0
2025-11-17,BB250,West,938,857.31085,80.68914794921875,1,0
2025-11-17,BB500,Central,737,787.8352,-50.835205078125,0,0
2025-11-17,BB500,East,708,824.8301,-116.830078125,0,0
2025-11-17,BB500,North,698,872.26886,-174.26885986328125,0,0
2025-11-17,BB500,South,773,946.4225,-173.4224853515625,0,0
2025-11-17,BB500,West,939,959.0707,-20.0706787109375,0,0
2025-11-17,EN250,Central,320,327.91458,-7.914581298828125,0,0
2025-11-17,EN250,East,311,336.80197,-25.801971435546875,0,0
2025-11-17,EN250,North,318,349.139,-31.139007568359375,0,0
2025-11-17,EN250,South,487,503.00024,-16.000244140625,1,0
2025-11-17,EN250,West,411,425.65314,-14.65313720703125,0,0
2025-11-17,EN500,Central,257,238.3813,18.618698120117188,0,0
2025-11-17,EN500,East,293,239.10706,53.8929443359375,0,0
2025-11-17,EN500,North,305,260.394,44.605987548828125,0,0
2025-11-17,EN500,South,283,289.4059,-6.405914306640625,0,0
2025-11-17,EN500,West,248,302.28693,-54.28692626953125,0,0
2025-11-17,LM250,Central,464,406.6456,57.354400634765625,0,0
2025-11-17,LM250,East,485,435.01996,49.98004150390625,0,0
2025-11-17,LM250,North,446,465.62805,-19.6280517578125,0,0
2025-11-17,LM250,South,445,507.91232,-62.912322998046875,0,0
2025-11-17,LM250,West,500,515.24884,-15.24884033203125,0,0
2025-11-17,LM500,Central,599,589.1842,9.8157958984375,0,0
2025-11-17,LM500,East,700,643.893,56.10699462890625,0,0
2025-11-17,LM500,North,746,615.36316,130.6368408203125,0,0
2025-11-17,LM500,South,773,722.9069,50.09307861328125,0,0
2025-11-17,LM500,West,771,733.273,37.72698974609375,0,0
2025-11-17,OR1000,Central,303,329.8823,-26.882293701171875,0,0
2025-11-17,OR1000,East,285,379.06674,-94.06674194335938,0,0
2025-11-17,OR1000,North,449,383.21423,65.7857666015625,0,0
2025-11-17,OR1000,South,414,447.81308,-33.813079833984375,0,0
2025-11-17,OR1000,West,512,463.81033,48.189666748046875,0,0
2025-11-17,OR500,Central,490,479.3924,10.60760498046875,0,0
2025-11-17,OR500,East,490,538.15625,-48.15625,0,0
2025-11-17,OR500,North,590,533.7087,56.29132080078125,0,0
2025-11-17,OR500,South,614,623.5876,-9.58758544921875,0,0
2025-11-17,OR500,West,650,629.4305,20.56951904296875,0,0
2025-11-17,WT1000,Central,958,807.6015,150.39849853515625,0,0
2025-11-17,WT1000,East,972,860.8192,111.1807861328125,0,0
2025-11-17,WT1000,North,882,834.5189,47.4810791015625,0,0
2025-11-17,WT1000,South,1384,1109.9285,274.071533203125,1,0
2025-11-17,WT1000,West,1110,1013.74725,96.25274658203125,0,0
2025-11-18,BB1000,Central,453,465.77747,-12.7774658203125,0,0
2025-11-18,BB1000,East,534,496.70822,37.291778564453125,0,0
2025-11-18,BB1000,North,575,555.0229,19.97711181640625,0,0
2025-11-18,BB1000,South,668,708.43317,-40.43316650390625,1,0
2025-11-18,BB1000,West,591,591.76843,-0.7684326171875,0,0
2025-11-18,BB250,Central,740,648.5654,91.4345703125,1,0
2025-11-18,BB250,East,544,538.1525,5.84747314453125,0,0
2025-11-18,BB250,North,591,606.99255,-15.9925537109375,0,0
2025-11-18,BB250,South,731,634.4045,96.59552001953125,0,0
2025-11-18,BB250,West,658,679.4246,-21.42462158203125,0,0
2025-11-18,BB500,Central,735,813.1382,-78.13818359375,0,0
2025-11-18,BB500,East,1060,994.11475,65.88525390625,1,0
2025-11-18,BB500,North,764,843.45874,-79.458740234375,0,0
2025-11-18,BB500,South,1211,1070.1857,140.8143310546875,1,0
2025-11-18,BB500,West,1367,1186.5958,180.4041748046875,1,0
2025-11-18,EN250,Central,322,323.1742,-1.1741943359375,0,0
2025-11-18,EN250,East,344,345.51108,-1.511077880859375,0,0
2025-11-18,EN250,North,384,345.40466,38.5953369140625,0,0
2025-11-18,EN250,South,420,403.00763,16.99237060546875,0,0
2025-11-18,EN250,West,467,412.3372,54.662811279296875,0,0
2025-11-18,EN500,Central,245,237.681,7.319000244140625,0,0
2025-11-18,EN500,East,254,242.39932,11.600677490234375,0,0
2025-11-18,EN500,North,275,261.33524,13.664764404296875,0,0
2025-11-18,EN500,South,377,348.00415,28.995849609375,1,0
2025-11-18,EN500,West,331,364.19315,-33.193145751953125,1,0
2025-11-18,LM250,Central,407,409.82983,-2.829833984375,0,0
2025-11-18,LM250,East,451,438.42468,12.5753173828125,0,0
2025-11-18,LM250,North,500,466.20618,33.7938232421875,0,0
2025-11-18,LM250,South,437,503.9144,-66.91439819335938,0,0
2025-11-18,LM250,West,450,519.0512,-69.05120849609375,0,0
2025-11-18,LM500,Central,534,589.6765,-55.676513671875,0,0
2025-11-18,LM500,East,587,635.04315,-48.04315185546875,0,0
2025-11-18,LM500,North,597,644.53625,-47.5362548828125,0,0
2025-11-18,LM500,South,704,718.31067,-14.3106689453125,0,0
2025-11-18,LM500,West,727,734.1771,-7.1771240234375,0,0
2025-11-18,OR1000,Central,489,408.1068,80.8931884765625,1,0
2025-11-18,OR1000,East,383,390.28317,-7.283172607421875,0,0
2025-11-18,OR1000,North,312,379.1827,-67.18270874023438,0,0
2025-11-18,OR1000,South,461,447.33737,13.662628173828125,0,0
2025-11-18,OR1000,West,325,463.62762,-138.62762451171875,0,0
2025-11-18,OR500,Central,449,467.07083,-18.070831298828125,0,0
2025-11-18,OR500,East,605,529.7197,75.2802734375,0,0
2025-11-18,OR500,North,520,530.9015,-10.9014892578125,0,0
2025-11-18,OR500,South,507,592.33923,-85.3392333984375,0,0
2025-11-18,OR500,West,702,618.6313,83.36871337890625,0,0
2025-11-18,WT1000,Central,806,772.28864,33.71136474609375,0,0
2025-11-18,WT1000,East,960,855.2485,104.75152587890625,0,0
2025-11-18,WT1000,North,880,887.94763,-7.9476318359375,0,0
2025-11-18,WT1000,South,1442,1262.1859,179.8140869140625,1,0
2025-11-18,WT1000,West,1158,895.80707,262.19293212890625,0,0
2025-11-19,BB1000,Central,459,466.43613,-7.436126708984375,0,0
2025-11-19,BB1000,East,533,497.5899,35.41009521484375,0,0
2025-11-19,BB1000,North,623,536.0398,86.960205078125,0,0
2025-11-19,BB1000,South,538,570.5194,-32.5194091796875,0,0
2025-11-19,BB1000,West,582,583.539,-1.53900146484375,0,0
2025-11-19,BB250,Central,503,545.4139,-42.41387939453125,0,0
2025-11-19,BB250,East,529,543.196,-14.19598388671875,0,0
2025-11-19,BB250,North,709,574.43756,134.56243896484375,0,0
2025-11-19,BB250,South,647,648.11597,-1.115966796875,0,0
2025-11-19,BB250,West,680,690.8982,-10.898193359375,0,0
2025-11-19,BB500,Central,846,806.41205,39.58795166015625,0,0
2025-11-19,BB500,East,978,804.3494,173.65057373046875,0,0
2025-11-19,BB500,North,887,863.32684,23.67315673828125,0,0
2025-11-19,BB500,South,931,910.8334,20.1666259765625,0,0
2025-11-19,BB500,West,836,975.4928,-139.4927978515625,0,0
2025-11-19,EN250,Central,461,408.26877,52.731231689453125,1,0
2025-11-19,EN250,East,340,342.61758,-2.617584228515625,0,0
2025-11-19,EN250,North,451,343.9267,107.07330322265625,0,0
2025-11-19,EN250,South,448,400.20404,47.79595947265625,0,0
2025-11-19,EN250,West,403,418.6779,-15.677886962890625,0,0
2025-11-19,EN500,Central,221,236.65959,-15.659591674804688,0,0
2025-11-19,EN500,East,311,246.69278,64.30722045898438,0,0
2025-11-19,EN500,North,225,260.18304,-35.18304443359375,0,0
2025-11-19,EN500,South,277,286.8328,-9.832794189453125,0,0
2025-11-19,EN500,West,366,289.19864,76.80136108398438,0,0
2025-11-19,LM250,Central,470,415.48123,54.518768310546875,0,0
2025-11-19,LM250,East,458,433.48117,24.518829345703125,0,0
2025-11-19,LM250,North,673,623.94635,49.05364990234375,1,0
2025-11-19,LM250,South,483,495.27124,-12.271240234375,0,0
2025-11-19,LM250,West,764,656.3571,107.64288330078125,1,0
2025-11-19,LM500,Central,560,585.9002,-25.90020751953125,0,0
2025-11-19,LM500,East,536,656.3583,-120.3582763671875,0,0
2025-11-19,LM500,North,691,649.5179,41.48211669921875,0,0
2025-11-19,LM500,South,761,705.6565,55.343505859375,0,0
2025-11-19,LM500,West,814,726.1956,87.80438232421875,0,0
2025-11-19,OR1000,Central,396,336.49835,59.50164794921875,0,0
2025-11-19,OR1000,East,291,382.75406,-91.75405883789062,0,0
2025-11-19,OR1000,North,343,383.2587,-40.258697509765625,0,0
2025-11-19,OR1000,South,387,449.5744,-62.57440185546875,0,0
2025-11-19,OR1000,West,376,457.27744,-81.27743530273438,0,0
2025-11-19,OR500,Central,451,472.66623,-21.666229248046875,0,0
2025-11-19,OR500,East,521,510.06055,10.939453125,0,0
2025-11-19,OR500,North,548,529.0615,18.9384765625,0,0
2025-11-19,OR500,South,678,596.39624,81.603759765625,0,0
2025-11-19,OR500,West,896,725.5643,170.43572998046875,1,0
2025-11-19,WT1000,Central,842,823.674,18.32598876953125,0,0
2025-11-19,WT1000,East,884,846.3311,37.66888427734375,0,0
2025-11-19,WT1000,North,1140,1136.1616,3.83837890625,1,0
2025-11-19,WT1000,South,1141,1173.4806,-32.4805908203125,1,0
2025-11-19,WT1000,West,1094,919.4246,174.57537841796875,0,0
2025-11-20,BB1000,Central,503,450.99036,52.0096435546875,0,0
2025-11-20,BB1000,East,504,513.2892,-9.2891845703125,0,0
2025-11-20,BB1000,North,436,541.46643,-105.4664306640625,0,0
2025-11-20,BB1000,South,580,594.2691,-14.26910400390625,0,0
2025-11-20,BB1000,West,579,601.2009,-22.200927734375,0,0
2025-11-20,BB250,Central,546,515.40173,30.5982666015625,0,0
2025-11-20,BB250,East,578,554.9135,23.08648681640625,0,0
2025-11-20,BB250,North,669,582.8749,86.1251220703125,0,0
2025-11-20,BB250,South,583,650.7697,-67.76971435546875,0,0
2025-11-20,BB250,West,657,696.2997,-39.2996826171875,0,0
2025-11-20,BB500,Central,909,1021.3165,-112.3165283203125,1,0
2025-11-20,BB500,East,691,814.13666,-123.13665771484375,0,0
2025-11-20,BB500,North,720,828.53534,-108.53533935546875,0,0
2025-11-20,BB500,South,887,925.43805,-38.43804931640625,0,0
2025-11-20,BB500,West,1007,953.06464,53.93536376953125,0,0
2025-11-20,EN250,Central,350,329.162,20.8380126953125,0,0
2025-11-20,EN250,East,346,335.4263,10.573699951171875,0,0
2025-11-20,EN250,North,349,358.3375,-9.337493896484375,0,0
2025-11-20,EN250,South,383,407.08508,-24.0850830078125,0,0
2025-11-20,EN250,West,381,425.3437,-44.34368896484375,0,0
2025-11-20,EN500,Central,267,237.95792,29.042083740234375,0,0
2025-11-20,EN500,East,246,246.11336,-0.1133575439453125,0,0
2025-11-20,EN500,North,284,264.83228,19.167724609375,0,0
2025-11-20,EN500,South,355,292.55902,62.44097900390625,0,0
2025-11-20,EN500,West,273,295.39365,-22.393646240234375,0,0
2025-11-20,LM250,Central,448,414.1935,33.806488037109375,0,0
2025-11-20,LM250,East,503,433.20718,69.79281616210938,0,0
2025-11-20,LM250,North,499,467.8859,31.114105224609375,0,0
2025-11-20,LM250,South,578,499.3955,78.6044921875,0,0
2025-11-20,LM250,West,580,534.90234,45.09765625,0,0
2025-11-20,LM500,Central,649,588.1063,60.8936767578125,0,0
2025-11-20,LM500,East,668,615.4657,52.5343017578125,0,0
2025-11-20,LM500,North,699,631.7472,67.2528076171875,0,0
2025-11-20,LM500,South,659,700.38135,-41.38134765625,0,0
2025-11-20,LM500,West,667,729.48346,-62.48345947265625,0,0
2025-11-20,OR1000,Central,361,344.0323,16.96771240234375,0,0
2025-11-20,OR1000,East,384,370.14853,13.851470947265625,0,0
2025-11-20,OR1000,North,428,378.87585,49.1241455078125,0,0
2025-11-20,OR1000,South,489,443.69937,45.300628662109375,0,0
2025-11-20,OR1000,West,429,448.70065,-19.700653076171875,0,0
2025-11-20,OR500,Central,521,460.59686,60.40313720703125,0,0
2025-11-20,OR500,East,521,523.47577,-2.47576904296875,0,0
2025-11-20,OR500,North,618,547.0898,70.91021728515625,0,0
2025-11-20,OR500,South,564,598.51495,-34.51495361328125,0,0
2025-11-20,OR500,West,642,635.9339,6.06610107421875,0,0
2025-11-20,WT1000,Central,1017,1016.0634,0.93658447265625,1,0
2025-11-20,WT1000,East,716,841.82776,-125.8277587890625,0,0
2025-11-20,WT1000,North,943,889.621,53.3790283203125,0,0
2025-11-20,WT1000,South,753,832.519,-79.51898193359375,0,0
2025-11-20,WT1000,West,1026,888.25635,137.74365234375,0,0
2025-11-21,BB1000,Central,471,461.23828,9.76171875,0,0
2025-11-21,BB1000,East,522,496.7162,25.2838134765625,0,0
2025-11-21,BB1000,North,504,560.29443,-56.29443359375,0,0
2025-11-21,BB1000,South,618,576.0971,41.90289306640625,0,0
2025-11-21,BB1000,West,577,595.82794,-18.82794189453125,0,0
2025-11-21,BB250,Central,568,523.9209,44.0791015625,0,0
2025-11-21,BB250,East,657,672.9054,-15.9053955078125,1,0
2025-11-21,BB250,North,563,575.46265,-12.462646484375,0,0
2025-11-21,BB250,South,723,641.71185,81.28814697265625,0,0
2025-11-21,BB250,West,815,685.12134,129.878662109375,0,0
2025-11-21,BB500,Central,711,805.7846,-94.78460693359375,0,0
2025-11-21,BB500,East,832,887.17175,-55.1717529296875,0,0
2025-11-21,BB500,North,858,864.17523,-6.17523193359375,0,0
2025-11-21,BB500,South,956,1157.0344,-201.034423828125,1,0
2025-11-21,BB500,West,1038,923.96936,114.0306396484375,0,0
2025-11-21,EN250,Central,323,332.6517,-9.651702880859375,0,0
2025-11-21,EN250,East,411,338.37384,72.62615966796875,0,0
2025-11-21,EN250,North,360,361.46207,-1.462066650390625,0,0
2025-11-21,EN250,South,404,401.24792,2.7520751953125,0,0
2025-11-21,EN250,West,396,411.70963,-15.709625244140625,0,0
2025-11-21,EN500,Central,261,236.30371,24.6962890625,0,0
2025-11-21,EN500,East,243,248.50076,-5.500762939453125,0,0
2025-11-21,EN500,North,285,260.54395,24.4560546875,0,0
2025-11-21,EN500,South,314,285.5201,28.479888916015625,0,0
2025-11-21,EN500,West,236,295.2939,-59.293914794921875,0,0
2025-11-21,LM250,Central,371,412.9312,-41.93121337890625,0,0
2025-11-21,LM250,East,429,439.56314,-10.563140869140625,0,0
2025-11-21,LM250,North,409,476.01773,-67.01773071289062,0,0
2025-11-21,LM250,South,482,501.25705,-19.257049560546875,0,0
2025-11-21,LM250,West,506,528.757,-22.75701904296875,0,0
2025-11-21,LM500,Central,690,700.3549,-10.35491943359375,1,0
2025-11-21,LM500,East,637,634.1502,2.84979248046875,0,0
2025-11-21,LM500,North,774,651.39276,122.60723876953125,0,0
2025-11-21,LM500,South,633,687.6287,-54.62872314453125,0,0
2025-11-21,LM500,West,1079,901.67065,177.329345703125,1,0
2025-11-21,OR1000,Central,330,340.4504,-10.450408935546875,0,0
2025-11-21,OR1000,East,358,381.49765,-23.497650146484375,0,0
2025-11-21,OR1000,North,529,468.11984,60.880157470703125,1,0
2025-11-21,OR1000,South,424,441.23904,-17.239044189453125,0,0
2025-11-21,OR1000,West,579,529.57306,49.42694091796875,1,0
2025-11-21,OR500,Central,535,468.0937,66.90631103515625,0,0
2025-11-21,OR500,East,497,510.98956,-13.98956298828125,0,0
2025-11-21,OR500,North,437,540.25635,-103.25634765625,0,0
2025-11-21,OR500,South,613,615.88324,-2.88323974609375,0,0
2025-11-21,OR500,West,754,724.74414,29.255859375,1,0
2025-11-21,WT1000,Central,756,834.2323,-78.2322998046875,0,0
2025-11-21,WT1000,East,732,873.97736,-141.97735595703125,0,0
2025-11-21,WT1000,North,1020,890.2638,129.7362060546875,0,0
2025-11-21,WT1000,South,1039,1022.38,16.6199951171875,0,0
2025-11-21,WT1000,West,1011,915.05695,95.94305419921875,0,0
2025-11-22,BB1000,Central,473,533.5202,-60.52020263671875,0,0
2025-11-22,BB1000,East,582,565.78986,16.21014404296875,0,0
2025-11-22,BB1000,North,667,612.20465,54.79534912109375,0,0
2025-11-22,BB1000,South,747,676.7821,70.2178955078125,0,0
2025-11-22,BB1000,West,771,683.5498,87.4501953125,0,0
2025-11-22,BB250,Central,686,614.1358,71.86419677734375,0,0
2025-11-22,BB250,East,760,643.1957,116.8043212890625,0,0
2025-11-22,BB250,North,635,650.1014,-15.10137939453125,0,0
2025-11-22,BB250,South,740,717.5979,22.402099609375,0,0
2025-11-22,BB250,West,742,766.5824,-24.5823974609375,0,0
2025-11-22,BB500,Central,938,821.8695,116.1304931640625,0,0
2025-11-22,BB500,East,774,954.1034,-180.1033935546875,0,0
2025-11-22,BB500,North,1355,1184.9897,170.01025390625,1,0
2025-11-22,BB500,South,944,979.13214,-35.13214111328125,0,0
2025-11-22,BB500,West,1079,1079.2413,-0.2413330078125,0,0
2025-11-22,EN250,Central,383,378.39975,4.600250244140625,0,0
2025-11-22,EN250,East,331,388.15225,-57.152252197265625,0,0
2025-11-22,EN250,North,416,406.85245,9.147552490234375,0,0
2025-11-22,EN250,South,484,458.06207,25.93792724609375,0,0
2025-11-22,EN250,West,528,470.92014,57.079864501953125,0,0
2025-11-22,EN500,Central,238,271.2209,-33.22088623046875,0,0
2025-11-22,EN500,East,335,282.71014,52.28985595703125,0,0
2025-11-22,EN500,North,330,299.92755,30.07244873046875,0,0
2025-11-22,EN500,South,340,331.41995,8.580047607421875,0,0
2025-11-22,EN500,West,318,335.0776,-17.077606201171875,0,0
2025-11-22,LM250,Central,455,469.16064,-14.16064453125,0,0
2025-11-22,LM250,East,523,500.04953,22.950469970703125,0,0
2025-11-22,LM250,North,471,518.3068,-47.30682373046875,0,0
2025-11-22,LM250,South,573,577.8454,-4.84539794921875,0,0
2025-11-22,LM250,West,737,783.22437,-46.224365234375,1,0
2025-11-22,LM500,Central,638,665.9376,-27.9376220703125,0,0
2025-11-22,LM500,East,846,717.9041,128.09588623046875,0,0
2025-11-22,LM500,North,936,950.76483,-14.76483154296875,1,0
2025-11-22,LM500,South,840,787.52313,52.47686767578125,0,0
2025-11-22,LM500,West,758,830.27966,-72.2796630859375,0,0
2025-11-22,OR1000,Central,420,390.73053,29.26947021484375,0,0
2025-11-22,OR1000,East,513,430.8586,82.14138793945312,0,0
2025-11-22,OR1000,North,434,443.83044,-9.8304443359375,0,0
2025-11-22,OR1000,South,512,501.37592,10.62408447265625,0,0
2025-11-22,OR1000,West,548,516.1927,31.80731201171875,0,0
2025-11-22,OR500,Central,552,529.29297,22.70703125,0,0
2025-11-22,OR500,East,711,603.34247,107.65753173828125,0,0
2025-11-22,OR500,North,607,620.2482,-13.24822998046875,0,0
2025-11-22,OR500,South,800,680.6969,119.3031005859375,0,0
2025-11-22,OR500,West,836,769.1133,66.88671875,0,0
2025-11-22,WT1000,Central,1121,966.3991,154.60089111328125,0,0
2025-11-22,WT1000,East,1105,951.9648,153.03521728515625,0,0
2025-11-22,WT1000,North,992,1011.50964,-19.5096435546875,0,0
2025-11-22,WT1000,South,1098,1021.7989,76.20111083984375,0,0
2025-11-22,WT1000,West,1323,1123.4067,199.59326171875,0,0
2025-11-23,BB1000,Central,481,516.7284,-35.7283935546875,0,0
2025-11-23,BB1000,East,515,521.7148,-6.71478271484375,0,0
2025-11-23,BB1000,North,594,619.86316,-25.8631591796875,0,0
2025-11-23,BB1000,South,523,670.7996,-147.79962158203125,0,0
2025-11-23,BB1000,West,666,689.1692,-23.169189453125,0,0
2025-11-23,BB250,Central,557,611.4942,-54.49420166015625,0,0
2025-11-23,BB250,East,694,632.6956,61.30438232421875,0,0
2025-11-23,BB250,North,607,660.7228,-53.7227783203125,0,0
2025-11-23,BB250,South,773,757.00494,15.99505615234375,0,0
2025-11-23,BB250,West,647,780.7911,-133.79107666015625,0,0
2025-11-23,BB500,Central,1023,860.43384,162.566162109375,0,0
2025-11-23,BB500,East,1043,941.3981,101.6019287109375,0,0
2025-11-23,BB500,North,987,930.12256,56.87744140625,0,0
2025-11-23,BB500,South,919,1005.85815,-86.858154296875,0,0
2025-11-23,BB500,West,1309,1044.7599,264.2401123046875,0,0
2025-11-23,EN250,Central,380,382.6526,-2.652587890625,0,0
2025-11-23,EN250,East,418,390.2239,27.776092529296875,0,0
2025-11-23,EN250,North,420,407.605,12.394989013671875,0,0
2025-11-23,EN250,South,514,465.0204,48.9796142578125,0,0
2025-11-23,EN250,West,570,469.60632,100.3936767578125,0,0
2025-11-23,EN500,Central,294,273.94226,20.0577392578125,0,0
2025-11-23,EN500,East,350,280.7184,69.28158569335938,0,0
2025-11-23,EN500,North,239,301.29413,-62.29412841796875,0,0
2025-11-23,EN500,South,354,335.75934,18.24066162109375,0,0
2025-11-23,EN500,West,336,325.46225,10.537750244140625,0,0
2025-11-23,LM250,Central,690,525.903,164.09698486328125,1,0
2025-11-23,LM250,East,472,498.41455,-26.41455078125,0,0
2025-11-23,LM250,North,570,547.4396,22.5604248046875,0,0
2025-11-23,LM250,South,470,555.7471,-85.7470703125,0,0
2025-11-23,LM250,West,566,624.61865,-58.61865234375,0,0
2025-11-23,LM500,Central,929,848.9575,80.04248046875,1,0
2025-11-23,LM500,East,721,690.7662,30.23382568359375,0,0
2025-11-23,LM500,North,709,741.32056,-32.320556640625,0,0
2025-11-23,LM500,South,837,784.36993,52.63006591796875,0,0
2025-11-23,LM500,West,877,865.0868,11.9132080078125,0,0
2025-11-23,OR1000,Central,344,388.48334,-44.48333740234375,0,0
2025-11-23,OR1000,East,472,461.68356,10.316436767578125,0,0
2025-11-23,OR1000,North,427,448.66534,-21.66534423828125,0,0
2025-11-23,OR1000,South,479,482.05634,-3.05633544921875,0,0
2025-11-23,OR1000,West,432,515.10876,-83.1087646484375,0,0
2025-11-23,OR500,Central,666,698.11725,-32.11724853515625,1,0
2025-11-23,OR500,East,560,588.5847,-28.584716796875,0,0
2025-11-23,OR500,North,626,642.694,-16.6939697265625,0,0
2025-11-23,OR500,South,942,845.4752,96.5247802734375,1,0
2025-11-23,OR500,West,742,751.3349,-9.33489990234375,0,0
2025-11-23,WT1000,Central,1179,959.4048,219.59521484375,0,0
2025-11-23,WT1000,East,1007,978.63916,28.36083984375,0,0
2025-11-23,WT1000,North,1107,966.30707,140.69293212890625,0,0
2025-11-23,WT1000,South,1186,1042.1315,143.8685302734375,0,0
2025-11-23,WT1000,West,1246,1134.7642,111.23583984375,0,0
2025-11-24,BB1000,Central,429,456.32172,-27.32171630859375,0,0
2025-11-24,BB1000,East,517,494.32413,22.675872802734375,0,0
2025-11-24,BB1000,North,531,527.02515,3.974853515625,0,0
2025-11-24,BB1000,South,440,565.89197,-125.8919677734375,0,0
2025-11-24,BB1000,West,595,590.01904,4.98095703125,0,0
2025-11-24,BB250,Central,484,541.204,-57.2039794921875,0,0
2025-11-24,BB250,East,484,545.2227,-61.22271728515625,0,0
2025-11-24,BB250,North,486,568.4599,-82.45989990234375,0,0
2025-11-24,BB250,South,651,634.6555,16.344482421875,0,0
2025-11-24,BB250,West,719,663.269,55.73101806640625,0,0
2025-11-24,BB500,Central,750,813.1152,-63.11517333984375,0,0
2025-11-24,BB500,East,883,851.0461,31.95391845703125,0,0
2025-11-24,BB500,North,813,879.75134,-66.7513427734375,0,0
2025-11-24,BB500,South,819,868.9622,-49.96221923828125,0,0
2025-11-24,BB500,West,1047,957.7855,89.2144775390625,0,0
2025-11-24,EN250,Central,331,331.2806,-0.280609130859375,0,0
2025-11-24,EN250,East,355,338.5946,16.4053955078125,0,0
2025-11-24,EN250,North,387,364.33505,22.664947509765625,0,0
2025-11-24,EN250,South,385,404.40802,-19.40802001953125,0,0
2025-11-24,EN250,West,547,519.34326,27.65673828125,1,0
2025-11-24,EN500,Central,260,237.71141,22.288589477539062,0,0
2025-11-24,EN500,East,255,264.66318,-9.663177490234375,0,0
2025-11-24,EN500,North,286,260.66193,25.33807373046875,0,0
2025-11-24,EN500,South,320,295.6628,24.337188720703125,0,0
2025-11-24,EN500,West,333,289.9382,43.061798095703125,0,0
2025-11-24,LM250,Central,407,409.27875,-2.27874755859375,0,0
2025-11-24,LM250,East,426,574.29083,-148.29083251953125,1,0
2025-11-24,LM250,North,526,471.04922,54.950775146484375,0,0
2025-11-24,LM250,South,486,498.5906,-12.590606689453125,0,0
2025-11-24,LM250,West,631,542.4571,88.54290771484375,0,0
2025-11-24,LM500,Central,528,583.27,-55.27001953125,0,0
2025-11-24,LM500,East,663,618.024,44.97601318359375,0,0
2025-11-24,LM500,North,625,654.6026,-29.60260009765625,0,0
2025-11-24,LM500,South,910,701.08026,208.91973876953125,0,0
2025-11-24,LM500,West,773,714.8131,58.1868896484375,0,0
2025-11-24,OR1000,Central,368,345.85944,22.14056396484375,0,0
2025-11-24,OR1000,East,377,356.51944,20.480560302734375,0,0
2025-11-24,OR1000,North,438,388.5496,49.450408935546875,0,0
2025-11-24,OR1000,South,552,435.11526,116.88473510742188,0,0
2025-11-24,OR1000,West,446,442.7546,3.245391845703125,0,0
2025-11-24,OR500,Central,434,478.70505,-44.705047607421875,0,0
2025-11-24,OR500,East,546,521.5075,24.49249267578125,0,0
2025-11-24,OR500,North,597,546.06946,50.9305419921875,0,0
2025-11-24,OR500,South,575,586.65173,-11.6517333984375,0,0
2025-11-24,OR500,West,632,660.52594,-28.52593994140625,0,0
2025-11-24,WT1000,Central,788,814.3192,-26.3192138671875,0,0
2025-11-24,WT1000,East,986,848.60925,137.3907470703125,0,0
2025-11-24,WT1000,North,872,920.2753,-48.27532958984375,0,0
2025-11-24,WT1000,South,988,911.7,76.29998779296875,0,0
2025-11-24,WT1000,West,1164,960.21594,203.7840576171875,0,0
2025-11-25,BB1000,Central,469,459.97308,9.02691650390625,0,0
2025-11-25,BB1000,East,513,494.00494,18.99505615234375,0,0
2025-11-25,BB1000,North,538,526.8789,11.12109375,0,0
2025-11-25,BB1000,South,561,614.67163,-53.671630859375,0,0
2025-11-25,BB1000,West,488,604.3772,-116.377197265625,0,0
2025-11-25,BB250,Central,499,538.70825,-39.708251953125,0,0
2025-11-25,BB250,East,588,548.0677,39.93231201171875,0,0
2025-11-25,BB250,North,565,586.5378,-21.53778076171875,0,0
2025-11-25,BB250,South,560,626.9944,-66.994384765625,0,0
2025-11-25,BB250,West,619,681.8684,-62.868408203125,0,0
2025-11-25,BB500,Central,777,768.71106,8.2889404296875,0,0
2025-11-25,BB500,East,934,994.4854,-60.48541259765625,1,0
2025-11-25,BB500,North,763,865.3083,-102.30828857421875,0,0
2025-11-25,BB500,South,953,906.9062,46.09381103515625,0,0
2025-11-25,BB500,West,922,907.3371,14.66290283203125,0,0
2025-11-25,EN250,Central,300,336.02814,-36.02813720703125,0,0
2025-11-25,EN250,East,447,344.41467,102.5853271484375,0,0
2025-11-25,EN250,North,421,355.0927,65.90728759765625,0,0
2025-11-25,EN250,South,623,530.01013,92.9898681640625,1,0
2025-11-25,EN250,West,407,414.3745,-7.37451171875,0,0
2025-11-25,EN500,Central,238,237.53918,0.4608154296875,0,0
2025-11-25,EN500,East,232,260.47275,-28.472747802734375,0,0
2025-11-25,EN500,North,262,262.46503,-0.46502685546875,0,0
2025-11-25,EN500,South,331,295.43256,35.56744384765625,0,0
2025-11-25,EN500,West,259,289.25848,-30.25848388671875,0,0
2025-11-25,LM250,Central,455,421.11295,33.887054443359375,0,0
2025-11-25,LM250,East,570,557.1216,12.87841796875,1,0
2025-11-25,LM250,North,577,638.6417,-61.6417236328125,1,0
2025-11-25,LM250,South,530,486.71356,43.28643798828125,0,0
2025-11-25,LM250,West,485,539.94,-54.94000244140625,0,0
2025-11-25,LM500,Central,535,602.39087,-67.390869140625,0,0
2025-11-25,LM500,East,680,618.1361,61.8638916015625,0,0
2025-11-25,LM500,North,842,647.2713,194.72869873046875,0,0
2025-11-25,LM500,South,706,708.9677,-2.96771240234375,0,0
2025-11-25,LM500,West,740,743.2945,-3.29449462890625,0,0
2025-11-25,OR1000,Central,333,347.60287,-14.602874755859375,0,0
2025-11-25,OR1000,East,416,452.69376,-36.693756103515625,1,0
2025-11-25,OR1000,North,437,381.52676,55.473236083984375,0,0
2025-11-25,OR1000,South,384,446.68756,-62.68756103515625,0,0
2025-11-25,OR1000,West,421,453.36685,-32.366851806640625,0,0
2025-11-25,OR500,Central,543,477.00333,65.99667358398438,0,0
2025-11-25,OR500,East,635,534.1637,100.8363037109375,0,0
2025-11-25,OR500,North,641,548.3833,92.61669921875,0,0
2025-11-25,OR500,South,583,588.6534,-5.65338134765625,0,0
2025-11-25,OR500,West,592,655.43713,-63.4371337890625,0,0
2025-11-25,WT1000,Central,906,791.4868,114.51318359375,0,0
2025-11-25,WT1000,East,985,875.07965,109.92034912109375,0,0
2025-11-25,WT1000,North,950,888.53235,61.4676513671875,0,0
2025-11-25,WT1000,South,962,971.32355,-9.32354736328125,0,0
2025-11-25,WT1000,West,1045,965.4053,79.5947265625,0,0
2025-11-26,BB1000,Central,424,456.56927,-32.56927490234375,0,0
2025-11-26,BB1000,East,536,495.96893,40.03106689453125,0,0
2025-11-26,BB1000,North,490,528.00867,-38.0086669921875,0,0
2025-11-26,BB1000,South,635,571.0071,63.992919921875,0,0
2025-11-26,BB1000,West,568,591.87335,-23.87335205078125,0,0
2025-11-26,BB250,Central,590,549.45886,40.5411376953125,0,0
2025-11-26,BB250,East,568,541.91754,26.08245849609375,0,0
2025-11-26,BB250,North,481,577.5585,-96.5584716796875,0,0
2025-11-26,BB250,South,602,624.3309,-22.33087158203125,0,0
2025-11-26,BB250,West,686,670.9236,15.076416015625,0,0
2025-11-26,BB500,Central,795,776.04224,18.957763671875,0,0
2025-11-26,BB500,East,748,807.5373,-59.53729248046875,0,0
2025-11-26,BB500,North,933,856.2311,76.7689208984375,0,0
2025-11-26,BB500,South,897,915.3735,-18.37347412109375,0,0
2025-11-26,BB500,West,975,896.12836,78.87164306640625,0,0
2025-11-26,EN250,Central,282,329.89374,-47.89373779296875,0,0
2025-11-26,EN250,East,351,345.59543,5.404571533203125,0,0
2025-11-26,EN250,North,443,455.8199,-12.81988525390625,1,0
2025-11-26,EN250,South,409,394.7766,14.223388671875,0,0
2025-11-26,EN250,West,353,412.28677,-59.286773681640625,0,0
2025-11-26,EN500,Central,269,234.68123,34.31877136230469,0,0
2025-11-26,EN500,East,227,262.46454,-35.46453857421875,0,0
2025-11-26,EN500,North,232,263.76355,-31.7635498046875,0,0
2025-11-26,EN500,South,260,293.31137,-33.311370849609375,0,0
2025-11-26,EN500,West,244,288.07422,-44.07421875,0,0
2025-11-26,LM250,Central,449,415.7474,33.252593994140625,0,0
2025-11-26,LM250,East,466,437.91724,28.082763671875,0,0
2025-11-26,LM250,North,513,491.7587,21.241302490234375,0,0
2025-11-26,LM250,South,601,492.00433,108.99566650390625,0,0
2025-11-26,LM250,West,540,545.63745,-5.637451171875,0,0
2025-11-26,LM500,Central,617,591.2713,25.72869873046875,0,0
2025-11-26,LM500,East,498,616.91583,-118.91583251953125,0,0
2025-11-26,LM500,North,753,688.20166,64.79833984375,0,0
2025-11-26,LM500,South,729,678.398,50.60198974609375,0,0
2025-11-26,LM500,West,786,736.65594,49.34405517578125,0,0
2025-11-26,OR1000,Central,423,338.86084,84.13916015625,0,0
2025-11-26,OR1000,East,424,363.0735,60.926513671875,0,0
2025-11-26,OR1000,North,401,392.69324,8.3067626953125,0,0
2025-11-26,OR1000,South,465,431.4511,33.54888916015625,0,0
2025-11-26,OR1000,West,477,441.82184,35.17816162109375,0,0
2025-11-26,OR500,Central,489,470.68372,18.3162841796875,0,0
2025-11-26,OR500,East,561,532.93835,28.0616455078125,0,0
2025-11-26,OR500,North,523,533.2304,-10.23040771484375,0,0
2025-11-26,OR500,South,601,580.853,20.14697265625,0,0
2025-11-26,OR500,West,607,606.26245,0.737548828125,0,0
2025-11-26,WT1000,Central,931,805.54315,125.45684814453125,0,0
2025-11-26,WT1000,East,855,848.0878,6.91217041015625,0,0
2025-11-26,WT1000,North,934,900.6727,33.3272705078125,0,0
2025-11-26,WT1000,South,1097,917.9753,179.02471923828125,0,0
2025-11-26,WT1000,West,1254,1300.8529,-46.8529052734375,1,0
2025-11-27,BB1000,Central,554,447.20267,106.79733276367188,0,0
2025-11-27,BB1000,East,418,499.1676,-81.1676025390625,0,0
2025-11-27,BB1000,North,578,536.9553,41.044677734375,0,0
2025-11-27,BB1000,South,607,564.78,42.219970703125,0,0
2025-11-27,BB1000,West,534,583.36316,-49.3631591796875,0,0
2025-11-27,BB250,Central,630,533.47144,96.528564453125,0,0
2025-11-27,BB250,East,521,550.314,-29.31402587890625,0,0
2025-11-27,BB250,North,652,583.1174,68.88262939453125,0,0
2025-11-27,BB250,South,607,633.0284,-26.02838134765625,0,0
2025-11-27,BB250,West,800,671.24536,128.754638671875,0,0
2025-11-27,BB500,Central,772,776.32196,-4.32196044921875,0,0
2025-11-27,BB500,East,938,1002.95026,-64.95025634765625,1,0
2025-11-27,BB500,North,691,859.4414,-168.44140625,0,0
2025-11-27,BB500,South,943,893.03955,49.96044921875,0,0
2025-11-27,BB500,West,940,910.93335,29.066650390625,0,0
2025-11-27,EN250,Central,296,334.85486,-38.8548583984375,0,0
2025-11-27,EN250,East,342,346.33188,-4.331878662109375,0,0
2025-11-27,EN250,North,363,364.1308,-1.13079833984375,0,0
2025-11-27,EN250,South,338,406.2662,-68.26620483398438,0,0
2025-11-27,EN250,West,460,414.7093,45.29071044921875,0,0
2025-11-27,EN500,Central,175,240.56277,-65.56277465820312,0,0
2025-11-27,EN500,East,267,249.62607,17.373931884765625,0,0
2025-11-27,EN500,North,217,262.70746,-45.70745849609375,0,0
2025-11-27,EN500,South,304,295.39938,8.600616455078125,0,0
2025-11-27,EN500,West,372,290.08987,81.91012573242188,0,0
2025-11-27,LM250,Central,397,412.83347,-15.833465576171875,0,0
2025-11-27,LM250,East,490,442.32916,47.67083740234375,0,0
2025-11-27,LM250,North,434,478.36438,-44.3643798828125,0,0
2025-11-27,LM250,South,470,492.6992,-22.699188232421875,0,0
2025-11-27,LM250,West,525,549.2624,-24.26239013671875,0,0
2025-11-27,LM500,Central,573,585.28503,-12.2850341796875,0,0
2025-11-27,LM500,East,573,633.6516,-60.651611328125,0,0
2025-11-27,LM500,North,557,689.0115,-132.011474609375,0,0
2025-11-27,LM500,South,662,675.58167,-13.5816650390625,0,0
2025-11-27,LM500,West,819,746.91797,72.08203125,0,0
2025-11-27,OR1000,Central,315,342.5357,-27.53570556640625,0,0
2025-11-27,OR1000,East,345,377.46844,-32.46844482421875,0,0
2025-11-27,OR1000,North,523,477.41885,45.581146240234375,1,0
2025-11-27,OR1000,South,439,431.71265,7.287353515625,0,0
2025-11-27,OR1000,West,486,445.0352,40.964813232421875,0,0
2025-11-27,OR500,Central,456,475.171,-19.170989990234375,0,0
2025-11-27,OR500,East,511,536.9586,-25.9586181640625,0,0
2025-11-27,OR500,North,558,542.2171,15.78289794921875,0,0
2025-11-27,OR500,South,603,581.35516,21.64483642578125,0,0
2025-11-27,OR500,West,511,639.23505,-128.23504638671875,0,0
2025-11-27,WT1000,Central,888,831.0243,56.9757080078125,0,0
2025-11-27,WT1000,East,989,835.646,153.35400390625,0,0
2025-11-27,WT1000,North,1193,877.35944,315.64056396484375,0,0
2025-11-27,WT1000,South,886,903.80756,-17.80755615234375,0,0
2025-11-27,WT1000,West,1191,1018.1103,172.88970947265625,0,0
2025-11-28,BB1000,Central,470,459.9054,10.0946044921875,0,0
2025-11-28,BB1000,East,528,495.7201,32.2799072265625,0,0
2025-11-28,BB1000,North,576,525.29376,50.70623779296875,0,0
2025-11-28,BB1000,South,659,576.8457,82.154296875,0,0
2025-11-28,BB1000,West,569,572.0284,-3.02838134765625,0,0
2025-11-28,BB250,Central,447,547.5843,-100.58428955078125,0,0
2025-11-28,BB250,East,610,534.8423,75.15771484375,0,0
2025-11-28,BB250,North,811,717.0628,93.93719482421875,1,0
2025-11-28,BB250,South,599,610.6786,-11.6785888671875,0,0
2025-11-28,BB250,West,678,686.18567,-8.1856689453125,0,0
2025-11-28,BB500,Central,796,781.77344,14.2265625,0,0
2025-11-28,BB500,East,1077,1074.3518,2.648193359375,1,0
2025-11-28,BB500,North,839,869.36566,-30.36566162109375,0,0
2025-11-28,BB500,South,958,919.52234,38.4776611328125,0,0
2025-11-28,BB500,West,912,889.4013,22.59869384765625,0,0
2025-11-28,EN250,Central,258,328.36914,-70.369140625,0,0
2025-11-28,EN250,East,322,347.82318,-25.82318115234375,0,0
2025-11-28,EN250,North,345,362.3591,-17.359100341796875,0,0
2025-11-28,EN250,South,431,398.45438,32.545623779296875,0,0
2025-11-28,EN250,West,387,413.89444,-26.894439697265625,0,0
2025-11-28,EN500,Central,206,241.80519,-35.80519104003906,0,0
2025-11-28,EN500,East,247,253.02449,-6.0244903564453125,0,0
2025-11-28,EN500,North,262,251.97273,10.027267456054688,0,0
2025-11-28,EN500,South,273,290.9778,-17.977813720703125,0,0
2025-11-28,EN500,West,340,289.41394,50.5860595703125,0,0
2025-11-28,LM250,Central,553,511.59558,41.4044189453125,1,0
2025-11-28,LM250,East,494,442.25967,51.740325927734375,0,0
2025-11-28,LM250,North,472,480.47177,-8.471771240234375,0,0
2025-11-28,LM250,South,535,503.41602,31.583984375,0,0
2025-11-28,LM250,West,578,536.37384,41.62615966796875,0,0
2025-11-28,LM500,Central,593,599.9505,-6.95050048828125,0,0
2025-11-28,LM500,East,557,604.0383,-47.038330078125,0,0
2025-11-28,LM500,North,543,672.38226,-129.38226318359375,0,0
2025-11-28,LM500,South,736,676.33496,59.6650390625,0,0
2025-11-28,LM500,West,826,733.38885,92.61114501953125,0,0
2025-11-28,OR1000,Central,377,340.45612,36.54388427734375,0,0
2025-11-28,OR1000,East,376,375.9509,0.049102783203125,0,0
2025-11-28,OR1000,North,366,403.81915,-37.81915283203125,0,0
2025-11-28,OR1000,South,456,435.10318,20.896820068359375,0,0
2025-11-28,OR1000,West,430,442.24457,-12.24456787109375,0,0
2025-11-28,OR500,Central,382,476.3667,-94.36669921875,0,0
2025-11-28,OR500,East,466,532.9341,-66.93408203125,0,0
2025-11-28,OR500,North,620,546.85284,73.14715576171875,0,0
2025-11-28,OR500,South,570,580.24963,-10.2496337890625,0,0
2025-11-28,OR500,West,636,640.5399,-4.5399169921875,0,0
2025-11-28,WT1000,Central,804,819.8479,-15.847900390625,0,0
2025-11-28,WT1000,East,983,1143.4844,-160.484375,1,0
2025-11-28,WT1000,North,837,881.5946,-44.5946044921875,0,0
2025-11-28,WT1000,South,920,922.4848,-2.48480224609375,0,0
2025-11-28,WT1000,West,1133,1380.5183,-247.518310546875,1,0
2025-11-29,BB1000,Central,475,512.2822,-37.2822265625,0,0
2025-11-29,BB1000,East,476,566.3253,-90.3253173828125,0,0
2025-11-29,BB1000,North,603,611.4686,-8.4686279296875,0,0
2025-11-29,BB1000,South,750,830.61804,-80.6180419921875,1,0
2025-11-29,BB1000,West,688,676.8971,11.1029052734375,0,0
2025-11-29,BB250,Central,669,619.792,49.2080078125,0,0
2025-11-29,BB250,East,729,639.81006,89.18994140625,0,0
2025-11-29,BB250,North,596,668.85583,-72.8558349609375,0,0
2025-11-29,BB250,South,893,725.60596,167.39404296875,0,0
2025-11-29,BB250,West,821,779.6439,41.3560791015625,0,0
2025-11-29,BB500,Central,792,921.8284,-129.82843017578125,0,0
2025-11-29,BB500,East,934,1014.7765,-80.7764892578125,0,0
2025-11-29,BB500,North,836,984.1215,-148.12152099609375,0,0
2025-11-29,BB500,South,997,996.58093,0.4190673828125,0,0
2025-11-29,BB500,West,1054,985.6776,68.3223876953125,0,0
2025-11-29,EN250,Central,406,364.03333,41.9666748046875,0,0
2025-11-29,EN250,East,445,385.9468,59.053192138671875,0,0
2025-11-29,EN250,North,464,412.7938,51.206207275390625,0,0
2025-11-29,EN250,South,464,457.0413,6.958709716796875,0,0
2025-11-29,EN250,West,442,475.36993,-33.36993408203125,0,0
2025-11-29,EN500,Central,246,267.82916,-21.82916259765625,0,0
2025-11-29,EN500,East,327,292.325,34.67498779296875,0,0
2025-11-29,EN500,North,251,287.53278,-36.53277587890625,0,0
2025-11-29,EN500,South,360,333.0113,26.98870849609375,0,0
2025-11-29,EN500,West,394,329.4601,64.53988647460938,0,0
2025-11-29,LM250,Central,539,487.34677,51.653228759765625,0,0
2025-11-29,LM250,East,518,504.62445,13.37554931640625,0,0
2025-11-29,LM250,North,654,558.43427,95.56573486328125,0,0
2025-11-29,LM250,South,643,574.2471,68.7529296875,0,0
2025-11-29,LM250,West,624,596.32623,27.67376708984375,0,0
2025-11-29,LM500,Central,497,688.752,-191.75201416015625,0,0
2025-11-29,LM500,East,769,711.4492,57.55078125,0,0
2025-11-29,LM500,North,809,736.22656,72.7734375,0,0
2025-11-29,LM500,South,981,802.5344,178.465576171875,0,0
2025-11-29,LM500,West,805,886.20215,-81.2021484375,0,0
2025-11-29,OR1000,Central,452,387.31165,64.6883544921875,0,0
2025-11-29,OR1000,East,352,427.9732,-75.97320556640625,0,0
2025-11-29,OR1000,North,447,452.91284,-5.912841796875,0,0
2025-11-29,OR1000,South,547,500.20343,46.79656982421875,0,0
2025-11-29,OR1000,West,598,624.6,-26.5999755859375,1,0
2025-11-29,OR500,Central,596,519.35693,76.64306640625,0,0
2025-11-29,OR500,East,668,591.3384,76.66162109375,0,0
2025-11-29,OR500,North,921,811.76666,109.23333740234375,1,0
2025-11-29,OR500,South,677,679.74304,-2.7430419921875,0,0
2025-11-29,OR500,West,830,742.58545,87.41455078125,0,0
2025-11-29,WT1000,Central,1308,1223.72,84.280029296875,1,0
2025-11-29,WT1000,East,886,948.5247,-62.52471923828125,0,0
2025-11-29,WT1000,North,1217,1045.5387,171.4613037109375,0,0
2025-11-29,WT1000,South,1145,1086.1669,58.8331298828125,0,0
2025-11-29,WT1000,West,1209,1213.4187,-4.418701171875,0,0
2025-11-30,BB1000,Central,523,512.4913,10.50872802734375,0,0
2025-11-30,BB1000,East,594,565.1446,28.85540771484375,0,0
2025-11-30,BB1000,North,545,599.9058,-54.90582275390625,0,0
2025-11-30,BB1000,South,512,687.6101,-175.610107421875,0,0
2025-11-30,BB1000,West,737,669.47943,67.52056884765625,0,0
2025-11-30,BB250,Central,537,616.6285,-79.62847900390625,0,0
2025-11-30,BB250,East,949,802.9072,146.0927734375,1,0
2025-11-30,BB250,North,799,656.07605,142.9239501953125,0,0
2025-11-30,BB250,South,795,721.7079,73.2921142578125,0,0
2025-11-30,BB250,West,827,789.4537,37.54632568359375,0,0
2025-11-30,BB500,Central,1076,889.4345,186.56549072265625,0,0
2025-11-30,BB500,East,1170,1141.2446,28.75537109375,1,0
2025-11-30,BB500,North,1010,935.9682,74.03179931640625,0,0
2025-11-30,BB500,South,1121,1026.3424,94.6575927734375,0,0
2025-11-30,BB500,West,1082,1068.7832,13.216796875,0,0
2025-11-30,EN250,Central,335,368.54013,-33.540130615234375,0,0
2025-11-30,EN250,East,382,389.09534,-7.0953369140625,0,0
2025-11-30,EN250,North,444,411.8778,32.1221923828125,0,0
2025-11-30,EN250,South,570,591.516,-21.5159912109375,1,0
2025-11-30,EN250,West,464,455.2538,8.746185302734375,0,0
2025-11-30,EN500,Central,292,272.83926,19.160736083984375,0,0
2025-11-30,EN500,East,277,276.69434,0.3056640625,0,0
2025-11-30,EN500,North,254,277.0353,-23.035308837890625,0,0
2025-11-30,EN500,South,362,333.81,28.19000244140625,0,0
2025-11-30,EN500,West,257,334.36368,-77.36367797851562,0,0
2025-11-30,LM250,Central,416,481.43222,-65.43222045898438,0,0
2025-11-30,LM250,East,614,613.2446,0.75537109375,1,0
2025-11-30,LM250,North,487,564.19586,-77.19586181640625,0,0
2025-11-30,LM250,South,675,573.61804,101.3819580078125,0,0
2025-11-30,LM250,West,573,643.4787,-70.47869873046875,0,0
2025-11-30,LM500,Central,732,638.8275,93.1724853515625,0,0
2025-11-30,LM500,East,684,704.742,-20.74200439453125,0,0
2025-11-30,LM500,North,733,798.29016,-65.2901611328125,0,0
2025-11-30,LM500,South,1009,837.2664,171.73358154296875,0,0
2025-11-30,LM500,West,758,907.43207,-149.43206787109375,0,0
2025-11-30,OR1000,Central,438,384.9929,53.007110595703125,0,0
2025-11-30,OR1000,East,500,437.45752,62.54248046875,0,0
2025-11-30,OR1000,North,482,446.534,35.46600341796875,0,0
2025-11-30,OR1000,South,549,502.2378,46.76220703125,0,0
2025-11-30,OR1000,West,525,503.9046,21.09539794921875,0,0
2025-11-30,OR500,Central,591,539.5312,51.46881103515625,0,0
2025-11-30,OR500,East,609,615.66406,-6.6640625,0,0
2025-11-30,OR500,North,840,767.0253,72.97467041015625,1,0
2025-11-30,OR500,South,725,675.70593,49.2940673828125,0,0
2025-11-30,OR500,West,721,765.03204,-44.03204345703125,0,0
2025-11-30,WT1000,Central,958,949.5972,8.40277099609375,0,0
2025-11-30,WT1000,East,975,964.3261,10.67388916015625,0,0
2025-11-30,WT1000,North,1009,1021.36066,-12.36065673828125,0,0
2025-11-30,WT1000,South,1196,1085.1381,110.8619384765625,0,0
2025-11-30,WT1000,West,1160,1086.6448,73.355224609375,0,0
2025-12-01,BB1000,Central,464,447.60464,16.395355224609375,0,0
2025-12-01,BB1000,East,575,488.27545,86.72454833984375,0,0
2025-12-01,BB1000,North,516,531.211,-15.21099853515625,0,0
2025-12-01,BB1000,South,593,608.9236,-15.923583984375,0,0
2025-12-01,BB1000,West,653,586.31244,66.68756103515625,0,0
2025-12-01,BB250,Central,508,543.49585,-35.495849609375,0,0
2025-12-01,BB250,East,609,541.54785,67.4521484375,0,0
2025-12-01,BB250,North,685,574.7875,110.2125244140625,0,0
2025-12-01,BB250,South,574,646.6493,-72.6492919921875,0,0
2025-12-01,BB250,West,621,686.84753,-65.8475341796875,0,0
2025-12-01,BB500,Central,796,796.2766,-0.276611328125,0,0
2025-12-01,BB500,East,779,809.80334,-30.8033447265625,0,0
2025-12-01,BB500,North,918,801.0882,116.91180419921875,0,0
2025-12-01,BB500,South,1009,946.5207,62.47930908203125,0,0
2025-12-01,BB500,West,1070,956.44604,113.553955078125,0,0
2025-12-01,EN250,Central,350,324.733,25.266998291015625,0,0
2025-12-01,EN250,East,392,343.76764,48.23236083984375,0,0
2025-12-01,EN250,North,371,357.7659,13.234100341796875,0,0
2025-12-01,EN250,South,465,416.1605,48.839508056640625,0,0
2025-12-01,EN250,West,385,409.97473,-24.9747314453125,0,0
2025-12-01,EN500,Central,240,233.82925,6.170745849609375,0,0
2025-12-01,EN500,East,229,247.02988,-18.029876708984375,0,0
2025-12-01,EN500,North,270,248.79451,21.205490112304688,0,0
2025-12-01,EN500,South,271,294.7407,-23.740692138671875,0,0
2025-12-01,EN500,West,283,287.12366,-4.1236572265625,0,0
2025-12-01,LM250,Central,368,434.272,-66.27200317382812,0,0
2025-12-01,LM250,East,466,441.45648,24.54351806640625,0,0
2025-12-01,LM250,North,412,481.78845,-69.7884521484375,0,0
2025-12-01,LM250,South,501,498.62122,2.3787841796875,0,0
2025-12-01,LM250,West,566,545.8054,20.194580078125,0,0
2025-12-01,LM500,Central,760,588.3067,171.69329833984375,0,0
2025-12-01,LM500,East,698,604.8275,93.1724853515625,0,0
2025-12-01,LM500,North,711,657.33026,53.66973876953125,0,0
2025-12-01,LM500,South,597,705.0301,-108.03009033203125,0,0
2025-12-01,LM500,West,643,739.5867,-96.586669921875,0,0
2025-12-01,OR1000,Central,347,349.30008,-2.300079345703125,0,0
2025-12-01,OR1000,East,446,364.94476,81.05523681640625,0,0
2025-12-01,OR1000,North,363,395.95764,-32.9576416015625,0,0
2025-12-01,OR1000,South,457,443.40576,13.59423828125,0,0
2025-12-01,OR1000,West,555,545.1087,9.89129638671875,1,0
2025-12-01,OR500,Central,683,598.20575,84.79425048828125,1,0
2025-12-01,OR500,East,663,521.20355,141.79644775390625,0,0
2025-12-01,OR500,North,621,522.5427,98.457275390625,0,0
2025-12-01,OR500,South,572,596.3917,-24.3917236328125,0,0
2025-12-01,OR500,West,631,639.61743,-8.617431640625,0,0
2025-12-01,WT1000,Central,977,840.3524,136.6475830078125,0,0
2025-12-01,WT1000,East,1061,821.7785,239.22149658203125,0,0
2025-12-01,WT1000,North,892,955.14966,-63.149658203125,0,0
2025-12-01,WT1000,South,1068,1226.4822,-158.482177734375,1,0
2025-12-01,WT1000,West,1056,926.26953,129.73046875,0,0
2025-12-02,BB1000,Central,472,448.07355,23.92645263671875,0,0
2025-12-02,BB1000,East,549,501.32553,47.674468994140625,0,0
2025-12-02,BB1000,North,614,518.80383,95.1961669921875,0,0
2025-12-02,BB1000,South,488,569.2582,-81.2581787109375,0,0
2025-12-02,BB1000,West,644,584.88965,59.1103515625,0,0
2025-12-02,BB250,Central,514,523.65344,-9.6534423828125,0,0
2025-12-02,BB250,East,498,558.24445,-60.24444580078125,0,0
2025-12-02,BB250,North,540,581.44116,-41.441162109375,0,0
2025-12-02,BB250,South,592,637.6576,-45.6575927734375,0,0
2025-12-02,BB250,West,660,670.45026,-10.45025634765625,0,0
2025-12-02,BB500,Central,775,774.7271,0.27288818359375,0,0
2025-12-02,BB500,East,896,1037.4274,-141.4273681640625,1,0
2025-12-02,BB500,North,774,850.14667,-76.14666748046875,0,0
2025-12-02,BB500,South,1064,877.3475,186.65252685546875,0,0
2025-12-02,BB500,West,969,881.7517,87.248291015625,0,0
2025-12-02,EN250,Central,347,324.13953,22.8604736328125,0,0
2025-12-02,EN250,East,341,350.65485,-9.65484619140625,0,0
2025-12-02,EN250,North,339,360.51453,-21.5145263671875,0,0
2025-12-02,EN250,South,381,396.11194,-15.1119384765625,0,0
2025-12-02,EN250,West,414,410.59793,3.402069091796875,0,0
2025-12-02,EN500,Central,263,230.3747,32.62530517578125,0,0
2025-12-02,EN500,East,240,241.66559,-1.66558837890625,0,0
2025-12-02,EN500,North,260,245.0678,14.932205200195312,0,0
2025-12-02,EN500,South,362,356.86813,5.131866455078125,1,0
2025-12-02,EN500,West,330,287.4538,42.54620361328125,0,0
2025-12-02,LM250,Central,408,418.9134,-10.91339111328125,0,0
2025-12-02,LM250,East,542,447.49765,94.50234985351562,0,0
2025-12-02,LM250,North,478,481.5227,-3.522705078125,0,0
2025-12-02,LM250,South,598,498.38577,99.61422729492188,0,0
2025-12-02,LM250,West,521,545.81964,-24.81964111328125,0,0
2025-12-02,LM500,Central,618,588.33746,29.66253662109375,0,0
2025-12-02,LM500,East,689,617.9444,71.05560302734375,0,0
2025-12-02,LM500,North,660,659.9473,0.05267333984375,0,0
2025-12-02,LM500,South,840,707.392,132.60797119140625,0,0
2025-12-02,LM500,West,727,719.9752,7.0247802734375,0,0
2025-12-02,OR1000,Central,374,351.3318,22.668212890625,0,0
2025-12-02,OR1000,East,391,373.8739,17.1260986328125,0,0
2025-12-02,OR1000,North,384,384.2943,-0.2943115234375,0,0
2025-12-02,OR1000,South,441,440.32944,0.670562744140625,0,0
2025-12-02,OR1000,West,386,570.2346,-184.234619140625,1,0
2025-12-02,OR500,Central,442,502.96567,-60.965667724609375,0,0
2025-12-02,OR500,East,677,683.33093,-6.3309326171875,1,0
2025-12-02,OR500,North,547,534.4911,12.5089111328125,0,0
2025-12-02,OR500,South,646,606.9813,39.0186767578125,0,0
2025-12-02,OR500,West,593,627.94116,-34.941162109375,0,0
2025-12-02,WT1000,Central,938,857.32104,80.678955078125,0,0
2025-12-02,WT1000,East,897,808.56195,88.43804931640625,0,0
2025-12-02,WT1000,North,882,924.7418,-42.7418212890625,0,0
2025-12-02,WT1000,South,976,890.0435,85.95648193359375,0,0
2025-12-02,WT1000,West,1271,970.80316,300.19683837890625,0,0
2025-12-03,BB1000,Central,500,450.34244,49.657562255859375,0,0
2025-12-03,BB1000,East,528,497.089,30.9110107421875,0,0
2025-12-03,BB1000,North,492,525.1798,-33.1798095703125,0,0
2025-12-03,BB1000,South,637,548.22015,88.77984619140625,0,0
2025-12-03,BB1000,West,485,575.18335,-90.183349609375,0,0
2025-12-03,BB250,Central,535,514.91766,20.08233642578125,0,0
2025-12-03,BB250,East,568,543.8202,24.1798095703125,0,0
2025-12-03,BB250,North,560,568.6729,-8.67291259765625,0,0
2025-12-03,BB250,South,613,619.96716,-6.9671630859375,0,0
2025-12-03,BB250,West,795,659.57416,135.42584228515625,0,0
2025-12-03,BB500,Central,662,783.83936,-121.83935546875,0,0
2025-12-03,BB500,East,818,827.81323,-9.813232421875,0,0
2025-12-03,BB500,North,963,828.9237,134.0762939453125,0,0
2025-12-03,BB500,South,1069,864.0057,204.99432373046875,0,0
2025-12-03,BB500,West,867,934.6963,-67.6962890625,0,0
2025-12-03,EN250,Central,360,327.55432,32.4456787109375,0,0
2025-12-03,EN250,East,305,348.78287,-43.782867431640625,0,0
2025-12-03,EN250,North,321,353.64694,-32.646942138671875,0,0
2025-12-03,EN250,South,447,405.9002,41.09979248046875,0,0
2025-12-03,EN250,West,457,408.51395,48.486053466796875,0,0
2025-12-03,EN500,Central,249,237.06285,11.937149047851562,0,0
2025-12-03,EN500,East,244,242.67908,1.3209228515625,0,0
2025-12-03,EN500,North,271,240.19711,30.802886962890625,0,0
2025-12-03,EN500,South,322,292.14758,29.8524169921875,0,0
2025-12-03,EN500,West,310,284.84778,25.1522216796875,0,0
2025-12-03,LM250,Central,423,426.59268,-3.592681884765625,0,0
2025-12-03,LM250,East,465,445.79294,19.207061767578125,0,0
2025-12-03,LM250,North,397,475.88104,-78.88104248046875,0,0
2025-12-03,LM250,South,399,501.5061,-102.506103515625,0,0
2025-12-03,LM250,West,478,536.5088,-58.5087890625,0,0
2025-12-03,LM500,Central,595,583.50854,11.491455078125,0,0
2025-12-03,LM500,East,645,621.1416,23.8583984375,0,0
2025-12-03,LM500,North,769,657.25946,111.74053955078125,0,0
2025-12-03,LM500,South,723,725.6705,-2.67047119140625,0,0
2025-12-03,LM500,West,745,716.0994,28.90057373046875,0,0
2025-12-03,OR1000,Central,385,345.967,39.032989501953125,0,0
2025-12-03,OR1000,East,328,375.5973,-47.5972900390625,0,0
2025-12-03,OR1000,North,431,393.2662,37.733795166015625,0,0
2025-12-03,OR1000,South,428,447.04434,-19.044342041015625,0,0
2025-12-03,OR1000,West,438,446.2758,-8.275787353515625,0,0
2025-12-03,OR500,Central,573,482.30908,90.69091796875,0,0
2025-12-03,OR500,East,651,658.3619,-7.36187744140625,1,0
2025-12-03,OR500,North,607,502.83597,104.16403198242188,0,0
2025-12-03,OR500,South,560,602.9684,-42.9683837890625,0,0
2025-12-03,OR500,West,695,649.91235,45.087646484375,0,0
2025-12-03,WT1000,Central,835,844.02026,-9.020263671875,0,0
2025-12-03,WT1000,East,883,799.4682,83.53179931640625,0,0
2025-12-03,WT1000,North,1028,856.5371,171.462890625,0,0
2025-12-03,WT1000,South,990,929.89233,60.107666015625,0,0
2025-12-03,WT1000,West,1330,929.5038,400.4962158203125,0,0
2025-12-04,BB1000,Central,497,445.58502,51.41497802734375,0,0
2025-12-04,BB1000,East,530,500.33704,29.6629638671875,0,0
2025-12-04,BB1000,North,494,520.501,-26.5009765625,0,0
2025-12-04,BB1000,South,543,547.26654,-4.26654052734375,0,0
2025-12-04,BB1000,West,488,587.4725,-99.47247314453125,0,0
2025-12-04,BB250,Central,550,536.8869,13.11309814453125,0,0
2025-12-04,BB250,East,677,712.4475,-35.447509765625,1,0
2025-12-04,BB250,North,572,574.4545,-2.45452880859375,0,0
2025-12-04,BB250,South,603,630.4266,-27.42657470703125,0,0
2025-12-04,BB250,West,753,669.21204,83.7879638671875,0,0
2025-12-04,BB500,Central,872,781.1598,90.8402099609375,0,0
2025-12-04,BB500,East,876,825.2962,50.70379638671875,0,0
2025-12-04,BB500,North,1077,819.77203,257.22796630859375,0,0
2025-12-04,BB500,South,1046,1106.0676,-60.067626953125,1,0
2025-12-04,BB500,West,1031,999.4777,31.52227783203125,0,0
2025-12-04,EN250,Central,373,320.57007,52.429931640625,0,0
2025-12-04,EN250,East,324,340.9409,-16.940887451171875,0,0
2025-12-04,EN250,North,367,364.47357,2.52642822265625,0,0
2025-12-04,EN250,South,460,419.0733,40.92669677734375,0,0
2025-12-04,EN250,West,418,416.2603,1.73968505859375,0,0
2025-12-04,EN500,Central,224,236.38567,-12.385665893554688,0,0
2025-12-04,EN500,East,283,243.72777,39.27223205566406,0,0
2025-12-04,EN500,North,255,244.65681,10.343185424804688,0,0
2025-12-04,EN500,South,251,294.42062,-43.420623779296875,0,0
2025-12-04,EN500,West,277,287.0061,-10.006103515625,0,0
2025-12-04,LM250,Central,462,434.80057,27.199432373046875,0,0
2025-12-04,LM250,East,502,449.71057,52.2894287109375,0,0
2025-12-04,LM250,North,445,467.82092,-22.8209228515625,0,0
2025-12-04,LM250,South,608,646.3444,-38.34442138671875,1,0
2025-12-04,LM250,West,581,540.59155,40.408447265625,0,0
2025-12-04,LM500,Central,578,589.8684,-11.868408203125,0,0
2025-12-04,LM500,East,588,613.9331,-25.93310546875,0,0
2025-12-04,LM500,North,699,657.82446,41.175537109375,0,0
2025-12-04,LM500,South,670,706.6687,-36.668701171875,0,0
2025-12-04,LM500,West,884,699.6054,184.39459228515625,0,0
2025-12-04,OR1000,Central,350,349.9905,0.009490966796875,0,0
2025-12-04,OR1000,East,486,462.40268,23.597320556640625,1,0
2025-12-04,OR1000,North,350,395.71063,-45.71063232421875,0,0
2025-12-04,OR1000,South,467,454.311,12.688995361328125,0,0
2025-12-04,OR1000,West,453,446.48193,6.51806640625,0,0
2025-12-04,OR500,Central,489,489.6123,-0.6123046875,0,0
2025-12-04,OR500,East,513,539.5752,-26.5751953125,0,0
2025-12-04,OR500,North,533,546.0595,-13.05950927734375,0,0
2025-12-04,OR500,South,754,733.6499,20.35009765625,1,0
2025-12-04,OR500,West,643,642.97876,0.021240234375,0,0
2025-12-04,WT1000,Central,1065,1060.8489,4.151123046875,1,0
2025-12-04,WT1000,East,880,844.6577,35.34228515625,0,0
2025-12-04,WT1000,North,1083,934.43256,148.56744384765625,0,0
2025-12-04,WT1000,South,905,948.9111,-43.91107177734375,0,0
2025-12-04,WT1000,West,1283,977.6759,305.3240966796875,0,0
2025-12-05,BB1000,Central,491,462.20883,28.791168212890625,0,0
2025-12-05,BB1000,East,444,498.14194,-54.141937255859375,0,0
2025-12-05,BB1000,North,484,518.2224,-34.222412109375,0,0
2025-12-05,BB1000,South,560,571.22546,-11.2254638671875,0,0
2025-12-05,BB1000,West,552,584.37225,-32.37225341796875,0,0
2025-12-05,BB250,Central,528,529.73145,-1.7314453125,0,0
2025-12-05,BB250,East,491,556.58386,-65.5838623046875,0,0
2025-12-05,BB250,North,585,566.8379,18.162109375,0,0
2025-12-05,BB250,South,834,614.5599,219.44012451171875,0,0
2025-12-05,BB250,West,687,692.6294,-5.62939453125,0,0
2025-12-05,BB500,Central,815,791.0401,23.95989990234375,0,0
2025-12-05,BB500,East,841,823.0265,17.9735107421875,0,0
2025-12-05,BB500,North,904,862.2728,41.7271728515625,0,0
2025-12-05,BB500,South,920,936.4425,-16.4425048828125,0,0
2025-12-05,BB500,West,1025,992.22705,32.77294921875,0,0
2025-12-05,EN250,Central,389,316.66983,72.33016967773438,0,0
2025-12-05,EN250,East,368,343.33063,24.66937255859375,0,0
2025-12-05,EN250,North,377,363.23944,13.76055908203125,0,0
2025-12-05,EN250,South,371,419.49753,-48.497528076171875,0,0
2025-12-05,EN250,West,414,414.65314,-0.65313720703125,0,0
2025-12-05,EN500,Central,256,231.82619,24.173812866210938,0,0
2025-12-05,EN500,East,275,240.80656,34.19343566894531,0,0
2025-12-05,EN500,North,271,248.35426,22.645736694335938,0,0
2025-12-05,EN500,South,266,296.26474,-30.264739990234375,0,0
2025-12-05,EN500,West,300,292.02084,7.979156494140625,0,0
2025-12-05,LM250,Central,371,431.85416,-60.854156494140625,0,0
2025-12-05,LM250,East,396,444.7469,-48.74688720703125,0,0
2025-12-05,LM250,North,480,467.57553,12.424468994140625,0,0
2025-12-05,LM250,South,452,493.40134,-41.401336669921875,0,0
2025-12-05,LM250,West,592,534.09863,57.9013671875,0,0
2025-12-05,LM500,Central,596,596.3511,-0.35107421875,0,0
2025-12-05,LM500,East,708,612.0582,95.9417724609375,0,0
2025-12-05,LM500,North,584,686.9542,-102.9542236328125,0,0
2025-12-05,LM500,South,654,710.40845,-56.408447265625,0,0
2025-12-05,LM500,West,712,727.2799,-15.2799072265625,0,0
2025-12-05,OR1000,Central,425,344.2523,80.74771118164062,0,0
2025-12-05,OR1000,East,337,368.35605,-31.356048583984375,0,0
2025-12-05,OR1000,North,375,398.32672,-23.32672119140625,0,0
2025-12-05,OR1000,South,364,446.01306,-82.0130615234375,0,0
2025-12-05,OR1000,West,498,451.05902,46.94097900390625,0,0
2025-12-05,OR500,Central,456,490.6461,-34.646087646484375,0,0
2025-12-05,OR500,East,565,544.00543,20.99456787109375,0,0
2025-12-05,OR500,North,611,531.7667,79.2332763671875,0,0
2025-12-05,OR500,South,591,601.5452,-10.54522705078125,0,0
2025-12-05,OR500,West,634,629.96704,4.032958984375,0,0
2025-12-05,WT1000,Central,750,868.8663,-118.86627197265625,0,0
2025-12-05,WT1000,East,769,898.9136,-129.91357421875,0,0
2025-12-05,WT1000,North,812,925.4039,-113.40386962890625,0,0
2025-12-05,WT1000,South,1135,977.2544,157.74560546875,0,0
2025-12-05,WT1000,West,1171,948.216,222.78399658203125,0,0
2025-12-06,BB1000,Central,586,537.2203,48.77972412109375,0,0
2025-12-06,BB1000,East,567,556.7367,10.2633056640625,0,0
2025-12-06,BB1000,North,543,597.49036,-54.4903564453125,0,0
2025-12-06,BB1000,South,680,626.0034,53.99658203125,0,0
2025-12-06,BB1000,West,630,660.0385,-30.03851318359375,0,0
2025-12-06,BB250,Central,567,604.3118,-37.31182861328125,0,0
2025-12-06,BB250,East,705,658.2325,46.76751708984375,0,0
2025-12-06,BB250,North,759,658.0695,100.93048095703125,0,0
2025-12-06,BB250,South,747,705.90356,41.096435546875,0,0
2025-12-06,BB250,West,720,756.02246,-36.0224609375,0,0
2025-12-06,BB500,Central,896,908.5688,-12.56878662109375,0,0
2025-12-06,BB500,East,877,929.2965,-52.2965087890625,0,0
2025-12-06,BB500,North,1013,937.5102,75.48980712890625,0,0
2025-12-06,BB500,South,1001,1064.3047,-63.3046875,0,0
2025-12-06,BB500,West,1076,1073.8889,2.111083984375,0,0
2025-12-06,EN250,Central,385,376.47095,8.529052734375,0,0
2025-12-06,EN250,East,415,397.27344,17.7265625,0,0
2025-12-06,EN250,North,421,408.50516,12.494842529296875,0,0
2025-12-06,EN250,South,513,483.57413,29.425872802734375,0,0
2025-12-06,EN250,West,438,463.02347,-25.023468017578125,0,0
2025-12-06,EN500,Central,252,268.0663,-16.066314697265625,0,0
2025-12-06,EN500,East,270,274.9968,-4.996795654296875,0,0
2025-12-06,EN500,North,286,282.07208,3.92791748046875,0,0
2025-12-06,EN500,South,328,332.47647,-4.476470947265625,0,0
2025-12-06,EN500,West,345,327.0794,17.92059326171875,0,0
2025-12-06,LM250,Central,543,481.08447,61.91552734375,0,0
2025-12-06,LM250,East,522,520.30194,1.69805908203125,0,0
2025-12-06,LM250,North,630,542.51245,87.487548828125,0,0
2025-12-06,LM250,South,542,567.89886,-25.89886474609375,0,0
2025-12-06,LM250,West,609,631.9455,-22.94549560546875,0,0
2025-12-06,LM500,Central,691,656.9954,34.00457763671875,0,0
2025-12-06,LM500,East,731,694.6303,36.36968994140625,0,0
2025-12-06,LM500,North,697,764.03705,-67.03704833984375,0,0
2025-12-06,LM500,South,906,821.4846,84.515380859375,0,0
2025-12-06,LM500,West,895,841.2446,53.75537109375,0,0
2025-12-06,OR1000,Central,409,402.4344,6.56561279296875,0,0
2025-12-06,OR1000,East,435,438.59708,-3.597076416015625,0,0
2025-12-06,OR1000,North,486,445.53433,40.465667724609375,0,0
2025-12-06,OR1000,South,506,509.7196,-3.7196044921875,0,0
2025-12-06,OR1000,West,469,504.08533,-35.0853271484375,0,0
2025-12-06,OR500,Central,518,542.3723,-24.372314453125,0,0
2025-12-06,OR500,East,609,613.7524,-4.75238037109375,0,0
2025-12-06,OR500,North,682,643.81067,38.1893310546875,0,0
2025-12-06,OR500,South,608,690.85645,-82.8564453125,0,0
2025-12-06,OR500,West,631,748.3966,-117.3966064453125,0,0
2025-12-06,WT1000,Central,1013,1039.6241,-26.6241455078125,0,0
2025-12-06,WT1000,East,1032,975.61426,56.3857421875,0,0
2025-12-06,WT1000,North,992,1039.2667,-47.2667236328125,0,0
2025-12-06,WT1000,South,1083,1090.4557,-7.4556884765625,0,0
2025-12-06,WT1000,West,1319,1116.5558,202.4442138671875,0,0
2025-12-07,BB1000,Central,457,524.4044,-67.4044189453125,0,0
2025-12-07,BB1000,East,616,547.89154,68.10845947265625,0,0
2025-12-07,BB1000,North,541,591.1238,-50.123779296875,0,0
2025-12-07,BB1000,South,729,638.6513,90.34869384765625,0,0
2025-12-07,BB1000,West,809,652.38104,156.61895751953125,0,0
2025-12-07,BB250,Central,684,606.9236,77.076416015625,0,0
2025-12-07,BB250,East,608,797.10815,-189.108154296875,1,0
2025-12-07,BB250,North,857,803.20294,53.79705810546875,1,0
2025-12-07,BB250,South,612,709.44183,-97.44183349609375,0,0
2025-12-07,BB250,West,656,768.53864,-112.53863525390625,0,0
2025-12-07,BB500,Central,912,935.1908,-23.1907958984375,0,0
2025-12-07,BB500,East,1054,935.1261,118.8739013671875,0,0
2025-12-07,BB500,North,1197,944.19434,252.8056640625,0,0
2025-12-07,BB500,South,1124,998.2013,125.7987060546875,0,0
2025-12-07,BB500,West,1091,1043.4377,47.562255859375,0,0
2025-12-07,EN250,Central,349,368.3007,-19.300689697265625,0,0
2025-12-07,EN250,East,463,388.49966,74.50033569335938,0,0
2025-12-07,EN250,North,315,409.37424,-94.37423706054688,0,0
2025-12-07,EN250,South,447,481.08353,-34.083526611328125,0,0
2025-12-07,EN250,West,541,589.3334,-48.3333740234375,1,0
2025-12-07,EN500,Central,282,274.63797,7.362030029296875,0,0
2025-12-07,EN500,East,303,275.16522,27.83477783203125,0,0
2025-12-07,EN500,North,334,272.0415,61.95849609375,0,0
2025-12-07,EN500,South,341,329.3424,11.6575927734375,0,0
2025-12-07,EN500,West,347,323.8816,23.118408203125,0,0
2025-12-07,LM250,Central,437,459.75537,-22.75537109375,0,0
2025-12-07,LM250,East,445,513.9877,-68.9876708984375,0,0
2025-12-07,LM250,North,557,543.7268,13.273193359375,0,0
2025-12-07,LM250,South,586,581.19226,4.8077392578125,0,0
2025-12-07,LM250,West,585,613.7462,-28.7462158203125,0,0
2025-12-07,LM500,Central,553,689.103,-136.10302734375,0,0
2025-12-07,LM500,East,638,716.7371,-78.73712158203125,0,0
2025-12-07,LM500,North,719,775.4292,-56.42919921875,0,0
2025-12-07,LM500,South,792,856.90454,-64.904541015625,0,0
2025-12-07,LM500,West,842,809.60675,32.39324951171875,0,0
2025-12-07,OR1000,Central,529,404.49655,124.50344848632812,0,0
2025-12-07,OR1000,East,416,422.65863,-6.65863037109375,0,0
2025-12-07,OR1000,North,538,443.87207,94.1279296875,0,0
2025-12-07,OR1000,South,488,495.8039,-7.80389404296875,0,0
2025-12-07,OR1000,West,482,514.32367,-32.32366943359375,0,0
2025-12-07,OR500,Central,449,548.8422,-99.84222412109375,0,0
2025-12-07,OR500,East,705,611.22565,93.77435302734375,0,0
2025-12-07,OR500,North,698,664.9787,33.02130126953125,0,0
2025-12-07,OR500,South,761,682.481,78.51898193359375,0,0
2025-12-07,OR500,West,686,744.47894,-58.47894287109375,0,0
2025-12-07,WT1000,Central,1007,1034.4028,-27.40283203125,0,0
2025-12-07,WT1000,East,919,1006.42004,-87.4200439453125,0,0
2025-12-07,WT1000,North,1110,1045.5616,64.4383544921875,0,0
2025-12-07,WT1000,South,1204,1059.9283,144.0716552734375,0,0
2025-12-07,WT1000,West,1238,1111.9812,126.018798828125,0,0
2025-12-08,BB1000,Central,472,456.4786,15.521392822265625,0,0
2025-12-08,BB1000,East,491,496.083,-5.0830078125,0,0
2025-12-08,BB1000,North,494,509.30084,-15.30084228515625,0,0
2025-12-08,BB1000,South,558,600.9554,-42.95538330078125,0,0
2025-12-08,BB1000,West,650,570.3536,79.64642333984375,0,0
2025-12-08,BB250,Central,509,544.2434,-35.243408203125,0,0
2025-12-08,BB250,East,582,569.9404,12.0595703125,0,0
2025-12-08,BB250,North,577,573.6395,3.3604736328125,0,0
2025-12-08,BB250,South,649,650.58716,-1.587158203125,0,0
2025-12-08,BB250,West,744,672.27594,71.72406005859375,0,0
2025-12-08,BB500,Central,826,783.7269,42.2730712890625,0,0
2025-12-08,BB500,East,861,858.77625,2.2237548828125,0,0
2025-12-08,BB500,North,893,820.25195,72.748046875,0,0
2025-12-08,BB500,South,981,937.9159,43.0841064453125,0,0
2025-12-08,BB500,West,1108,930.5679,177.43212890625,0,0
2025-12-08,EN250,Central,346,424.27927,-78.27926635742188,1,0
2025-12-08,EN250,East,328,345.2689,-17.268890380859375,0,0
2025-12-08,EN250,North,381,360.13535,20.864654541015625,0,0
2025-12-08,EN250,South,417,423.05856,-6.058563232421875,0,0
2025-12-08,EN250,West,418,418.8655,-0.865509033203125,0,0
2025-12-08,EN500,Central,215,233.43019,-18.430191040039062,0,0
2025-12-08,EN500,East,242,237.71332,4.28668212890625,0,0
2025-12-08,EN500,North,284,246.80098,37.19902038574219,0,0
2025-12-08,EN500,South,257,292.45578,-35.455780029296875,0,0
2025-12-08,EN500,West,306,292.60925,13.3907470703125,0,0
2025-12-08,LM250,Central,394,421.5468,-27.54681396484375,0,0
2025-12-08,LM250,East,515,450.44308,64.55691528320312,0,0
2025-12-08,LM250,North,456,467.17126,-11.1712646484375,0,0
2025-12-08,LM250,South,517,506.16107,10.83892822265625,0,0
2025-12-08,LM250,West,483,521.4177,-38.417724609375,0,0
2025-12-08,LM500,Central,607,571.6754,35.3245849609375,0,0
2025-12-08,LM500,East,609,601.97644,7.0235595703125,0,0
2025-12-08,LM500,North,689,653.4228,35.57720947265625,0,0
2025-12-08,LM500,South,718,884.1629,-166.16290283203125,1,0
2025-12-08,LM500,West,819,710.25037,108.7496337890625,0,0
2025-12-08,OR1000,Central,362,363.5169,-1.51690673828125,0,0
2025-12-08,OR1000,East,417,368.4722,48.527801513671875,0,0
2025-12-08,OR1000,North,409,400.15427,8.845733642578125,0,0
2025-12-08,OR1000,South,468,435.57538,32.42462158203125,0,0
2025-12-08,OR1000,West,578,542.7952,35.20477294921875,1,0
2025-12-08,OR500,Central,586,466.35532,119.64468383789062,0,0
2025-12-08,OR500,East,492,537.24304,-45.2430419921875,0,0
2025-12-08,OR500,North,568,568.91583,-0.91583251953125,0,0
2025-12-08,OR500,South,628,589.37134,38.628662109375,0,0
2025-12-08,OR500,West,812,781.5857,30.414306640625,1,0
2025-12-08,WT1000,Central,847,887.73413,-40.734130859375,0,0
2025-12-08,WT1000,East,904,873.8209,30.1790771484375,0,0
2025-12-08,WT1000,North,933,904.5826,28.41741943359375,0,0
2025-12-08,WT1000,South,1353,1223.4337,129.5662841796875,1,0
2025-12-08,WT1000,West,1258,969.9288,288.07122802734375,0,0
2025-12-09,BB1000,Central,393,460.89136,-67.891357421875,0,0
2025-12-09,BB1000,East,525,495.06842,29.93157958984375,0,0
2025-12-09,BB1000,North,546,511.40094,34.59906005859375,0,0
2025-12-09,BB1000,South,609,578.7538,30.2462158203125,0,0
2025-12-09,BB1000,West,506,587.83075,-81.83074951171875,0,0
2025-12-09,BB250,Central,605,527.6291,77.37091064453125,0,0
2025-12-09,BB250,East,543,577.53937,-34.53936767578125,0,0
2025-12-09,BB250,North,584,574.6105,9.3895263671875,0,0
2025-12-09,BB250,South,622,633.57056,-11.570556640625,0,0
2025-12-09,BB250,West,779,677.03766,101.96234130859375,0,0
2025-12-09,BB500,Central,740,791.60864,-51.608642578125,0,0
2025-12-09,BB500,East,769,814.18774,-45.187744140625,0,0
2025-12-09,BB500,North,926,832.3431,93.65692138671875,0,0
2025-12-09,BB500,South,805,887.67255,-82.67254638671875,0,0
2025-12-09,BB500,West,973,940.02045,32.97955322265625,0,0
2025-12-09,EN250,Central,385,422.47986,-37.4798583984375,1,0
2025-12-09,EN250,East,344,341.98367,2.016326904296875,0,0
2025-12-09,EN250,North,380,355.86978,24.130218505859375,0,0
2025-12-09,EN250,South,401,421.30396,-20.303955078125,0,0
2025-12-09,EN250,West,437,415.91336,21.086639404296875,0,0
2025-12-09,EN500,Central,235,235.46957,-0.469573974609375,0,0
2025-12-09,EN500,East,247,240.81946,6.1805419921875,0,0
2025-12-09,EN500,North,235,247.12723,-12.127227783203125,0,0
2025-12-09,EN500,South,305,291.8356,13.164398193359375,0,0
2025-12-09,EN500,West,290,287.2673,2.732696533203125,0,0
2025-12-09,LM250,Central,396,420.73346,-24.73345947265625,0,0
2025-12-09,LM250,East,397,445.16144,-48.16143798828125,0,0
2025-12-09,LM250,North,468,462.09152,5.908477783203125,0,0
2025-12-09,LM250,South,524,504.47916,19.520843505859375,0,0
2025-12-09,LM250,West,564,540.6074,23.392578125,0,0
2025-12-09,LM500,Central,625,588.6427,36.3572998046875,0,0
2025-12-09,LM500,East,573,609.1126,-36.11260986328125,0,0
2025-12-09,LM500,North,655,668.36017,-13.36016845703125,0,0
2025-12-09,LM500,South,633,712.8411,-79.84112548828125,0,0
2025-12-09,LM500,West,689,721.14246,-32.1424560546875,0,0
2025-12-09,OR1000,Central,344,353.661,-9.6610107421875,0,0
2025-12-09,OR1000,East,362,375.77982,-13.779815673828125,0,0
2025-12-09,OR1000,North,332,405.15164,-73.15164184570312,0,0
2025-12-09,OR1000,South,476,432.33176,43.668243408203125,0,0
2025-12-09,OR1000,West,491,459.04068,31.959320068359375,0,0
2025-12-09,OR500,Central,546,479.0634,66.93661499023438,0,0
2025-12-09,OR500,East,496,534.36865,-38.36865234375,0,0
2025-12-09,OR500,North,620,573.86456,46.13543701171875,0,0
2025-12-09,OR500,South,731,592.1355,138.864501953125,0,0
2025-12-09,OR500,West,526,638.3589,-112.35888671875,0,0
2025-12-09,WT1000,Central,892,912.61597,-20.615966796875,0,0
2025-12-09,WT1000,East,1178,1123.9609,54.0390625,1,0
2025-12-09,WT1000,North,952,900.5321,51.4678955078125,0,0
2025-12-09,WT1000,South,1000,958.6195,41.3804931640625,0,0
2025-12-09,WT1000,West,1126,965.66364,160.33636474609375,0,0
2025-12-10,BB1000,Central,612,587.4853,24.51470947265625,1,0
2025-12-10,BB1000,East,553,500.2399,52.760101318359375,0,0
2025-12-10,BB1000,North,583,503.43625,79.56375122070312,0,0
2025-12-10,BB1000,South,610,535.1296,74.87042236328125,0,0
2025-12-10,BB1000,West,641,578.19775,62.80224609375,0,0
2025-12-10,BB250,Central,547,532.86127,14.13873291015625,0,0
2025-12-10,BB250,East,657,709.7603,-52.76031494140625,1,0
2025-12-10,BB250,North,591,560.55066,30.4493408203125,0,0
2025-12-10,BB250,South,657,617.56384,39.4361572265625,0,0
2025-12-10,BB250,West,623,681.84924,-58.8492431640625,0,0
2025-12-10,BB500,Central,754,764.72076,-10.72076416015625,0,0
2025-12-10,BB500,East,875,840.25696,34.7430419921875,0,0
2025-12-10,BB500,North,802,844.9631,-42.96307373046875,0,0
2025-12-10,BB500,South,883,907.1021,-24.10211181640625,0,0
2025-12-10,BB500,West,1014,910.51715,103.48284912109375,0,0
2025-12-10,EN250,Central,348,327.1478,20.852203369140625,0,0
2025-12-10,EN250,East,308,347.60648,-39.606475830078125,0,0
2025-12-10,EN250,North,359,354.6383,4.3616943359375,0,0
2025-12-10,EN250,South,418,408.14145,9.858551025390625,0,0
2025-12-10,EN250,West,490,403.253,86.74700927734375,0,0
2025-12-10,EN500,Central,224,232.10852,-8.1085205078125,0,0
2025-12-10,EN500,East,223,242.97652,-19.976516723632812,0,0
2025-12-10,EN500,North,252,252.32187,-0.321868896484375,0,0
2025-12-10,EN500,South,324,288.63025,35.3697509765625,0,0
2025-12-10,EN500,West,288,288.858,-0.858001708984375,0,0
2025-12-10,LM250,Central,508,414.31995,93.6800537109375,0,0
2025-12-10,LM250,East,427,445.97806,-18.978057861328125,0,0
2025-12-10,LM250,North,404,475.70596,-71.70596313476562,0,0
2025-12-10,LM250,South,545,506.4538,38.54620361328125,0,0
2025-12-10,LM250,West,586,519.0032,66.996826171875,0,0
2025-12-10,LM500,Central,569,590.54663,-21.546630859375,0,0
2025-12-10,LM500,East,537,610.4961,-73.49609375,0,0
2025-12-10,LM500,North,697,676.0173,20.98272705078125,0,0
2025-12-10,LM500,South,678,712.80426,-34.80426025390625,0,0
2025-12-10,LM500,West,640,709.2681,-69.26812744140625,0,0
2025-12-10,OR1000,Central,368,355.05484,12.945159912109375,0,0
2025-12-10,OR1000,East,445,367.01868,77.9813232421875,0,0
2025-12-10,OR1000,North,346,385.4113,-39.411285400390625,0,0
2025-12-10,OR1000,South,467,438.90814,28.09185791015625,0,0
2025-12-10,OR1000,West,477,452.1407,24.85931396484375,0,0
2025-12-10,OR500,Central,697,623.89075,73.1092529296875,1,0
2025-12-10,OR500,East,533,538.35547,-5.35546875,0,0
2025-12-10,OR500,North,567,584.1339,-17.1339111328125,0,0
2025-12-10,OR500,South,518,591.6305,-73.6304931640625,0,0
2025-12-10,OR500,West,819,771.7033,47.29669189453125,1,0
2025-12-10,WT1000,Central,792,867.8864,-75.88641357421875,0,0
2025-12-10,WT1000,East,865,816.7079,48.2921142578125,0,0
2025-12-10,WT1000,North,824,930.6188,-106.6187744140625,0,0
2025-12-10,WT1000,South,940,950.92285,-10.9228515625,0,0
2025-12-10,WT1000,West,962,905.9886,56.01141357421875,0,0
2025-12-11,BB1000,Central,437,463.18118,-26.181182861328125,0,0
2025-12-11,BB1000,East,564,493.77585,70.22415161132812,0,0
2025-12-11,BB1000,North,664,504.66388,159.33612060546875,0,0
2025-12-11,BB1000,South,573,541.349,31.6510009765625,0,0
2025-12-11,BB1000,West,657,580.0818,76.918212890625,0,0
2025-12-11,BB250,Central,503,531.0257,-28.02569580078125,0,0
2025-12-11,BB250,East,605,582.8924,22.10760498046875,0,0
2025-12-11,BB250,North,631,595.05505,35.9449462890625,0,0
2025-12-11,BB250,South,579,640.88965,-61.8896484375,0,0
2025-12-11,BB250,West,622,679.4848,-57.48480224609375,0,0
2025-12-11,BB500,Central,705,771.0,-66.0,0,0
2025-12-11,BB500,East,1197,1129.4774,67.5225830078125,1,0
2025-12-11,BB500,North,836,821.99493,14.00506591796875,0,0
2025-12-11,BB500,South,965,932.3262,32.673828125,0,0
2025-12-11,BB500,West,1226,1244.4929,-18.492919921875,1,0
2025-12-11,EN250,Central,354,324.78754,29.21246337890625,0,0
2025-12-11,EN250,East,377,342.68478,34.315216064453125,0,0
2025-12-11,EN250,North,309,361.5086,-52.50860595703125,0,0
2025-12-11,EN250,South,433,408.76935,24.23065185546875,0,0
2025-12-11,EN250,West,466,409.4965,56.503509521484375,0,0
2025-12-11,EN500,Central,258,226.39644,31.603561401367188,0,0
2025-12-11,EN500,East,256,243.27194,12.728057861328125,0,0
2025-12-11,EN500,North,322,250.82936,71.17063903808594,0,0
2025-12-11,EN500,South,313,287.67587,25.324127197265625,0,0
2025-12-11,EN500,West,359,361.9064,-2.906402587890625,1,0
2025-12-11,LM250,Central,504,417.22244,86.77755737304688,0,0
2025-12-11,LM250,East,476,452.0453,23.9547119140625,0,0
2025-12-11,LM250,North,467,469.90366,-2.903656005859375,0,0
2025-12-11,LM250,South,581,507.83884,73.16116333007812,0,0
2025-12-11,LM250,West,496,524.51666,-28.51666259765625,0,0
2025-12-11,LM500,Central,624,583.1444,40.8555908203125,0,0
2025-12-11,LM500,East,780,596.79315,183.20684814453125,0,0
2025-12-11,LM500,North,665,656.09326,8.90673828125,0,0
2025-12-11,LM500,South,682,695.1897,-13.189697265625,0,0
2025-12-11,LM500,West,910,749.7565,160.2435302734375,0,0
2025-12-11,OR1000,Central,302,356.23578,-54.23577880859375,0,0
2025-12-11,OR1000,East,376,372.13477,3.865234375,0,0
2025-12-11,OR1000,North,388,391.78522,-3.78521728515625,0,0
2025-12-11,OR1000,South,477,449.9738,27.026214599609375,0,0
2025-12-11,OR1000,West,502,450.08633,51.913665771484375,0,0
2025-12-11,OR500,Central,428,505.90646,-77.90646362304688,0,0
2025-12-11,OR500,East,520,547.33484,-27.3348388671875,0,0
2025-12-11,OR500,North,608,578.62177,29.37823486328125,0,0
2025-12-11,OR500,South,676,562.77563,113.224365234375,0,0
2025-12-11,OR500,West,689,655.53986,33.46014404296875,0,0
2025-12-11,WT1000,Central,699,872.48206,-173.4820556640625,0,0
2025-12-11,WT1000,East,869,852.50256,16.4974365234375,0,0
2025-12-11,WT1000,North,828,937.6553,-109.6552734375,0,0
2025-12-11,WT1000,South,1120,893.76416,226.23583984375,0,0
2025-12-11,WT1000,West,1281,1351.6367,-70.63671875,1,0
2025-12-12,BB1000,Central,395,455.48154,-60.481536865234375,0,0
2025-12-12,BB1000,East,509,509.8533,-0.853302001953125,0,0
2025-12-12,BB1000,North,502,511.59796,-9.59796142578125,0,0
2025-12-12,BB1000,South,731,546.0462,184.95379638671875,0,0
2025-12-12,BB1000,West,704,568.8562,135.143798828125,0,0
2025-12-12,BB250,Central,487,534.2604,-47.2603759765625,0,0
2025-12-12,BB250,East,500,580.25146,-80.25146484375,0,0
2025-12-12,BB250,North,563,582.3999,-19.39990234375,0,0
2025-12-12,BB250,South,752,609.7662,142.23382568359375,0,0
2025-12-12,BB250,West,622,656.72076,-34.72076416015625,0,0
2025-12-12,BB500,Central,914,990.277,-76.2769775390625,1,0
2025-12-12,BB500,East,814,846.9932,-32.99322509765625,0,0
2025-12-12,BB500,North,987,1089.6592,-102.6591796875,1,0
2025-12-12,BB500,South,985,947.5772,37.42279052734375,0,0
2025-12-12,BB500,West,1075,953.32025,121.67974853515625,0,0
2025-12-12,EN250,Central,262,328.20322,-66.20321655273438,0,0
2025-12-12,EN250,East,403,344.2444,58.755615234375,0,0
2025-12-12,EN250,North,322,359.06052,-37.060516357421875,0,0
2025-12-12,EN250,South,370,413.67896,-43.678955078125,0,0
2025-12-12,EN250,West,460,419.67566,40.3243408203125,0,0
2025-12-12,EN500,Central,265,236.43898,28.561019897460938,0,0
2025-12-12,EN500,East,245,243.50409,1.49591064453125,0,0
2025-12-12,EN500,North,252,247.64207,4.3579254150390625,0,0
2025-12-12,EN500,South,289,286.59302,2.406982421875,0,0
2025-12-12,EN500,West,322,295.44507,26.554931640625,0,0
2025-12-12,LM250,Central,388,416.13593,-28.13592529296875,0,0
2025-12-12,LM250,East,492,567.4423,-75.44232177734375,1,0
2025-12-12,LM250,North,463,468.55197,-5.551971435546875,0,0
2025-12-12,LM250,South,490,520.89246,-30.8924560546875,0,0
2025-12-12,LM250,West,577,521.0613,55.938720703125,0,0
2025-12-12,LM500,Central,767,708.7208,58.2791748046875,1,0
2025-12-12,LM500,East,649,607.68713,41.3128662109375,0,0
2025-12-12,LM500,North,739,648.32526,90.67474365234375,0,0
2025-12-12,LM500,South,700,679.8496,20.150390625,0,0
2025-12-12,LM500,West,740,723.8956,16.1043701171875,0,0
2025-12-12,OR1000,Central,380,358.31424,21.685760498046875,0,0
2025-12-12,OR1000,East,355,372.01404,-17.0140380859375,0,0
2025-12-12,OR1000,North,404,395.01276,8.98724365234375,0,0
2025-12-12,OR1000,South,425,449.2153,-24.215301513671875,0,0
2025-12-12,OR1000,West,543,457.34564,85.65435791015625,0,0
2025-12-12,OR500,Central,522,493.56204,28.437957763671875,0,0
2025-12-12,OR500,East,707,694.2711,12.7288818359375,1,0
2025-12-12,OR500,North,590,573.6228,16.377197265625,0,0
2025-12-12,OR500,South,722,591.058,130.9420166015625,0,0
2025-12-12,OR500,West,588,637.8998,-49.8997802734375,0,0
2025-12-12,WT1000,Central,871,823.3473,47.6527099609375,0,0
2025-12-12,WT1000,East,915,846.8289,68.17108154296875,0,0
2025-12-12,WT1000,North,782,935.93677,-153.936767578125,0,0
2025-12-12,WT1000,South,997,934.56433,62.4356689453125,0,0
2025-12-12,WT1000,West,1426,1440.2268,-14.226806640625,1,0
2025-12-13,BB1000,Central,509,669.2689,-160.2689208984375,1,0
2025-12-13,BB1000,East,826,738.00964,87.9903564453125,1,0
2025-12-13,BB1000,North,730,586.86676,143.13323974609375,0,0
2025-12-13,BB1000,South,608,654.4314,-46.431396484375,0,0
2025-12-13,BB1000,West,676,668.5365,7.4635009765625,0,0
2025-12-13,BB250,Central,609,599.97504,9.02496337890625,0,0
2025-12-13,BB250,East,624,639.67706,-15.67706298828125,0,0
2025-12-13,BB250,North,581,663.7787,-82.7786865234375,0,0
2025-12-13,BB250,South,697,727.8627,-30.8626708984375,0,0
2025-12-13,BB250,West,858,766.9165,91.08349609375,0,0
2025-12-13,BB500,Central,951,917.5473,33.45269775390625,0,0
2025-12-13,BB500,East,974,1023.55,-49.54998779296875,0,0
2025-12-13,BB500,North,994,959.1877,34.81231689453125,0,0
2025-12-13,BB500,South,1202,1009.5332,192.466796875,0,0
2025-12-13,BB500,West,1040,1102.5271,-62.527099609375,0,0
2025-12-13,EN250,Central,380,380.38647,-0.386474609375,0,0
2025-12-13,EN250,East,446,388.99603,57.00396728515625,0,0
2025-12-13,EN250,North,407,402.13168,4.868316650390625,0,0
2025-12-13,EN250,South,443,462.34857,-19.34857177734375,0,0
2025-12-13,EN250,West,440,465.74557,-25.745574951171875,0,0
2025-12-13,EN500,Central,292,269.40903,22.590972900390625,0,0
2025-12-13,EN500,East,295,276.63818,18.36181640625,0,0
2025-12-13,EN500,North,348,283.86447,64.13552856445312,0,0
2025-12-13,EN500,South,308,325.16443,-17.1644287109375,0,0
2025-12-13,EN500,West,368,340.63992,27.360076904296875,0,0
2025-12-13,LM250,Central,436,474.50778,-38.507781982421875,0,0
2025-12-13,LM250,East,543,511.7908,31.209197998046875,0,0
2025-12-13,LM250,North,522,510.65097,11.349029541015625,0,0
2025-12-13,LM250,South,572,570.43536,1.56463623046875,0,0
2025-12-13,LM250,West,621,616.69354,4.30645751953125,0,0
2025-12-13,LM500,Central,604,664.5953,-60.59527587890625,0,0
2025-12-13,LM500,East,730,712.30426,17.69573974609375,0,0
2025-12-13,LM500,North,937,756.87933,180.12066650390625,0,0
2025-12-13,LM500,South,876,807.4763,68.523681640625,0,0
2025-12-13,LM500,West,924,838.1412,85.85882568359375,0,0
2025-12-13,OR1000,Central,405,404.37906,0.620941162109375,0,0
2025-12-13,OR1000,East,368,447.3711,-79.37109375,0,0
2025-12-13,OR1000,North,467,443.15582,23.84417724609375,0,0
2025-12-13,OR1000,South,538,503.8994,34.1005859375,0,0
2025-12-13,OR1000,West,519,514.6633,4.336669921875,0,0
2025-12-13,OR500,Central,574,567.1594,6.840576171875,0,0
2025-12-13,OR500,East,541,640.2051,-99.205078125,0,0
2025-12-13,OR500,North,664,674.8723,-10.872314453125,0,0
2025-12-13,OR500,South,706,702.93256,3.06744384765625,0,0
2025-12-13,OR500,West,669,753.3199,-84.31988525390625,0,0
2025-12-13,WT1000,Central,945,950.7353,-5.73529052734375,0,0
2025-12-13,WT1000,East,901,979.46704,-78.467041015625,0,0
2025-12-13,WT1000,North,899,998.85986,-99.85986328125,0,0
2025-12-13,WT1000,South,1079,1077.1122,1.8878173828125,0,0
2025-12-13,WT1000,West,1340,1194.1152,145.884765625,0,0
2025-12-14,BB1000,Central,647,511.05368,135.94631958007812,0,0
2025-12-14,BB1000,East,606,589.0797,16.9202880859375,0,0
2025-12-14,BB1000,North,685,601.92053,83.0794677734375,0,0
2025-12-14,BB1000,South,685,632.1657,52.83428955078125,0,0
2025-12-14,BB1000,West,688,662.8378,25.16217041015625,0,0
2025-12-14,BB250,Central,603,597.27606,5.72393798828125,0,0
2025-12-14,BB250,East,619,673.7304,-54.73040771484375,0,0
2025-12-14,BB250,North,745,651.15533,93.84466552734375,0,0
2025-12-14,BB250,South,915,723.28986,191.71014404296875,0,0
2025-12-14,BB250,West,896,755.3176,140.682373046875,0,0
2025-12-14,BB500,Central,645,882.4394,-237.43939208984375,0,0
2025-12-14,BB500,East,723,994.5286,-271.52862548828125,0,0
2025-12-14,BB500,North,1100,1189.4762,-89.4761962890625,1,0
2025-12-14,BB500,South,1042,1054.3716,-12.37158203125,0,0
2025-12-14,BB500,West,1288,1102.2375,185.762451171875,0,0
2025-12-14,EN250,Central,412,371.6204,40.379608154296875,0,0
2025-12-14,EN250,East,401,379.26968,21.730316162109375,0,0
2025-12-14,EN250,North,365,405.21973,-40.2197265625,0,0
2025-12-14,EN250,South,413,444.72546,-31.7254638671875,0,0
2025-12-14,EN250,West,467,462.52896,4.471038818359375,0,0
2025-12-14,EN500,Central,284,267.3571,16.642913818359375,0,0
2025-12-14,EN500,East,327,274.49387,52.506134033203125,0,0
2025-12-14,EN500,North,336,297.4072,38.592803955078125,0,0
2025-12-14,EN500,South,342,324.51376,17.486236572265625,0,0
2025-12-14,EN500,West,335,336.92325,-1.923248291015625,0,0
2025-12-14,LM250,Central,377,465.59265,-88.5926513671875,0,0
2025-12-14,LM250,East,478,518.35803,-40.3580322265625,0,0
2025-12-14,LM250,North,526,537.4975,-11.49749755859375,0,0
2025-12-14,LM250,South,633,563.90137,69.0986328125,0,0
2025-12-14,LM250,West,618,611.605,6.39501953125,0,0
2025-12-14,LM500,Central,885,656.39825,228.60174560546875,0,0
2025-12-14,LM500,East,768,730.8017,37.19830322265625,0,0
2025-12-14,LM500,North,745,771.8144,-26.81439208984375,0,0
2025-12-14,LM500,South,871,848.1499,22.85009765625,0,0
2025-12-14,LM500,West,945,889.237,55.76300048828125,0,0
2025-12-14,OR1000,Central,341,407.3331,-66.33309936523438,0,0
2025-12-14,OR1000,East,455,436.89,18.1099853515625,0,0
2025-12-14,OR1000,North,499,449.17642,49.823577880859375,0,0
2025-12-14,OR1000,South,453,509.1989,-56.19891357421875,0,0
2025-12-14,OR1000,West,519,513.9852,5.0147705078125,0,0
2025-12-14,OR500,Central,594,555.8532,38.14678955078125,0,0
2025-12-14,OR500,East,616,615.2749,0.72509765625,0,0
2025-12-14,OR500,North,659,673.8721,-14.8720703125,0,0
2025-12-14,OR500,South,734,715.6585,18.34149169921875,0,0
2025-12-14,OR500,West,813,725.89703,87.10296630859375,0,0
2025-12-14,WT1000,Central,968,1031.9045,-63.904541015625,0,0
2025-12-14,WT1000,East,1094,1009.0176,84.982421875,0,0
2025-12-14,WT1000,North,1009,973.0769,35.923095703125,0,0
2025-12-14,WT1000,South,1228,1086.4254,141.5745849609375,0,0
2025-12-14,WT1000,West,1345,1233.5026,111.4974365234375,0,0
2025-12-15,BB1000,Central,459,443.32526,15.67474365234375,0,0
2025-12-15,BB1000,East,463,483.2195,-20.219512939453125,0,0
2025-12-15,BB1000,North,465,524.3841,-59.38409423828125,0,0
2025-12-15,BB1000,South,605,550.7628,54.2371826171875,0,0
2025-12-15,BB1000,West,609,567.5661,41.43389892578125,0,0
2025-12-15,BB250,Central,586,523.33527,62.66473388671875,0,0
2025-12-15,BB250,East,585,571.2022,13.79779052734375,0,0
2025-12-15,BB250,North,557,590.48474,-33.4847412109375,0,0
2025-12-15,BB250,South,655,630.7623,24.2376708984375,0,0
2025-12-15,BB250,West,653,677.51324,-24.51324462890625,0,0
2025-12-15,BB500,Central,704,793.1952,-89.1951904296875,0,0
2025-12-15,BB500,East,894,847.927,46.072998046875,0,0
2025-12-15,BB500,North,1099,833.851,265.14898681640625,0,0
2025-12-15,BB500,South,870,875.61194,-5.6119384765625,0,0
2025-12-15,BB500,West,956,964.77716,-8.77716064453125,0,0
2025-12-15,EN250,Central,304,326.11142,-22.111419677734375,0,0
2025-12-15,EN250,East,372,346.33173,25.66827392578125,0,0
2025-12-15,EN250,North,397,349.88293,47.1170654296875,0,0
2025-12-15,EN250,South,374,405.99957,-31.99957275390625,0,0
2025-12-15,EN250,West,474,409.56754,64.43246459960938,0,0
2025-12-15,EN500,Central,230,233.51428,-3.5142822265625,0,0
2025-12-15,EN500,East,295,239.62747,55.372528076171875,0,0
2025-12-15,EN500,North,310,336.443,-26.4429931640625,1,0
2025-12-15,EN500,South,280,289.06534,-9.065338134765625,0,0
2025-12-15,EN500,West,322,297.6166,24.383392333984375,0,0
2025-12-15,LM250,Central,396,417.90668,-21.90667724609375,0,0
2025-12-15,LM250,East,515,455.68616,59.3138427734375,0,0
2025-12-15,LM250,North,457,464.82782,-7.82781982421875,0,0
2025-12-15,LM250,South,570,626.7965,-56.7965087890625,1,0
2025-12-15,LM250,West,552,521.0263,30.97369384765625,0,0
2025-12-15,LM500,Central,547,587.93915,-40.93914794921875,0,0
2025-12-15,LM500,East,679,623.63885,55.36114501953125,0,0
2025-12-15,LM500,North,771,838.99744,-67.9974365234375,1,0
2025-12-15,LM500,South,780,720.18115,59.81884765625,0,0
2025-12-15,LM500,West,679,742.12964,-63.129638671875,0,0
2025-12-15,OR1000,Central,355,348.29462,6.70538330078125,0,0
2025-12-15,OR1000,East,373,364.64728,8.35272216796875,0,0
2025-12-15,OR1000,North,353,390.10648,-37.106475830078125,0,0
2025-12-15,OR1000,South,491,442.48322,48.51678466796875,0,0
2025-12-15,OR1000,West,393,446.9756,-53.9755859375,0,0
2025-12-15,OR500,Central,505,484.98795,20.012054443359375,0,0
2025-12-15,OR500,East,522,556.67926,-34.67926025390625,0,0
2025-12-15,OR500,North,663,580.312,82.68798828125,0,0
2025-12-15,OR500,South,578,604.7364,-26.73638916015625,0,0
2025-12-15,OR500,West,611,636.9081,-25.9080810546875,0,0
2025-12-15,WT1000,Central,910,863.1988,46.80120849609375,0,0
2025-12-15,WT1000,East,794,833.672,-39.6719970703125,0,0
2025-12-15,WT1000,North,983,896.0807,86.9193115234375,0,0
2025-12-15,WT1000,South,1047,1046.0769,0.923095703125,0,0
2025-12-15,WT1000,West,1192,968.88763,223.11236572265625,0,0
2025-12-16,BB1000,Central,471,449.76614,21.233856201171875,0,0
2025-12-16,BB1000,East,501,484.57953,16.42047119140625,0,0
2025-12-16,BB1000,North,649,505.672,143.3280029296875,0,0
2025-12-16,BB1000,South,638,553.76324,84.23675537109375,0,0
2025-12-16,BB1000,West,658,563.00287,94.99713134765625,0,0
2025-12-16,BB250,Central,614,528.3047,85.6953125,0,0
2025-12-16,BB250,East,649,566.6339,82.3660888671875,0,0
2025-12-16,BB250,North,624,579.01404,44.9859619140625,0,0
2025-12-16,BB250,South,613,648.4044,-35.4044189453125,0,0
2025-12-16,BB250,West,734,658.29895,75.7010498046875,0,0
2025-12-16,BB500,Central,942,782.28577,159.7142333984375,0,0
2025-12-16,BB500,East,822,821.01227,0.98773193359375,0,0
2025-12-16,BB500,North,1060,1008.0916,51.90838623046875,1,0
2025-12-16,BB500,South,1213,879.8754,333.12457275390625,0,0
2025-12-16,BB500,West,1005,882.6329,122.36712646484375,0,0
2025-12-16,EN250,Central,301,326.1765,-25.176513671875,0,0
2025-12-16,EN250,East,369,348.99954,20.000457763671875,0,0
2025-12-16,EN250,North,370,357.76028,12.239715576171875,0,0
2025-12-16,EN250,South,485,397.98065,87.01934814453125,0,0
2025-12-16,EN250,West,425,416.62106,8.378936767578125,0,0
2025-12-16,EN500,Central,268,236.70674,31.293258666992188,0,0
2025-12-16,EN500,East,245,242.53323,2.466766357421875,0,0
2025-12-16,EN500,North,257,263.24698,-6.246978759765625,0,0
2025-12-16,EN500,South,295,294.70242,0.297576904296875,0,0
2025-12-16,EN500,West,290,295.59155,-5.591552734375,0,0
2025-12-16,LM250,Central,362,417.48785,-55.48785400390625,0,0
2025-12-16,LM250,East,492,452.5872,39.412811279296875,0,0
2025-12-16,LM250,North,429,470.7376,-41.73760986328125,0,0
2025-12-16,LM250,South,642,618.2807,23.71929931640625,1,0
2025-12-16,LM250,West,550,516.8422,33.15777587890625,0,0
2025-12-16,LM500,Central,660,575.7414,84.25860595703125,0,0
2025-12-16,LM500,East,675,612.69434,62.3056640625,0,0
2025-12-16,LM500,North,696,686.7727,9.227294921875,0,0
2025-12-16,LM500,South,597,716.6684,-119.66839599609375,0,0
2025-12-16,LM500,West,716,733.8024,-17.80242919921875,0,0
2025-12-16,OR1000,Central,322,356.5009,-34.500885009765625,0,0
2025-12-16,OR1000,East,297,370.77194,-73.77194213867188,0,0
2025-12-16,OR1000,North,417,378.92865,38.07135009765625,0,0
2025-12-16,OR1000,South,443,443.58157,-0.581573486328125,0,0
2025-12-16,OR1000,West,467,431.64444,35.355560302734375,0,0
2025-12-16,OR500,Central,416,489.02972,-73.02972412109375,0,0
2025-12-16,OR500,East,501,538.0709,-37.0709228515625,0,0
2025-12-16,OR500,North,582,567.4589,14.54107666015625,0,0
2025-12-16,OR500,South,706,607.6736,98.326416015625,0,0
2025-12-16,OR500,West,791,777.17285,13.8271484375,1,0
2025-12-16,WT1000,Central,866,835.58234,30.41766357421875,0,0
2025-12-16,WT1000,East,983,834.59515,148.40484619140625,0,0
2025-12-16,WT1000,North,927,876.8084,50.19158935546875,0,0
2025-12-16,WT1000,South,1023,964.894,58.10601806640625,0,0
2025-12-16,WT1000,West,1016,973.1768,42.82318115234375,0,0
2025-12-17,BB1000,Central,419,452.07062,-33.07061767578125,0,0
2025-12-17,BB1000,East,517,494.14832,22.8516845703125,0,0
2025-12-17,BB1000,North,541,498.96692,42.0330810546875,0,0
2025-12-17,BB1000,South,639,552.5633,86.43670654296875,0,0
2025-12-17,BB1000,West,492,572.13495,-80.13494873046875,0,0
2025-12-17,BB250,Central,663,527.0535,135.94647216796875,0,0
2025-12-17,BB250,East,588,570.4418,17.5582275390625,0,0
2025-12-17,BB250,North,622,585.57245,36.42755126953125,0,0
2025-12-17,BB250,South,683,641.0237,41.976318359375,0,0
2025-12-17,BB250,West,708,693.6781,14.3218994140625,0,0
2025-12-17,BB500,Central,729,780.7558,-51.75579833984375,0,0
2025-12-17,BB500,East,803,851.6926,-48.692626953125,0,0
2025-12-17,BB500,North,938,852.1569,85.84307861328125,0,0
2025-12-17,BB500,South,792,921.56433,-129.5643310546875,0,0
2025-12-17,BB500,West,1172,932.8413,239.15869140625,0,0
2025-12-17,EN250,Central,322,325.1057,-3.105712890625,0,0
2025-12-17,EN250,East,342,348.13998,-6.139984130859375,0,0
2025-12-17,EN250,North,314,356.35413,-42.3541259765625,0,0
2025-12-17,EN250,South,400,401.526,-1.5260009765625,0,0
2025-12-17,EN250,West,499,510.69894,-11.698944091796875,1,0
2025-12-17,EN500,Central,315,312.92264,2.077362060546875,1,0
2025-12-17,EN500,East,272,245.86185,26.138153076171875,0,0
2025-12-17,EN500,North,238,266.40256,-28.402557373046875,0,0
2025-12-17,EN500,South,316,288.44727,27.552734375,0,0
2025-12-17,EN500,West,363,296.3887,66.61129760742188,0,0
2025-12-17,LM250,Central,496,409.56393,86.43606567382812,0,0
2025-12-17,LM250,East,473,452.5792,20.420806884765625,0,0
2025-12-17,LM250,North,509,458.78784,50.212158203125,0,0
2025-12-17,LM250,South,467,501.2642,-34.264190673828125,0,0
2025-12-17,LM250,West,454,508.1089,-54.10888671875,0,0
2025-12-17,LM500,Central,617,584.8509,32.14910888671875,0,0
2025-12-17,LM500,East,558,610.5834,-52.5833740234375,0,0
2025-12-17,LM500,North,666,678.7992,-12.7991943359375,0,0
2025-12-17,LM500,South,696,715.0383,-19.038330078125,0,0
2025-12-17,LM500,West,799,735.12085,63.879150390625,0,0
2025-12-17,OR1000,Central,377,347.1497,29.850311279296875,0,0
2025-12-17,OR1000,East,341,368.75467,-27.754669189453125,0,0
2025-12-17,OR1000,North,458,389.86322,68.13677978515625,0,0
2025-12-17,OR1000,South,439,441.26694,-2.266937255859375,0,0
2025-12-17,OR1000,West,423,447.50516,-24.505157470703125,0,0
2025-12-17,OR500,Central,593,478.8268,114.17318725585938,0,0
2025-12-17,OR500,East,525,538.4392,-13.439208984375,0,0
2025-12-17,OR500,North,442,577.86444,-135.86444091796875,0,0
2025-12-17,OR500,South,633,637.9075,-4.907470703125,0,0
2025-12-17,OR500,West,667,681.9202,-14.92022705078125,0,0
2025-12-17,WT1000,Central,821,846.5516,-25.55157470703125,0,0
2025-12-17,WT1000,East,938,851.1135,86.886474609375,0,0
2025-12-17,WT1000,North,799,928.5914,-129.59136962890625,0,0
2025-12-17,WT1000,South,1113,919.80615,193.19384765625,0,0
2025-12-17,WT1000,West,1238,919.50275,318.49725341796875,0,0
2025-12-18,BB1000,Central,468,453.19403,14.80596923828125,0,0
2025-12-18,BB1000,East,545,495.25107,49.748931884765625,0,0
2025-12-18,BB1000,North,542,510.5779,31.422088623046875,0,0
2025-12-18,BB1000,South,449,571.644,-122.64398193359375,0,0
2025-12-18,BB1000,West,612,559.37006,52.62994384765625,0,0
2025-12-18,BB250,Central,528,532.57837,-4.578369140625,0,0
2025-12-18,BB250,East,576,583.9893,-7.98931884765625,0,0
2025-12-18,BB250,North,609,596.10864,12.891357421875,0,0
2025-12-18,BB250,South,703,659.965,43.03497314453125,0,0
2025-12-18,BB250,West,766,682.0658,83.9342041015625,0,0
2025-12-18,BB500,Central,671,763.15216,-92.15216064453125,0,0
2025-12-18,BB500,East,739,832.4972,-93.4971923828125,0,0
2025-12-18,BB500,North,879,826.86383,52.13616943359375,0,0
2025-12-18,BB500,South,890,938.2471,-48.2470703125,0,0
2025-12-18,BB500,West,999,1003.7595,-4.759521484375,0,0
2025-12-18,EN250,Central,375,325.5259,49.474090576171875,0,0
2025-12-18,EN250,East,441,452.58612,-11.58612060546875,1,0
2025-12-18,EN250,North,351,343.1361,7.8638916015625,0,0
2025-12-18,EN250,South,354,395.07355,-41.07354736328125,0,0
2025-12-18,EN250,West,352,415.93652,-63.9365234375,0,0
2025-12-18,EN500,Central,219,239.12856,-20.128555297851562,0,0
2025-12-18,EN500,East,293,251.3625,41.63749694824219,0,0
2025-12-18,EN500,North,234,265.20135,-31.20135498046875,0,0
2025-12-18,EN500,South,346,354.94104,-8.9410400390625,1,0
2025-12-18,EN500,West,244,293.19934,-49.1993408203125,0,0
2025-12-18,LM250,Central,498,406.4229,91.57708740234375,0,0
2025-12-18,LM250,East,465,464.22092,0.779083251953125,0,0
2025-12-18,LM250,North,446,463.4139,-17.413909912109375,0,0
2025-12-18,LM250,South,558,511.06705,46.932952880859375,0,0
2025-12-18,LM250,West,514,533.4271,-19.4271240234375,0,0
2025-12-18,LM500,Central,587,572.7119,14.2880859375,0,0
2025-12-18,LM500,East,708,595.0437,112.956298828125,0,0
2025-12-18,LM500,North,820,675.7227,144.27728271484375,0,0
2025-12-18,LM500,South,806,707.1718,98.82818603515625,0,0
2025-12-18,LM500,West,801,750.3747,50.62530517578125,0,0
2025-12-18,OR1000,Central,334,344.3438,-10.34381103515625,0,0
2025-12-18,OR1000,East,351,363.2739,-12.273895263671875,0,0
2025-12-18,OR1000,North,384,384.98795,-0.987945556640625,0,0
2025-12-18,OR1000,South,480,452.95532,27.044677734375,0,0
2025-12-18,OR1000,West,430,449.56335,-19.5633544921875,0,0
2025-12-18,OR500,Central,517,484.53534,32.46466064453125,0,0
2025-12-18,OR500,East,464,533.9496,-69.9495849609375,0,0
2025-12-18,OR500,North,480,574.20917,-94.20916748046875,0,0
2025-12-18,OR500,South,587,609.51373,-22.51373291015625,0,0
2025-12-18,OR500,West,658,641.27826,16.72174072265625,0,0
2025-12-18,WT1000,Central,831,843.1399,-12.139892578125,0,0
2025-12-18,WT1000,East,840,833.4781,6.52191162109375,0,0
2025-12-18,WT1000,North,988,882.131,105.8690185546875,0,0
2025-12-18,WT1000,South,1055,958.0101,96.98992919921875,0,0
2025-12-18,WT1000,West,1156,891.4724,264.527587890625,0,0
2025-12-19,BB1000,Central,511,441.9868,69.01321411132812,0,0
2025-12-19,BB1000,East,544,494.33148,49.66851806640625,0,0
2025-12-19,BB1000,North,544,531.82623,12.17376708984375,0,0
2025-12-19,BB1000,South,754,691.6479,62.35211181640625,1,0
2025-12-19,BB1000,West,702,717.9553,-15.955322265625,1,0
2025-12-19,BB250,Central,494,529.56946,-35.5694580078125,0,0
2025-12-19,BB250,East,489,575.24664,-86.24664306640625,0,0
2025-12-19,BB250,North,515,582.1961,-67.19610595703125,0,0
2025-12-19,BB250,South,760,646.96826,113.03173828125,0,0
2025-12-19,BB250,West,886,873.6131,12.38690185546875,1,0
2025-12-19,BB500,Central,869,747.13086,121.869140625,0,0
2025-12-19,BB500,East,717,798.42505,-81.425048828125,0,0
2025-12-19,BB500,North,850,904.65985,-54.65985107421875,0,0
2025-12-19,BB500,South,945,920.51294,24.487060546875,0,0
2025-12-19,BB500,West,1117,954.8294,162.17059326171875,0,0
2025-12-19,EN250,Central,365,323.32074,41.67926025390625,0,0
2025-12-19,EN250,East,301,358.97604,-57.976043701171875,0,0
2025-12-19,EN250,North,447,434.63712,12.362884521484375,1,0
2025-12-19,EN250,South,422,396.69653,25.303466796875,0,0
2025-12-19,EN250,West,392,409.91763,-17.917633056640625,0,0
2025-12-19,EN500,Central,194,238.22922,-44.229217529296875,0,0
2025-12-19,EN500,East,264,247.4661,16.533905029296875,0,0
2025-12-19,EN500,North,239,263.4373,-24.437286376953125,0,0
2025-12-19,EN500,South,268,288.27744,-20.277435302734375,0,0
2025-12-19,EN500,West,341,297.561,43.438995361328125,0,0
2025-12-19,LM250,Central,403,417.92776,-14.927764892578125,0,0
2025-12-19,LM250,East,554,450.06763,103.932373046875,0,0
2025-12-19,LM250,North,478,455.76852,22.231475830078125,0,0
2025-12-19,LM250,South,473,511.02515,-38.025146484375,0,0
2025-12-19,LM250,West,419,523.8599,-104.85992431640625,0,0
2025-12-19,LM500,Central,599,576.3204,22.67962646484375,0,0
2025-12-19,LM500,East,698,609.69293,88.30706787109375,0,0
2025-12-19,LM500,North,617,687.00836,-70.00836181640625,0,0
2025-12-19,LM500,South,692,698.0026,-6.00262451171875,0,0
2025-12-19,LM500,West,825,745.5463,79.45367431640625,0,0
2025-12-19,OR1000,Central,399,347.72287,51.277130126953125,0,0
2025-12-19,OR1000,East,421,360.32797,60.672027587890625,0,0
2025-12-19,OR1000,North,455,394.01816,60.981842041015625,0,0
2025-12-19,OR1000,South,402,445.23883,-43.23883056640625,0,0
2025-12-19,OR1000,West,402,465.3243,-63.324310302734375,0,0
2025-12-19,OR500,Central,540,494.22247,45.77752685546875,0,0
2025-12-19,OR500,East,544,508.16574,35.834259033203125,0,0
2025-12-19,OR500,North,563,585.207,-22.20697021484375,0,0
2025-12-19,OR500,South,623,607.4322,15.56781005859375,0,0
2025-12-19,OR500,West,665,777.78235,-112.7823486328125,1,0
2025-12-19,WT1000,Central,710,824.69214,-114.692138671875,0,0
2025-12-19,WT1000,East,1011,865.2782,145.7218017578125,0,0
2025-12-19,WT1000,North,764,935.64777,-171.64776611328125,0,0
2025-12-19,WT1000,South,952,952.079,-0.0789794921875,0,0
2025-12-19,WT1000,West,1030,846.66345,183.3365478515625,0,0
2025-12-20,BB1000,Central,495,510.54755,-15.54754638671875,0,0
2025-12-20,BB1000,East,572,545.9523,26.0477294921875,0,0
2025-12-20,BB1000,North,729,606.9944,122.005615234375,0,0
2025-12-20,BB1000,South,916,799.3263,116.6737060546875,1,0
2025-12-20,BB1000,West,698,676.2151,21.784912109375,0,0
2025-12-20,BB250,Central,683,614.71387,68.2861328125,0,0
2025-12-20,BB250,East,630,653.0071,-23.007080078125,0,0
2025-12-20,BB250,North,766,652.2467,113.7532958984375,0,0
2025-12-20,BB250,South,804,743.91815,60.08184814453125,0,0
2025-12-20,BB250,West,1018,941.5103,76.48968505859375,1,0
2025-12-20,BB500,Central,926,924.5684,1.43157958984375,0,0
2025-12-20,BB500,East,883,930.2406,-47.2406005859375,0,0
2025-12-20,BB500,North,903,969.7997,-66.7996826171875,0,0
2025-12-20,BB500,South,1233,1037.3816,195.618408203125,0,0
2025-12-20,BB500,West,892,1057.856,-165.85595703125,0,0
2025-12-20,EN250,Central,354,367.76373,-13.76373291015625,0,0
2025-12-20,EN250,East,463,501.1643,-38.164306640625,1,0
2025-12-20,EN250,North,419,395.12173,23.878265380859375,0,0
2025-12-20,EN250,South,429,455.6375,-26.63751220703125,0,0
2025-12-20,EN250,West,559,472.071,86.92898559570312,0,0
2025-12-20,EN500,Central,245,266.69373,-21.6937255859375,0,0
2025-12-20,EN500,East,274,291.4698,-17.46978759765625,0,0
2025-12-20,EN500,North,310,291.69598,18.30401611328125,0,0
2025-12-20,EN500,South,353,331.45798,21.542022705078125,0,0
2025-12-20,EN500,West,367,340.09067,26.909332275390625,0,0
2025-12-20,LM250,Central,489,451.49017,37.50982666015625,0,0
2025-12-20,LM250,East,521,531.09155,-10.091552734375,0,0
2025-12-20,LM250,North,515,519.735,-4.7349853515625,0,0
2025-12-20,LM250,South,593,593.8297,-0.8297119140625,0,0
2025-12-20,LM250,West,646,593.58136,52.41864013671875,0,0
2025-12-20,LM500,Central,656,646.3533,9.646728515625,0,0
2025-12-20,LM500,East,890,695.9701,194.0299072265625,0,0
2025-12-20,LM500,North,1020,986.846,33.15399169921875,1,0
2025-12-20,LM500,South,889,841.1603,47.8397216796875,0,0
2025-12-20,LM500,West,829,867.27234,-38.2723388671875,0,0
2025-12-20,OR1000,Central,364,398.55597,-34.55596923828125,0,0
2025-12-20,OR1000,East,458,424.20023,33.799774169921875,0,0
2025-12-20,OR1000,North,455,438.58734,16.41265869140625,0,0
2025-12-20,OR1000,South,538,496.00046,41.999542236328125,0,0
2025-12-20,OR1000,West,491,507.14368,-16.1436767578125,0,0
2025-12-20,OR500,Central,645,558.4294,86.57061767578125,0,0
2025-12-20,OR500,East,633,610.33466,22.66534423828125,0,0
2025-12-20,OR500,North,563,676.7801,-113.78009033203125,0,0
2025-12-20,OR500,South,738,716.1185,21.8814697265625,0,0
2025-12-20,OR500,West,713,745.57794,-32.57794189453125,0,0
2025-12-20,WT1000,Central,882,1015.48645,-133.4864501953125,0,0
2025-12-20,WT1000,East,822,1046.8856,-224.8856201171875,0,0
2025-12-20,WT1000,North,1127,1037.3083,89.691650390625,0,0
2025-12-20,WT1000,South,1148,1101.514,46.4859619140625,0,0
2025-12-20,WT1000,West,1231,1244.7139,-13.7138671875,0,0
2025-12-21,BB1000,Central,543,512.9944,30.005615234375,0,0
2025-12-21,BB1000,East,627,568.7543,58.2457275390625,0,0
2025-12-21,BB1000,North,599,592.1766,6.82342529296875,0,0
2025-12-21,BB1000,South,763,615.6541,147.34588623046875,0,0
2025-12-21,BB1000,West,680,682.1762,-2.17620849609375,0,0
2025-12-21,BB250,Central,569,625.9034,-56.90338134765625,0,0
2025-12-21,BB250,East,640,659.1646,-19.16461181640625,0,0
2025-12-21,BB250,North,704,659.7822,44.2177734375,0,0
2025-12-21,BB250,South,756,806.83685,-50.83685302734375,0,0
2025-12-21,BB250,West,893,772.26086,120.7391357421875,0,0
2025-12-21,BB500,Central,943,893.6414,49.35858154296875,0,0
2025-12-21,BB500,East,861,963.65735,-102.6573486328125,0,0
2025-12-21,BB500,North,1137,951.1814,185.818603515625,0,0
2025-12-21,BB500,South,1084,1009.1513,74.84869384765625,0,0
2025-12-21,BB500,West,1160,1132.9899,27.0101318359375,0,0
2025-12-21,EN250,Central,408,363.36465,44.635345458984375,0,0
2025-12-21,EN250,East,447,399.57822,47.421783447265625,0,0
2025-12-21,EN250,North,348,407.6944,-59.69439697265625,0,0
2025-12-21,EN250,South,521,453.69702,67.302978515625,0,0
2025-12-21,EN250,West,502,471.14713,30.852874755859375,0,0
2025-12-21,EN500,Central,237,270.94318,-33.94317626953125,0,0
2025-12-21,EN500,East,289,289.78745,-0.787445068359375,0,0
2025-12-21,EN500,North,262,286.79733,-24.797332763671875,0,0
2025-12-21,EN500,South,352,329.99567,22.00433349609375,0,0
2025-12-21,EN500,West,354,340.43823,13.561767578125,0,0
2025-12-21,LM250,Central,473,464.1211,8.87890625,0,0
2025-12-21,LM250,East,382,520.7195,-138.719482421875,0,0
2025-12-21,LM250,North,514,520.5273,-6.52728271484375,0,0
2025-12-21,LM250,South,571,579.7478,-8.747802734375,0,0
2025-12-21,LM250,West,709,602.5511,106.44891357421875,0,0
2025-12-21,LM500,Central,596,698.8294,-102.82940673828125,0,0
2025-12-21,LM500,East,805,694.0625,110.9375,0,0
2025-12-21,LM500,North,696,756.0616,-60.06158447265625,0,0
2025-12-21,LM500,South,872,830.3138,41.68621826171875,0,0
2025-12-21,LM500,West,829,875.97705,-46.97705078125,0,0
2025-12-21,OR1000,Central,398,372.89444,25.105560302734375,0,0
2025-12-21,OR1000,East,428,416.19833,11.801666259765625,0,0
2025-12-21,OR1000,North,490,439.0808,50.919189453125,0,0
2025-12-21,OR1000,South,523,499.93985,23.060150146484375,0,0
2025-12-21,OR1000,West,542,494.95505,47.044952392578125,0,0
2025-12-21,OR500,Central,522,576.1939,-54.19390869140625,0,0
2025-12-21,OR500,East,678,612.9512,65.048828125,0,0
2025-12-21,OR500,North,601,659.744,-58.7440185546875,0,0
2025-12-21,OR500,South,673,690.9945,-17.9945068359375,0,0
2025-12-21,OR500,West,865,934.7594,-69.7593994140625,1,0
2025-12-21,WT1000,Central,899,979.52094,-80.52093505859375,0,0
2025-12-21,WT1000,East,1127,1010.6929,116.30712890625,0,0
2025-12-21,WT1000,North,1077,997.7843,79.2156982421875,0,0
2025-12-21,WT1000,South,1397,1166.0938,230.90625,0,0
2025-12-21,WT1000,West,1203,1165.3928,37.607177734375,0,0
2025-12-22,BB1000,Central,505,453.09412,51.9058837890625,0,0
2025-12-22,BB1000,East,521,510.70755,10.292449951171875,0,0
2025-12-22,BB1000,North,465,537.3696,-72.36962890625,0,0
2025-12-22,BB1000,South,588,574.45074,13.54925537109375,0,0
2025-12-22,BB1000,West,583,586.27386,-3.27386474609375,0,0
2025-12-22,BB250,Central,464,538.3175,-74.3175048828125,0,0
2025-12-22,BB250,East,514,579.71295,-65.71295166015625,0,0
2025-12-22,BB250,North,573,577.32794,-4.32794189453125,0,0
2025-12-22,BB250,South,666,654.5074,11.49261474609375,0,0
2025-12-22,BB250,West,753,694.5385,58.46148681640625,0,0
2025-12-22,BB500,Central,863,720.648,142.35198974609375,0,0
2025-12-22,BB500,East,715,784.7885,-69.78851318359375,0,0
2025-12-22,BB500,North,905,810.0455,94.95452880859375,0,0
2025-12-22,BB500,South,871,890.4524,-19.452392578125,0,0
2025-12-22,BB500,West,1035,949.71545,85.2845458984375,0,0
2025-12-22,EN250,Central,303,326.09256,-23.092559814453125,0,0
2025-12-22,EN250,East,379,348.14584,30.854156494140625,0,0
2025-12-22,EN250,North,304,356.4768,-52.476806640625,0,0
2025-12-22,EN250,South,427,393.86877,33.1312255859375,0,0
2025-12-22,EN250,West,417,418.23044,-1.230438232421875,0,0
2025-12-22,EN500,Central,231,233.18645,-2.1864471435546875,0,0
2025-12-22,EN500,East,234,246.73654,-12.736541748046875,0,0
2025-12-22,EN500,North,286,260.66287,25.337127685546875,0,0
2025-12-22,EN500,South,293,288.87952,4.1204833984375,0,0
2025-12-22,EN500,West,299,303.1803,-4.1802978515625,0,0
2025-12-22,LM250,Central,439,408.31412,30.685882568359375,0,0
2025-12-22,LM250,East,472,448.28683,23.713165283203125,0,0
2025-12-22,LM250,North,585,453.53308,131.4669189453125,0,0
2025-12-22,LM250,South,537,519.7148,17.28521728515625,0,0
2025-12-22,LM250,West,514,518.82336,-4.8233642578125,0,0
2025-12-22,LM500,Central,545,585.19214,-40.192138671875,0,0
2025-12-22,LM500,East,793,639.4135,153.58648681640625,0,0
2025-12-22,LM500,North,594,683.71277,-89.7127685546875,0,0
2025-12-22,LM500,South,779,718.43976,60.56024169921875,0,0
2025-12-22,LM500,West,753,735.37976,17.6202392578125,0,0
2025-12-22,OR1000,Central,284,355.3247,-71.32470703125,0,0
2025-12-22,OR1000,East,336,369.74445,-33.74444580078125,0,0
2025-12-22,OR1000,North,366,394.2387,-28.23870849609375,0,0
2025-12-22,OR1000,South,421,451.7851,-30.78509521484375,0,0
2025-12-22,OR1000,West,587,566.19666,20.8033447265625,1,0
2025-12-22,OR500,Central,539,500.67346,38.3265380859375,0,0
2025-12-22,OR500,East,491,531.4371,-40.43707275390625,0,0
2025-12-22,OR500,North,607,584.31586,22.68414306640625,0,0
2025-12-22,OR500,South,551,592.1311,-41.131103515625,0,0
2025-12-22,OR500,West,624,657.2592,-33.25921630859375,0,0
2025-12-22,WT1000,Central,1015,1036.5945,-21.594482421875,1,0
2025-12-22,WT1000,East,939,878.21674,60.78326416015625,0,0
2025-12-22,WT1000,North,837,857.1847,-20.1846923828125,0,0
2025-12-22,WT1000,South,896,888.8649,7.13507080078125,0,0
2025-12-22,WT1000,West,1135,943.3641,191.63592529296875,0,0
2025-12-23,BB1000,Central,481,457.79556,23.204437255859375,0,0
2025-12-23,BB1000,East,526,503.32812,22.671875,0,0
2025-12-23,BB1000,North,594,514.97205,79.0279541015625,0,0
2025-12-23,BB1000,South,662,591.9431,70.056884765625,0,0
2025-12-23,BB1000,West,703,592.13556,110.86444091796875,0,0
2025-12-23,BB250,Central,479,529.054,-50.05401611328125,0,0
2025-12-23,BB250,East,568,559.37915,8.620849609375,0,0
2025-12-23,BB250,North,634,586.09656,47.9034423828125,0,0
2025-12-23,BB250,South,619,665.1667,-46.16668701171875,0,0
2025-12-23,BB250,West,733,686.3984,46.60162353515625,0,0
2025-12-23,BB500,Central,756,765.6712,-9.67120361328125,0,0
2025-12-23,BB500,East,840,811.37616,28.62384033203125,0,0
2025-12-23,BB500,North,862,842.185,19.81500244140625,0,0
2025-12-23,BB500,South,928,962.7073,-34.707275390625,0,0
2025-12-23,BB500,West,871,934.8323,-63.832275390625,0,0
2025-12-23,EN250,Central,366,400.5686,-34.568603515625,1,0
2025-12-23,EN250,East,306,357.63327,-51.633270263671875,0,0
2025-12-23,EN250,North,350,355.7116,-5.71160888671875,0,0
2025-12-23,EN250,South,368,403.96762,-35.967620849609375,0,0
2025-12-23,EN250,West,661,505.1057,155.894287109375,1,0
2025-12-23,EN500,Central,260,228.19391,31.80609130859375,0,0
2025-12-23,EN500,East,233,245.586,-12.58599853515625,0,0
2025-12-23,EN500,North,274,256.23486,17.76513671875,0,0
2025-12-23,EN500,South,315,291.4428,23.55718994140625,0,0
2025-12-23,EN500,West,290,296.1234,-6.1234130859375,0,0
2025-12-23,LM250,Central,493,409.17084,83.82916259765625,0,0
2025-12-23,LM250,East,367,464.11093,-97.11093139648438,0,0
2025-12-23,LM250,North,412,463.51474,-51.514739990234375,0,0
2025-12-23,LM250,South,531,528.1473,2.85272216796875,0,0
2025-12-23,LM250,West,461,519.9712,-58.97119140625,0,0
2025-12-23,LM500,Central,549,593.6593,-44.6593017578125,0,0
2025-12-23,LM500,East,632,652.47784,-20.47784423828125,0,0
2025-12-23,LM500,North,832,905.03925,-73.03924560546875,1,0
2025-12-23,LM500,South,742,706.159,35.84100341796875,0,0
2025-12-23,LM500,West,666,728.53534,-62.53533935546875,0,0
2025-12-23,OR1000,Central,343,341.3563,1.643707275390625,0,0
2025-12-23,OR1000,East,318,366.16837,-48.168365478515625,0,0
2025-12-23,OR1000,North,329,393.04642,-64.04641723632812,0,0
2025-12-23,OR1000,South,377,443.8489,-66.84890747070312,0,0
2025-12-23,OR1000,West,339,451.2917,-112.29168701171875,0,0
2025-12-23,OR500,Central,463,495.5608,-32.560791015625,0,0
2025-12-23,OR500,East,583,686.7788,-103.77880859375,1,0
2025-12-23,OR500,North,583,581.38196,1.6180419921875,0,0
2025-12-23,OR500,South,545,603.22644,-58.2264404296875,0,0
2025-12-23,OR500,West,695,637.47217,57.52783203125,0,0
2025-12-23,WT1000,Central,894,835.71674,58.28326416015625,0,0
2025-12-23,WT1000,East,866,878.8056,-12.80560302734375,0,0
2025-12-23,WT1000,North,838,892.95483,-54.954833984375,0,0
2025-12-23,WT1000,South,936,999.1573,-63.15728759765625,0,0
2025-12-23,WT1000,West,1093,859.7593,233.24072265625,0,0
2025-12-24,BB1000,Central,488,463.03806,24.961944580078125,0,0
2025-12-24,BB1000,East,551,519.6748,31.3251953125,0,0
2025-12-24,BB1000,North,531,536.2961,-5.29608154296875,0,0
2025-12-24,BB1000,South,535,585.8941,-50.89410400390625,0,0
2025-12-24,BB1000,West,809,726.0643,82.93572998046875,1,0
2025-12-24,BB250,Central,510,521.0196,-11.01959228515625,0,0
2025-12-24,BB250,East,620,580.1463,39.85369873046875,0,0
2025-12-24,BB250,North,611,590.59894,20.40106201171875,0,0
2025-12-24,BB250,South,644,657.8948,-13.894775390625,0,0
2025-12-24,BB250,West,590,699.6467,-109.646728515625,0,0
2025-12-24,BB500,Central,872,774.6626,97.33740234375,0,0
2025-12-24,BB500,East,991,772.22736,218.77264404296875,0,0
2025-12-24,BB500,North,832,887.9587,-55.95867919921875,0,0
2025-12-24,BB500,South,1174,1114.8751,59.1248779296875,1,0
2025-12-24,BB500,West,1002,940.1142,61.88580322265625,0,0
2025-12-24,EN250,Central,364,324.70596,39.294036865234375,0,0
2025-12-24,EN250,East,348,348.62012,-0.6201171875,0,0
2025-12-24,EN250,North,428,346.41202,81.58798217773438,0,0
2025-12-24,EN250,South,432,394.3763,37.623687744140625,0,0
2025-12-24,EN250,West,432,400.59134,31.408660888671875,0,0
2025-12-24,EN500,Central,215,236.7831,-21.783096313476562,0,0
2025-12-24,EN500,East,259,243.88617,15.11383056640625,0,0
2025-12-24,EN500,North,220,255.10213,-35.10212707519531,0,0
2025-12-24,EN500,South,294,288.1073,5.8927001953125,0,0
2025-12-24,EN500,West,280,300.61478,-20.614776611328125,0,0
2025-12-24,LM250,Central,409,413.40063,-4.400634765625,0,0
2025-12-24,LM250,East,476,439.34457,36.655426025390625,0,0
2025-12-24,LM250,North,619,592.66504,26.3349609375,1,0
2025-12-24,LM250,South,486,525.55927,-39.55926513671875,0,0
2025-12-24,LM250,West,487,527.9689,-40.9688720703125,0,0
2025-12-24,LM500,Central,540,581.7453,-41.74530029296875,0,0
2025-12-24,LM500,East,670,642.6292,27.37078857421875,0,0
2025-12-24,LM500,North,555,691.4017,-136.40167236328125,0,0
2025-12-24,LM500,South,770,735.2971,34.702880859375,0,0
2025-12-24,LM500,West,830,716.1532,113.8468017578125,0,0
2025-12-24,OR1000,Central,325,344.65723,-19.6572265625,0,0
2025-12-24,OR1000,East,412,349.47485,62.525146484375,0,0
2025-12-24,OR1000,North,448,380.36237,67.63763427734375,0,0
2025-12-24,OR1000,South,451,432.42484,18.575164794921875,0,0
2025-12-24,OR1000,West,431,446.57324,-15.5732421875,0,0
2025-12-24,OR500,Central,411,477.41528,-66.415283203125,0,0
2025-12-24,OR500,East,586,535.5493,50.45068359375,0,0
2025-12-24,OR500,North,577,562.43134,14.56866455078125,0,0
2025-12-24,OR500,South,723,589.38165,133.61834716796875,0,0
2025-12-24,OR500,West,651,663.90186,-12.90185546875,0,0
2025-12-24,WT1000,Central,831,829.7918,1.20819091796875,0,0
2025-12-24,WT1000,East,883,828.2824,54.71759033203125,0,0
2025-12-24,WT1000,North,1012,1101.501,-89.5009765625,1,0
2025-12-24,WT1000,South,1161,952.7965,208.2034912109375,0,0
2025-12-24,WT1000,West,903,1002.1676,-99.1676025390625,0,0
2025-12-25,BB1000,Central,605,532.5152,72.48480224609375,0,1
2025-12-25,BB1000,East,644,638.84125,5.15875244140625,0,1
2025-12-25,BB1000,North,612,676.0821,-64.08209228515625,0,1
2025-12-25,BB1000,South,766,688.19354,77.80645751953125,0,1
2025-12-25,BB1000,West,712,714.50476,-2.5047607421875,0,1
2025-12-25,BB250,Central,565,677.53705,-112.53704833984375,0,1
2025-12-25,BB250,East,781,706.5834,74.4166259765625,0,1
2025-12-25,BB250,North,738,742.04846,-4.0484619140625,0,1
2025-12-25,BB250,South,693,795.9704,-102.97039794921875,0,1
2025-12-25,BB250,West,707,844.055,-137.05499267578125,0,1
2025-12-25,BB500,Central,821,982.4576,-161.45758056640625,0,1
2025-12-25,BB500,East,1147,1096.4303,50.5697021484375,0,1
2025-12-25,BB500,North,1217,1039.7971,177.202880859375,0,1
2025-12-25,BB500,South,1082,1014.8176,67.182373046875,0,1
2025-12-25,BB500,West,1598,1391.7451,206.2548828125,1,1
2025-12-25,EN250,Central,360,384.26297,-24.262969970703125,0,1
2025-12-25,EN250,East,387,438.19608,-51.196075439453125,0,1
2025-12-25,EN250,North,428,420.27634,7.723663330078125,0,1
2025-12-25,EN250,South,532,488.06784,43.932159423828125,0,1
2025-12-25,EN250,West,618,587.1484,30.85162353515625,1,1
2025-12-25,EN500,Central,266,266.74625,-0.746246337890625,0,1
2025-12-25,EN500,East,285,306.6304,-21.630401611328125,0,1
2025-12-25,EN500,North,344,312.22742,31.7725830078125,0,1
2025-12-25,EN500,South,361,366.64426,-5.644256591796875,0,1
2025-12-25,EN500,West,489,408.0142,80.98580932617188,1,1
2025-12-25,LM250,Central,496,492.33887,3.6611328125,0,1
2025-12-25,LM250,East,608,505.9694,102.03060913085938,0,1
2025-12-25,LM250,North,467,506.1493,-39.1492919921875,0,1
2025-12-25,LM250,South,601,666.6695,-65.66949462890625,0,1
2025-12-25,LM250,West,622,677.2581,-55.25811767578125,0,1
2025-12-25,LM500,Central,899,727.07336,171.9266357421875,0,1
2025-12-25,LM500,East,690,782.4782,-92.47821044921875,0,1
2025-12-25,LM500,North,878,851.5466,26.45343017578125,0,1
2025-12-25,LM500,South,852,870.25885,-18.25885009765625,0,1
2025-12-25,LM500,West,744,869.1549,-125.1549072265625,0,1
2025-12-25,OR1000,Central,659,443.256,215.74398803710938,1,1
2025-12-25,OR1000,East,373,441.54938,-68.54937744140625,0,1
2025-12-25,OR1000,North,425,480.57623,-55.57623291015625,0,1
2025-12-25,OR1000,South,754,600.26776,153.73223876953125,1,1
2025-12-25,OR1000,West,513,522.5232,-9.523193359375,0,1
2025-12-25,OR500,Central,690,588.7604,101.2396240234375,0,1
2025-12-25,OR500,East,599,657.438,-58.43798828125,0,1
2025-12-25,OR500,North,777,718.7651,58.23492431640625,0,1
2025-12-25,OR500,South,834,706.9479,127.0521240234375,0,1
2025-12-25,OR500,West,909,788.8272,120.17279052734375,0,1
2025-12-25,WT1000,Central,982,973.4337,8.5662841796875,0,1
2025-12-25,WT1000,East,1081,939.08765,141.912353515625,0,1
2025-12-25,WT1000,North,1120,981.6094,138.390625,0,1
2025-12-25,WT1000,South,1158,1051.1853,106.814697265625,0,1
2025-12-25,WT1000,West,1229,1110.335,118.6650390625,0,1
2025-12-26,BB1000,Central,487,462.92038,24.079620361328125,0,0
2025-12-26,BB1000,East,508,519.4619,-11.4619140625,0,0
2025-12-26,BB1000,North,510,537.5365,-27.5364990234375,0,0
2025-12-26,BB1000,South,577,601.3876,-24.3875732421875,0,0
2025-12-26,BB1000,West,587,579.5207,7.47930908203125,0,0
2025-12-26,BB250,Central,489,515.86816,-26.8681640625,0,0
2025-12-26,BB250,East,569,587.44006,-18.4400634765625,0,0
2025-12-26,BB250,North,514,600.72186,-86.72186279296875,0,0
2025-12-26,BB250,South,655,665.7638,-10.7637939453125,0,0
2025-12-26,BB250,West,812,699.47125,112.52874755859375,0,0
2025-12-26,BB500,Central,698,765.6266,-67.6265869140625,0,0
2025-12-26,BB500,East,921,965.7789,-44.77886962890625,1,0
2025-12-26,BB500,North,902,856.2721,45.7279052734375,0,0
2025-12-26,BB500,South,1104,930.10583,173.8941650390625,0,0
2025-12-26,BB500,West,1225,1008.9373,216.06268310546875,0,0
2025-12-26,EN250,Central,338,329.1567,8.843292236328125,0,0
2025-12-26,EN250,East,411,357.21765,53.7823486328125,0,0
2025-12-26,EN250,North,415,345.76086,69.2391357421875,0,0
2025-12-26,EN250,South,437,407.91638,29.0836181640625,0,0
2025-12-26,EN250,West,393,419.30594,-26.305938720703125,0,0
2025-12-26,EN500,Central,251,236.02702,14.972976684570312,0,0
2025-12-26,EN500,East,334,242.17142,91.82858276367188,0,0
2025-12-26,EN500,North,243,260.4738,-17.473785400390625,0,0
2025-12-26,EN500,South,327,291.23215,35.767852783203125,0,0
2025-12-26,EN500,West,329,302.33398,26.666015625,0,0
2025-12-26,LM250,Central,372,414.35345,-42.35345458984375,0,0
2025-12-26,LM250,East,523,468.10336,54.896636962890625,0,0
2025-12-26,LM250,North,448,457.0809,-9.080902099609375,0,0
2025-12-26,LM250,South,465,523.5593,-58.559326171875,0,0
2025-12-26,LM250,West,541,531.2516,9.7484130859375,0,0
2025-12-26,LM500,Central,538,596.67487,-58.67486572265625,0,0
2025-12-26,LM500,East,634,641.55084,-7.55084228515625,0,0
2025-12-26,LM500,North,566,687.3257,-121.32568359375,0,0
2025-12-26,LM500,South,694,731.52344,-37.5234375,0,0
2025-12-26,LM500,West,847,756.4344,90.56561279296875,0,0
2025-12-26,OR1000,Central,405,354.7509,50.249114990234375,0,0
2025-12-26,OR1000,East,355,354.19897,0.801025390625,0,0
2025-12-26,OR1000,North,386,388.53146,-2.531463623046875,0,0
2025-12-26,OR1000,South,458,455.22806,2.771942138671875,0,0
2025-12-26,OR1000,West,484,553.869,-69.8690185546875,1,0
2025-12-26,OR500,Central,644,614.0366,29.96337890625,1,0
2025-12-26,OR500,East,486,559.98193,-73.98193359375,0,0
2025-12-26,OR500,North,567,597.0422,-30.04217529296875,0,0
2025-12-26,OR500,South,623,619.2467,3.7532958984375,0,0
2025-12-26,OR500,West,654,765.6486,-111.64862060546875,1,0
2025-12-26,WT1000,Central,841,818.5689,22.43109130859375,0,0
2025-12-26,WT1000,East,1026,839.5601,186.43988037109375,0,0
2025-12-26,WT1000,North,1051,841.91205,209.08795166015625,0,0
2025-12-26,WT1000,South,964,927.2292,36.77081298828125,0,0
2025-12-26,WT1000,West,1249,892.719,356.281005859375,0,0
2025-12-27,BB1000,Central,497,504.86844,-7.868438720703125,0,0
2025-12-27,BB1000,East,554,595.67773,-41.677734375,0,0
2025-12-27,BB1000,North,669,607.2124,61.78759765625,0,0
2025-12-27,BB1000,South,708,699.67883,8.3211669921875,0,0
2025-12-27,BB1000,West,891,916.86383,-25.86383056640625,1,0
2025-12-27,BB250,Central,772,796.70874,-24.708740234375,1,0
2025-12-27,BB250,East,685,667.53394,17.466064453125,0,0
2025-12-27,BB250,North,614,653.1583,-39.1583251953125,0,0
2025-12-27,BB250,South,616,741.0549,-125.05487060546875,0,0
2025-12-27,BB250,West,938,825.4492,112.55078125,0,0
2025-12-27,BB500,Central,876,877.1006,-1.1005859375,0,0
2025-12-27,BB500,East,823,935.56915,-112.56915283203125,0,0
2025-12-27,BB500,North,950,974.99927,-24.999267578125,0,0
2025-12-27,BB500,South,1046,1121.8236,-75.8236083984375,0,0
2025-12-27,BB500,West,1280,1121.7502,158.249755859375,0,0
2025-12-27,EN250,Central,385,377.99768,7.0023193359375,0,0
2025-12-27,EN250,East,468,397.91995,70.08004760742188,0,0
2025-12-27,EN250,North,370,396.19614,-26.196136474609375,0,0
2025-12-27,EN250,South,467,445.67712,21.3228759765625,0,0
2025-12-27,EN250,West,497,481.6894,15.31060791015625,0,0
2025-12-27,EN500,Central,262,267.8317,-5.831695556640625,0,0
2025-12-27,EN500,East,324,282.70108,41.298919677734375,0,0
2025-12-27,EN500,North,332,295.86707,36.1329345703125,0,0
2025-12-27,EN500,South,380,426.77643,-46.77642822265625,1,0
2025-12-27,EN500,West,375,436.25937,-61.259368896484375,1,0
2025-12-27,LM250,Central,466,453.08868,12.91131591796875,0,0
2025-12-27,LM250,East,466,516.4724,-50.472412109375,0,0
2025-12-27,LM250,North,549,529.4781,19.52191162109375,0,0
2025-12-27,LM250,South,642,578.89465,63.1053466796875,0,0
2025-12-27,LM250,West,675,599.9776,75.02239990234375,0,0
2025-12-27,LM500,Central,598,694.8359,-96.83587646484375,0,0
2025-12-27,LM500,East,679,749.07086,-70.07086181640625,0,0
2025-12-27,LM500,North,858,721.64136,136.358642578125,0,0
2025-12-27,LM500,South,986,1080.2473,-94.247314453125,1,0
2025-12-27,LM500,West,825,850.64813,-25.64813232421875,0,0
2025-12-27,OR1000,Central,472,408.89926,63.100738525390625,0,0
2025-12-27,OR1000,East,401,401.58368,-0.58367919921875,0,0
2025-12-27,OR1000,North,345,439.55676,-94.5567626953125,0,0
2025-12-27,OR1000,South,500,501.60913,-1.609130859375,0,0
2025-12-27,OR1000,West,548,514.2446,33.75537109375,0,0
2025-12-27,OR500,Central,509,576.50995,-67.50994873046875,0,0
2025-12-27,OR500,East,612,627.33167,-15.3316650390625,0,0
2025-12-27,OR500,North,557,647.00287,-90.00286865234375,0,0
2025-12-27,OR500,South,573,728.5014,-155.50140380859375,0,0
2025-12-27,OR500,West,678,755.4373,-77.43731689453125,0,0
2025-12-27,WT1000,Central,906,955.06836,-49.068359375,0,0
2025-12-27,WT1000,East,1065,985.5869,79.4130859375,0,0
2025-12-27,WT1000,North,1010,1043.3827,-33.3826904296875,0,0
2025-12-27,WT1000,South,1144,1055.5057,88.4942626953125,0,0
2025-12-27,WT1000,West,1015,1137.4016,-122.401611328125,0,0
2025-12-28,BB1000,Central,543,510.01636,32.983642578125,0,0
2025-12-28,BB1000,East,494,568.39655,-74.39654541015625,0,0
2025-12-28,BB1000,North,543,602.11304,-59.113037109375,0,0
2025-12-28,BB1000,South,744,651.96826,92.03173828125,0,0
2025-12-28,BB1000,West,871,816.0162,54.98382568359375,1,0
2025-12-28,BB250,Central,655,586.2368,68.76318359375,0,0
2025-12-28,BB250,East,866,778.87964,87.120361328125,1,0
2025-12-28,BB250,North,704,657.41437,46.58563232421875,0,0
2025-12-28,BB250,South,824,730.8364,93.16357421875,0,0
2025-12-28,BB250,West,747,790.6704,-43.67041015625,0,0
2025-12-28,BB500,Central,927,888.0075,38.99249267578125,0,0
2025-12-28,BB500,East,1020,905.70355,114.29644775390625,0,0
2025-12-28,BB500,North,866,976.74896,-110.74896240234375,0,0
2025-12-28,BB500,South,1212,1033.4048,178.59521484375,0,0
2025-12-28,BB500,West,1362,1306.2096,55.7904052734375,1,0
2025-12-28,EN250,Central,376,366.62323,9.37677001953125,0,0
2025-12-28,EN250,East,411,404.47803,6.52197265625,0,0
2025-12-28,EN250,North,433,388.78024,44.219757080078125,0,0
2025-12-28,EN250,South,490,465.64423,24.35577392578125,0,0
2025-12-28,EN250,West,449,482.2332,-33.233184814453125,0,0
2025-12-28,EN500,Central,300,269.24768,30.7523193359375,0,0
2025-12-28,EN500,East,249,287.62433,-38.62432861328125,0,0
2025-12-28,EN500,North,413,369.46713,43.532867431640625,1,0
2025-12-28,EN500,South,290,340.06458,-50.0645751953125,0,0
2025-12-28,EN500,West,300,346.80185,-46.801849365234375,0,0
2025-12-28,LM250,Central,474,455.16647,18.833526611328125,0,0
2025-12-28,LM250,East,467,510.9405,-43.94049072265625,0,0
2025-12-28,LM250,North,613,518.8261,94.17388916015625,0,0
2025-12-28,LM250,South,556,589.27985,-33.27984619140625,0,0
2025-12-28,LM250,West,686,587.276,98.7239990234375,0,0
2025-12-28,LM500,Central,765,648.6993,116.30072021484375,0,0
2025-12-28,LM500,East,708,734.1504,-26.150390625,0,0
2025-12-28,LM500,North,870,798.21136,71.78863525390625,0,0
2025-12-28,LM500,South,1061,1086.789,-25.7889404296875,1,0
2025-12-28,LM500,West,938,853.16833,84.8316650390625,0,0
2025-12-28,OR1000,Central,363,407.71362,-44.713623046875,0,0
2025-12-28,OR1000,East,514,415.53604,98.46395874023438,0,0
2025-12-28,OR1000,North,403,448.16153,-45.161529541015625,0,0
2025-12-28,OR1000,South,516,509.45953,6.54046630859375,0,0
2025-12-28,OR1000,West,537,506.54953,30.450469970703125,0,0
2025-12-28,OR500,Central,519,550.67444,-31.6744384765625,0,0
2025-12-28,OR500,East,636,610.1275,25.87249755859375,0,0
2025-12-28,OR500,North,669,641.2241,27.77587890625,0,0
2025-12-28,OR500,South,759,733.08606,25.9139404296875,0,0
2025-12-28,OR500,West,728,794.8634,-66.8634033203125,0,0
2025-12-28,WT1000,Central,825,952.29535,-127.29534912109375,0,0
2025-12-28,WT1000,East,805,1008.995,-203.9949951171875,0,0
2025-12-28,WT1000,North,1072,977.6513,94.34869384765625,0,0
2025-12-28,WT1000,South,1079,1101.4548,-22.454833984375,0,0
2025-12-28,WT1000,West,1199,1176.3197,22.6802978515625,0,0
2025-12-29,BB1000,Central,434,467.47888,-33.4788818359375,0,0
2025-12-29,BB1000,East,452,507.75327,-55.753265380859375,0,0
2025-12-29,BB1000,North,444,545.8212,-101.82122802734375,0,0
2025-12-29,BB1000,South,612,593.13715,18.86285400390625,0,0
2025-12-29,BB1000,West,674,630.54724,43.4527587890625,0,0
2025-12-29,BB250,Central,631,534.3428,96.6572265625,0,0
2025-12-29,BB250,East,515,572.4034,-57.40338134765625,0,0
2025-12-29,BB250,North,608,601.4859,6.51409912109375,0,0
2025-12-29,BB250,South,822,648.6746,173.32537841796875,0,0
2025-12-29,BB250,West,712,732.5918,-20.591796875,0,0
2025-12-29,BB500,Central,812,730.21173,81.78826904296875,0,0
2025-12-29,BB500,East,752,819.7004,-67.70037841796875,0,0
2025-12-29,BB500,North,948,927.4897,20.51031494140625,0,0
2025-12-29,BB500,South,923,954.84283,-31.84283447265625,0,0
2025-12-29,BB500,West,1183,971.6259,211.37408447265625,0,0
2025-12-29,EN250,Central,359,318.18567,40.8143310546875,0,0
2025-12-29,EN250,East,363,360.01407,2.985931396484375,0,0
2025-12-29,EN250,North,392,356.6121,35.387908935546875,0,0
2025-12-29,EN250,South,373,403.2158,-30.215789794921875,0,0
2025-12-29,EN250,West,514,524.05096,-10.05096435546875,1,0
2025-12-29,EN500,Central,242,232.90565,9.094345092773438,0,0
2025-12-29,EN500,East,264,252.9533,11.046707153320312,0,0
2025-12-29,EN500,North,238,264.69305,-26.69305419921875,0,0
2025-12-29,EN500,South,260,286.55438,-26.55438232421875,0,0
2025-12-29,EN500,West,400,368.9413,31.058685302734375,1,0
2025-12-29,LM250,Central,503,395.71753,107.282470703125,0,0
2025-12-29,LM250,East,378,423.20374,-45.2037353515625,0,0
2025-12-29,LM250,North,487,449.095,37.904998779296875,0,0
2025-12-29,LM250,South,659,642.35736,16.64263916015625,1,0
2025-12-29,LM250,West,588,510.09927,77.90072631835938,0,0
2025-12-29,LM500,Central,632,598.46173,33.53826904296875,0,0
2025-12-29,LM500,East,491,668.59314,-177.5931396484375,0,0
2025-12-29,LM500,North,692,704.6636,-12.66357421875,0,0
2025-12-29,LM500,South,649,761.9809,-112.98089599609375,0,0
2025-12-29,LM500,West,730,710.04095,19.95904541015625,0,0
2025-12-29,OR1000,Central,404,360.12653,43.87347412109375,0,0
2025-12-29,OR1000,East,417,370.441,46.558990478515625,0,0
2025-12-29,OR1000,North,476,479.6989,-3.69891357421875,1,0
2025-12-29,OR1000,South,473,436.95914,36.040863037109375,0,0
2025-12-29,OR1000,West,449,433.3419,15.658111572265625,0,0
2025-12-29,OR500,Central,477,493.25635,-16.25634765625,0,0
2025-12-29,OR500,East,681,715.22034,-34.2203369140625,1,0
2025-12-29,OR500,North,493,557.9428,-64.94281005859375,0,0
2025-12-29,OR500,South,544,610.9928,-66.9927978515625,0,0
2025-12-29,OR500,West,758,664.99786,93.00213623046875,0,0
2025-12-29,WT1000,Central,842,853.2544,-11.25439453125,0,0
2025-12-29,WT1000,East,841,917.46545,-76.4654541015625,0,0
2025-12-29,WT1000,North,890,850.603,39.39697265625,0,0
2025-12-29,WT1000,South,999,917.26373,81.73626708984375,0,0
2025-12-29,WT1000,West,1179,964.47906,214.52093505859375,0,0
2025-12-30,BB1000,Central,487,442.44424,44.555755615234375,0,0
2025-12-30,BB1000,East,523,500.44144,22.558563232421875,0,0
2025-12-30,BB1000,North,444,523.49475,-79.4947509765625,0,0
2025-12-30,BB1000,South,539,605.8841,-66.88409423828125,0,0
2025-12-30,BB1000,West,684,648.99133,35.0086669921875,0,0
2025-12-30,BB250,Central,779,683.3252,95.6748046875,1,0
2025-12-30,BB250,East,598,567.23413,30.765869140625,0,0
2025-12-30,BB250,North,573,580.11334,-7.11334228515625,0,0
2025-12-30,BB250,South,797,769.41315,27.58685302734375,1,0
2025-12-30,BB250,West,747,747.50653,-0.50653076171875,0,0
2025-12-30,BB500,Central,782,804.82025,-22.82025146484375,0,0
2025-12-30,BB500,East,882,858.98804,23.011962890625,0,0
2025-12-30,BB500,North,959,875.90265,83.09735107421875,0,0
2025-12-30,BB500,South,825,911.25055,-86.25054931640625,0,0
2025-12-30,BB500,West,946,972.64874,-26.64874267578125,0,0
2025-12-30,EN250,Central,283,323.47656,-40.4765625,0,0
2025-12-30,EN250,East,356,362.18295,-6.182952880859375,0,0
2025-12-30,EN250,North,386,356.1622,29.837799072265625,0,0
2025-12-30,EN250,South,439,510.40262,-71.40261840820312,1,0
2025-12-30,EN250,West,419,438.7348,-19.73480224609375,0,0
2025-12-30,EN500,Central,241,238.51009,2.4899139404296875,0,0
2025-12-30,EN500,East,291,251.08125,39.91874694824219,0,0
2025-12-30,EN500,North,359,271.38394,87.61605834960938,0,0
2025-12-30,EN500,South,297,293.69455,3.305450439453125,0,0
2025-12-30,EN500,West,248,285.73813,-37.738128662109375,0,0
2025-12-30,LM250,Central,402,399.89285,2.107147216796875,0,0
2025-12-30,LM250,East,463,436.6997,26.30029296875,0,0
2025-12-30,LM250,North,422,452.26254,-30.262542724609375,0,0
2025-12-30,LM250,South,505,482.63168,22.368316650390625,0,0
2025-12-30,LM250,West,606,507.78732,98.21267700195312,0,0
2025-12-30,LM500,Central,590,590.6328,-0.6328125,0,0
2025-12-30,LM500,East,520,649.75464,-129.754638671875,0,0
2025-12-30,LM500,North,709,715.1165,-6.11651611328125,0,0
2025-12-30,LM500,South,1084,929.9889,154.0111083984375,1,0
2025-12-30,LM500,West,774,757.36005,16.63995361328125,0,0
2025-12-30,OR1000,Central,362,364.69287,-2.69287109375,0,0
2025-12-30,OR1000,East,440,447.53693,-7.53692626953125,1,0
2025-12-30,OR1000,North,536,478.7141,57.285888671875,1,0
2025-12-30,OR1000,South,486,433.41928,52.580718994140625,0,0
2025-12-30,OR1000,West,465,429.6844,35.31561279296875,0,0
2025-12-30,OR500,Central,534,486.97836,47.021636962890625,0,0
2025-12-30,OR500,East,596,560.9077,35.09228515625,0,0
2025-12-30,OR500,North,576,533.2735,42.72650146484375,0,0
2025-12-30,OR500,South,556,603.1599,-47.159912109375,0,0
2025-12-30,OR500,West,624,687.48956,-63.48956298828125,0,0
2025-12-30,WT1000,Central,923,875.3154,47.6845703125,0,0
2025-12-30,WT1000,East,904,861.5398,42.460205078125,0,0
2025-12-30,WT1000,North,1160,1134.7252,25.2747802734375,1,0
2025-12-30,WT1000,South,1106,971.5152,134.48480224609375,0,0
2025-12-30,WT1000,West,1319,1079.4893,239.5107421875,0,0
2025-12-31,BB1000,Central,448,456.828,-8.8280029296875,0,0
2025-12-31,BB1000,East,449,505.24362,-56.243621826171875,0,0
2025-12-31,BB1000,North,553,532.8217,20.17828369140625,0,0
2025-12-31,BB1000,South,617,581.3886,35.61138916015625,0,0
2025-12-31,BB1000,West,574,661.3396,-87.339599609375,0,0
2025-12-31,BB250,Central,574,537.7825,36.217529296875,0,0
2025-12-31,BB250,East,706,713.0896,-7.089599609375,1,0
2025-12-31,BB250,North,608,589.37854,18.6214599609375,0,0
2025-12-31,BB250,South,715,668.38617,46.61383056640625,0,0
2025-12-31,BB250,West,702,720.5411,-18.54107666015625,0,0
2025-12-31,BB500,Central,763,788.2121,-25.21209716796875,0,0
2025-12-31,BB500,East,728,811.8481,-83.84808349609375,0,0
2025-12-31,BB500,North,817,903.169,-86.16900634765625,0,0
2025-12-31,BB500,South,888,989.83704,-101.8370361328125,0,0
2025-12-31,BB500,West,1097,938.6237,158.37628173828125,0,0
2025-12-31,EN250,Central,397,320.27777,76.72222900390625,0,0
2025-12-31,EN250,East,311,355.66022,-44.66021728515625,0,0
2025-12-31,EN250,North,464,347.1431,116.85690307617188,0,0
2025-12-31,EN250,South,307,394.20334,-87.20333862304688,0,0
2025-12-31,EN250,West,418,442.20337,-24.203369140625,0,0
2025-12-31,EN500,Central,226,237.50838,-11.508377075195312,0,0
2025-12-31,EN500,East,222,257.71033,-35.7103271484375,0,0
2025-12-31,EN500,North,294,267.3863,26.61370849609375,0,0
2025-12-31,EN500,South,292,285.87177,6.12823486328125,0,0
2025-12-31,EN500,West,344,296.52393,47.47607421875,0,0
2025-12-31,LM250,Central,460,409.44717,50.552825927734375,0,0
2025-12-31,LM250,East,482,419.38388,62.616119384765625,0,0
2025-12-31,LM250,North,471,439.0922,31.907806396484375,0,0
2025-12-31,LM250,South,546,472.9454,73.05459594726562,0,0
2025-12-31,LM250,West,575,506.42657,68.57342529296875,0,0
2025-12-31,LM500,Central,581,597.8747,-16.87469482421875,0,0
2025-12-31,LM500,East,585,626.17084,-41.17083740234375,0,0
2025-12-31,LM500,North,770,709.9665,60.03350830078125,0,0
2025-12-31,LM500,South,625,781.1911,-156.19110107421875,0,0
2025-12-31,LM500,West,765,761.13196,3.8680419921875,0,0
2025-12-31,OR1000,Central,360,362.80316,-2.80316162109375,0,0
2025-12-31,OR1000,East,379,366.75848,12.24151611328125,0,0
2025-12-31,OR1000,North,402,394.0762,7.923797607421875,0,0
2025-12-31,OR1000,South,554,577.88727,-23.88726806640625,1,0
2025-12-31,OR1000,West,482,438.31308,43.686920166015625,0,0
2025-12-31,OR500,Central,505,479.5066,25.493408203125,0,0
2025-12-31,OR500,East,460,533.14655,-73.14654541015625,0,0
2025-12-31,OR500,North,568,530.9963,37.00372314453125,0,0
2025-12-31,OR500,South,681,579.734,101.2659912109375,0,0
2025-12-31,OR500,West,759,679.5488,79.451171875,0,0
2025-12-31,WT1000,Central,790,819.6233,-29.623291015625,0,0
2025-12-31,WT1000,East,836,844.78894,-8.7889404296875,0,0
2025-12-31,WT1000,North,732,861.9853,-129.98529052734375,0,0
2025-12-31,WT1000,South,1179,947.8017,231.19830322265625,0,0
2025-12-31,WT1000,West,1195,998.4237,196.5762939453125,0,0
