plant_id,warehouse_id,sku,shipment_cases,transport_cost_per_case,handling_cost_per_case,week_start,distribution_cost
P01,WH_Delhi,BB1000,327.18034,2.0,1.2,2025-06-30,1046.977088
P01,WH_Delhi,BB250,171.71708,2.0,1.2,2025-06-30,549.4946560000001
P01,WH_Delhi,BB500,256.82505,2.0,1.2,2025-06-30,821.84016
P01,WH_Delhi,EN250,101.95322,2.0,1.2,2025-06-30,326.250304
P01,WH_Delhi,EN500,82.808595,2.0,1.2,2025-06-30,264.987504
P01,WH_Delhi,LM250,126.91601,2.0,1.2,2025-06-30,406.131232
P01,WH_Delhi,LM500,207.69915,2.0,1.2,2025-06-30,664.63728
P01,WH_Delhi,OR1000,228.25087,2.0,1.2,2025-06-30,730.402784
P01,WH_Delhi,OR500,163.1059,2.0,1.2,2025-06-30,521.93888
P01,WH_Delhi,WT1000,504.84177,2.0,1.2,2025-06-30,1615.493664
P02,WH_Mumbai,BB1000,371.78098,5.0,1.4,2025-06-30,2379.398272
P02,WH_Mumbai,BB250,211.24606,5.0,1.4,2025-06-30,1351.974784
P02,WH_Mumbai,BB500,276.87661,5.0,1.4,2025-06-30,1772.0103040000004
P02,WH_Mumbai,EN250,120.32269,5.0,1.4,2025-06-30,770.065216
P02,WH_Mumbai,EN500,92.6841,5.0,1.4,2025-06-30,593.1782400000001
P02,WH_Mumbai,LM250,150.70637,5.0,1.4,2025-06-30,964.520768
P02,WH_Mumbai,LM500,222.94114,5.0,1.4,2025-06-30,1426.823296
P02,WH_Mumbai,OR1000,303.16239,5.0,1.4,2025-06-30,1940.2392960000002
P02,WH_Mumbai,OR500,199.43583,5.0,1.4,2025-06-30,1276.3893120000002
P02,WH_Mumbai,WT1000,536.40882,5.0,1.4,2025-06-30,3433.0164480000003
P02,WH_Bangalore,BB1000,339.18045,2.0,1.3,2025-06-30,1119.2954849999999
P02,WH_Bangalore,BB250,197.62397,2.0,1.3,2025-06-30,652.159101
P02,WH_Bangalore,BB500,267.15542,2.0,1.3,2025-06-30,881.6128859999999
P02,WH_Bangalore,EN250,123.64809,2.0,1.3,2025-06-30,408.03869699999996
P02,WH_Bangalore,EN500,84.412311,2.0,1.3,2025-06-30,278.56062629999997
P02,WH_Bangalore,LM250,148.50207,2.0,1.3,2025-06-30,490.056831
P02,WH_Bangalore,LM500,219.58873,2.0,1.3,2025-06-30,724.6428089999999
P02,WH_Bangalore,OR1000,280.90435,2.0,1.3,2025-06-30,926.984355
P02,WH_Bangalore,OR500,181.76564,2.0,1.3,2025-06-30,599.826612
P02,WH_Bangalore,WT1000,544.66684,2.0,1.3,2025-06-30,1797.4005719999998
P02,WH_Hyderabad,BB1000,150.99071,3.5,1.15,2025-06-30,702.1068015000001
P02,WH_Hyderabad,BB250,80.848225,3.5,1.15,2025-06-30,375.94424625000005
P02,WH_Hyderabad,BB500,122.13891,3.5,1.15,2025-06-30,567.9459315
P02,WH_Hyderabad,EN250,55.025451,3.5,1.15,2025-06-30,255.86834715
P02,WH_Hyderabad,EN500,42.23059,3.5,1.15,2025-06-30,196.37224350000002
P02,WH_Hyderabad,LM250,79.641998,3.5,1.15,2025-06-30,370.33529070000003
P02,WH_Hyderabad,LM500,94.980012,3.5,1.15,2025-06-30,441.6570558
P02,WH_Hyderabad,OR1000,114.69646,3.5,1.15,2025-06-30,533.3385390000001
P02,WH_Hyderabad,OR500,83.263245,3.5,1.15,2025-06-30,387.17408925
P02,WH_Hyderabad,WT1000,249.70705,3.5,1.15,2025-06-30,1161.1377825000002
P03,WH_Kolkata,BB1000,302.87977,2.0,1.1,2025-06-30,938.9272870000001
P03,WH_Kolkata,BB250,164.45878,2.0,1.1,2025-06-30,509.82221799999996
P03,WH_Kolkata,BB500,251.03673,2.0,1.1,2025-06-30,778.2138630000001
P03,WH_Kolkata,EN250,103.28434,2.0,1.1,2025-06-30,320.18145400000003
P03,WH_Kolkata,EN500,71.15828,2.0,1.1,2025-06-30,220.59066800000002
P03,WH_Kolkata,LM250,130.06263,2.0,1.1,2025-06-30,403.19415300000003
P03,WH_Kolkata,LM500,191.86245,2.0,1.1,2025-06-30,594.773595
P03,WH_Kolkata,OR1000,211.30614,2.0,1.1,2025-06-30,655.049034
P03,WH_Kolkata,OR500,151.03891,2.0,1.1,2025-06-30,468.220621
P03,WH_Kolkata,WT1000,488.93634,2.0,1.1,2025-06-30,1515.702654
P03,WH_Hyderabad,BB1000,118.55,3.0,1.15,2025-06-30,491.9825
P03,WH_Hyderabad,BB250,69.316669,3.0,1.15,2025-06-30,287.66417635000005
P03,WH_Hyderabad,BB500,101.175,3.0,1.15,2025-06-30,419.87625
P03,WH_Hyderabad,EN250,41.38333,3.0,1.15,2025-06-30,171.74081950000001
P03,WH_Hyderabad,EN500,29.175,3.0,1.15,2025-06-30,121.07625000000002
P03,WH_Hyderabad,LM250,52.375004,3.0,1.15,2025-06-30,217.3562666
P03,WH_Hyderabad,LM500,74.516662,3.0,1.15,2025-06-30,309.2441473
P03,WH_Hyderabad,OR1000,89.8,3.0,1.15,2025-06-30,372.67
P03,WH_Hyderabad,OR500,63.349998,3.0,1.15,2025-06-30,262.90249170000004
P03,WH_Hyderabad,WT1000,208.26667,3.0,1.15,2025-06-30,864.3066805000001
P01,WH_Delhi,BB1000,385.39968,2.0,1.2,2025-07-07,1233.278976
P01,WH_Delhi,BB250,199.50212,2.0,1.2,2025-07-07,638.406784
P01,WH_Delhi,BB500,290.82356,2.0,1.2,2025-07-07,930.635392
P01,WH_Delhi,EN250,117.78304,2.0,1.2,2025-07-07,376.905728
P01,WH_Delhi,EN500,88.740669,2.0,1.2,2025-07-07,283.9701408
P01,WH_Delhi,LM250,165.94416,2.0,1.2,2025-07-07,531.0213120000001
P01,WH_Delhi,LM500,231.8861,2.0,1.2,2025-07-07,742.03552
P01,WH_Delhi,OR1000,261.35767,2.0,1.2,2025-07-07,836.344544
P01,WH_Delhi,OR500,189.73356,2.0,1.2,2025-07-07,607.1473920000001
P01,WH_Delhi,WT1000,640.06639,2.0,1.2,2025-07-07,2048.2124479999998
P02,WH_Mumbai,BB1000,419.97519,5.0,1.4,2025-07-07,2687.8412160000003
P02,WH_Mumbai,BB250,225.53012,5.0,1.4,2025-07-07,1443.3927680000002
P02,WH_Mumbai,BB500,315.0541,5.0,1.4,2025-07-07,2016.34624
P02,WH_Mumbai,EN250,145.44536,5.0,1.4,2025-07-07,930.850304
P02,WH_Mumbai,EN500,102.38777,5.0,1.4,2025-07-07,655.281728
P02,WH_Mumbai,LM250,175.6076,5.0,1.4,2025-07-07,1123.88864
P02,WH_Mumbai,LM500,252.04086,5.0,1.4,2025-07-07,1613.0615040000002
P02,WH_Mumbai,OR1000,331.73149,5.0,1.4,2025-07-07,2123.081536
P02,WH_Mumbai,OR500,218.14355,5.0,1.4,2025-07-07,1396.1187200000002
P02,WH_Mumbai,WT1000,645.05675,5.0,1.4,2025-07-07,4128.3632
P02,WH_Bangalore,BB1000,394.39804,2.0,1.3,2025-07-07,1301.513532
P02,WH_Bangalore,BB250,236.58373,2.0,1.3,2025-07-07,780.726309
P02,WH_Bangalore,BB500,317.01414,2.0,1.3,2025-07-07,1046.1466619999999
P02,WH_Bangalore,EN250,135.68699,2.0,1.3,2025-07-07,447.767067
P02,WH_Bangalore,EN500,95.805235,2.0,1.3,2025-07-07,316.15727549999997
P02,WH_Bangalore,LM250,177.00736,2.0,1.3,2025-07-07,584.124288
P02,WH_Bangalore,LM500,248.36837,2.0,1.3,2025-07-07,819.6156209999999
P02,WH_Bangalore,OR1000,326.48128,2.0,1.3,2025-07-07,1077.388224
P02,WH_Bangalore,OR500,198.23196,2.0,1.3,2025-07-07,654.1654679999999
P02,WH_Bangalore,WT1000,631.13554,2.0,1.3,2025-07-07,2082.747282
P02,WH_Hyderabad,BB1000,203.90516,3.5,1.15,2025-07-07,948.158994
P02,WH_Hyderabad,BB250,119.12919,3.5,1.15,2025-07-07,553.9507335000001
P02,WH_Hyderabad,BB500,166.05536,3.5,1.15,2025-07-07,772.1574240000001
P02,WH_Hyderabad,EN250,69.503753,3.5,1.15,2025-07-07,323.19245145
P02,WH_Hyderabad,EN500,49.884962,3.5,1.15,2025-07-07,231.96507330000003
P02,WH_Hyderabad,LM250,92.976512,3.5,1.15,2025-07-07,432.3407808
P02,WH_Hyderabad,LM500,130.68398,3.5,1.15,2025-07-07,607.680507
P02,WH_Hyderabad,OR1000,142.90188,3.5,1.15,2025-07-07,664.4937420000001
P02,WH_Hyderabad,OR500,100.29098,3.5,1.15,2025-07-07,466.35305700000004
P02,WH_Hyderabad,WT1000,425.31491,3.5,1.15,2025-07-07,1977.7143315
P03,WH_Kolkata,BB1000,338.76603,2.0,1.1,2025-07-07,1050.174693
P03,WH_Kolkata,BB250,193.62167,2.0,1.1,2025-07-07,600.227177
P03,WH_Kolkata,BB500,281.35832,2.0,1.1,2025-07-07,872.210792
P03,WH_Kolkata,EN250,123.22731,2.0,1.1,2025-07-07,382.004661
P03,WH_Kolkata,EN500,80.962003,2.0,1.1,2025-07-07,250.9822093
P03,WH_Kolkata,LM250,149.7884,2.0,1.1,2025-07-07,464.34404
P03,WH_Kolkata,LM500,215.78549,2.0,1.1,2025-07-07,668.935019
P03,WH_Kolkata,OR1000,266.09529,2.0,1.1,2025-07-07,824.895399
P03,WH_Kolkata,OR500,177.38307,2.0,1.1,2025-07-07,549.887517
P03,WH_Kolkata,WT1000,637.22668,2.0,1.1,2025-07-07,1975.402708
P03,WH_Hyderabad,BB1000,118.55,3.0,1.15,2025-07-07,491.9825
P03,WH_Hyderabad,BB250,69.316665,3.0,1.15,2025-07-07,287.66415975
P03,WH_Hyderabad,BB500,101.175,3.0,1.15,2025-07-07,419.87625
P03,WH_Hyderabad,EN250,41.383332,3.0,1.15,2025-07-07,171.74082780000003
P03,WH_Hyderabad,EN500,29.174997,3.0,1.15,2025-07-07,121.07623755000002
P03,WH_Hyderabad,LM250,52.374996,3.0,1.15,2025-07-07,217.35623340000004
P03,WH_Hyderabad,LM500,74.516664,3.0,1.15,2025-07-07,309.24415560000006
P03,WH_Hyderabad,OR1000,89.799999,3.0,1.15,2025-07-07,372.66999585
P03,WH_Hyderabad,OR500,63.349996,3.0,1.15,2025-07-07,262.9024834
P03,WH_Hyderabad,WT1000,208.26667,3.0,1.15,2025-07-07,864.3066805000001
P01,WH_Delhi,BB1000,380.99737,2.0,1.2,2025-07-14,1219.191584
P01,WH_Delhi,BB250,213.16572,2.0,1.2,2025-07-14,682.130304
P01,WH_Delhi,BB500,302.15108,2.0,1.2,2025-07-14,966.883456
P01,WH_Delhi,EN250,124.68216,2.0,1.2,2025-07-14,398.982912
P01,WH_Delhi,EN500,89.371937,2.0,1.2,2025-07-14,285.9901984
P01,WH_Delhi,LM250,156.21536,2.0,1.2,2025-07-14,499.889152
P01,WH_Delhi,LM500,243.35318,2.0,1.2,2025-07-14,778.730176
P01,WH_Delhi,OR1000,265.06479,2.0,1.2,2025-07-14,848.2073280000001
P01,WH_Delhi,OR500,204.86058,2.0,1.2,2025-07-14,655.553856
P01,WH_Delhi,WT1000,612.95674,2.0,1.2,2025-07-14,1961.461568
P02,WH_Mumbai,BB1000,427.02178,5.0,1.4,2025-07-14,2732.939392
P02,WH_Mumbai,BB250,229.6779,5.0,1.4,2025-07-14,1469.93856
P02,WH_Mumbai,BB500,324.74252,5.0,1.4,2025-07-14,2078.352128
P02,WH_Mumbai,EN250,135.98176,5.0,1.4,2025-07-14,870.2832640000001
P02,WH_Mumbai,EN500,103.45733,5.0,1.4,2025-07-14,662.1269120000001
P02,WH_Mumbai,LM250,178.20596,5.0,1.4,2025-07-14,1140.5181440000001
P02,WH_Mumbai,LM500,265.60825,5.0,1.4,2025-07-14,1699.8928
P02,WH_Mumbai,OR1000,318.8508,5.0,1.4,2025-07-14,2040.6451200000001
P02,WH_Mumbai,OR500,216.66349,5.0,1.4,2025-07-14,1386.646336
P02,WH_Mumbai,WT1000,663.02349,5.0,1.4,2025-07-14,4243.350336
P02,WH_Bangalore,BB1000,402.54191,2.0,1.3,2025-07-14,1328.388303
P02,WH_Bangalore,BB250,224.79598,2.0,1.3,2025-07-14,741.8267339999999
P02,WH_Bangalore,BB500,315.59635,2.0,1.3,2025-07-14,1041.4679549999998
P02,WH_Bangalore,EN250,139.00458,2.0,1.3,2025-07-14,458.71511399999997
P02,WH_Bangalore,EN500,96.444033,2.0,1.3,2025-07-14,318.2653089
P02,WH_Bangalore,LM250,174.1737,2.0,1.3,2025-07-14,574.77321
P02,WH_Bangalore,LM500,248.24171,2.0,1.3,2025-07-14,819.197643
P02,WH_Bangalore,OR1000,328.97432,2.0,1.3,2025-07-14,1085.6152559999998
P02,WH_Bangalore,OR500,214.20995,2.0,1.3,2025-07-14,706.892835
P02,WH_Bangalore,WT1000,656.91524,2.0,1.3,2025-07-14,2167.820292
P02,WH_Hyderabad,BB1000,201.60125,3.5,1.15,2025-07-14,937.4458125
P02,WH_Hyderabad,BB250,119.07394,3.5,1.15,2025-07-14,553.693821
P02,WH_Hyderabad,BB500,159.55061,3.5,1.15,2025-07-14,741.9103365000001
P02,WH_Hyderabad,EN250,70.368305,3.5,1.15,2025-07-14,327.21261825000005
P02,WH_Hyderabad,EN500,54.476327,3.5,1.15,2025-07-14,253.31492055
P02,WH_Hyderabad,LM250,96.83005,3.5,1.15,2025-07-14,450.25973250000004
P02,WH_Hyderabad,LM500,132.26008,3.5,1.15,2025-07-14,615.009372
P02,WH_Hyderabad,OR1000,161.87795,3.5,1.15,2025-07-14,752.7324675000001
P02,WH_Hyderabad,OR500,107.44856,3.5,1.15,2025-07-14,499.63580400000006
P02,WH_Hyderabad,WT1000,378.39541,3.5,1.15,2025-07-14,1759.5386565000003
P03,WH_Kolkata,BB1000,345.96948,2.0,1.1,2025-07-14,1072.505388
P03,WH_Kolkata,BB250,209.76931,2.0,1.1,2025-07-14,650.284861
P03,WH_Kolkata,BB500,320.81934,2.0,1.1,2025-07-14,994.5399540000001
P03,WH_Kolkata,EN250,118.79883,2.0,1.1,2025-07-14,368.276373
P03,WH_Kolkata,EN500,83.938977,2.0,1.1,2025-07-14,260.2108287
P03,WH_Kolkata,LM250,148.54937,2.0,1.1,2025-07-14,460.50304700000004
P03,WH_Kolkata,LM500,209.3814,2.0,1.1,2025-07-14,649.08234
P03,WH_Kolkata,OR1000,265.49597,2.0,1.1,2025-07-14,823.037507
P03,WH_Kolkata,OR500,176.92062,2.0,1.1,2025-07-14,548.453922
P03,WH_Kolkata,WT1000,623.12769,2.0,1.1,2025-07-14,1931.6958390000002
P03,WH_Hyderabad,BB1000,118.55,3.0,1.15,2025-07-14,491.9825
P03,WH_Hyderabad,BB250,69.316668,3.0,1.15,2025-07-14,287.66417220000005
P03,WH_Hyderabad,BB500,101.175,3.0,1.15,2025-07-14,419.87625
P03,WH_Hyderabad,EN250,41.383333,3.0,1.15,2025-07-14,171.74083195000003
P03,WH_Hyderabad,EN500,29.175003,3.0,1.15,2025-07-14,121.07626245000002
P03,WH_Hyderabad,LM250,52.375002,3.0,1.15,2025-07-14,217.35625830000004
P03,WH_Hyderabad,LM500,74.51667,3.0,1.15,2025-07-14,309.2441805
P03,WH_Hyderabad,OR1000,89.799997,3.0,1.15,2025-07-14,372.66998755000003
P03,WH_Hyderabad,OR500,63.350002,3.0,1.15,2025-07-14,262.9025083
P03,WH_Hyderabad,WT1000,208.26666,3.0,1.15,2025-07-14,864.3066390000001
P01,WH_Delhi,BB1000,362.4775,2.0,1.2,2025-07-21,1159.928
P01,WH_Delhi,BB250,209.59701,2.0,1.2,2025-07-21,670.7104320000001
P01,WH_Delhi,BB500,334.56812,2.0,1.2,2025-07-21,1070.6179840000002
P01,WH_Delhi,EN250,119.34532,2.0,1.2,2025-07-21,381.905024
P01,WH_Delhi,EN500,95.956755,2.0,1.2,2025-07-21,307.061616
P01,WH_Delhi,LM250,161.63356,2.0,1.2,2025-07-21,517.227392
P01,WH_Delhi,LM500,241.47728,2.0,1.2,2025-07-21,772.727296
P01,WH_Delhi,OR1000,266.13545,2.0,1.2,2025-07-21,851.6334400000001
P01,WH_Delhi,OR500,184.89949,2.0,1.2,2025-07-21,591.678368
P01,WH_Delhi,WT1000,580.61509,2.0,1.2,2025-07-21,1857.968288
P02,WH_Mumbai,BB1000,403.31229,5.0,1.4,2025-07-21,2581.1986560000005
P02,WH_Mumbai,BB250,247.38855,5.0,1.4,2025-07-21,1583.28672
P02,WH_Mumbai,BB500,323.58709,5.0,1.4,2025-07-21,2070.957376
P02,WH_Mumbai,EN250,137.0027,5.0,1.4,2025-07-21,876.8172800000001
P02,WH_Mumbai,EN500,108.1265,5.0,1.4,2025-07-21,692.0096
P02,WH_Mumbai,LM250,174.75627,5.0,1.4,2025-07-21,1118.440128
P02,WH_Mumbai,LM500,265.71733,5.0,1.4,2025-07-21,1700.5909120000001
P02,WH_Mumbai,OR1000,313.56966,5.0,1.4,2025-07-21,2006.845824
P02,WH_Mumbai,OR500,232.65188,5.0,1.4,2025-07-21,1488.9720320000001
P02,WH_Mumbai,WT1000,705.27477,5.0,1.4,2025-07-21,4513.758528
P02,WH_Bangalore,BB1000,398.35765,2.0,1.3,2025-07-21,1314.5802449999999
P02,WH_Bangalore,BB250,216.47397,2.0,1.3,2025-07-21,714.364101
P02,WH_Bangalore,BB500,309.27157,2.0,1.3,2025-07-21,1020.5961809999999
P02,WH_Bangalore,EN250,133.90907,2.0,1.3,2025-07-21,441.89993100000004
P02,WH_Bangalore,EN500,100.09302,2.0,1.3,2025-07-21,330.306966
P02,WH_Bangalore,LM250,177.52062,2.0,1.3,2025-07-21,585.818046
P02,WH_Bangalore,LM500,251.74178,2.0,1.3,2025-07-21,830.747874
P02,WH_Bangalore,OR1000,324.15968,2.0,1.3,2025-07-21,1069.7269439999998
P02,WH_Bangalore,OR500,213.94242,2.0,1.3,2025-07-21,706.0099859999999
P02,WH_Bangalore,WT1000,679.56293,2.0,1.3,2025-07-21,2242.5576690000003
P02,WH_Hyderabad,BB1000,214.60305,3.5,1.15,2025-07-21,997.9041825
P02,WH_Hyderabad,BB250,114.04596,3.5,1.15,2025-07-21,530.313714
P02,WH_Hyderabad,BB500,154.90071,3.5,1.15,2025-07-21,720.2883015000001
P02,WH_Hyderabad,EN250,71.123083,3.5,1.15,2025-07-21,330.72233595
P02,WH_Hyderabad,EN500,52.526387,3.5,1.15,2025-07-21,244.24769955000002
P02,WH_Hyderabad,LM250,91.485185,3.5,1.15,2025-07-21,425.40611025000004
P02,WH_Hyderabad,LM500,131.25598,3.5,1.15,2025-07-21,610.340307
P02,WH_Hyderabad,OR1000,146.95932,3.5,1.15,2025-07-21,683.3608380000001
P02,WH_Hyderabad,OR500,109.95533,3.5,1.15,2025-07-21,511.29228450000005
P02,WH_Hyderabad,WT1000,403.90183,3.5,1.15,2025-07-21,1878.1435095000002
P03,WH_Kolkata,BB1000,341.50404,2.0,1.1,2025-07-21,1058.6625239999998
P03,WH_Kolkata,BB250,203.40688,2.0,1.1,2025-07-21,630.561328
P03,WH_Kolkata,BB500,290.66111,2.0,1.1,2025-07-21,901.049441
P03,WH_Kolkata,EN250,125.03757,2.0,1.1,2025-07-21,387.616467
P03,WH_Kolkata,EN500,89.930932,2.0,1.1,2025-07-21,278.7858892
P03,WH_Kolkata,LM250,147.76685,2.0,1.1,2025-07-21,458.07723500000003
P03,WH_Kolkata,LM500,203.95472,2.0,1.1,2025-07-21,632.259632
P03,WH_Kolkata,OR1000,259.8163,2.0,1.1,2025-07-21,805.4305300000001
P03,WH_Kolkata,OR500,173.8142,2.0,1.1,2025-07-21,538.82402
P03,WH_Kolkata,WT1000,610.87797,2.0,1.1,2025-07-21,1893.7217070000002
P03,WH_Hyderabad,BB1000,118.55,3.0,1.15,2025-07-21,491.9825
P03,WH_Hyderabad,BB250,69.31667,3.0,1.15,2025-07-21,287.66418050000004
P03,WH_Hyderabad,BB500,101.175,3.0,1.15,2025-07-21,419.87625
P03,WH_Hyderabad,EN250,41.383333,3.0,1.15,2025-07-21,171.74083195000003
P03,WH_Hyderabad,EN500,29.174998,3.0,1.15,2025-07-21,121.07624170000001
P03,WH_Hyderabad,LM250,52.374995,3.0,1.15,2025-07-21,217.35622925
P03,WH_Hyderabad,LM500,74.516669,3.0,1.15,2025-07-21,309.24417635
P03,WH_Hyderabad,OR1000,89.799999,3.0,1.15,2025-07-21,372.66999585
P03,WH_Hyderabad,OR500,63.350001,3.0,1.15,2025-07-21,262.90250415
P03,WH_Hyderabad,WT1000,208.26667,3.0,1.15,2025-07-21,864.3066805000001
P01,WH_Delhi,BB1000,344.31932,2.0,1.2,2025-07-28,1101.821824
P01,WH_Delhi,BB250,187.25358,2.0,1.2,2025-07-28,599.211456
P01,WH_Delhi,BB500,270.37185,2.0,1.2,2025-07-28,865.18992
P01,WH_Delhi,EN250,116.40538,2.0,1.2,2025-07-28,372.497216
P01,WH_Delhi,EN500,88.843958,2.0,1.2,2025-07-28,284.3006656
P01,WH_Delhi,LM250,150.20803,2.0,1.2,2025-07-28,480.665696
P01,WH_Delhi,LM500,212.11614,2.0,1.2,2025-07-28,678.771648
P01,WH_Delhi,OR1000,266.97606,2.0,1.2,2025-07-28,854.3233920000001
P01,WH_Delhi,OR500,172.02931,2.0,1.2,2025-07-28,550.4937920000001
P01,WH_Delhi,WT1000,565.80717,2.0,1.2,2025-07-28,1810.5829440000002
P02,WH_Mumbai,BB1000,395.42818,5.0,1.4,2025-07-28,2530.7403520000003
P02,WH_Mumbai,BB250,227.88595,5.0,1.4,2025-07-28,1458.47008
P02,WH_Mumbai,BB500,291.66705,5.0,1.4,2025-07-28,1866.6691200000002
P02,WH_Mumbai,EN250,136.8968,5.0,1.4,2025-07-28,876.1395200000002
P02,WH_Mumbai,EN500,96.481665,5.0,1.4,2025-07-28,617.4826560000001
P02,WH_Mumbai,LM250,163.90159,5.0,1.4,2025-07-28,1048.970176
P02,WH_Mumbai,LM500,245.28726,5.0,1.4,2025-07-28,1569.8384640000002
P02,WH_Mumbai,OR1000,294.41169,5.0,1.4,2025-07-28,1884.2348160000001
P02,WH_Mumbai,OR500,219.1341,5.0,1.4,2025-07-28,1402.45824
P02,WH_Mumbai,WT1000,629.16007,5.0,1.4,2025-07-28,4026.6244480000005
P02,WH_Bangalore,BB1000,387.39999,2.0,1.3,2025-07-28,1278.419967
P02,WH_Bangalore,BB250,209.64099,2.0,1.3,2025-07-28,691.815267
P02,WH_Bangalore,BB500,299.72993,2.0,1.3,2025-07-28,989.108769
P02,WH_Bangalore,EN250,131.6083,2.0,1.3,2025-07-28,434.30739
P02,WH_Bangalore,EN500,96.641695,2.0,1.3,2025-07-28,318.91759349999995
P02,WH_Bangalore,LM250,177.64761,2.0,1.3,2025-07-28,586.2371129999999
P02,WH_Bangalore,LM500,227.59984,2.0,1.3,2025-07-28,751.079472
P02,WH_Bangalore,OR1000,297.52705,2.0,1.3,2025-07-28,981.8392649999998
P02,WH_Bangalore,OR500,199.68705,2.0,1.3,2025-07-28,658.967265
P02,WH_Bangalore,WT1000,619.74193,2.0,1.3,2025-07-28,2045.148369
P02,WH_Hyderabad,BB1000,213.15451,3.5,1.15,2025-07-28,991.1684715
P02,WH_Hyderabad,BB250,126.78909,3.5,1.15,2025-07-28,589.5692685
P02,WH_Hyderabad,BB500,154.25867,3.5,1.15,2025-07-28,717.3028155000001
P02,WH_Hyderabad,EN250,73.580615,3.5,1.15,2025-07-28,342.14985975
P02,WH_Hyderabad,EN500,48.893522,3.5,1.15,2025-07-28,227.3548773
P02,WH_Hyderabad,LM250,81.827205,3.5,1.15,2025-07-28,380.49650325000005
P02,WH_Hyderabad,LM500,117.14095,3.5,1.15,2025-07-28,544.7054175000001
P02,WH_Hyderabad,OR1000,148.14351,3.5,1.15,2025-07-28,688.8673215
P02,WH_Hyderabad,OR500,95.734053,3.5,1.15,2025-07-28,445.16334645000006
P02,WH_Hyderabad,WT1000,404.99336,3.5,1.15,2025-07-28,1883.2191240000002
P03,WH_Kolkata,BB1000,318.06814,2.0,1.1,2025-07-28,986.0112340000001
P03,WH_Kolkata,BB250,195.64169,2.0,1.1,2025-07-28,606.489239
P03,WH_Kolkata,BB500,294.46072,2.0,1.1,2025-07-28,912.828232
P03,WH_Kolkata,EN250,114.32437,2.0,1.1,2025-07-28,354.405547
P03,WH_Kolkata,EN500,81.253135,2.0,1.1,2025-07-28,251.88471850000002
P03,WH_Kolkata,LM250,146.96007,2.0,1.1,2025-07-28,455.57621700000004
P03,WH_Kolkata,LM500,204.58985,2.0,1.1,2025-07-28,634.2285350000001
P03,WH_Kolkata,OR1000,239.82883,2.0,1.1,2025-07-28,743.469373
P03,WH_Kolkata,OR500,163.64887,2.0,1.1,2025-07-28,507.311497
P03,WH_Kolkata,WT1000,579.27547,2.0,1.1,2025-07-28,1795.7539570000001
P03,WH_Hyderabad,BB1000,118.55,3.0,1.15,2025-07-28,491.9825
P03,WH_Hyderabad,BB250,69.316671,3.0,1.15,2025-07-28,287.66418465000004
P03,WH_Hyderabad,BB500,101.175,3.0,1.15,2025-07-28,419.87625
P03,WH_Hyderabad,EN250,41.383337,3.0,1.15,2025-07-28,171.74084855
P03,WH_Hyderabad,EN500,29.174995,3.0,1.15,2025-07-28,121.07622925000001
P03,WH_Hyderabad,LM250,52.374997,3.0,1.15,2025-07-28,217.35623755000003
P03,WH_Hyderabad,LM500,74.516666,3.0,1.15,2025-07-28,309.24416390000005
P03,WH_Hyderabad,OR1000,89.8,3.0,1.15,2025-07-28,372.67
P03,WH_Hyderabad,OR500,63.349995,3.0,1.15,2025-07-28,262.90247925
P03,WH_Hyderabad,WT1000,208.26667,3.0,1.15,2025-07-28,864.3066805000001
P01,WH_Delhi,BB1000,315.21019,2.0,1.2,2025-08-04,1008.6726080000001
P01,WH_Delhi,BB250,168.84999,2.0,1.2,2025-08-04,540.319968
P01,WH_Delhi,BB500,259.36268,2.0,1.2,2025-08-04,829.9605760000001
P01,WH_Delhi,EN250,112.93777,2.0,1.2,2025-08-04,361.400864
P01,WH_Delhi,EN500,77.064863,2.0,1.2,2025-08-04,246.60756160000003
P01,WH_Delhi,LM250,141.99721,2.0,1.2,2025-08-04,454.391072
P01,WH_Delhi,LM500,212.63931,2.0,1.2,2025-08-04,680.445792
P01,WH_Delhi,OR1000,237.11705,2.0,1.2,2025-08-04,758.7745600000001
P01,WH_Delhi,OR500,180.66834,2.0,1.2,2025-08-04,578.138688
P01,WH_Delhi,WT1000,526.21574,2.0,1.2,2025-08-04,1683.890368
P02,WH_Mumbai,BB1000,365.42888,5.0,1.4,2025-08-04,2338.744832
P02,WH_Mumbai,BB250,209.67611,5.0,1.4,2025-08-04,1341.927104
P02,WH_Mumbai,BB500,300.48528,5.0,1.4,2025-08-04,1923.105792
P02,WH_Mumbai,EN250,128.76404,5.0,1.4,2025-08-04,824.089856
P02,WH_Mumbai,EN500,89.571192,5.0,1.4,2025-08-04,573.2556288
P02,WH_Mumbai,LM250,158.86236,5.0,1.4,2025-08-04,1016.719104
P02,WH_Mumbai,LM500,236.3391,5.0,1.4,2025-08-04,1512.57024
P02,WH_Mumbai,OR1000,282.66885,5.0,1.4,2025-08-04,1809.0806400000001
P02,WH_Mumbai,OR500,213.76664,5.0,1.4,2025-08-04,1368.106496
P02,WH_Mumbai,WT1000,626.88929,5.0,1.4,2025-08-04,4012.091456
P02,WH_Bangalore,BB1000,328.65081,2.0,1.3,2025-08-04,1084.5476729999998
P02,WH_Bangalore,BB250,186.47081,2.0,1.3,2025-08-04,615.353673
P02,WH_Bangalore,BB500,282.34208,2.0,1.3,2025-08-04,931.7288639999999
P02,WH_Bangalore,EN250,121.46381,2.0,1.3,2025-08-04,400.83057299999996
P02,WH_Bangalore,EN500,85.125713,2.0,1.3,2025-08-04,280.9148529
P02,WH_Bangalore,LM250,150.9359,2.0,1.3,2025-08-04,498.08847
P02,WH_Bangalore,LM500,217.35582,2.0,1.3,2025-08-04,717.2742059999999
P02,WH_Bangalore,OR1000,264.56822,2.0,1.3,2025-08-04,873.075126
P02,WH_Bangalore,OR500,175.89834,2.0,1.3,2025-08-04,580.464522
P02,WH_Bangalore,WT1000,589.13198,2.0,1.3,2025-08-04,1944.1355339999998
P02,WH_Hyderabad,BB1000,181.16196,3.5,1.15,2025-08-04,842.4031140000001
P02,WH_Hyderabad,BB250,97.828133,3.5,1.15,2025-08-04,454.90081845000003
P02,WH_Hyderabad,BB500,121.50433,3.5,1.15,2025-08-04,564.9951345000001
P02,WH_Hyderabad,EN250,58.211427,3.5,1.15,2025-08-04,270.68313555000003
P02,WH_Hyderabad,EN500,39.825447,3.5,1.15,2025-08-04,185.18832855
P02,WH_Hyderabad,LM250,69.182465,3.5,1.15,2025-08-04,321.69846225
P02,WH_Hyderabad,LM500,107.81318,3.5,1.15,2025-08-04,501.33128700000003
P02,WH_Hyderabad,OR1000,131.4406,3.5,1.15,2025-08-04,611.19879
P02,WH_Hyderabad,OR500,85.770367,3.5,1.15,2025-08-04,398.83220655
P02,WH_Hyderabad,WT1000,323.99278,3.5,1.15,2025-08-04,1506.566427
P03,WH_Kolkata,BB1000,302.09158,2.0,1.1,2025-08-04,936.4838980000001
P03,WH_Kolkata,BB250,182.25247,2.0,1.1,2025-08-04,564.982657
P03,WH_Kolkata,BB500,264.35181,2.0,1.1,2025-08-04,819.4906110000001
P03,WH_Kolkata,EN250,106.14245,2.0,1.1,2025-08-04,329.041595
P03,WH_Kolkata,EN500,71.784633,2.0,1.1,2025-08-04,222.53236230000002
P03,WH_Kolkata,LM250,136.06862,2.0,1.1,2025-08-04,421.81272200000006
P03,WH_Kolkata,LM500,192.42403,2.0,1.1,2025-08-04,596.514493
P03,WH_Kolkata,OR1000,222.05518,2.0,1.1,2025-08-04,688.3710580000001
P03,WH_Kolkata,OR500,160.1609,2.0,1.1,2025-08-04,496.49879
P03,WH_Kolkata,WT1000,548.26056,2.0,1.1,2025-08-04,1699.6077360000002
P03,WH_Hyderabad,BB1000,118.55,3.0,1.15,2025-08-04,491.9825
P03,WH_Hyderabad,BB250,69.31667,3.0,1.15,2025-08-04,287.66418050000004
P03,WH_Hyderabad,BB500,101.175,3.0,1.15,2025-08-04,419.87625
P03,WH_Hyderabad,EN250,41.38333,3.0,1.15,2025-08-04,171.74081950000001
P03,WH_Hyderabad,EN500,29.174997,3.0,1.15,2025-08-04,121.07623755000002
P03,WH_Hyderabad,LM250,52.374999,3.0,1.15,2025-08-04,217.35624585000002
P03,WH_Hyderabad,LM500,74.516669,3.0,1.15,2025-08-04,309.24417635
P03,WH_Hyderabad,OR1000,89.800004,3.0,1.15,2025-08-04,372.67001660000005
P03,WH_Hyderabad,OR500,63.350001,3.0,1.15,2025-08-04,262.90250415
P03,WH_Hyderabad,WT1000,208.26667,3.0,1.15,2025-08-04,864.3066805000001
P01,WH_Delhi,BB1000,336.01813,2.0,1.2,2025-08-11,1075.258016
P01,WH_Delhi,BB250,168.67611,2.0,1.2,2025-08-11,539.763552
P01,WH_Delhi,BB500,255.89555,2.0,1.2,2025-08-11,818.86576
P01,WH_Delhi,EN250,121.2799,2.0,1.2,2025-08-11,388.09568
P01,WH_Delhi,EN500,82.221593,2.0,1.2,2025-08-11,263.1090976
P01,WH_Delhi,LM250,142.60133,2.0,1.2,2025-08-11,456.324256
P01,WH_Delhi,LM500,197.05728,2.0,1.2,2025-08-11,630.583296
P01,WH_Delhi,OR1000,243.48422,2.0,1.2,2025-08-11,779.149504
P01,WH_Delhi,OR500,175.71103,2.0,1.2,2025-08-11,562.275296
P01,WH_Delhi,WT1000,550.40572,2.0,1.2,2025-08-11,1761.298304
P02,WH_Mumbai,BB1000,370.12178,5.0,1.4,2025-08-11,2368.779392
P02,WH_Mumbai,BB250,212.84935,5.0,1.4,2025-08-11,1362.23584
P02,WH_Mumbai,BB500,280.42968,5.0,1.4,2025-08-11,1794.7499520000001
P02,WH_Mumbai,EN250,128.32881,5.0,1.4,2025-08-11,821.304384
P02,WH_Mumbai,EN500,89.490375,5.0,1.4,2025-08-11,572.7384000000001
P02,WH_Mumbai,LM250,165.49507,5.0,1.4,2025-08-11,1059.1684480000001
P02,WH_Mumbai,LM500,243.21687,5.0,1.4,2025-08-11,1556.587968
P02,WH_Mumbai,OR1000,280.54937,5.0,1.4,2025-08-11,1795.5159680000002
P02,WH_Mumbai,OR500,201.79386,5.0,1.4,2025-08-11,1291.480704
P02,WH_Mumbai,WT1000,582.78108,5.0,1.4,2025-08-11,3729.798912
P02,WH_Bangalore,BB1000,351.94406,2.0,1.3,2025-08-11,1161.4153979999999
P02,WH_Bangalore,BB250,202.96695,2.0,1.3,2025-08-11,669.790935
P02,WH_Bangalore,BB500,278.9551,2.0,1.3,2025-08-11,920.55183
P02,WH_Bangalore,EN250,120.65394,2.0,1.3,2025-08-11,398.158002
P02,WH_Bangalore,EN500,92.75477,2.0,1.3,2025-08-11,306.090741
P02,WH_Bangalore,LM250,164.39117,2.0,1.3,2025-08-11,542.4908609999999
P02,WH_Bangalore,LM500,219.19565,2.0,1.3,2025-08-11,723.345645
P02,WH_Bangalore,OR1000,285.24807,2.0,1.3,2025-08-11,941.3186309999999
P02,WH_Bangalore,OR500,187.01312,2.0,1.3,2025-08-11,617.143296
P02,WH_Bangalore,WT1000,587.56545,2.0,1.3,2025-08-11,1938.965985
P02,WH_Hyderabad,BB1000,199.69416,3.5,1.15,2025-08-11,928.5778440000001
P02,WH_Hyderabad,BB250,95.802425,3.5,1.15,2025-08-11,445.48127625
P02,WH_Hyderabad,BB500,140.25998,3.5,1.15,2025-08-11,652.2089070000001
P02,WH_Hyderabad,EN250,69.593666,3.5,1.15,2025-08-11,323.61054690000003
P02,WH_Hyderabad,EN500,41.458246,3.5,1.15,2025-08-11,192.78084390000004
P02,WH_Hyderabad,LM250,76.127633,3.5,1.15,2025-08-11,353.99349345
P02,WH_Hyderabad,LM500,109.25051,3.5,1.15,2025-08-11,508.0148715000001
P02,WH_Hyderabad,OR1000,149.00434,3.5,1.15,2025-08-11,692.8701810000001
P02,WH_Hyderabad,OR500,90.150868,3.5,1.15,2025-08-11,419.2015362
P02,WH_Hyderabad,WT1000,320.98254,3.5,1.15,2025-08-11,1492.568811
P03,WH_Kolkata,BB1000,343.77995,2.0,1.1,2025-08-11,1065.717845
P03,WH_Kolkata,BB250,177.76182,2.0,1.1,2025-08-11,551.061642
P03,WH_Kolkata,BB500,266.95754,2.0,1.1,2025-08-11,827.5683740000001
P03,WH_Kolkata,EN250,113.37741,2.0,1.1,2025-08-11,351.469971
P03,WH_Kolkata,EN500,76.69861,2.0,1.1,2025-08-11,237.765691
P03,WH_Kolkata,LM250,133.22572,2.0,1.1,2025-08-11,412.999732
P03,WH_Kolkata,LM500,201.29845,2.0,1.1,2025-08-11,624.025195
P03,WH_Kolkata,OR1000,232.71163,2.0,1.1,2025-08-11,721.406053
P03,WH_Kolkata,OR500,161.43887,2.0,1.1,2025-08-11,500.46049700000003
P03,WH_Kolkata,WT1000,526.63063,2.0,1.1,2025-08-11,1632.554953
P03,WH_Hyderabad,BB1000,118.55001,3.0,1.15,2025-08-11,491.9825415
P03,WH_Hyderabad,BB250,69.316664,3.0,1.15,2025-08-11,287.6641556
P03,WH_Hyderabad,BB500,101.175,3.0,1.15,2025-08-11,419.87625
P03,WH_Hyderabad,EN250,41.383338,3.0,1.15,2025-08-11,171.74085270000003
P03,WH_Hyderabad,EN500,29.175,3.0,1.15,2025-08-11,121.07625000000002
P03,WH_Hyderabad,LM250,52.374996,3.0,1.15,2025-08-11,217.35623340000004
P03,WH_Hyderabad,LM500,74.51667,3.0,1.15,2025-08-11,309.2441805
P03,WH_Hyderabad,OR1000,89.800003,3.0,1.15,2025-08-11,372.67001245000006
P03,WH_Hyderabad,OR500,63.35,3.0,1.15,2025-08-11,262.90250000000003
P03,WH_Hyderabad,WT1000,208.26667,3.0,1.15,2025-08-11,864.3066805000001
P01,WH_Delhi,BB1000,329.57659,2.0,1.2,2025-08-18,1054.645088
P01,WH_Delhi,BB250,168.02796,2.0,1.2,2025-08-18,537.689472
P01,WH_Delhi,BB500,251.39641,2.0,1.2,2025-08-18,804.468512
P01,WH_Delhi,EN250,110.86023,2.0,1.2,2025-08-18,354.752736
P01,WH_Delhi,EN500,76.618127,2.0,1.2,2025-08-18,245.17800640000002
P01,WH_Delhi,LM250,131.84875,2.0,1.2,2025-08-18,421.916
P01,WH_Delhi,LM500,206.0455,2.0,1.2,2025-08-18,659.3456000000001
P01,WH_Delhi,OR1000,236.23834,2.0,1.2,2025-08-18,755.9626880000001
P01,WH_Delhi,OR500,168.97341,2.0,1.2,2025-08-18,540.714912
P01,WH_Delhi,WT1000,519.92363,2.0,1.2,2025-08-18,1663.7556160000001
P02,WH_Mumbai,BB1000,379.144,5.0,1.4,2025-08-18,2426.5216
P02,WH_Mumbai,BB250,203.91653,5.0,1.4,2025-08-18,1305.065792
P02,WH_Mumbai,BB500,289.51207,5.0,1.4,2025-08-18,1852.877248
P02,WH_Mumbai,EN250,129.42443,5.0,1.4,2025-08-18,828.316352
P02,WH_Mumbai,EN500,88.901112,5.0,1.4,2025-08-18,568.9671168
P02,WH_Mumbai,LM250,157.39218,5.0,1.4,2025-08-18,1007.3099520000001
P02,WH_Mumbai,LM500,234.95337,5.0,1.4,2025-08-18,1503.7015680000002
P02,WH_Mumbai,OR1000,276.08808,5.0,1.4,2025-08-18,1766.963712
P02,WH_Mumbai,OR500,201.35812,5.0,1.4,2025-08-18,1288.691968
P02,WH_Mumbai,WT1000,606.65727,5.0,1.4,2025-08-18,3882.6065280000003
P02,WH_Bangalore,BB1000,337.83625,2.0,1.3,2025-08-18,1114.859625
P02,WH_Bangalore,BB250,203.24963,2.0,1.3,2025-08-18,670.7237789999999
P02,WH_Bangalore,BB500,301.70949,2.0,1.3,2025-08-18,995.641317
P02,WH_Bangalore,EN250,118.58827,2.0,1.3,2025-08-18,391.34129099999996
P02,WH_Bangalore,EN500,87.529526,2.0,1.3,2025-08-18,288.84743579999997
P02,WH_Bangalore,LM250,165.79993,2.0,1.3,2025-08-18,547.1397689999999
P02,WH_Bangalore,LM500,212.42815,2.0,1.3,2025-08-18,701.012895
P02,WH_Bangalore,OR1000,273.97091,2.0,1.3,2025-08-18,904.1040029999999
P02,WH_Bangalore,OR500,181.15238,2.0,1.3,2025-08-18,597.8028539999999
P02,WH_Bangalore,WT1000,567.58521,2.0,1.3,2025-08-18,1873.0311929999998
P02,WH_Hyderabad,BB1000,196.43075,3.5,1.15,2025-08-18,913.4029875
P02,WH_Hyderabad,BB250,88.175798,3.5,1.15,2025-08-18,410.0174607
P02,WH_Hyderabad,BB500,116.38133,3.5,1.15,2025-08-18,541.1731845
P02,WH_Hyderabad,EN250,58.112356,3.5,1.15,2025-08-18,270.2224554
P02,WH_Hyderabad,EN500,37.29487,3.5,1.15,2025-08-18,173.42114550000002
P02,WH_Hyderabad,LM250,75.001529,3.5,1.15,2025-08-18,348.75710985000006
P02,WH_Hyderabad,LM500,105.3562,3.5,1.15,2025-08-18,489.90633
P02,WH_Hyderabad,OR1000,119.07161,3.5,1.15,2025-08-18,553.6829865000001
P02,WH_Hyderabad,OR500,94.190453,3.5,1.15,2025-08-18,437.98560645000003
P02,WH_Hyderabad,WT1000,304.46774,3.5,1.15,2025-08-18,1415.774991
P03,WH_Kolkata,BB1000,295.5521,2.0,1.1,2025-08-18,916.21151
P03,WH_Kolkata,BB250,172.69937,2.0,1.1,2025-08-18,535.3680469999999
P03,WH_Kolkata,BB500,253.64949,2.0,1.1,2025-08-18,786.313419
P03,WH_Kolkata,EN250,106.13724,2.0,1.1,2025-08-18,329.02544400000005
P03,WH_Kolkata,EN500,71.506002,2.0,1.1,2025-08-18,221.6686062
P03,WH_Kolkata,LM250,129.57175,2.0,1.1,2025-08-18,401.67242500000003
P03,WH_Kolkata,LM500,186.29367,2.0,1.1,2025-08-18,577.510377
P03,WH_Kolkata,OR1000,228.54056,2.0,1.1,2025-08-18,708.475736
P03,WH_Kolkata,OR500,159.76227,2.0,1.1,2025-08-18,495.263037
P03,WH_Kolkata,WT1000,506.48661,2.0,1.1,2025-08-18,1570.108491
P03,WH_Hyderabad,BB1000,118.54999,3.0,1.15,2025-08-18,491.9824585
P03,WH_Hyderabad,BB250,69.316667,3.0,1.15,2025-08-18,287.66416805
P03,WH_Hyderabad,BB500,101.175,3.0,1.15,2025-08-18,419.87625
P03,WH_Hyderabad,EN250,41.383334,3.0,1.15,2025-08-18,171.7408361
P03,WH_Hyderabad,EN500,29.174998,3.0,1.15,2025-08-18,121.07624170000001
P03,WH_Hyderabad,LM250,52.375001,3.0,1.15,2025-08-18,217.35625415
P03,WH_Hyderabad,LM500,74.516671,3.0,1.15,2025-08-18,309.24418465
P03,WH_Hyderabad,OR1000,89.799997,3.0,1.15,2025-08-18,372.66998755000003
P03,WH_Hyderabad,OR500,63.350001,3.0,1.15,2025-08-18,262.90250415
P03,WH_Hyderabad,WT1000,208.26667,3.0,1.15,2025-08-18,864.3066805000001
P01,WH_Delhi,BB1000,351.60038,2.0,1.2,2025-08-25,1125.121216
P01,WH_Delhi,BB250,168.44685,2.0,1.2,2025-08-25,539.0299200000001
P01,WH_Delhi,BB500,271.82883,2.0,1.2,2025-08-25,869.852256
P01,WH_Delhi,EN250,107.84054,2.0,1.2,2025-08-25,345.08972800000004
P01,WH_Delhi,EN500,77.0061,2.0,1.2,2025-08-25,246.41952000000003
P01,WH_Delhi,LM250,129.05117,2.0,1.2,2025-08-25,412.9637440000001
P01,WH_Delhi,LM500,208.85194,2.0,1.2,2025-08-25,668.3262080000001
P01,WH_Delhi,OR1000,244.8815,2.0,1.2,2025-08-25,783.6208
P01,WH_Delhi,OR500,165.24706,2.0,1.2,2025-08-25,528.7905920000001
P01,WH_Delhi,WT1000,552.30145,2.0,1.2,2025-08-25,1767.3646400000002
P02,WH_Mumbai,BB1000,378.48513,5.0,1.4,2025-08-25,2422.3048320000003
P02,WH_Mumbai,BB250,210.09649,5.0,1.4,2025-08-25,1344.617536
P02,WH_Mumbai,BB500,283.01771,5.0,1.4,2025-08-25,1811.3133440000001
P02,WH_Mumbai,EN250,123.89627,5.0,1.4,2025-08-25,792.936128
P02,WH_Mumbai,EN500,87.110184,5.0,1.4,2025-08-25,557.5051776
P02,WH_Mumbai,LM250,166.92207,5.0,1.4,2025-08-25,1068.301248
P02,WH_Mumbai,LM500,226.80078,5.0,1.4,2025-08-25,1451.524992
P02,WH_Mumbai,OR1000,274.37502,5.0,1.4,2025-08-25,1756.0001280000001
P02,WH_Mumbai,OR500,192.96592,5.0,1.4,2025-08-25,1234.9818880000003
P02,WH_Mumbai,WT1000,624.24585,5.0,1.4,2025-08-25,3995.1734400000005
P02,WH_Bangalore,BB1000,338.39731,2.0,1.3,2025-08-25,1116.711123
P02,WH_Bangalore,BB250,203.97331,2.0,1.3,2025-08-25,673.1119229999999
P02,WH_Bangalore,BB500,287.37967,2.0,1.3,2025-08-25,948.3529109999998
P02,WH_Bangalore,EN250,119.10308,2.0,1.3,2025-08-25,393.040164
P02,WH_Bangalore,EN500,84.597305,2.0,1.3,2025-08-25,279.1711065
P02,WH_Bangalore,LM250,162.51831,2.0,1.3,2025-08-25,536.310423
P02,WH_Bangalore,LM500,215.78984,2.0,1.3,2025-08-25,712.1064719999999
P02,WH_Bangalore,OR1000,264.37348,2.0,1.3,2025-08-25,872.4324839999998
P02,WH_Bangalore,OR500,180.77454,2.0,1.3,2025-08-25,596.555982
P02,WH_Bangalore,WT1000,605.2327,2.0,1.3,2025-08-25,1997.26791
P02,WH_Hyderabad,BB1000,181.038,3.5,1.15,2025-08-25,841.8267000000001
P02,WH_Hyderabad,BB250,96.157338,3.5,1.15,2025-08-25,447.13162170000004
P02,WH_Hyderabad,BB500,111.90912,3.5,1.15,2025-08-25,520.3774080000001
P02,WH_Hyderabad,EN250,56.634435,3.5,1.15,2025-08-25,263.35012275
P02,WH_Hyderabad,EN500,39.845751,3.5,1.15,2025-08-25,185.28274215000002
P02,WH_Hyderabad,LM250,73.539844,3.5,1.15,2025-08-25,341.96027460000005
P02,WH_Hyderabad,LM500,96.595828,3.5,1.15,2025-08-25,449.1706002
P02,WH_Hyderabad,OR1000,121.42407,3.5,1.15,2025-08-25,564.6219255000001
P02,WH_Hyderabad,OR500,91.042548,3.5,1.15,2025-08-25,423.34784820000004
P02,WH_Hyderabad,WT1000,265.23379,3.5,1.15,2025-08-25,1233.3371235000002
P03,WH_Kolkata,BB1000,293.7939,2.0,1.1,2025-08-25,910.7610900000001
P03,WH_Kolkata,BB250,177.86272,2.0,1.1,2025-08-25,551.374432
P03,WH_Kolkata,BB500,237.35567,2.0,1.1,2025-08-25,735.802577
P03,WH_Kolkata,EN250,103.11196,2.0,1.1,2025-08-25,319.64707599999997
P03,WH_Kolkata,EN500,74.453982,2.0,1.1,2025-08-25,230.8073442
P03,WH_Kolkata,LM250,126.93719,2.0,1.1,2025-08-25,393.505289
P03,WH_Kolkata,LM500,181.72235,2.0,1.1,2025-08-25,563.339285
P03,WH_Kolkata,OR1000,219.3561,2.0,1.1,2025-08-25,680.00391
P03,WH_Kolkata,OR500,157.61704,2.0,1.1,2025-08-25,488.61282400000005
P03,WH_Kolkata,WT1000,500.211,2.0,1.1,2025-08-25,1550.6541
P03,WH_Hyderabad,BB1000,118.55,3.0,1.15,2025-08-25,491.9825
P03,WH_Hyderabad,BB250,69.316667,3.0,1.15,2025-08-25,287.66416805
P03,WH_Hyderabad,BB500,101.175,3.0,1.15,2025-08-25,419.87625
P03,WH_Hyderabad,EN250,41.383334,3.0,1.15,2025-08-25,171.7408361
P03,WH_Hyderabad,EN500,29.174998,3.0,1.15,2025-08-25,121.07624170000001
P03,WH_Hyderabad,LM250,52.374998,3.0,1.15,2025-08-25,217.3562417
P03,WH_Hyderabad,LM500,74.516671,3.0,1.15,2025-08-25,309.24418465
P03,WH_Hyderabad,OR1000,89.799996,3.0,1.15,2025-08-25,372.6699834
P03,WH_Hyderabad,OR500,63.350002,3.0,1.15,2025-08-25,262.9025083
P03,WH_Hyderabad,WT1000,208.26667,3.0,1.15,2025-08-25,864.3066805000001
P01,WH_Delhi,BB1000,324.81526,2.0,1.2,2025-09-01,1039.408832
P01,WH_Delhi,BB250,173.43644,2.0,1.2,2025-09-01,554.996608
P01,WH_Delhi,BB500,259.93496,2.0,1.2,2025-09-01,831.791872
P01,WH_Delhi,EN250,109.30084,2.0,1.2,2025-09-01,349.762688
P01,WH_Delhi,EN500,80.057973,2.0,1.2,2025-09-01,256.18551360000004
P01,WH_Delhi,LM250,134.70285,2.0,1.2,2025-09-01,431.0491200000001
P01,WH_Delhi,LM500,198.41723,2.0,1.2,2025-09-01,634.935136
P01,WH_Delhi,OR1000,231.74688,2.0,1.2,2025-09-01,741.5900160000001
P01,WH_Delhi,OR500,161.12895,2.0,1.2,2025-09-01,515.61264
P01,WH_Delhi,WT1000,539.09281,2.0,1.2,2025-09-01,1725.096992
P02,WH_Mumbai,BB1000,372.23238,5.0,1.4,2025-09-01,2382.287232
P02,WH_Mumbai,BB250,203.30905,5.0,1.4,2025-09-01,1301.17792
P02,WH_Mumbai,BB500,284.98827,5.0,1.4,2025-09-01,1823.9249280000001
P02,WH_Mumbai,EN250,126.60041,5.0,1.4,2025-09-01,810.242624
P02,WH_Mumbai,EN500,87.80719,5.0,1.4,2025-09-01,561.9660160000001
P02,WH_Mumbai,LM250,179.85829,5.0,1.4,2025-09-01,1151.0930560000002
P02,WH_Mumbai,LM500,241.36646,5.0,1.4,2025-09-01,1544.745344
P02,WH_Mumbai,OR1000,270.07864,5.0,1.4,2025-09-01,1728.503296
P02,WH_Mumbai,OR500,191.05866,5.0,1.4,2025-09-01,1222.7754240000002
P02,WH_Mumbai,WT1000,587.0086,5.0,1.4,2025-09-01,3756.8550400000004
P02,WH_Bangalore,BB1000,350.9761,2.0,1.3,2025-09-01,1158.22113
P02,WH_Bangalore,BB250,196.00495,2.0,1.3,2025-09-01,646.816335
P02,WH_Bangalore,BB500,262.71139,2.0,1.3,2025-09-01,866.9475869999999
P02,WH_Bangalore,EN250,120.49114,2.0,1.3,2025-09-01,397.62076199999996
P02,WH_Bangalore,EN500,83.180583,2.0,1.3,2025-09-01,274.4959239
P02,WH_Bangalore,LM250,156.93183,2.0,1.3,2025-09-01,517.8750389999999
P02,WH_Bangalore,LM500,212.34551,2.0,1.3,2025-09-01,700.7401829999999
P02,WH_Bangalore,OR1000,274.37713,2.0,1.3,2025-09-01,905.444529
P02,WH_Bangalore,OR500,189.58861,2.0,1.3,2025-09-01,625.6424129999999
P02,WH_Bangalore,WT1000,574.77887,2.0,1.3,2025-09-01,1896.7702709999999
P02,WH_Hyderabad,BB1000,172.9008,3.5,1.15,2025-09-01,803.9887200000001
P02,WH_Hyderabad,BB250,83.261091,3.5,1.15,2025-09-01,387.16407315
P02,WH_Hyderabad,BB500,116.46536,3.5,1.15,2025-09-01,541.563924
P02,WH_Hyderabad,EN250,57.948958,3.5,1.15,2025-09-01,269.46265470000003
P02,WH_Hyderabad,EN500,46.868234,3.5,1.15,2025-09-01,217.93728810000002
P02,WH_Hyderabad,LM250,68.425452,3.5,1.15,2025-09-01,318.17835180000003
P02,WH_Hyderabad,LM500,101.56543,3.5,1.15,2025-09-01,472.27924950000005
P02,WH_Hyderabad,OR1000,114.33314,3.5,1.15,2025-09-01,531.6491010000001
P02,WH_Hyderabad,OR500,90.281806,3.5,1.15,2025-09-01,419.81039790000005
P02,WH_Hyderabad,WT1000,271.97648,3.5,1.15,2025-09-01,1264.690632
P03,WH_Kolkata,BB1000,289.88652,2.0,1.1,2025-09-01,898.6482120000001
P03,WH_Kolkata,BB250,178.31034,2.0,1.1,2025-09-01,552.762054
P03,WH_Kolkata,BB500,233.59144,2.0,1.1,2025-09-01,724.133464
P03,WH_Kolkata,EN250,104.06656,2.0,1.1,2025-09-01,322.606336
P03,WH_Kolkata,EN500,75.129861,2.0,1.1,2025-09-01,232.90256910000002
P03,WH_Kolkata,LM250,129.06388,2.0,1.1,2025-09-01,400.09802800000006
P03,WH_Kolkata,LM500,180.0613,2.0,1.1,2025-09-01,558.19003
P03,WH_Kolkata,OR1000,225.00326,2.0,1.1,2025-09-01,697.5101060000001
P03,WH_Kolkata,OR500,159.08428,2.0,1.1,2025-09-01,493.161268
P03,WH_Kolkata,WT1000,549.0573,2.0,1.1,2025-09-01,1702.0776300000002
P03,WH_Hyderabad,BB1000,118.55,3.0,1.15,2025-09-01,491.9825
P03,WH_Hyderabad,BB250,69.316665,3.0,1.15,2025-09-01,287.66415975
P03,WH_Hyderabad,BB500,101.175,3.0,1.15,2025-09-01,419.87625
P03,WH_Hyderabad,EN250,41.38333,3.0,1.15,2025-09-01,171.74081950000001
P03,WH_Hyderabad,EN500,29.174999,3.0,1.15,2025-09-01,121.07624585
P03,WH_Hyderabad,LM250,52.375005,3.0,1.15,2025-09-01,217.35627075000002
P03,WH_Hyderabad,LM500,74.51667,3.0,1.15,2025-09-01,309.2441805
P03,WH_Hyderabad,OR1000,89.800003,3.0,1.15,2025-09-01,372.67001245000006
P03,WH_Hyderabad,OR500,63.350004,3.0,1.15,2025-09-01,262.9025166
P03,WH_Hyderabad,WT1000,208.26666,3.0,1.15,2025-09-01,864.3066390000001
P01,WH_Delhi,BB1000,336.95535,2.0,1.2,2025-09-08,1078.25712
P01,WH_Delhi,BB250,178.82736,2.0,1.2,2025-09-08,572.247552
P01,WH_Delhi,BB500,272.85382,2.0,1.2,2025-09-08,873.132224
P01,WH_Delhi,EN250,115.04004,2.0,1.2,2025-09-08,368.12812800000006
P01,WH_Delhi,EN500,78.128719,2.0,1.2,2025-09-08,250.01190080000003
P01,WH_Delhi,LM250,134.47057,2.0,1.2,2025-09-08,430.30582400000003
P01,WH_Delhi,LM500,199.98428,2.0,1.2,2025-09-08,639.9496960000001
P01,WH_Delhi,OR1000,251.6157,2.0,1.2,2025-09-08,805.17024
P01,WH_Delhi,OR500,162.11833,2.0,1.2,2025-09-08,518.778656
P01,WH_Delhi,WT1000,540.13219,2.0,1.2,2025-09-08,1728.4230080000002
P02,WH_Mumbai,BB1000,361.88893,5.0,1.4,2025-09-08,2316.089152
P02,WH_Mumbai,BB250,204.21216,5.0,1.4,2025-09-08,1306.957824
P02,WH_Mumbai,BB500,283.84175,5.0,1.4,2025-09-08,1816.5872
P02,WH_Mumbai,EN250,131.17016,5.0,1.4,2025-09-08,839.4890240000001
P02,WH_Mumbai,EN500,87.081378,5.0,1.4,2025-09-08,557.3208192000001
P02,WH_Mumbai,LM250,168.92826,5.0,1.4,2025-09-08,1081.140864
P02,WH_Mumbai,LM500,225.69655,5.0,1.4,2025-09-08,1444.45792
P02,WH_Mumbai,OR1000,271.21986,5.0,1.4,2025-09-08,1735.807104
P02,WH_Mumbai,OR500,189.83827,5.0,1.4,2025-09-08,1214.964928
P02,WH_Mumbai,WT1000,589.10908,5.0,1.4,2025-09-08,3770.298112
P02,WH_Bangalore,BB1000,348.6658,2.0,1.3,2025-09-08,1150.5971399999999
P02,WH_Bangalore,BB250,196.14401,2.0,1.3,2025-09-08,647.275233
P02,WH_Bangalore,BB500,270.59692,2.0,1.3,2025-09-08,892.969836
P02,WH_Bangalore,EN250,117.823,2.0,1.3,2025-09-08,388.81589999999994
P02,WH_Bangalore,EN500,83.10278,2.0,1.3,2025-09-08,274.239174
P02,WH_Bangalore,LM250,164.81388,2.0,1.3,2025-09-08,543.885804
P02,WH_Bangalore,LM500,238.92657,2.0,1.3,2025-09-08,788.457681
P02,WH_Bangalore,OR1000,252.235,2.0,1.3,2025-09-08,832.3755
P02,WH_Bangalore,OR500,202.52192,2.0,1.3,2025-09-08,668.322336
P02,WH_Bangalore,WT1000,579.05328,2.0,1.3,2025-09-08,1910.8758239999997
P02,WH_Hyderabad,BB1000,171.89729,3.5,1.15,2025-09-08,799.3223985000001
P02,WH_Hyderabad,BB250,84.902662,3.5,1.15,2025-09-08,394.79737830000005
P02,WH_Hyderabad,BB500,131.41972,3.5,1.15,2025-09-08,611.101698
P02,WH_Hyderabad,EN250,56.937526,3.5,1.15,2025-09-08,264.7594959
P02,WH_Hyderabad,EN500,42.09755,3.5,1.15,2025-09-08,195.75360750000002
P02,WH_Hyderabad,LM250,73.70776,3.5,1.15,2025-09-08,342.741084
P02,WH_Hyderabad,LM500,93.507678,3.5,1.15,2025-09-08,434.81070270000004
P02,WH_Hyderabad,OR1000,120.4722,3.5,1.15,2025-09-08,560.19573
P02,WH_Hyderabad,OR500,84.562371,3.5,1.15,2025-09-08,393.21502515000003
P02,WH_Hyderabad,WT1000,290.88528,3.5,1.15,2025-09-08,1352.6165520000002
P03,WH_Kolkata,BB1000,288.28954,2.0,1.1,2025-09-08,893.697574
P03,WH_Kolkata,BB250,168.90505,2.0,1.1,2025-09-08,523.605655
P03,WH_Kolkata,BB500,239.30116,2.0,1.1,2025-09-08,741.8335960000001
P03,WH_Kolkata,EN250,100.46767,2.0,1.1,2025-09-08,311.449777
P03,WH_Kolkata,EN500,71.461765,2.0,1.1,2025-09-08,221.5314715
P03,WH_Kolkata,LM250,126.17026,2.0,1.1,2025-09-08,391.127806
P03,WH_Kolkata,LM500,178.46293,2.0,1.1,2025-09-08,553.235083
P03,WH_Kolkata,OR1000,216.8048,2.0,1.1,2025-09-08,672.09488
P03,WH_Kolkata,OR500,153.30571,2.0,1.1,2025-09-08,475.247701
P03,WH_Kolkata,WT1000,527.31596,2.0,1.1,2025-09-08,1634.679476
P03,WH_Hyderabad,BB1000,118.55,3.0,1.15,2025-09-08,491.9825
P03,WH_Hyderabad,BB250,69.31667,3.0,1.15,2025-09-08,287.66418050000004
P03,WH_Hyderabad,BB500,101.175,3.0,1.15,2025-09-08,419.87625
P03,WH_Hyderabad,EN250,41.383331,3.0,1.15,2025-09-08,171.74082365
P03,WH_Hyderabad,EN500,29.175005,3.0,1.15,2025-09-08,121.07627075
P03,WH_Hyderabad,LM250,52.374999,3.0,1.15,2025-09-08,217.35624585000002
P03,WH_Hyderabad,LM500,74.516664,3.0,1.15,2025-09-08,309.24415560000006
P03,WH_Hyderabad,OR1000,89.800003,3.0,1.15,2025-09-08,372.67001245000006
P03,WH_Hyderabad,OR500,63.349997,3.0,1.15,2025-09-08,262.90248755000005
P03,WH_Hyderabad,WT1000,208.26667,3.0,1.15,2025-09-08,864.3066805000001
P01,WH_Delhi,BB1000,321.85825,2.0,1.2,2025-09-15,1029.9464
P01,WH_Delhi,BB250,173.72024,2.0,1.2,2025-09-15,555.904768
P01,WH_Delhi,BB500,279.71413,2.0,1.2,2025-09-15,895.0852160000001
P01,WH_Delhi,EN250,109.55497,2.0,1.2,2025-09-15,350.57590400000004
P01,WH_Delhi,EN500,79.22466,2.0,1.2,2025-09-15,253.518912
P01,WH_Delhi,LM250,135.23455,2.0,1.2,2025-09-15,432.75056000000006
P01,WH_Delhi,LM500,200.88587,2.0,1.2,2025-09-15,642.8347840000001
P01,WH_Delhi,OR1000,244.50809,2.0,1.2,2025-09-15,782.4258880000001
P01,WH_Delhi,OR500,162.52979,2.0,1.2,2025-09-15,520.095328
P01,WH_Delhi,WT1000,540.92336,2.0,1.2,2025-09-15,1730.954752
P02,WH_Mumbai,BB1000,375.99404,5.0,1.4,2025-09-15,2406.361856
P02,WH_Mumbai,BB250,212.12202,5.0,1.4,2025-09-15,1357.580928
P02,WH_Mumbai,BB500,292.41166,5.0,1.4,2025-09-15,1871.434624
P02,WH_Mumbai,EN250,128.63121,5.0,1.4,2025-09-15,823.2397440000001
P02,WH_Mumbai,EN500,86.974038,5.0,1.4,2025-09-15,556.6338432
P02,WH_Mumbai,LM250,170.03022,5.0,1.4,2025-09-15,1088.193408
P02,WH_Mumbai,LM500,235.88814,5.0,1.4,2025-09-15,1509.684096
P02,WH_Mumbai,OR1000,272.29223,5.0,1.4,2025-09-15,1742.6702720000003
P02,WH_Mumbai,OR500,196.50031,5.0,1.4,2025-09-15,1257.6019840000001
P02,WH_Mumbai,WT1000,597.64425,5.0,1.4,2025-09-15,3824.9232000000006
P02,WH_Bangalore,BB1000,354.22138,2.0,1.3,2025-09-15,1168.930554
P02,WH_Bangalore,BB250,190.23421,2.0,1.3,2025-09-15,627.772893
P02,WH_Bangalore,BB500,270.21425,2.0,1.3,2025-09-15,891.7070249999999
P02,WH_Bangalore,EN250,129.00533,2.0,1.3,2025-09-15,425.7175889999999
P02,WH_Bangalore,EN500,87.441576,2.0,1.3,2025-09-15,288.5572008
P02,WH_Bangalore,LM250,154.97304,2.0,1.3,2025-09-15,511.411032
P02,WH_Bangalore,LM500,229.75922,2.0,1.3,2025-09-15,758.205426
P02,WH_Bangalore,OR1000,248.49648,2.0,1.3,2025-09-15,820.038384
P02,WH_Bangalore,OR500,189.65001,2.0,1.3,2025-09-15,625.845033
P02,WH_Bangalore,WT1000,579.23041,2.0,1.3,2025-09-15,1911.460353
P02,WH_Hyderabad,BB1000,164.12592,3.5,1.15,2025-09-15,763.1855280000001
P02,WH_Hyderabad,BB250,88.414027,3.5,1.15,2025-09-15,411.12522555000004
P02,WH_Hyderabad,BB500,119.15996,3.5,1.15,2025-09-15,554.0938140000001
P02,WH_Hyderabad,EN250,59.561725,3.5,1.15,2025-09-15,276.96202125
P02,WH_Hyderabad,EN500,41.91223,3.5,1.15,2025-09-15,194.8918695
P02,WH_Hyderabad,LM250,74.647408,3.5,1.15,2025-09-15,347.1104472
P02,WH_Hyderabad,LM500,92.778132,3.5,1.15,2025-09-15,431.4183138
P02,WH_Hyderabad,OR1000,122.46408,3.5,1.15,2025-09-15,569.457972
P02,WH_Hyderabad,OR500,86.266956,3.5,1.15,2025-09-15,401.1413454
P02,WH_Hyderabad,WT1000,279.86079,3.5,1.15,2025-09-15,1301.3526735
P03,WH_Kolkata,BB1000,295.09463,2.0,1.1,2025-09-15,914.793353
P03,WH_Kolkata,BB250,171.80013,2.0,1.1,2025-09-15,532.580403
P03,WH_Kolkata,BB500,237.21809,2.0,1.1,2025-09-15,735.376079
P03,WH_Kolkata,EN250,100.47337,2.0,1.1,2025-09-15,311.467447
P03,WH_Kolkata,EN500,72.557079,2.0,1.1,2025-09-15,224.92694490000002
P03,WH_Kolkata,LM250,127.09035,2.0,1.1,2025-09-15,393.98008500000003
P03,WH_Kolkata,LM500,179.37476,2.0,1.1,2025-09-15,556.0617560000001
P03,WH_Kolkata,OR1000,239.34678,2.0,1.1,2025-09-15,741.975018
P03,WH_Kolkata,OR500,163.65967,2.0,1.1,2025-09-15,507.34497700000003
P03,WH_Kolkata,WT1000,538.14675,2.0,1.1,2025-09-15,1668.254925
P03,WH_Hyderabad,BB1000,118.55,3.0,1.15,2025-09-15,491.9825
P03,WH_Hyderabad,BB250,69.316669,3.0,1.15,2025-09-15,287.66417635000005
P03,WH_Hyderabad,BB500,101.175,3.0,1.15,2025-09-15,419.87625
P03,WH_Hyderabad,EN250,41.383331,3.0,1.15,2025-09-15,171.74082365
P03,WH_Hyderabad,EN500,29.175001,3.0,1.15,2025-09-15,121.07625415000001
P03,WH_Hyderabad,LM250,52.375002,3.0,1.15,2025-09-15,217.35625830000004
P03,WH_Hyderabad,LM500,74.516671,3.0,1.15,2025-09-15,309.24418465
P03,WH_Hyderabad,OR1000,89.799999,3.0,1.15,2025-09-15,372.66999585
P03,WH_Hyderabad,OR500,63.349995,3.0,1.15,2025-09-15,262.90247925
P03,WH_Hyderabad,WT1000,208.26667,3.0,1.15,2025-09-15,864.3066805000001
P01,WH_Delhi,BB1000,325.92452,2.0,1.2,2025-09-22,1042.958464
P01,WH_Delhi,BB250,176.77752,2.0,1.2,2025-09-22,565.688064
P01,WH_Delhi,BB500,269.3625,2.0,1.2,2025-09-22,861.96
P01,WH_Delhi,EN250,111.87248,2.0,1.2,2025-09-22,357.991936
P01,WH_Delhi,EN500,80.894329,2.0,1.2,2025-09-22,258.8618528
P01,WH_Delhi,LM250,136.68014,2.0,1.2,2025-09-22,437.376448
P01,WH_Delhi,LM500,199.16072,2.0,1.2,2025-09-22,637.314304
P01,WH_Delhi,OR1000,253.84089,2.0,1.2,2025-09-22,812.2908480000001
P01,WH_Delhi,OR500,160.85284,2.0,1.2,2025-09-22,514.7290879999999
P01,WH_Delhi,WT1000,543.1135,2.0,1.2,2025-09-22,1737.9632000000001
P02,WH_Mumbai,BB1000,353.68269,5.0,1.4,2025-09-22,2263.569216
P02,WH_Mumbai,BB250,214.27375,5.0,1.4,2025-09-22,1371.352
P02,WH_Mumbai,BB500,284.87743,5.0,1.4,2025-09-22,1823.2155520000001
P02,WH_Mumbai,EN250,128.95144,5.0,1.4,2025-09-22,825.289216
P02,WH_Mumbai,EN500,87.425261,5.0,1.4,2025-09-22,559.5216704000001
P02,WH_Mumbai,LM250,158.70524,5.0,1.4,2025-09-22,1015.7135360000001
P02,WH_Mumbai,LM500,223.65496,5.0,1.4,2025-09-22,1431.391744
P02,WH_Mumbai,OR1000,284.72991,5.0,1.4,2025-09-22,1822.2714240000003
P02,WH_Mumbai,OR500,189.35254,5.0,1.4,2025-09-22,1211.856256
P02,WH_Mumbai,WT1000,661.83345,5.0,1.4,2025-09-22,4235.73408
P02,WH_Bangalore,BB1000,334.87348,2.0,1.3,2025-09-22,1105.0824839999998
P02,WH_Bangalore,BB250,190.25577,2.0,1.3,2025-09-22,627.8440410000001
P02,WH_Bangalore,BB500,294.14638,2.0,1.3,2025-09-22,970.683054
P02,WH_Bangalore,EN250,122.42202,2.0,1.3,2025-09-22,403.992666
P02,WH_Bangalore,EN500,88.329311,2.0,1.3,2025-09-22,291.4867263
P02,WH_Bangalore,LM250,158.13634,2.0,1.3,2025-09-22,521.849922
P02,WH_Bangalore,LM500,224.18619,2.0,1.3,2025-09-22,739.814427
P02,WH_Bangalore,OR1000,260.06375,2.0,1.3,2025-09-22,858.210375
P02,WH_Bangalore,OR500,187.41203,2.0,1.3,2025-09-22,618.4596989999999
P02,WH_Bangalore,WT1000,597.07102,2.0,1.3,2025-09-22,1970.3343659999998
P02,WH_Hyderabad,BB1000,163.53699,3.5,1.15,2025-09-22,760.4470035
P02,WH_Hyderabad,BB250,104.35019,3.5,1.15,2025-09-22,485.2283835
P02,WH_Hyderabad,BB500,121.47287,3.5,1.15,2025-09-22,564.8488455
P02,WH_Hyderabad,EN250,54.743693,3.5,1.15,2025-09-22,254.55817245000003
P02,WH_Hyderabad,EN500,46.412924,3.5,1.15,2025-09-22,215.8200966
P02,WH_Hyderabad,LM250,78.537097,3.5,1.15,2025-09-22,365.19750105
P02,WH_Hyderabad,LM500,100.6118,3.5,1.15,2025-09-22,467.84487000000007
P02,WH_Hyderabad,OR1000,122.09058,3.5,1.15,2025-09-22,567.7211970000001
P02,WH_Hyderabad,OR500,84.722464,3.5,1.15,2025-09-22,393.95945760000006
P02,WH_Hyderabad,WT1000,276.38838,3.5,1.15,2025-09-22,1285.205967
P03,WH_Kolkata,BB1000,293.0282,2.0,1.1,2025-09-22,908.3874200000001
P03,WH_Kolkata,BB250,166.28787,2.0,1.1,2025-09-22,515.492397
P03,WH_Kolkata,BB500,241.5398,2.0,1.1,2025-09-22,748.7733800000001
P03,WH_Kolkata,EN250,107.59366,2.0,1.1,2025-09-22,333.540346
P03,WH_Kolkata,EN500,73.386545,2.0,1.1,2025-09-22,227.4982895
P03,WH_Kolkata,LM250,128.74606,2.0,1.1,2025-09-22,399.112786
P03,WH_Kolkata,LM500,189.46313,2.0,1.1,2025-09-22,587.3357030000001
P03,WH_Kolkata,OR1000,235.29288,2.0,1.1,2025-09-22,729.407928
P03,WH_Kolkata,OR500,156.30181,2.0,1.1,2025-09-22,484.53561099999996
P03,WH_Kolkata,WT1000,509.5661,2.0,1.1,2025-09-22,1579.65491
P03,WH_Hyderabad,BB1000,118.55,3.0,1.15,2025-09-22,491.9825
P03,WH_Hyderabad,BB250,69.316666,3.0,1.15,2025-09-22,287.6641639
P03,WH_Hyderabad,BB500,101.175,3.0,1.15,2025-09-22,419.87625
P03,WH_Hyderabad,EN250,41.383333,3.0,1.15,2025-09-22,171.74083195000003
P03,WH_Hyderabad,EN500,29.174995,3.0,1.15,2025-09-22,121.07622925000001
P03,WH_Hyderabad,LM250,52.375004,3.0,1.15,2025-09-22,217.3562666
P03,WH_Hyderabad,LM500,74.516671,3.0,1.15,2025-09-22,309.24418465
P03,WH_Hyderabad,OR1000,89.800002,3.0,1.15,2025-09-22,372.67000830000006
P03,WH_Hyderabad,OR500,63.350001,3.0,1.15,2025-09-22,262.90250415
P03,WH_Hyderabad,WT1000,208.26667,3.0,1.15,2025-09-22,864.3066805000001
P01,WH_Delhi,BB1000,320.39682,2.0,1.2,2025-09-29,1025.269824
P01,WH_Delhi,BB250,178.51091,2.0,1.2,2025-09-29,571.234912
P01,WH_Delhi,BB500,267.58022,2.0,1.2,2025-09-29,856.256704
P01,WH_Delhi,EN250,115.21922,2.0,1.2,2025-09-29,368.70150400000006
P01,WH_Delhi,EN500,82.099454,2.0,1.2,2025-09-29,262.7182528
P01,WH_Delhi,LM250,143.81191,2.0,1.2,2025-09-29,460.19811200000004
P01,WH_Delhi,LM500,202.28906,2.0,1.2,2025-09-29,647.3249920000001
P01,WH_Delhi,OR1000,256.334,2.0,1.2,2025-09-29,820.2688
P01,WH_Delhi,OR500,172.37303,2.0,1.2,2025-09-29,551.593696
P01,WH_Delhi,WT1000,542.13356,2.0,1.2,2025-09-29,1734.8273920000001
P02,WH_Mumbai,BB1000,374.66484,5.0,1.4,2025-09-29,2397.854976
P02,WH_Mumbai,BB250,211.86394,5.0,1.4,2025-09-29,1355.9292160000002
P02,WH_Mumbai,BB500,290.56736,5.0,1.4,2025-09-29,1859.631104
P02,WH_Mumbai,EN250,128.79217,5.0,1.4,2025-09-29,824.269888
P02,WH_Mumbai,EN500,91.228849,5.0,1.4,2025-09-29,583.8646336
P02,WH_Mumbai,LM250,171.32162,5.0,1.4,2025-09-29,1096.458368
P02,WH_Mumbai,LM500,253.34316,5.0,1.4,2025-09-29,1621.396224
P02,WH_Mumbai,OR1000,278.91049,5.0,1.4,2025-09-29,1785.027136
P02,WH_Mumbai,OR500,201.32102,5.0,1.4,2025-09-29,1288.4545280000002
P02,WH_Mumbai,WT1000,577.40513,5.0,1.4,2025-09-29,3695.392832
P02,WH_Bangalore,BB1000,354.83165,2.0,1.3,2025-09-29,1170.944445
P02,WH_Bangalore,BB250,200.72633,2.0,1.3,2025-09-29,662.396889
P02,WH_Bangalore,BB500,279.0292,2.0,1.3,2025-09-29,920.7963599999999
P02,WH_Bangalore,EN250,131.9436,2.0,1.3,2025-09-29,435.41388
P02,WH_Bangalore,EN500,90.903169,2.0,1.3,2025-09-29,299.9804577
P02,WH_Bangalore,LM250,154.62852,2.0,1.3,2025-09-29,510.274116
P02,WH_Bangalore,LM500,232.41748,2.0,1.3,2025-09-29,766.977684
P02,WH_Bangalore,OR1000,281.62523,2.0,1.3,2025-09-29,929.3632589999999
P02,WH_Bangalore,OR500,194.05737,2.0,1.3,2025-09-29,640.3893209999999
P02,WH_Bangalore,WT1000,582.09447,2.0,1.3,2025-09-29,1920.9117509999999
P02,WH_Hyderabad,BB1000,167.45798,3.5,1.15,2025-09-29,778.679607
P02,WH_Hyderabad,BB250,94.51054,3.5,1.15,2025-09-29,439.4740110000001
P02,WH_Hyderabad,BB500,136.51772,3.5,1.15,2025-09-29,634.807398
P02,WH_Hyderabad,EN250,63.861665,3.5,1.15,2025-09-29,296.95674225000005
P02,WH_Hyderabad,EN500,46.328027,3.5,1.15,2025-09-29,215.42532555
P02,WH_Hyderabad,LM250,77.921634,3.5,1.15,2025-09-29,362.3355981
P02,WH_Hyderabad,LM500,105.50639,3.5,1.15,2025-09-29,490.6047135
P02,WH_Hyderabad,OR1000,135.23387,3.5,1.15,2025-09-29,628.8374955
P02,WH_Hyderabad,OR500,88.091344,3.5,1.15,2025-09-29,409.6247496000001
P02,WH_Hyderabad,WT1000,290.09014,3.5,1.15,2025-09-29,1348.9191510000003
P03,WH_Kolkata,BB1000,305.46372,2.0,1.1,2025-09-29,946.9375320000001
P03,WH_Kolkata,BB250,171.45264,2.0,1.1,2025-09-29,531.503184
P03,WH_Kolkata,BB500,249.96184,2.0,1.1,2025-09-29,774.881704
P03,WH_Kolkata,EN250,104.92877,2.0,1.1,2025-09-29,325.27918700000004
P03,WH_Kolkata,EN500,78.733253,2.0,1.1,2025-09-29,244.07308430000003
P03,WH_Kolkata,LM250,135.84963,2.0,1.1,2025-09-29,421.133853
P03,WH_Kolkata,LM500,191.18933,2.0,1.1,2025-09-29,592.6869230000001
P03,WH_Kolkata,OR1000,232.0432,2.0,1.1,2025-09-29,719.33392
P03,WH_Kolkata,OR500,160.19407,2.0,1.1,2025-09-29,496.60161700000003
P03,WH_Kolkata,WT1000,518.82291,2.0,1.1,2025-09-29,1608.351021
P03,WH_Hyderabad,BB1000,118.55,3.0,1.15,2025-09-29,491.9825
P03,WH_Hyderabad,BB250,69.316669,3.0,1.15,2025-09-29,287.66417635000005
P03,WH_Hyderabad,BB500,101.175,3.0,1.15,2025-09-29,419.87625
P03,WH_Hyderabad,EN250,41.383332,3.0,1.15,2025-09-29,171.74082780000003
P03,WH_Hyderabad,EN500,29.174997,3.0,1.15,2025-09-29,121.07623755000002
P03,WH_Hyderabad,LM250,52.375001,3.0,1.15,2025-09-29,217.35625415
P03,WH_Hyderabad,LM500,74.516667,3.0,1.15,2025-09-29,309.24416805000004
P03,WH_Hyderabad,OR1000,89.800003,3.0,1.15,2025-09-29,372.67001245000006
P03,WH_Hyderabad,OR500,63.349995,3.0,1.15,2025-09-29,262.90247925
P03,WH_Hyderabad,WT1000,208.26666,3.0,1.15,2025-09-29,864.3066390000001
P01,WH_Delhi,BB1000,304.51224,2.0,1.2,2025-10-06,974.4391680000001
P01,WH_Delhi,BB250,181.23874,2.0,1.2,2025-10-06,579.963968
P01,WH_Delhi,BB500,265.9686,2.0,1.2,2025-10-06,851.09952
P01,WH_Delhi,EN250,112.62907,2.0,1.2,2025-10-06,360.413024
P01,WH_Delhi,EN500,80.2179,2.0,1.2,2025-10-06,256.69728000000003
P01,WH_Delhi,LM250,138.28182,2.0,1.2,2025-10-06,442.50182400000006
P01,WH_Delhi,LM500,204.21652,2.0,1.2,2025-10-06,653.492864
P01,WH_Delhi,OR1000,243.89472,2.0,1.2,2025-10-06,780.463104
P01,WH_Delhi,OR500,170.21163,2.0,1.2,2025-10-06,544.677216
P01,WH_Delhi,WT1000,526.18305,2.0,1.2,2025-10-06,1683.78576
P02,WH_Mumbai,BB1000,366.50709,5.0,1.4,2025-10-06,2345.645376
P02,WH_Mumbai,BB250,200.9692,5.0,1.4,2025-10-06,1286.20288
P02,WH_Mumbai,BB500,288.79989,5.0,1.4,2025-10-06,1848.3192960000001
P02,WH_Mumbai,EN250,122.76765,5.0,1.4,2025-10-06,785.7129600000001
P02,WH_Mumbai,EN500,87.338585,5.0,1.4,2025-10-06,558.966944
P02,WH_Mumbai,LM250,159.88431,5.0,1.4,2025-10-06,1023.259584
P02,WH_Mumbai,LM500,230.51562,5.0,1.4,2025-10-06,1475.2999680000003
P02,WH_Mumbai,OR1000,281.24505,5.0,1.4,2025-10-06,1799.96832
P02,WH_Mumbai,OR500,193.97662,5.0,1.4,2025-10-06,1241.450368
P02,WH_Mumbai,WT1000,583.94988,5.0,1.4,2025-10-06,3737.2792320000003
P02,WH_Bangalore,BB1000,345.1761,2.0,1.3,2025-10-06,1139.08113
P02,WH_Bangalore,BB250,191.98979,2.0,1.3,2025-10-06,633.5663069999999
P02,WH_Bangalore,BB500,271.89024,2.0,1.3,2025-10-06,897.237792
P02,WH_Bangalore,EN250,127.97401,2.0,1.3,2025-10-06,422.314233
P02,WH_Bangalore,EN500,86.806021,2.0,1.3,2025-10-06,286.4598693
P02,WH_Bangalore,LM250,152.25444,2.0,1.3,2025-10-06,502.4396519999999
P02,WH_Bangalore,LM500,216.89896,2.0,1.3,2025-10-06,715.7665679999999
P02,WH_Bangalore,OR1000,281.76907,2.0,1.3,2025-10-06,929.8379309999999
P02,WH_Bangalore,OR500,185.27749,2.0,1.3,2025-10-06,611.415717
P02,WH_Bangalore,WT1000,576.53829,2.0,1.3,2025-10-06,1902.5763569999997
P02,WH_Hyderabad,BB1000,157.28978,3.5,1.15,2025-10-06,731.3974770000001
P02,WH_Hyderabad,BB250,94.46924,3.5,1.15,2025-10-06,439.281966
P02,WH_Hyderabad,BB500,128.99695,3.5,1.15,2025-10-06,599.8358175000001
P02,WH_Hyderabad,EN250,60.448901,3.5,1.15,2025-10-06,281.08738965000003
P02,WH_Hyderabad,EN500,41.753042,3.5,1.15,2025-10-06,194.1516453
P02,WH_Hyderabad,LM250,71.829485,3.5,1.15,2025-10-06,334.00710525000005
P02,WH_Hyderabad,LM500,103.88946,3.5,1.15,2025-10-06,483.08598900000004
P02,WH_Hyderabad,OR1000,131.1344,3.5,1.15,2025-10-06,609.7749600000001
P02,WH_Hyderabad,OR500,89.523384,3.5,1.15,2025-10-06,416.2837356
P02,WH_Hyderabad,WT1000,285.27748,3.5,1.15,2025-10-06,1326.5402820000002
P03,WH_Kolkata,BB1000,292.44102,2.0,1.1,2025-10-06,906.5671619999999
P03,WH_Kolkata,BB250,171.71041,2.0,1.1,2025-10-06,532.302271
P03,WH_Kolkata,BB500,240.91825,2.0,1.1,2025-10-06,746.846575
P03,WH_Kolkata,EN250,102.62605,2.0,1.1,2025-10-06,318.140755
P03,WH_Kolkata,EN500,75.246692,2.0,1.1,2025-10-06,233.2647452
P03,WH_Kolkata,LM250,131.78727,2.0,1.1,2025-10-06,408.54053700000003
P03,WH_Kolkata,LM500,196.43134,2.0,1.1,2025-10-06,608.9371540000001
P03,WH_Kolkata,OR1000,223.14973,2.0,1.1,2025-10-06,691.764163
P03,WH_Kolkata,OR500,165.96602,2.0,1.1,2025-10-06,514.494662
P03,WH_Kolkata,WT1000,502.77412,2.0,1.1,2025-10-06,1558.599772
P03,WH_Hyderabad,BB1000,118.55,3.0,1.15,2025-10-06,491.9825
P03,WH_Hyderabad,BB250,69.316668,3.0,1.15,2025-10-06,287.66417220000005
P03,WH_Hyderabad,BB500,101.175,3.0,1.15,2025-10-06,419.87625
P03,WH_Hyderabad,EN250,41.383331,3.0,1.15,2025-10-06,171.74082365
P03,WH_Hyderabad,EN500,29.174997,3.0,1.15,2025-10-06,121.07623755000002
P03,WH_Hyderabad,LM250,52.375002,3.0,1.15,2025-10-06,217.35625830000004
P03,WH_Hyderabad,LM500,74.51667,3.0,1.15,2025-10-06,309.2441805
P03,WH_Hyderabad,OR1000,89.800004,3.0,1.15,2025-10-06,372.67001660000005
P03,WH_Hyderabad,OR500,63.349998,3.0,1.15,2025-10-06,262.90249170000004
P03,WH_Hyderabad,WT1000,208.26667,3.0,1.15,2025-10-06,864.3066805000001
P01,WH_Delhi,BB1000,306.81243,2.0,1.2,2025-10-13,981.7997760000001
P01,WH_Delhi,BB250,178.24842,2.0,1.2,2025-10-13,570.394944
P01,WH_Delhi,BB500,255.82791,2.0,1.2,2025-10-13,818.649312
P01,WH_Delhi,EN250,114.41008,2.0,1.2,2025-10-13,366.112256
P01,WH_Delhi,EN500,80.531425,2.0,1.2,2025-10-13,257.70056
P01,WH_Delhi,LM250,142.72284,2.0,1.2,2025-10-13,456.71308799999997
P01,WH_Delhi,LM500,199.97965,2.0,1.2,2025-10-13,639.93488
P01,WH_Delhi,OR1000,242.77231,2.0,1.2,2025-10-13,776.871392
P01,WH_Delhi,OR500,164.13859,2.0,1.2,2025-10-13,525.243488
P01,WH_Delhi,WT1000,546.4708,2.0,1.2,2025-10-13,1748.7065600000003
P02,WH_Mumbai,BB1000,354.2541,5.0,1.4,2025-10-13,2267.22624
P02,WH_Mumbai,BB250,201.83388,5.0,1.4,2025-10-13,1291.736832
P02,WH_Mumbai,BB500,278.72184,5.0,1.4,2025-10-13,1783.819776
P02,WH_Mumbai,EN250,123.21446,5.0,1.4,2025-10-13,788.5725440000001
P02,WH_Mumbai,EN500,89.860071,5.0,1.4,2025-10-13,575.1044544
P02,WH_Mumbai,LM250,164.08267,5.0,1.4,2025-10-13,1050.1290880000001
P02,WH_Mumbai,LM500,235.0219,5.0,1.4,2025-10-13,1504.14016
P02,WH_Mumbai,OR1000,273.31776,5.0,1.4,2025-10-13,1749.2336640000003
P02,WH_Mumbai,OR500,189.43259,5.0,1.4,2025-10-13,1212.368576
P02,WH_Mumbai,WT1000,626.32616,5.0,1.4,2025-10-13,4008.487424
P02,WH_Bangalore,BB1000,356.03096,2.0,1.3,2025-10-13,1174.9021679999998
P02,WH_Bangalore,BB250,198.46211,2.0,1.3,2025-10-13,654.9249629999999
P02,WH_Bangalore,BB500,277.00206,2.0,1.3,2025-10-13,914.1067979999999
P02,WH_Bangalore,EN250,126.49739,2.0,1.3,2025-10-13,417.44138699999996
P02,WH_Bangalore,EN500,84.81024,2.0,1.3,2025-10-13,279.873792
P02,WH_Bangalore,LM250,164.43392,2.0,1.3,2025-10-13,542.631936
P02,WH_Bangalore,LM500,218.70516,2.0,1.3,2025-10-13,721.727028
P02,WH_Bangalore,OR1000,268.42041,2.0,1.3,2025-10-13,885.7873529999999
P02,WH_Bangalore,OR500,193.39029,2.0,1.3,2025-10-13,638.187957
P02,WH_Bangalore,WT1000,578.0804,2.0,1.3,2025-10-13,1907.66532
P02,WH_Hyderabad,BB1000,157.15036,3.5,1.15,2025-10-13,730.749174
P02,WH_Hyderabad,BB250,94.726142,3.5,1.15,2025-10-13,440.4765603
P02,WH_Hyderabad,BB500,134.32673,3.5,1.15,2025-10-13,624.6192945
P02,WH_Hyderabad,EN250,63.781296,3.5,1.15,2025-10-13,296.5830264
P02,WH_Hyderabad,EN500,41.098739,3.5,1.15,2025-10-13,191.10913635000003
P02,WH_Hyderabad,LM250,70.362065,3.5,1.15,2025-10-13,327.18360225000004
P02,WH_Hyderabad,LM500,97.804557,3.5,1.15,2025-10-13,454.79119005000007
P02,WH_Hyderabad,OR1000,138.46507,3.5,1.15,2025-10-13,643.8625755
P02,WH_Hyderabad,OR500,91.41325,3.5,1.15,2025-10-13,425.07161250000007
P02,WH_Hyderabad,WT1000,287.72878,3.5,1.15,2025-10-13,1337.938827
P03,WH_Kolkata,BB1000,288.60256,2.0,1.1,2025-10-13,894.6679359999999
P03,WH_Kolkata,BB250,178.11218,2.0,1.1,2025-10-13,552.147758
P03,WH_Kolkata,BB500,253.84819,2.0,1.1,2025-10-13,786.929389
P03,WH_Kolkata,EN250,100.42456,2.0,1.1,2025-10-13,311.31613600000003
P03,WH_Kolkata,EN500,76.210913,2.0,1.1,2025-10-13,236.25383030000003
P03,WH_Kolkata,LM250,132.33737,2.0,1.1,2025-10-13,410.24584699999997
P03,WH_Kolkata,LM500,191.36627,2.0,1.1,2025-10-13,593.2354369999999
P03,WH_Kolkata,OR1000,220.25194,2.0,1.1,2025-10-13,682.781014
P03,WH_Kolkata,OR500,164.40331,2.0,1.1,2025-10-13,509.65026100000006
P03,WH_Kolkata,WT1000,533.11419,2.0,1.1,2025-10-13,1652.6539890000001
P03,WH_Hyderabad,BB1000,118.55,3.0,1.15,2025-10-13,491.9825
P03,WH_Hyderabad,BB250,69.316666,3.0,1.15,2025-10-13,287.6641639
P03,WH_Hyderabad,BB500,101.175,3.0,1.15,2025-10-13,419.87625
P03,WH_Hyderabad,EN250,41.383336,3.0,1.15,2025-10-13,171.74084440000001
P03,WH_Hyderabad,EN500,29.174997,3.0,1.15,2025-10-13,121.07623755000002
P03,WH_Hyderabad,LM250,52.374996,3.0,1.15,2025-10-13,217.35623340000004
P03,WH_Hyderabad,LM500,74.516664,3.0,1.15,2025-10-13,309.24415560000006
P03,WH_Hyderabad,OR1000,89.799998,3.0,1.15,2025-10-13,372.6699917
P03,WH_Hyderabad,OR500,63.349995,3.0,1.15,2025-10-13,262.90247925
P03,WH_Hyderabad,WT1000,208.26667,3.0,1.15,2025-10-13,864.3066805000001
P01,WH_Delhi,BB1000,344.37668,2.0,1.2,2025-10-20,1102.005376
P01,WH_Delhi,BB250,197.59947,2.0,1.2,2025-10-20,632.318304
P01,WH_Delhi,BB500,268.81394,2.0,1.2,2025-10-20,860.204608
P01,WH_Delhi,EN250,119.15366,2.0,1.2,2025-10-20,381.291712
P01,WH_Delhi,EN500,85.679461,2.0,1.2,2025-10-20,274.1742752
P01,WH_Delhi,LM250,137.69364,2.0,1.2,2025-10-20,440.619648
P01,WH_Delhi,LM500,209.66566,2.0,1.2,2025-10-20,670.930112
P01,WH_Delhi,OR1000,248.66352,2.0,1.2,2025-10-20,795.7232640000001
P01,WH_Delhi,OR500,184.95174,2.0,1.2,2025-10-20,591.8455680000001
P01,WH_Delhi,WT1000,554.9215,2.0,1.2,2025-10-20,1775.7488000000003
P02,WH_Mumbai,BB1000,363.156,5.0,1.4,2025-10-20,2324.1984
P02,WH_Mumbai,BB250,205.23942,5.0,1.4,2025-10-20,1313.532288
P02,WH_Mumbai,BB500,294.26554,5.0,1.4,2025-10-20,1883.299456
P02,WH_Mumbai,EN250,135.72098,5.0,1.4,2025-10-20,868.614272
P02,WH_Mumbai,EN500,95.295986,5.0,1.4,2025-10-20,609.8943104
P02,WH_Mumbai,LM250,180.27062,5.0,1.4,2025-10-20,1153.731968
P02,WH_Mumbai,LM500,246.17745,5.0,1.4,2025-10-20,1575.53568
P02,WH_Mumbai,OR1000,286.86519,5.0,1.4,2025-10-20,1835.937216
P02,WH_Mumbai,OR500,198.18103,5.0,1.4,2025-10-20,1268.358592
P02,WH_Mumbai,WT1000,594.8285,5.0,1.4,2025-10-20,3806.9024
P02,WH_Bangalore,BB1000,357.81408,2.0,1.3,2025-10-20,1180.7864639999998
P02,WH_Bangalore,BB250,203.80144,2.0,1.3,2025-10-20,672.544752
P02,WH_Bangalore,BB500,288.02026,2.0,1.3,2025-10-20,950.466858
P02,WH_Bangalore,EN250,126.61313,2.0,1.3,2025-10-20,417.82332899999994
P02,WH_Bangalore,EN500,85.688515,2.0,1.3,2025-10-20,282.77209949999997
P02,WH_Bangalore,LM250,173.33631,2.0,1.3,2025-10-20,572.009823
P02,WH_Bangalore,LM500,224.72184,2.0,1.3,2025-10-20,741.5820719999999
P02,WH_Bangalore,OR1000,273.68783,2.0,1.3,2025-10-20,903.169839
P02,WH_Bangalore,OR500,204.10893,2.0,1.3,2025-10-20,673.5594689999999
P02,WH_Bangalore,WT1000,585.82144,2.0,1.3,2025-10-20,1933.210752
P02,WH_Hyderabad,BB1000,164.62233,3.5,1.15,2025-10-20,765.4938345
P02,WH_Hyderabad,BB250,97.193089,3.5,1.15,2025-10-20,451.94786385000003
P02,WH_Hyderabad,BB500,140.20982,3.5,1.15,2025-10-20,651.975663
P02,WH_Hyderabad,EN250,62.977118,3.5,1.15,2025-10-20,292.84359870000003
P02,WH_Hyderabad,EN500,47.132697,3.5,1.15,2025-10-20,219.16704105000002
P02,WH_Hyderabad,LM250,84.783281,3.5,1.15,2025-10-20,394.24225665000006
P02,WH_Hyderabad,LM500,102.50649,3.5,1.15,2025-10-20,476.65517850000003
P02,WH_Hyderabad,OR1000,142.39184,3.5,1.15,2025-10-20,662.122056
P02,WH_Hyderabad,OR500,90.334404,3.5,1.15,2025-10-20,420.0549786000001
P02,WH_Hyderabad,WT1000,289.3296,3.5,1.15,2025-10-20,1345.3826400000003
P03,WH_Kolkata,BB1000,308.71146,2.0,1.1,2025-10-20,957.005526
P03,WH_Kolkata,BB250,177.06158,2.0,1.1,2025-10-20,548.890898
P03,WH_Kolkata,BB500,261.38196,2.0,1.1,2025-10-20,810.284076
P03,WH_Kolkata,EN250,105.38517,2.0,1.1,2025-10-20,326.694027
P03,WH_Kolkata,EN500,77.09316,2.0,1.1,2025-10-20,238.988796
P03,WH_Kolkata,LM250,132.79585,2.0,1.1,2025-10-20,411.66713500000003
P03,WH_Kolkata,LM500,213.71821,2.0,1.1,2025-10-20,662.5264510000001
P03,WH_Kolkata,OR1000,233.13911,2.0,1.1,2025-10-20,722.731241
P03,WH_Kolkata,OR500,172.85305,2.0,1.1,2025-10-20,535.844455
P03,WH_Kolkata,WT1000,550.66508,2.0,1.1,2025-10-20,1707.061748
P03,WH_Hyderabad,BB1000,118.55,3.0,1.15,2025-10-20,491.9825
P03,WH_Hyderabad,BB250,69.316663,3.0,1.15,2025-10-20,287.66415145
P03,WH_Hyderabad,BB500,101.175,3.0,1.15,2025-10-20,419.87625
P03,WH_Hyderabad,EN250,41.383332,3.0,1.15,2025-10-20,171.74082780000003
P03,WH_Hyderabad,EN500,29.175,3.0,1.15,2025-10-20,121.07625000000002
P03,WH_Hyderabad,LM250,52.374995,3.0,1.15,2025-10-20,217.35622925
P03,WH_Hyderabad,LM500,74.516672,3.0,1.15,2025-10-20,309.2441888
P03,WH_Hyderabad,OR1000,89.800004,3.0,1.15,2025-10-20,372.67001660000005
P03,WH_Hyderabad,OR500,63.350001,3.0,1.15,2025-10-20,262.90250415
P03,WH_Hyderabad,WT1000,208.26666,3.0,1.15,2025-10-20,864.3066390000001
P01,WH_Delhi,BB1000,320.79025,2.0,1.2,2025-10-27,1026.5288
P01,WH_Delhi,BB250,187.34035,2.0,1.2,2025-10-27,599.4891200000001
P01,WH_Delhi,BB500,257.20107,2.0,1.2,2025-10-27,823.0434240000001
P01,WH_Delhi,EN250,107.63978,2.0,1.2,2025-10-27,344.44729600000005
P01,WH_Delhi,EN500,86.330378,2.0,1.2,2025-10-27,276.2572096
P01,WH_Delhi,LM250,137.88836,2.0,1.2,2025-10-27,441.24275200000005
P01,WH_Delhi,LM500,200.69375,2.0,1.2,2025-10-27,642.22
P01,WH_Delhi,OR1000,241.3992,2.0,1.2,2025-10-27,772.4774400000001
P01,WH_Delhi,OR500,168.45914,2.0,1.2,2025-10-27,539.069248
P01,WH_Delhi,WT1000,541.11577,2.0,1.2,2025-10-27,1731.5704640000001
P02,WH_Mumbai,BB1000,367.19798,5.0,1.4,2025-10-27,2350.067072
P02,WH_Mumbai,BB250,207.52697,5.0,1.4,2025-10-27,1328.172608
P02,WH_Mumbai,BB500,300.58691,5.0,1.4,2025-10-27,1923.756224
P02,WH_Mumbai,EN250,129.47586,5.0,1.4,2025-10-27,828.6455040000001
P02,WH_Mumbai,EN500,91.861245,5.0,1.4,2025-10-27,587.911968
P02,WH_Mumbai,LM250,182.19234,5.0,1.4,2025-10-27,1166.030976
P02,WH_Mumbai,LM500,232.49893,5.0,1.4,2025-10-27,1487.993152
P02,WH_Mumbai,OR1000,283.40656,5.0,1.4,2025-10-27,1813.8019840000002
P02,WH_Mumbai,OR500,192.24503,5.0,1.4,2025-10-27,1230.3681920000001
P02,WH_Mumbai,WT1000,577.81859,5.0,1.4,2025-10-27,3698.038976
P02,WH_Bangalore,BB1000,356.92488,2.0,1.3,2025-10-27,1177.8521039999998
P02,WH_Bangalore,BB250,196.36538,2.0,1.3,2025-10-27,648.0057539999999
P02,WH_Bangalore,BB500,300.59288,2.0,1.3,2025-10-27,991.9565039999999
P02,WH_Bangalore,EN250,133.3059,2.0,1.3,2025-10-27,439.90947
P02,WH_Bangalore,EN500,85.47392,2.0,1.3,2025-10-27,282.063936
P02,WH_Bangalore,LM250,165.74622,2.0,1.3,2025-10-27,546.9625259999999
P02,WH_Bangalore,LM500,224.8173,2.0,1.3,2025-10-27,741.8970899999999
P02,WH_Bangalore,OR1000,267.4787,2.0,1.3,2025-10-27,882.67971
P02,WH_Bangalore,OR500,192.45237,2.0,1.3,2025-10-27,635.092821
P02,WH_Bangalore,WT1000,599.85099,2.0,1.3,2025-10-27,1979.508267
P02,WH_Hyderabad,BB1000,186.06912,3.5,1.15,2025-10-27,865.2214080000001
P02,WH_Hyderabad,BB250,88.430611,3.5,1.15,2025-10-27,411.20234115000005
P02,WH_Hyderabad,BB500,130.36306,3.5,1.15,2025-10-27,606.188229
P02,WH_Hyderabad,EN250,61.90557,3.5,1.15,2025-10-27,287.8609005
P02,WH_Hyderabad,EN500,42.54006,3.5,1.15,2025-10-27,197.811279
P02,WH_Hyderabad,LM250,75.761802,3.5,1.15,2025-10-27,352.29237930000005
P02,WH_Hyderabad,LM500,99.567824,3.5,1.15,2025-10-27,462.99038160000003
P02,WH_Hyderabad,OR1000,121.93604,3.5,1.15,2025-10-27,567.0025860000001
P02,WH_Hyderabad,OR500,87.360632,3.5,1.15,2025-10-27,406.2269388
P02,WH_Hyderabad,WT1000,277.96454,3.5,1.15,2025-10-27,1292.5351110000001
P03,WH_Kolkata,BB1000,298.77916,2.0,1.1,2025-10-27,926.2153959999999
P03,WH_Kolkata,BB250,173.60128,2.0,1.1,2025-10-27,538.1639680000001
P03,WH_Kolkata,BB500,260.16502,2.0,1.1,2025-10-27,806.5115620000001
P03,WH_Kolkata,EN250,105.19538,2.0,1.1,2025-10-27,326.105678
P03,WH_Kolkata,EN500,72.86716,2.0,1.1,2025-10-27,225.888196
P03,WH_Kolkata,LM250,145.0158,2.0,1.1,2025-10-27,449.54898000000003
P03,WH_Kolkata,LM500,195.68876,2.0,1.1,2025-10-27,606.635156
P03,WH_Kolkata,OR1000,220.25675,2.0,1.1,2025-10-27,682.795925
P03,WH_Kolkata,OR500,164.41015,2.0,1.1,2025-10-27,509.67146499999996
P03,WH_Kolkata,WT1000,505.33434,2.0,1.1,2025-10-27,1566.536454
P03,WH_Hyderabad,BB1000,118.55,3.0,1.15,2025-10-27,491.9825
P03,WH_Hyderabad,BB250,69.316668,3.0,1.15,2025-10-27,287.66417220000005
P03,WH_Hyderabad,BB500,101.175,3.0,1.15,2025-10-27,419.87625
P03,WH_Hyderabad,EN250,41.383329,3.0,1.15,2025-10-27,171.74081535000002
P03,WH_Hyderabad,EN500,29.175,3.0,1.15,2025-10-27,121.07625000000002
P03,WH_Hyderabad,LM250,52.374998,3.0,1.15,2025-10-27,217.3562417
P03,WH_Hyderabad,LM500,74.516667,3.0,1.15,2025-10-27,309.24416805000004
P03,WH_Hyderabad,OR1000,89.800004,3.0,1.15,2025-10-27,372.67001660000005
P03,WH_Hyderabad,OR500,63.350002,3.0,1.15,2025-10-27,262.9025083
P03,WH_Hyderabad,WT1000,208.26666,3.0,1.15,2025-10-27,864.3066390000001
P01,WH_Delhi,BB1000,352.82816,2.0,1.2,2025-11-03,1129.0501120000001
P01,WH_Delhi,BB250,179.10493,2.0,1.2,2025-11-03,573.135776
P01,WH_Delhi,BB500,262.63109,2.0,1.2,2025-11-03,840.419488
P01,WH_Delhi,EN250,107.44949,2.0,1.2,2025-11-03,343.838368
P01,WH_Delhi,EN500,84.513245,2.0,1.2,2025-11-03,270.442384
P01,WH_Delhi,LM250,143.62581,2.0,1.2,2025-11-03,459.602592
P01,WH_Delhi,LM500,214.14243,2.0,1.2,2025-11-03,685.255776
P01,WH_Delhi,OR1000,242.94386,2.0,1.2,2025-11-03,777.4203520000001
P01,WH_Delhi,OR500,171.21045,2.0,1.2,2025-11-03,547.8734400000001
P01,WH_Delhi,WT1000,553.33972,2.0,1.2,2025-11-03,1770.6871040000003
P02,WH_Mumbai,BB1000,357.00518,5.0,1.4,2025-11-03,2284.833152
P02,WH_Mumbai,BB250,208.20319,5.0,1.4,2025-11-03,1332.500416
P02,WH_Mumbai,BB500,283.47382,5.0,1.4,2025-11-03,1814.232448
P02,WH_Mumbai,EN250,126.24088,5.0,1.4,2025-11-03,807.941632
P02,WH_Mumbai,EN500,88.102808,5.0,1.4,2025-11-03,563.8579712
P02,WH_Mumbai,LM250,165.89209,5.0,1.4,2025-11-03,1061.709376
P02,WH_Mumbai,LM500,236.14987,5.0,1.4,2025-11-03,1511.359168
P02,WH_Mumbai,OR1000,282.63244,5.0,1.4,2025-11-03,1808.847616
P02,WH_Mumbai,OR500,187.76886,5.0,1.4,2025-11-03,1201.720704
P02,WH_Mumbai,WT1000,604.22291,5.0,1.4,2025-11-03,3867.026624
P02,WH_Bangalore,BB1000,349.3568,2.0,1.3,2025-11-03,1152.87744
P02,WH_Bangalore,BB250,193.75793,2.0,1.3,2025-11-03,639.4011689999999
P02,WH_Bangalore,BB500,282.66142,2.0,1.3,2025-11-03,932.782686
P02,WH_Bangalore,EN250,130.49262,2.0,1.3,2025-11-03,430.62564599999996
P02,WH_Bangalore,EN500,85.102613,2.0,1.3,2025-11-03,280.8386229
P02,WH_Bangalore,LM250,161.73186,2.0,1.3,2025-11-03,533.715138
P02,WH_Bangalore,LM500,228.79302,2.0,1.3,2025-11-03,755.016966
P02,WH_Bangalore,OR1000,284.38963,2.0,1.3,2025-11-03,938.485779
P02,WH_Bangalore,OR500,193.6464,2.0,1.3,2025-11-03,639.0331199999999
P02,WH_Bangalore,WT1000,566.32522,2.0,1.3,2025-11-03,1868.8732259999997
P02,WH_Hyderabad,BB1000,180.24669,3.5,1.15,2025-11-03,838.1471085000001
P02,WH_Hyderabad,BB250,94.297456,3.5,1.15,2025-11-03,438.4831704
P02,WH_Hyderabad,BB500,141.05362,3.5,1.15,2025-11-03,655.8993330000001
P02,WH_Hyderabad,EN250,60.840975,3.5,1.15,2025-11-03,282.91053375
P02,WH_Hyderabad,EN500,45.717856,3.5,1.15,2025-11-03,212.5880304
P02,WH_Hyderabad,LM250,76.523492,3.5,1.15,2025-11-03,355.83423780000004
P02,WH_Hyderabad,LM500,100.67628,3.5,1.15,2025-11-03,468.14470200000005
P02,WH_Hyderabad,OR1000,114.46268,3.5,1.15,2025-11-03,532.2514620000001
P02,WH_Hyderabad,OR500,81.438807,3.5,1.15,2025-11-03,378.69045255000003
P02,WH_Hyderabad,WT1000,260.84491,3.5,1.15,2025-11-03,1212.9288315000001
P03,WH_Kolkata,BB1000,293.45136,2.0,1.1,2025-11-03,909.6992160000001
P03,WH_Kolkata,BB250,176.84455,2.0,1.1,2025-11-03,548.218105
P03,WH_Kolkata,BB500,265.20569,2.0,1.1,2025-11-03,822.137639
P03,WH_Kolkata,EN250,102.1536,2.0,1.1,2025-11-03,316.67616
P03,WH_Kolkata,EN500,74.026628,2.0,1.1,2025-11-03,229.48254680000002
P03,WH_Kolkata,LM250,132.69595,2.0,1.1,2025-11-03,411.35744500000004
P03,WH_Kolkata,LM500,192.0418,2.0,1.1,2025-11-03,595.32958
P03,WH_Kolkata,OR1000,246.50975,2.0,1.1,2025-11-03,764.1802250000001
P03,WH_Kolkata,OR500,168.84247,2.0,1.1,2025-11-03,523.411657
P03,WH_Kolkata,WT1000,548.32089,2.0,1.1,2025-11-03,1699.7947589999999
P03,WH_Hyderabad,BB1000,118.55,3.0,1.15,2025-11-03,491.9825
P03,WH_Hyderabad,BB250,69.31667,3.0,1.15,2025-11-03,287.66418050000004
P03,WH_Hyderabad,BB500,101.175,3.0,1.15,2025-11-03,419.87625
P03,WH_Hyderabad,EN250,41.38333,3.0,1.15,2025-11-03,171.74081950000001
P03,WH_Hyderabad,EN500,29.175002,3.0,1.15,2025-11-03,121.0762583
P03,WH_Hyderabad,LM250,52.374995,3.0,1.15,2025-11-03,217.35622925
P03,WH_Hyderabad,LM500,74.516666,3.0,1.15,2025-11-03,309.24416390000005
P03,WH_Hyderabad,OR1000,89.800002,3.0,1.15,2025-11-03,372.67000830000006
P03,WH_Hyderabad,OR500,63.350004,3.0,1.15,2025-11-03,262.9025166
P03,WH_Hyderabad,WT1000,208.26667,3.0,1.15,2025-11-03,864.3066805000001
P01,WH_Delhi,BB1000,325.45165,2.0,1.2,2025-11-10,1041.44528
P01,WH_Delhi,BB250,177.31659,2.0,1.2,2025-11-10,567.413088
P01,WH_Delhi,BB500,258.09988,2.0,1.2,2025-11-10,825.919616
P01,WH_Delhi,EN250,107.57013,2.0,1.2,2025-11-10,344.224416
P01,WH_Delhi,EN500,80.389425,2.0,1.2,2025-11-10,257.24616000000003
P01,WH_Delhi,LM250,144.55254,2.0,1.2,2025-11-10,462.568128
P01,WH_Delhi,LM500,196.1865,2.0,1.2,2025-11-10,627.7968000000001
P01,WH_Delhi,OR1000,234.23494,2.0,1.2,2025-11-10,749.551808
P01,WH_Delhi,OR500,170.78121,2.0,1.2,2025-11-10,546.499872
P01,WH_Delhi,WT1000,534.85519,2.0,1.2,2025-11-10,1711.5366080000001
P02,WH_Mumbai,BB1000,370.16382,5.0,1.4,2025-11-10,2369.048448
P02,WH_Mumbai,BB250,212.3221,5.0,1.4,2025-11-10,1358.8614400000001
P02,WH_Mumbai,BB500,293.50753,5.0,1.4,2025-11-10,1878.4481919999998
P02,WH_Mumbai,EN250,128.83478,5.0,1.4,2025-11-10,824.542592
P02,WH_Mumbai,EN500,88.180211,5.0,1.4,2025-11-10,564.3533504000001
P02,WH_Mumbai,LM250,174.0488,5.0,1.4,2025-11-10,1113.9123200000001
P02,WH_Mumbai,LM500,229.93643,5.0,1.4,2025-11-10,1471.5931520000001
P02,WH_Mumbai,OR1000,272.07101,5.0,1.4,2025-11-10,1741.254464
P02,WH_Mumbai,OR500,194.3759,5.0,1.4,2025-11-10,1244.00576
P02,WH_Mumbai,WT1000,603.93196,5.0,1.4,2025-11-10,3865.164544
P02,WH_Bangalore,BB1000,364.83005,2.0,1.3,2025-11-10,1203.939165
P02,WH_Bangalore,BB250,199.95486,2.0,1.3,2025-11-10,659.8510379999999
P02,WH_Bangalore,BB500,274.45557,2.0,1.3,2025-11-10,905.703381
P02,WH_Bangalore,EN250,125.22322,2.0,1.3,2025-11-10,413.23662599999994
P02,WH_Bangalore,EN500,88.286338,2.0,1.3,2025-11-10,291.3449154
P02,WH_Bangalore,LM250,157.9367,2.0,1.3,2025-11-10,521.19111
P02,WH_Bangalore,LM500,218.95119,2.0,1.3,2025-11-10,722.538927
P02,WH_Bangalore,OR1000,273.4116,2.0,1.3,2025-11-10,902.25828
P02,WH_Bangalore,OR500,188.00931,2.0,1.3,2025-11-10,620.430723
P02,WH_Bangalore,WT1000,567.92411,2.0,1.3,2025-11-10,1874.149563
P02,WH_Hyderabad,BB1000,169.47816,3.5,1.15,2025-11-10,788.0734440000001
P02,WH_Hyderabad,BB250,91.479304,3.5,1.15,2025-11-10,425.3787636
P02,WH_Hyderabad,BB500,142.80281,3.5,1.15,2025-11-10,664.0330665
P02,WH_Hyderabad,EN250,58.828428,3.5,1.15,2025-11-10,273.55219020000004
P02,WH_Hyderabad,EN500,42.737643,3.5,1.15,2025-11-10,198.73003995000002
P02,WH_Hyderabad,LM250,71.667044,3.5,1.15,2025-11-10,333.2517546
P02,WH_Hyderabad,LM500,113.40565,3.5,1.15,2025-11-10,527.3362725000001
P02,WH_Hyderabad,OR1000,116.7817,3.5,1.15,2025-11-10,543.0349050000001
P02,WH_Hyderabad,OR500,83.899756,3.5,1.15,2025-11-10,390.1338654
P02,WH_Hyderabad,WT1000,305.62516,3.5,1.15,2025-11-10,1421.1569940000002
P03,WH_Kolkata,BB1000,312.08775,2.0,1.1,2025-11-10,967.4720250000001
P03,WH_Kolkata,BB250,180.8034,2.0,1.1,2025-11-10,560.49054
P03,WH_Kolkata,BB500,251.54267,2.0,1.1,2025-11-10,779.782277
P03,WH_Kolkata,EN250,102.61626,2.0,1.1,2025-11-10,318.110406
P03,WH_Kolkata,EN500,73.743894,2.0,1.1,2025-11-10,228.6060714
P03,WH_Kolkata,LM250,133.00128,2.0,1.1,2025-11-10,412.30396800000005
P03,WH_Kolkata,LM500,195.21754,2.0,1.1,2025-11-10,605.1743740000001
P03,WH_Kolkata,OR1000,235.45113,2.0,1.1,2025-11-10,729.898503
P03,WH_Kolkata,OR500,158.63308,2.0,1.1,2025-11-10,491.76254800000004
P03,WH_Kolkata,WT1000,520.00041,2.0,1.1,2025-11-10,1612.001271
P03,WH_Hyderabad,BB1000,118.55,3.0,1.15,2025-11-10,491.9825
P03,WH_Hyderabad,BB250,69.316671,3.0,1.15,2025-11-10,287.66418465000004
P03,WH_Hyderabad,BB500,101.175,3.0,1.15,2025-11-10,419.87625
P03,WH_Hyderabad,EN250,41.383331,3.0,1.15,2025-11-10,171.74082365
P03,WH_Hyderabad,EN500,29.174996,3.0,1.15,2025-11-10,121.0762334
P03,WH_Hyderabad,LM250,52.374999,3.0,1.15,2025-11-10,217.35624585000002
P03,WH_Hyderabad,LM500,74.516669,3.0,1.15,2025-11-10,309.24417635
P03,WH_Hyderabad,OR1000,89.800002,3.0,1.15,2025-11-10,372.67000830000006
P03,WH_Hyderabad,OR500,63.349995,3.0,1.15,2025-11-10,262.90247925
P03,WH_Hyderabad,WT1000,208.26667,3.0,1.15,2025-11-10,864.3066805000001
P01,WH_Delhi,BB1000,329.95956,2.0,1.2,2025-11-17,1055.870592
P01,WH_Delhi,BB250,177.48301,2.0,1.2,2025-11-17,567.945632
P01,WH_Delhi,BB500,266.11989,2.0,1.2,2025-11-17,851.583648
P01,WH_Delhi,EN250,107.19697,2.0,1.2,2025-11-17,343.030304
P01,WH_Delhi,EN500,79.521258,2.0,1.2,2025-11-17,254.46802560000003
P01,WH_Delhi,LM250,148.55961,2.0,1.2,2025-11-17,475.390752
P01,WH_Delhi,LM500,203.52678,2.0,1.2,2025-11-17,651.285696
P01,WH_Delhi,OR1000,240.42893,2.0,1.2,2025-11-17,769.3725760000001
P01,WH_Delhi,OR500,164.33167,2.0,1.2,2025-11-17,525.861344
P01,WH_Delhi,WT1000,551.3608,2.0,1.2,2025-11-17,1764.3545600000002
P02,WH_Mumbai,BB1000,361.38507,5.0,1.4,2025-11-17,2312.864448
P02,WH_Mumbai,BB250,214.85117,5.0,1.4,2025-11-17,1375.0474880000002
P02,WH_Mumbai,BB500,296.7581,5.0,1.4,2025-11-17,1899.2518400000001
P02,WH_Mumbai,EN250,126.427,5.0,1.4,2025-11-17,809.1328000000001
P02,WH_Mumbai,EN500,91.954422,5.0,1.4,2025-11-17,588.5083008
P02,WH_Mumbai,LM250,173.42331,5.0,1.4,2025-11-17,1109.9091839999999
P02,WH_Mumbai,LM500,230.00693,5.0,1.4,2025-11-17,1472.0443520000001
P02,WH_Mumbai,OR1000,282.85755,5.0,1.4,2025-11-17,1810.28832
P02,WH_Mumbai,OR500,202.28135,5.0,1.4,2025-11-17,1294.60064
P02,WH_Mumbai,WT1000,574.20526,5.0,1.4,2025-11-17,3674.9136639999997
P02,WH_Bangalore,BB1000,365.16287,2.0,1.3,2025-11-17,1205.0374709999999
P02,WH_Bangalore,BB250,196.32794,2.0,1.3,2025-11-17,647.882202
P02,WH_Bangalore,BB500,291.45435,2.0,1.3,2025-11-17,961.7993549999999
P02,WH_Bangalore,EN250,126.56781,2.0,1.3,2025-11-17,417.673773
P02,WH_Bangalore,EN500,90.395886,2.0,1.3,2025-11-17,298.3064238
P02,WH_Bangalore,LM250,151.72263,2.0,1.3,2025-11-17,500.684679
P02,WH_Bangalore,LM500,212.78238,2.0,1.3,2025-11-17,702.1818539999999
P02,WH_Bangalore,OR1000,267.75796,2.0,1.3,2025-11-17,883.601268
P02,WH_Bangalore,OR500,189.70389,2.0,1.3,2025-11-17,626.022837
P02,WH_Bangalore,WT1000,622.03537,2.0,1.3,2025-11-17,2052.716721
P02,WH_Hyderabad,BB1000,162.43115,3.5,1.15,2025-11-17,755.3048475
P02,WH_Hyderabad,BB250,96.895173,3.5,1.15,2025-11-17,450.56255445000005
P02,WH_Hyderabad,BB500,145.35791,3.5,1.15,2025-11-17,675.9142815
P02,WH_Hyderabad,EN250,62.042652,3.5,1.15,2025-11-17,288.4983318
P02,WH_Hyderabad,EN500,42.997781,3.5,1.15,2025-11-17,199.93968165000004
P02,WH_Hyderabad,LM250,74.881044,3.5,1.15,2025-11-17,348.19685460000005
P02,WH_Hyderabad,LM500,115.82155,3.5,1.15,2025-11-17,538.5702075
P02,WH_Hyderabad,OR1000,121.71533,3.5,1.15,2025-11-17,565.9762845
P02,WH_Hyderabad,OR500,85.617925,3.5,1.15,2025-11-17,398.12335125000004
P02,WH_Hyderabad,WT1000,306.70532,3.5,1.15,2025-11-17,1426.179738
P03,WH_Kolkata,BB1000,299.82584,2.0,1.1,2025-11-17,929.4601040000001
P03,WH_Kolkata,BB250,172.34005,2.0,1.1,2025-11-17,534.254155
P03,WH_Kolkata,BB500,259.17101,2.0,1.1,2025-11-17,803.4301310000001
P03,WH_Kolkata,EN250,103.21279,2.0,1.1,2025-11-17,319.959649
P03,WH_Kolkata,EN500,74.426742,2.0,1.1,2025-11-17,230.72290020000003
P03,WH_Kolkata,LM250,132.42334,2.0,1.1,2025-11-17,410.512354
P03,WH_Kolkata,LM500,191.39919,2.0,1.1,2025-11-17,593.337489
P03,WH_Kolkata,OR1000,233.02436,2.0,1.1,2025-11-17,722.3755160000001
P03,WH_Kolkata,OR500,158.51371,2.0,1.1,2025-11-17,491.39250100000004
P03,WH_Kolkata,WT1000,517.40066,2.0,1.1,2025-11-17,1603.9420460000001
P03,WH_Hyderabad,BB1000,118.55,3.0,1.15,2025-11-17,491.9825
P03,WH_Hyderabad,BB250,69.31667,3.0,1.15,2025-11-17,287.66418050000004
P03,WH_Hyderabad,BB500,101.175,3.0,1.15,2025-11-17,419.87625
P03,WH_Hyderabad,EN250,41.383332,3.0,1.15,2025-11-17,171.74082780000003
P03,WH_Hyderabad,EN500,29.174998,3.0,1.15,2025-11-17,121.07624170000001
P03,WH_Hyderabad,LM250,52.374998,3.0,1.15,2025-11-17,217.3562417
P03,WH_Hyderabad,LM500,74.516666,3.0,1.15,2025-11-17,309.24416390000005
P03,WH_Hyderabad,OR1000,89.800001,3.0,1.15,2025-11-17,372.67000415
P03,WH_Hyderabad,OR500,63.350002,3.0,1.15,2025-11-17,262.9025083
P03,WH_Hyderabad,WT1000,208.26666,3.0,1.15,2025-11-17,864.3066390000001
P01,WH_Delhi,BB1000,321.29468,2.0,1.2,2025-11-24,1028.142976
P01,WH_Delhi,BB250,181.56951,2.0,1.2,2025-11-24,581.0224320000001
P01,WH_Delhi,BB500,260.42448,2.0,1.2,2025-11-24,833.3583360000001
P01,WH_Delhi,EN250,113.60038,2.0,1.2,2025-11-24,363.52121600000004
P01,WH_Delhi,EN500,77.755782,2.0,1.2,2025-11-24,248.8185024
P01,WH_Delhi,LM250,153.45483,2.0,1.2,2025-11-24,491.055456
P01,WH_Delhi,LM500,203.58275,2.0,1.2,2025-11-24,651.4648000000001
P01,WH_Delhi,OR1000,245.28787,2.0,1.2,2025-11-24,784.921184
P01,WH_Delhi,OR500,178.98104,2.0,1.2,2025-11-24,572.739328
P01,WH_Delhi,WT1000,544.61115,2.0,1.2,2025-11-24,1742.75568
P02,WH_Mumbai,BB1000,357.33647,5.0,1.4,2025-11-24,2286.9534080000003
P02,WH_Mumbai,BB250,205.94123,5.0,1.4,2025-11-24,1318.023872
P02,WH_Mumbai,BB500,275.6686,5.0,1.4,2025-11-24,1764.2790400000004
P02,WH_Mumbai,EN250,129.38467,5.0,1.4,2025-11-24,828.0618880000001
P02,WH_Mumbai,EN500,87.941604,5.0,1.4,2025-11-24,562.8262656
P02,WH_Mumbai,LM250,164.72815,5.0,1.4,2025-11-24,1054.26016
P02,WH_Mumbai,LM500,227.86269,5.0,1.4,2025-11-24,1458.321216
P02,WH_Mumbai,OR1000,279.47731,5.0,1.4,2025-11-24,1788.654784
P02,WH_Mumbai,OR500,196.23408,5.0,1.4,2025-11-24,1255.898112
P02,WH_Mumbai,WT1000,660.43052,5.0,1.4,2025-11-24,4226.755328
P02,WH_Bangalore,BB1000,367.61871,2.0,1.3,2025-11-24,1213.141743
P02,WH_Bangalore,BB250,190.7084,2.0,1.3,2025-11-24,629.33772
P02,WH_Bangalore,BB500,271.94696,2.0,1.3,2025-11-24,897.4249679999999
P02,WH_Bangalore,EN250,132.60303,2.0,1.3,2025-11-24,437.5899989999999
P02,WH_Bangalore,EN500,89.066884,2.0,1.3,2025-11-24,293.9207172
P02,WH_Bangalore,LM250,150.88704,2.0,1.3,2025-11-24,497.927232
P02,WH_Bangalore,LM500,211.67347,2.0,1.3,2025-11-24,698.522451
P02,WH_Bangalore,OR1000,265.20925,2.0,1.3,2025-11-24,875.190525
P02,WH_Bangalore,OR500,178.0505,2.0,1.3,2025-11-24,587.56665
P02,WH_Bangalore,WT1000,566.54968,2.0,1.3,2025-11-24,1869.6139439999997
P02,WH_Hyderabad,BB1000,156.84547,3.5,1.15,2025-11-24,729.3314355000001
P02,WH_Hyderabad,BB250,95.135302,3.5,1.15,2025-11-24,442.37915430000004
P02,WH_Hyderabad,BB500,137.45945,3.5,1.15,2025-11-24,639.1864425000001
P02,WH_Hyderabad,EN250,58.325,3.5,1.15,2025-11-24,271.21125
P02,WH_Hyderabad,EN500,43.032007,3.5,1.15,2025-11-24,200.09883255000003
P02,WH_Hyderabad,LM250,78.431132,3.5,1.15,2025-11-24,364.7047638000001
P02,WH_Hyderabad,LM500,104.2228,3.5,1.15,2025-11-24,484.6360200000001
P02,WH_Hyderabad,OR1000,117.50163,3.5,1.15,2025-11-24,546.3825795
P02,WH_Hyderabad,OR500,79.850743,3.5,1.15,2025-11-24,371.30595495
P02,WH_Hyderabad,WT1000,311.36154,3.5,1.15,2025-11-24,1447.831161
P03,WH_Kolkata,BB1000,300.88797,2.0,1.1,2025-11-24,932.752707
P03,WH_Kolkata,BB250,173.46173,2.0,1.1,2025-11-24,537.731363
P03,WH_Kolkata,BB500,286.933,2.0,1.1,2025-11-24,889.4923
P03,WH_Kolkata,EN250,104.07508,2.0,1.1,2025-11-24,322.632748
P03,WH_Kolkata,EN500,77.469599,2.0,1.1,2025-11-24,240.1557569
P03,WH_Kolkata,LM250,148.82448,2.0,1.1,2025-11-24,461.355888
P03,WH_Kolkata,LM500,187.78988,2.0,1.1,2025-11-24,582.148628
P03,WH_Kolkata,OR1000,232.59473,2.0,1.1,2025-11-24,721.043663
P03,WH_Kolkata,OR500,161.0627,2.0,1.1,2025-11-24,499.29437
P03,WH_Kolkata,WT1000,538.64649,2.0,1.1,2025-11-24,1669.804119
P03,WH_Hyderabad,BB1000,118.55,3.0,1.15,2025-11-24,491.9825
P03,WH_Hyderabad,BB250,69.316671,3.0,1.15,2025-11-24,287.66418465000004
P03,WH_Hyderabad,BB500,101.175,3.0,1.15,2025-11-24,419.87625
P03,WH_Hyderabad,EN250,41.383331,3.0,1.15,2025-11-24,171.74082365
P03,WH_Hyderabad,EN500,29.175001,3.0,1.15,2025-11-24,121.07625415000001
P03,WH_Hyderabad,LM250,52.374999,3.0,1.15,2025-11-24,217.35624585000002
P03,WH_Hyderabad,LM500,74.516664,3.0,1.15,2025-11-24,309.24415560000006
P03,WH_Hyderabad,OR1000,89.8,3.0,1.15,2025-11-24,372.67
P03,WH_Hyderabad,OR500,63.350004,3.0,1.15,2025-11-24,262.9025166
P03,WH_Hyderabad,WT1000,208.26667,3.0,1.15,2025-11-24,864.3066805000001
P01,WH_Delhi,BB1000,316.87768,2.0,1.2,2025-12-01,1014.0085760000001
P01,WH_Delhi,BB250,180.3111,2.0,1.2,2025-12-01,576.99552
P01,WH_Delhi,BB500,251.8295,2.0,1.2,2025-12-01,805.8544
P01,WH_Delhi,EN250,109.06332,2.0,1.2,2025-12-01,349.002624
P01,WH_Delhi,EN500,74.216003,2.0,1.2,2025-12-01,237.49120960000002
P01,WH_Delhi,LM250,144.20116,2.0,1.2,2025-12-01,461.443712
P01,WH_Delhi,LM500,202.44925,2.0,1.2,2025-12-01,647.8376000000001
P01,WH_Delhi,OR1000,238.08016,2.0,1.2,2025-12-01,761.8565120000001
P01,WH_Delhi,OR500,164.43689,2.0,1.2,2025-12-01,526.1980480000001
P01,WH_Delhi,WT1000,556.75778,2.0,1.2,2025-12-01,1781.6248960000003
P02,WH_Mumbai,BB1000,352.55414,5.0,1.4,2025-12-01,2256.346496
P02,WH_Mumbai,BB250,204.3031,5.0,1.4,2025-12-01,1307.5398400000001
P02,WH_Mumbai,BB500,286.74689,5.0,1.4,2025-12-01,1835.180096
P02,WH_Mumbai,EN250,129.68154,5.0,1.4,2025-12-01,829.9618560000001
P02,WH_Mumbai,EN500,87.058882,5.0,1.4,2025-12-01,557.1768448
P02,WH_Mumbai,LM250,164.52149,5.0,1.4,2025-12-01,1052.9375360000001
P02,WH_Mumbai,LM500,218.89158,5.0,1.4,2025-12-01,1400.9061120000001
P02,WH_Mumbai,OR1000,289.79742,5.0,1.4,2025-12-01,1854.703488
P02,WH_Mumbai,OR500,195.13718,5.0,1.4,2025-12-01,1248.877952
P02,WH_Mumbai,WT1000,581.75045,5.0,1.4,2025-12-01,3723.2028800000003
P02,WH_Bangalore,BB1000,342.46239,2.0,1.3,2025-12-01,1130.125887
P02,WH_Bangalore,BB250,190.19191,2.0,1.3,2025-12-01,627.633303
P02,WH_Bangalore,BB500,283.03708,2.0,1.3,2025-12-01,934.0223639999999
P02,WH_Bangalore,EN250,125.89171,2.0,1.3,2025-12-01,415.442643
P02,WH_Bangalore,EN500,91.51086,2.0,1.3,2025-12-01,301.98583799999994
P02,WH_Bangalore,LM250,157.80625,2.0,1.3,2025-12-01,520.760625
P02,WH_Bangalore,LM500,218.06495,2.0,1.3,2025-12-01,719.614335
P02,WH_Bangalore,OR1000,269.71893,2.0,1.3,2025-12-01,890.072469
P02,WH_Bangalore,OR500,188.11975,2.0,1.3,2025-12-01,620.795175
P02,WH_Bangalore,WT1000,593.58063,2.0,1.3,2025-12-01,1958.816079
P02,WH_Hyderabad,BB1000,157.7366,3.5,1.15,2025-12-01,733.4751900000001
P02,WH_Hyderabad,BB250,91.513364,3.5,1.15,2025-12-01,425.53714260000004
P02,WH_Hyderabad,BB500,139.27511,3.5,1.15,2025-12-01,647.6292615000001
P02,WH_Hyderabad,EN250,56.884936,3.5,1.15,2025-12-01,264.5149524
P02,WH_Hyderabad,EN500,42.165953,3.5,1.15,2025-12-01,196.07168145000003
P02,WH_Hyderabad,LM250,76.261365,3.5,1.15,2025-12-01,354.61534725
P02,WH_Hyderabad,LM500,104.33628,3.5,1.15,2025-12-01,485.16370200000006
P02,WH_Hyderabad,OR1000,122.51439,3.5,1.15,2025-12-01,569.6919135
P02,WH_Hyderabad,OR500,88.939723,3.5,1.15,2025-12-01,413.56971195000006
P02,WH_Hyderabad,WT1000,337.18632,3.5,1.15,2025-12-01,1567.9163880000003
P03,WH_Kolkata,BB1000,299.14977,2.0,1.1,2025-12-01,927.364287
P03,WH_Kolkata,BB250,181.99935,2.0,1.1,2025-12-01,564.197985
P03,WH_Kolkata,BB500,257.82455,2.0,1.1,2025-12-01,799.2561049999999
P03,WH_Kolkata,EN250,104.71875,2.0,1.1,2025-12-01,324.628125
P03,WH_Kolkata,EN500,73.586287,2.0,1.1,2025-12-01,228.1174897
P03,WH_Kolkata,LM250,135.97892,2.0,1.1,2025-12-01,421.534652
P03,WH_Kolkata,LM500,186.71967,2.0,1.1,2025-12-01,578.8309770000001
P03,WH_Kolkata,OR1000,233.8692,2.0,1.1,2025-12-01,724.9945200000001
P03,WH_Kolkata,OR500,173.81063,2.0,1.1,2025-12-01,538.812953
P03,WH_Kolkata,WT1000,512.95119,2.0,1.1,2025-12-01,1590.148689
P03,WH_Hyderabad,BB1000,118.55,3.0,1.15,2025-12-01,491.9825
P03,WH_Hyderabad,BB250,69.316665,3.0,1.15,2025-12-01,287.66415975
P03,WH_Hyderabad,BB500,101.175,3.0,1.15,2025-12-01,419.87625
P03,WH_Hyderabad,EN250,41.38333,3.0,1.15,2025-12-01,171.74081950000001
P03,WH_Hyderabad,EN500,29.175003,3.0,1.15,2025-12-01,121.07626245000002
P03,WH_Hyderabad,LM250,52.374996,3.0,1.15,2025-12-01,217.35623340000004
P03,WH_Hyderabad,LM500,74.516665,3.0,1.15,2025-12-01,309.24415975000005
P03,WH_Hyderabad,OR1000,89.8,3.0,1.15,2025-12-01,372.67
P03,WH_Hyderabad,OR500,63.350002,3.0,1.15,2025-12-01,262.9025083
P03,WH_Hyderabad,WT1000,208.26666,3.0,1.15,2025-12-01,864.3066390000001
P01,WH_Delhi,BB1000,310.7656,2.0,1.2,2025-12-08,994.44992
P01,WH_Delhi,BB250,175.04957,2.0,1.2,2025-12-08,560.158624
P01,WH_Delhi,BB500,273.24484,2.0,1.2,2025-12-08,874.383488
P01,WH_Delhi,EN250,108.2735,2.0,1.2,2025-12-08,346.47520000000003
P01,WH_Delhi,EN500,76.083049,2.0,1.2,2025-12-08,243.4657568
P01,WH_Delhi,LM250,141.31554,2.0,1.2,2025-12-08,452.20972800000004
P01,WH_Delhi,LM500,201.28802,2.0,1.2,2025-12-08,644.121664
P01,WH_Delhi,OR1000,239.15395,2.0,1.2,2025-12-08,765.2926400000001
P01,WH_Delhi,OR500,176.16264,2.0,1.2,2025-12-08,563.720448
P01,WH_Delhi,WT1000,548.43853,2.0,1.2,2025-12-08,1755.003296
P02,WH_Mumbai,BB1000,351.3912,5.0,1.4,2025-12-08,2248.9036800000003
P02,WH_Mumbai,BB250,203.73344,5.0,1.4,2025-12-08,1303.8940160000002
P02,WH_Mumbai,BB500,299.32014,5.0,1.4,2025-12-08,1915.648896
P02,WH_Mumbai,EN250,124.81161,5.0,1.4,2025-12-08,798.794304
P02,WH_Mumbai,EN500,91.818716,5.0,1.4,2025-12-08,587.6397824
P02,WH_Mumbai,LM250,160.62103,5.0,1.4,2025-12-08,1027.974592
P02,WH_Mumbai,LM500,222.57047,5.0,1.4,2025-12-08,1424.451008
P02,WH_Mumbai,OR1000,282.50475,5.0,1.4,2025-12-08,1808.0304
P02,WH_Mumbai,OR500,206.84602,5.0,1.4,2025-12-08,1323.814528
P02,WH_Mumbai,WT1000,671.75519,5.0,1.4,2025-12-08,4299.233216
P02,WH_Bangalore,BB1000,340.73593,2.0,1.3,2025-12-08,1124.428569
P02,WH_Bangalore,BB250,191.81375,2.0,1.3,2025-12-08,632.985375
P02,WH_Bangalore,BB500,278.18745,2.0,1.3,2025-12-08,918.018585
P02,WH_Bangalore,EN250,124.2511,2.0,1.3,2025-12-08,410.02862999999996
P02,WH_Bangalore,EN500,87.36953,2.0,1.3,2025-12-08,288.31944899999996
P02,WH_Bangalore,LM250,153.34009,2.0,1.3,2025-12-08,506.022297
P02,WH_Bangalore,LM500,222.51974,2.0,1.3,2025-12-08,734.315142
P02,WH_Bangalore,OR1000,268.25856,2.0,1.3,2025-12-08,885.2532479999999
P02,WH_Bangalore,OR500,181.06508,2.0,1.3,2025-12-08,597.5147639999999
P02,WH_Bangalore,WT1000,593.73685,2.0,1.3,2025-12-08,1959.3316049999999
P02,WH_Hyderabad,BB1000,181.77005,3.5,1.15,2025-12-08,845.2307325
P02,WH_Hyderabad,BB250,91.819622,3.5,1.15,2025-12-08,426.96124230000004
P02,WH_Hyderabad,BB500,144.71333,3.5,1.15,2025-12-08,672.9169845000001
P02,WH_Hyderabad,EN250,66.071024,3.5,1.15,2025-12-08,307.2302616
P02,WH_Hyderabad,EN500,41.68374,3.5,1.15,2025-12-08,193.82939100000002
P02,WH_Hyderabad,LM250,73.877461,3.5,1.15,2025-12-08,343.53019365
P02,WH_Hyderabad,LM500,107.30515,3.5,1.15,2025-12-08,498.9689475
P02,WH_Hyderabad,OR1000,126.74124,3.5,1.15,2025-12-08,589.3467660000001
P02,WH_Hyderabad,OR500,90.47461,3.5,1.15,2025-12-08,420.70693650000004
P02,WH_Hyderabad,WT1000,320.62548,3.5,1.15,2025-12-08,1490.908482
P03,WH_Kolkata,BB1000,318.50915,2.0,1.1,2025-12-08,987.3783649999999
P03,WH_Kolkata,BB250,180.57464,2.0,1.1,2025-12-08,559.781384
P03,WH_Kolkata,BB500,271.15709,2.0,1.1,2025-12-08,840.5869789999999
P03,WH_Kolkata,EN250,103.75225,2.0,1.1,2025-12-08,321.631975
P03,WH_Kolkata,EN500,73.309058,2.0,1.1,2025-12-08,227.2580798
P03,WH_Kolkata,LM250,141.30079,2.0,1.1,2025-12-08,438.03244900000004
P03,WH_Kolkata,LM500,186.21547,2.0,1.1,2025-12-08,577.267957
P03,WH_Kolkata,OR1000,228.30672,2.0,1.1,2025-12-08,707.7508320000001
P03,WH_Kolkata,OR500,171.12721,2.0,1.1,2025-12-08,530.4943509999999
P03,WH_Kolkata,WT1000,541.85882,2.0,1.1,2025-12-08,1679.7623420000002
P03,WH_Hyderabad,BB1000,118.55,3.0,1.15,2025-12-08,491.9825
P03,WH_Hyderabad,BB250,69.316669,3.0,1.15,2025-12-08,287.66417635000005
P03,WH_Hyderabad,BB500,101.175,3.0,1.15,2025-12-08,419.87625
P03,WH_Hyderabad,EN250,41.383332,3.0,1.15,2025-12-08,171.74082780000003
P03,WH_Hyderabad,EN500,29.175003,3.0,1.15,2025-12-08,121.07626245000002
P03,WH_Hyderabad,LM250,52.374998,3.0,1.15,2025-12-08,217.3562417
P03,WH_Hyderabad,LM500,74.516666,3.0,1.15,2025-12-08,309.24416390000005
P03,WH_Hyderabad,OR1000,89.800002,3.0,1.15,2025-12-08,372.67000830000006
P03,WH_Hyderabad,OR500,63.349998,3.0,1.15,2025-12-08,262.90249170000004
P03,WH_Hyderabad,WT1000,208.26666,3.0,1.15,2025-12-08,864.3066390000001
P01,WH_Delhi,BB1000,314.21651,2.0,1.2,2025-12-15,1005.4928320000001
P01,WH_Delhi,BB250,176.89187,2.0,1.2,2025-12-15,566.053984
P01,WH_Delhi,BB500,264.44185,2.0,1.2,2025-12-15,846.21392
P01,WH_Delhi,EN250,110.19111,2.0,1.2,2025-12-15,352.611552
P01,WH_Delhi,EN500,82.217688,2.0,1.2,2025-12-15,263.0966016
P01,WH_Delhi,LM250,139.74158,2.0,1.2,2025-12-15,447.17305600000003
P01,WH_Delhi,LM500,221.25867,2.0,1.2,2025-12-15,708.027744
P01,WH_Delhi,OR1000,234.63105,2.0,1.2,2025-12-15,750.81936
P01,WH_Delhi,OR500,175.89898,2.0,1.2,2025-12-15,562.876736
P01,WH_Delhi,WT1000,546.19599,2.0,1.2,2025-12-15,1747.8271680000003
P02,WH_Mumbai,BB1000,361.53505,5.0,1.4,2025-12-15,2313.82432
P02,WH_Mumbai,BB250,220.78918,5.0,1.4,2025-12-15,1413.050752
P02,WH_Mumbai,BB500,288.73692,5.0,1.4,2025-12-15,1847.9162880000001
P02,WH_Mumbai,EN250,129.41499,5.0,1.4,2025-12-15,828.255936
P02,WH_Mumbai,EN500,90.03692,5.0,1.4,2025-12-15,576.236288
P02,WH_Mumbai,LM250,158.3082,5.0,1.4,2025-12-15,1013.1724800000001
P02,WH_Mumbai,LM500,227.09264,5.0,1.4,2025-12-15,1453.392896
P02,WH_Mumbai,OR1000,270.2593,5.0,1.4,2025-12-15,1729.6595200000002
P02,WH_Mumbai,OR500,216.47496,5.0,1.4,2025-12-15,1385.4397440000002
P02,WH_Mumbai,WT1000,584.15081,5.0,1.4,2025-12-15,3738.565184
P02,WH_Bangalore,BB1000,361.28014,2.0,1.3,2025-12-15,1192.224462
P02,WH_Bangalore,BB250,199.07828,2.0,1.3,2025-12-15,656.958324
P02,WH_Bangalore,BB500,274.26436,2.0,1.3,2025-12-15,905.0723879999999
P02,WH_Bangalore,EN250,121.10878,2.0,1.3,2025-12-15,399.65897399999994
P02,WH_Bangalore,EN500,90.703632,2.0,1.3,2025-12-15,299.3219856
P02,WH_Bangalore,LM250,164.25046,2.0,1.3,2025-12-15,542.026518
P02,WH_Bangalore,LM500,217.85568,2.0,1.3,2025-12-15,718.9237439999999
P02,WH_Bangalore,OR1000,268.45552,2.0,1.3,2025-12-15,885.9032159999999
P02,WH_Bangalore,OR500,186.43235,2.0,1.3,2025-12-15,615.226755
P02,WH_Bangalore,WT1000,592.37283,2.0,1.3,2025-12-15,1954.8303389999999
P02,WH_Hyderabad,BB1000,153.4404,3.5,1.15,2025-12-15,713.4978600000001
P02,WH_Hyderabad,BB250,92.410775,3.5,1.15,2025-12-15,429.71010375000003
P02,WH_Hyderabad,BB500,135.68873,3.5,1.15,2025-12-15,630.9525945
P02,WH_Hyderabad,EN250,56.84036,3.5,1.15,2025-12-15,264.307674
P02,WH_Hyderabad,EN500,45.747431,3.5,1.15,2025-12-15,212.72555415000002
P02,WH_Hyderabad,LM250,71.99668,3.5,1.15,2025-12-15,334.784562
P02,WH_Hyderabad,LM500,102.26443,3.5,1.15,2025-12-15,475.5295995000001
P02,WH_Hyderabad,OR1000,119.82186,3.5,1.15,2025-12-15,557.171649
P02,WH_Hyderabad,OR500,85.242736,3.5,1.15,2025-12-15,396.3787224
P02,WH_Hyderabad,WT1000,309.08102,3.5,1.15,2025-12-15,1437.2267430000002
P03,WH_Kolkata,BB1000,297.18637,2.0,1.1,2025-12-15,921.2777470000001
P03,WH_Kolkata,BB250,174.15356,2.0,1.1,2025-12-15,539.876036
P03,WH_Kolkata,BB500,251.89384,2.0,1.1,2025-12-15,780.8709040000001
P03,WH_Kolkata,EN250,114.824,2.0,1.1,2025-12-15,355.9544
P03,WH_Kolkata,EN500,75.33785,2.0,1.1,2025-12-15,233.547335
P03,WH_Kolkata,LM250,138.62301,2.0,1.1,2025-12-15,429.731331
P03,WH_Kolkata,LM500,185.07024,2.0,1.1,2025-12-15,573.717744
P03,WH_Kolkata,OR1000,222.34786,2.0,1.1,2025-12-15,689.278366
P03,WH_Kolkata,OR500,162.44127,2.0,1.1,2025-12-15,503.56793700000003
P03,WH_Kolkata,WT1000,522.97629,2.0,1.1,2025-12-15,1621.2264989999999
P03,WH_Hyderabad,BB1000,118.55,3.0,1.15,2025-12-15,491.9825
P03,WH_Hyderabad,BB250,69.316666,3.0,1.15,2025-12-15,287.6641639
P03,WH_Hyderabad,BB500,101.175,3.0,1.15,2025-12-15,419.87625
P03,WH_Hyderabad,EN250,41.383333,3.0,1.15,2025-12-15,171.74083195000003
P03,WH_Hyderabad,EN500,29.175,3.0,1.15,2025-12-15,121.07625000000002
P03,WH_Hyderabad,LM250,52.375003,3.0,1.15,2025-12-15,217.35626245
P03,WH_Hyderabad,LM500,74.516667,3.0,1.15,2025-12-15,309.24416805000004
P03,WH_Hyderabad,OR1000,89.8,3.0,1.15,2025-12-15,372.67
P03,WH_Hyderabad,OR500,63.349997,3.0,1.15,2025-12-15,262.90248755000005
P03,WH_Hyderabad,WT1000,208.26666,3.0,1.15,2025-12-15,864.3066390000001
P01,WH_Delhi,BB1000,334.29848,2.0,1.2,2025-12-22,1069.755136
P01,WH_Delhi,BB250,183.64027,2.0,1.2,2025-12-22,587.648864
P01,WH_Delhi,BB500,266.16694,2.0,1.2,2025-12-22,851.7342080000001
P01,WH_Delhi,EN250,108.73392,2.0,1.2,2025-12-22,347.948544
P01,WH_Delhi,EN500,83.75147,2.0,1.2,2025-12-22,268.004704
P01,WH_Delhi,LM250,146.71864,2.0,1.2,2025-12-22,469.499648
P01,WH_Delhi,LM500,222.45328,2.0,1.2,2025-12-22,711.850496
P01,WH_Delhi,OR1000,243.70612,2.0,1.2,2025-12-22,779.859584
P01,WH_Delhi,OR500,180.50681,2.0,1.2,2025-12-22,577.621792
P01,WH_Delhi,WT1000,558.01633,2.0,1.2,2025-12-22,1785.6522560000003
P02,WH_Mumbai,BB1000,410.94827,5.0,1.4,2025-12-22,2630.068928
P02,WH_Mumbai,BB250,218.34289,5.0,1.4,2025-12-22,1397.3944960000001
P02,WH_Mumbai,BB500,318.88767,5.0,1.4,2025-12-22,2040.881088
P02,WH_Mumbai,EN250,137.26268,5.0,1.4,2025-12-22,878.481152
P02,WH_Mumbai,EN500,99.721995,5.0,1.4,2025-12-22,638.2207680000001
P02,WH_Mumbai,LM250,165.10528,5.0,1.4,2025-12-22,1056.673792
P02,WH_Mumbai,LM500,229.56142,5.0,1.4,2025-12-22,1469.193088
P02,WH_Mumbai,OR1000,296.77066,5.0,1.4,2025-12-22,1899.3322240000002
P02,WH_Mumbai,OR500,210.97541,5.0,1.4,2025-12-22,1350.2426240000002
P02,WH_Mumbai,WT1000,593.50552,5.0,1.4,2025-12-22,3798.4353280000005
P02,WH_Bangalore,BB1000,366.12635,2.0,1.3,2025-12-22,1208.2169549999999
P02,WH_Bangalore,BB250,204.6331,2.0,1.3,2025-12-22,675.28923
P02,WH_Bangalore,BB500,294.50778,2.0,1.3,2025-12-22,971.875674
P02,WH_Bangalore,EN250,124.97993,2.0,1.3,2025-12-22,412.433769
P02,WH_Bangalore,EN500,95.547793,2.0,1.3,2025-12-22,315.3077169
P02,WH_Bangalore,LM250,163.82603,2.0,1.3,2025-12-22,540.625899
P02,WH_Bangalore,LM500,247.02977,2.0,1.3,2025-12-22,815.198241
P02,WH_Bangalore,OR1000,282.88528,2.0,1.3,2025-12-22,933.521424
P02,WH_Bangalore,OR500,190.52172,2.0,1.3,2025-12-22,628.7216759999999
P02,WH_Bangalore,WT1000,581.34947,2.0,1.3,2025-12-22,1918.453251
P02,WH_Hyderabad,BB1000,163.47067,3.5,1.15,2025-12-22,760.1386155000001
P02,WH_Hyderabad,BB250,104.21424,3.5,1.15,2025-12-22,484.596216
P02,WH_Hyderabad,BB500,139.41559,3.5,1.15,2025-12-22,648.2824935000001
P02,WH_Hyderabad,EN250,63.175323,3.5,1.15,2025-12-22,293.76525195
P02,WH_Hyderabad,EN500,43.242342,3.5,1.15,2025-12-22,201.07689030000003
P02,WH_Hyderabad,LM250,74.534714,3.5,1.15,2025-12-22,346.5864201
P02,WH_Hyderabad,LM500,109.97834,3.5,1.15,2025-12-22,511.39928100000003
P02,WH_Hyderabad,OR1000,131.52984,3.5,1.15,2025-12-22,611.6137560000001
P02,WH_Hyderabad,OR500,95.134621,3.5,1.15,2025-12-22,442.37598765
P02,WH_Hyderabad,WT1000,325.18911,3.5,1.15,2025-12-22,1512.1293615000002
P03,WH_Kolkata,BB1000,321.34066,2.0,1.1,2025-12-22,996.1560460000001
P03,WH_Kolkata,BB250,185.81981,2.0,1.1,2025-12-22,576.041411
P03,WH_Kolkata,BB500,261.32808,2.0,1.1,2025-12-22,810.1170480000001
P03,WH_Kolkata,EN250,110.50879,2.0,1.1,2025-12-22,342.57724900000005
P03,WH_Kolkata,EN500,77.305664,2.0,1.1,2025-12-22,239.64755839999998
P03,WH_Kolkata,LM250,139.71783,2.0,1.1,2025-12-22,433.125273
P03,WH_Kolkata,LM500,201.74045,2.0,1.1,2025-12-22,625.395395
P03,WH_Kolkata,OR1000,224.85465,2.0,1.1,2025-12-22,697.049415
P03,WH_Kolkata,OR500,175.36018,2.0,1.1,2025-12-22,543.616558
P03,WH_Kolkata,WT1000,529.87787,2.0,1.1,2025-12-22,1642.6213970000001
P03,WH_Hyderabad,BB1000,118.55,3.0,1.15,2025-12-22,491.9825
P03,WH_Hyderabad,BB250,69.31667,3.0,1.15,2025-12-22,287.66418050000004
P03,WH_Hyderabad,BB500,101.175,3.0,1.15,2025-12-22,419.87625
P03,WH_Hyderabad,EN250,41.383331,3.0,1.15,2025-12-22,171.74082365
P03,WH_Hyderabad,EN500,29.174996,3.0,1.15,2025-12-22,121.0762334
P03,WH_Hyderabad,LM250,52.374997,3.0,1.15,2025-12-22,217.35623755000003
P03,WH_Hyderabad,LM500,74.516668,3.0,1.15,2025-12-22,309.24417220000004
P03,WH_Hyderabad,OR1000,89.799995,3.0,1.15,2025-12-22,372.66997925000004
P03,WH_Hyderabad,OR500,63.350001,3.0,1.15,2025-12-22,262.90250415
P03,WH_Hyderabad,WT1000,208.26666,3.0,1.15,2025-12-22,864.3066390000001
P01,WH_Delhi,BB1000,133.51147,2.0,1.2,2025-12-29,427.23670400000003
P01,WH_Delhi,BB250,73.790741,2.0,1.2,2025-12-29,236.1303712
P01,WH_Delhi,BB500,112.77339,2.0,1.2,2025-12-29,360.87484800000004
P01,WH_Delhi,EN250,44.163225,2.0,1.2,2025-12-29,141.32232
P01,WH_Delhi,EN500,33.477637,2.0,1.2,2025-12-29,107.12843840000001
P01,WH_Delhi,LM250,55.852072,2.0,1.2,2025-12-29,178.7266304
P01,WH_Delhi,LM500,88.739442,2.0,1.2,2025-12-29,283.9662144
P01,WH_Delhi,OR1000,112.70743,2.0,1.2,2025-12-29,360.66377600000004
P01,WH_Delhi,OR500,67.592192,2.0,1.2,2025-12-29,216.2950144
P01,WH_Delhi,WT1000,237.27612,2.0,1.2,2025-12-29,759.283584
P02,WH_Mumbai,BB1000,161.73985,5.0,1.4,2025-12-29,1035.13504
P02,WH_Mumbai,BB250,91.69331,5.0,1.4,2025-12-29,586.837184
P02,WH_Mumbai,BB500,120.12076,5.0,1.4,2025-12-29,768.772864
P02,WH_Mumbai,EN250,58.541214,5.0,1.4,2025-12-29,374.6637696
P02,WH_Mumbai,EN500,39.633473,5.0,1.4,2025-12-29,253.65422720000004
P02,WH_Mumbai,LM250,63.513048,5.0,1.4,2025-12-29,406.4835072
P02,WH_Mumbai,LM500,92.85554,5.0,1.4,2025-12-29,594.2754560000001
P02,WH_Mumbai,OR1000,108.44495,5.0,1.4,2025-12-29,694.0476800000001
P02,WH_Mumbai,OR500,84.668176,5.0,1.4,2025-12-29,541.8763264
P02,WH_Mumbai,WT1000,253.53267,5.0,1.4,2025-12-29,1622.6090880000002
P02,WH_Bangalore,BB1000,148.36749,2.0,1.3,2025-12-29,489.612717
P02,WH_Bangalore,BB250,86.936413,2.0,1.3,2025-12-29,286.8901629
P02,WH_Bangalore,BB500,118.9971,2.0,1.3,2025-12-29,392.69043
P02,WH_Bangalore,EN250,54.492573,2.0,1.3,2025-12-29,179.82549089999998
P02,WH_Bangalore,EN500,36.088363,2.0,1.3,2025-12-29,119.0915979
P02,WH_Bangalore,LM250,66.580602,2.0,1.3,2025-12-29,219.71598659999998
P02,WH_Bangalore,LM500,103.04837,2.0,1.3,2025-12-29,340.059621
P02,WH_Bangalore,OR1000,120.68881,2.0,1.3,2025-12-29,398.273073
P02,WH_Bangalore,OR500,74.745279,2.0,1.3,2025-12-29,246.65942069999997
P02,WH_Bangalore,WT1000,236.38172,2.0,1.3,2025-12-29,780.059676
P02,WH_Hyderabad,BB250,3.8271046,3.5,1.15,2025-12-29,17.79603639
P02,WH_Hyderabad,EN500,0.363505,3.5,1.15,2025-12-29,1.6902982500000003
P02,WH_Hyderabad,OR1000,0.8352175,3.5,1.15,2025-12-29,3.883761375
P02,WH_Hyderabad,WT1000,4.0827608,3.5,1.15,2025-12-29,18.98483772
P03,WH_Kolkata,BB1000,126.11986,2.0,1.1,2025-12-29,390.971566
P03,WH_Kolkata,BB250,77.196964,2.0,1.1,2025-12-29,239.3105884
P03,WH_Kolkata,BB500,103.77236,2.0,1.1,2025-12-29,321.694316
P03,WH_Kolkata,EN250,44.910718,2.0,1.1,2025-12-29,139.22322580000002
P03,WH_Kolkata,EN500,31.73937,2.0,1.1,2025-12-29,98.392047
P03,WH_Kolkata,LM250,53.303638,2.0,1.1,2025-12-29,165.2412778
P03,WH_Kolkata,LM500,81.021609,2.0,1.1,2025-12-29,251.1669879
P03,WH_Kolkata,OR1000,98.728034,2.0,1.1,2025-12-29,306.0569054
P03,WH_Kolkata,OR500,75.386441,2.0,1.1,2025-12-29,233.69796710000003
P03,WH_Kolkata,WT1000,218.64952,2.0,1.1,2025-12-29,677.8135120000001
P03,WH_Hyderabad,BB1000,113.89593,3.0,1.15,2025-12-29,472.66810950000007
P03,WH_Hyderabad,BB250,69.316666,3.0,1.15,2025-12-29,287.6641639
P03,WH_Hyderabad,BB500,96.801837,3.0,1.15,2025-12-29,401.72762355000003
P03,WH_Hyderabad,EN250,40.080833,3.0,1.15,2025-12-29,166.33545695
P03,WH_Hyderabad,EN500,29.175,3.0,1.15,2025-12-29,121.07625000000002
P03,WH_Hyderabad,LM250,50.210731,3.0,1.15,2025-12-29,208.37453365000002
P03,WH_Hyderabad,LM500,74.457051,3.0,1.15,2025-12-29,308.99676165000005
P03,WH_Hyderabad,OR1000,89.799996,3.0,1.15,2025-12-29,372.6699834
P03,WH_Hyderabad,OR500,60.822555,3.0,1.15,2025-12-29,252.41360325000002
P03,WH_Hyderabad,WT1000,208.26666,3.0,1.15,2025-12-29,864.3066390000001
