date,beginning_inventory,demand,fulfilled,lost_sales,ending_inventory,inventory_position,order_quantity,received_quantity,sku,region
2025-07-01,7861.0,529.0,529.0,0.0,7332.0,7332.0,0.0,0.0,BB1000,Central
2025-07-02,7332.0,504.0,504.0,0.0,6828.0,6828.0,0.0,0.0,BB1000,Central
2025-07-03,6828.0,502.0,502.0,0.0,6326.0,6326.0,0.0,0.0,BB1000,Central
2025-07-04,6326.0,552.0,552.0,0.0,5774.0,5774.0,0.0,0.0,BB1000,Central
2025-07-05,5774.0,594.0,594.0,0.0,5180.0,5180.0,0.0,0.0,BB1000,Central
2025-07-06,5180.0,621.0,621.0,0.0,4559.0,4559.0,0.0,0.0,BB1000,Central
2025-07-07,4559.0,498.0,498.0,0.0,4061.0,4061.0,3800.0,0.0,BB1000,Central
2025-07-08,4061.0,567.0,567.0,0.0,3494.0,7294.0,0.0,0.0,BB1000,Central
2025-07-09,3494.0,456.0,456.0,0.0,3038.0,6838.0,0.0,0.0,BB1000,Central
2025-07-10,3038.0,674.0,674.0,0.0,2364.0,6164.0,0.0,0.0,BB1000,Central
2025-07-11,2364.0,546.0,546.0,0.0,1818.0,5618.0,0.0,0.0,BB1000,Central
2025-07-12,1818.0,668.0,668.0,0.0,1150.0,4950.0,0.0,0.0,BB1000,Central
2025-07-13,1150.0,681.0,681.0,0.0,469.0,4269.0,3592.0,0.0,BB1000,Central
2025-07-14,469.0,558.0,469.0,89.0,0.0,7392.0,0.0,0.0,BB1000,Central
2025-07-15,3800.0,598.0,598.0,0.0,3202.0,6794.0,0.0,3800.0,BB1000,Central
2025-07-16,3202.0,508.0,508.0,0.0,2694.0,6286.0,0.0,0.0,BB1000,Central
2025-07-17,2694.0,615.0,615.0,0.0,2079.0,5671.0,0.0,0.0,BB1000,Central
2025-07-18,2079.0,551.0,551.0,0.0,1528.0,5120.0,0.0,0.0,BB1000,Central
2025-07-19,1528.0,497.0,497.0,0.0,1031.0,4623.0,0.0,0.0,BB1000,Central
2025-07-20,1031.0,601.0,601.0,0.0,430.0,4022.0,3839.0,0.0,BB1000,Central
2025-07-21,4022.0,485.0,485.0,0.0,3537.0,7376.0,0.0,3592.0,BB1000,Central
2025-07-22,3537.0,479.0,479.0,0.0,3058.0,6897.0,0.0,0.0,BB1000,Central
2025-07-23,3058.0,490.0,490.0,0.0,2568.0,6407.0,0.0,0.0,BB1000,Central
2025-07-24,2568.0,557.0,557.0,0.0,2011.0,5850.0,0.0,0.0,BB1000,Central
2025-07-25,2011.0,708.0,708.0,0.0,1303.0,5142.0,0.0,0.0,BB1000,Central
2025-07-26,1303.0,611.0,611.0,0.0,692.0,4531.0,0.0,0.0,BB1000,Central
2025-07-27,692.0,534.0,534.0,0.0,158.0,3997.0,3864.0,0.0,BB1000,Central
2025-07-28,3997.0,565.0,565.0,0.0,3432.0,7296.0,0.0,3839.0,BB1000,Central
2025-07-29,3432.0,603.0,603.0,0.0,2829.0,6693.0,0.0,0.0,BB1000,Central
2025-07-30,2829.0,554.0,554.0,0.0,2275.0,6139.0,0.0,0.0,BB1000,Central
2025-07-31,2275.0,485.0,485.0,0.0,1790.0,5654.0,0.0,0.0,BB1000,Central
2025-08-01,1790.0,417.0,417.0,0.0,1373.0,5237.0,0.0,0.0,BB1000,Central
2025-08-02,1373.0,690.0,690.0,0.0,683.0,4547.0,0.0,0.0,BB1000,Central
2025-08-03,683.0,645.0,645.0,0.0,38.0,3902.0,3959.0,0.0,BB1000,Central
2025-08-04,3902.0,457.0,457.0,0.0,3445.0,7404.0,0.0,3864.0,BB1000,Central
2025-08-05,3445.0,516.0,516.0,0.0,2929.0,6888.0,0.0,0.0,BB1000,Central
2025-08-06,2929.0,455.0,455.0,0.0,2474.0,6433.0,0.0,0.0,BB1000,Central
2025-08-07,2474.0,446.0,446.0,0.0,2028.0,5987.0,0.0,0.0,BB1000,Central
2025-08-08,2028.0,527.0,527.0,0.0,1501.0,5460.0,0.0,0.0,BB1000,Central
2025-08-09,1501.0,723.0,723.0,0.0,778.0,4737.0,0.0,0.0,BB1000,Central
2025-08-10,778.0,531.0,531.0,0.0,247.0,4206.0,3655.0,0.0,BB1000,Central
2025-08-11,4206.0,493.0,493.0,0.0,3713.0,7368.0,0.0,3959.0,BB1000,Central
2025-08-12,3713.0,603.0,603.0,0.0,3110.0,6765.0,0.0,0.0,BB1000,Central
2025-08-13,3110.0,489.0,489.0,0.0,2621.0,6276.0,0.0,0.0,BB1000,Central
2025-08-14,2621.0,460.0,460.0,0.0,2161.0,5816.0,0.0,0.0,BB1000,Central
2025-08-15,2161.0,644.0,644.0,0.0,1517.0,5172.0,0.0,0.0,BB1000,Central
2025-08-16,1517.0,532.0,532.0,0.0,985.0,4640.0,0.0,0.0,BB1000,Central
2025-08-17,985.0,554.0,554.0,0.0,431.0,4086.0,3775.0,0.0,BB1000,Central
2025-08-18,4086.0,453.0,453.0,0.0,3633.0,7408.0,0.0,3655.0,BB1000,Central
2025-08-19,3633.0,483.0,483.0,0.0,3150.0,6925.0,0.0,0.0,BB1000,Central
2025-08-20,3150.0,615.0,615.0,0.0,2535.0,6310.0,0.0,0.0,BB1000,Central
2025-08-21,2535.0,405.0,405.0,0.0,2130.0,5905.0,0.0,0.0,BB1000,Central
2025-08-22,2130.0,577.0,577.0,0.0,1553.0,5328.0,0.0,0.0,BB1000,Central
2025-08-23,1553.0,481.0,481.0,0.0,1072.0,4847.0,0.0,0.0,BB1000,Central
2025-08-24,1072.0,551.0,551.0,0.0,521.0,4296.0,3565.0,0.0,BB1000,Central
2025-08-25,4296.0,427.0,427.0,0.0,3869.0,7434.0,0.0,3775.0,BB1000,Central
2025-08-26,3869.0,405.0,405.0,0.0,3464.0,7029.0,0.0,0.0,BB1000,Central
2025-08-27,3464.0,516.0,516.0,0.0,2948.0,6513.0,0.0,0.0,BB1000,Central
2025-08-28,2948.0,577.0,577.0,0.0,2371.0,5936.0,0.0,0.0,BB1000,Central
2025-08-29,2371.0,447.0,447.0,0.0,1924.0,5489.0,0.0,0.0,BB1000,Central
2025-08-30,1924.0,646.0,646.0,0.0,1278.0,4843.0,0.0,0.0,BB1000,Central
2025-08-31,1278.0,561.0,561.0,0.0,717.0,4282.0,3579.0,0.0,BB1000,Central
2025-09-01,4282.0,530.0,530.0,0.0,3752.0,7331.0,0.0,3565.0,BB1000,Central
2025-09-02,3752.0,491.0,491.0,0.0,3261.0,6840.0,0.0,0.0,BB1000,Central
2025-09-03,3261.0,445.0,445.0,0.0,2816.0,6395.0,0.0,0.0,BB1000,Central
2025-09-04,2816.0,507.0,507.0,0.0,2309.0,5888.0,0.0,0.0,BB1000,Central
2025-09-05,2309.0,488.0,488.0,0.0,1821.0,5400.0,0.0,0.0,BB1000,Central
2025-09-06,1821.0,476.0,476.0,0.0,1345.0,4924.0,0.0,0.0,BB1000,Central
2025-09-07,1345.0,583.0,583.0,0.0,762.0,4341.0,0.0,0.0,BB1000,Central
2025-09-08,4341.0,491.0,491.0,0.0,3850.0,3850.0,4011.0,3579.0,BB1000,Central
2025-09-09,3850.0,443.0,443.0,0.0,3407.0,7418.0,0.0,0.0,BB1000,Central
2025-09-10,3407.0,437.0,437.0,0.0,2970.0,6981.0,0.0,0.0,BB1000,Central
2025-09-11,2970.0,488.0,488.0,0.0,2482.0,6493.0,0.0,0.0,BB1000,Central
2025-09-12,2482.0,500.0,500.0,0.0,1982.0,5993.0,0.0,0.0,BB1000,Central
2025-09-13,1982.0,552.0,552.0,0.0,1430.0,5441.0,0.0,0.0,BB1000,Central
2025-09-14,1430.0,611.0,611.0,0.0,819.0,4830.0,0.0,0.0,BB1000,Central
2025-09-15,819.0,468.0,468.0,0.0,351.0,4362.0,0.0,0.0,BB1000,Central
2025-09-16,4362.0,395.0,395.0,0.0,3967.0,3967.0,3894.0,4011.0,BB1000,Central
2025-09-17,3967.0,417.0,417.0,0.0,3550.0,7444.0,0.0,0.0,BB1000,Central
2025-09-18,3550.0,383.0,383.0,0.0,3167.0,7061.0,0.0,0.0,BB1000,Central
2025-09-19,3167.0,451.0,451.0,0.0,2716.0,6610.0,0.0,0.0,BB1000,Central
2025-09-20,2716.0,604.0,604.0,0.0,2112.0,6006.0,0.0,0.0,BB1000,Central
2025-09-21,2112.0,537.0,537.0,0.0,1575.0,5469.0,0.0,0.0,BB1000,Central
2025-09-22,1575.0,454.0,454.0,0.0,1121.0,5015.0,0.0,0.0,BB1000,Central
2025-09-23,1121.0,478.0,478.0,0.0,643.0,4537.0,0.0,0.0,BB1000,Central
2025-09-24,4537.0,487.0,487.0,0.0,4050.0,4050.0,3811.0,3894.0,BB1000,Central
2025-09-25,4050.0,401.0,401.0,0.0,3649.0,7460.0,0.0,0.0,BB1000,Central
2025-09-26,3649.0,550.0,550.0,0.0,3099.0,6910.0,0.0,0.0,BB1000,Central
2025-09-27,3099.0,554.0,554.0,0.0,2545.0,6356.0,0.0,0.0,BB1000,Central
2025-09-28,2545.0,516.0,516.0,0.0,2029.0,5840.0,0.0,0.0,BB1000,Central
2025-09-29,2029.0,477.0,477.0,0.0,1552.0,5363.0,0.0,0.0,BB1000,Central
2025-09-30,1552.0,423.0,423.0,0.0,1129.0,4940.0,0.0,0.0,BB1000,Central
2025-10-01,1129.0,474.0,474.0,0.0,655.0,4466.0,0.0,0.0,BB1000,Central
2025-10-02,4466.0,560.0,560.0,0.0,3906.0,3906.0,3955.0,3811.0,BB1000,Central
2025-10-03,3906.0,457.0,457.0,0.0,3449.0,7404.0,0.0,0.0,BB1000,Central
2025-10-04,3449.0,612.0,612.0,0.0,2837.0,6792.0,0.0,0.0,BB1000,Central
2025-10-05,2837.0,459.0,459.0,0.0,2378.0,6333.0,0.0,0.0,BB1000,Central
2025-10-06,2378.0,455.0,455.0,0.0,1923.0,5878.0,0.0,0.0,BB1000,Central
2025-10-07,1923.0,361.0,361.0,0.0,1562.0,5517.0,0.0,0.0,BB1000,Central
2025-10-08,1562.0,509.0,509.0,0.0,1053.0,5008.0,0.0,0.0,BB1000,Central
2025-10-09,1053.0,434.0,434.0,0.0,619.0,4574.0,0.0,0.0,BB1000,Central
2025-10-10,4574.0,464.0,464.0,0.0,4110.0,4110.0,3751.0,3955.0,BB1000,Central
2025-10-11,4110.0,458.0,458.0,0.0,3652.0,7403.0,0.0,0.0,BB1000,Central
2025-10-12,3652.0,506.0,506.0,0.0,3146.0,6897.0,0.0,0.0,BB1000,Central
2025-10-13,3146.0,453.0,453.0,0.0,2693.0,6444.0,0.0,0.0,BB1000,Central
2025-10-14,2693.0,527.0,527.0,0.0,2166.0,5917.0,0.0,0.0,BB1000,Central
2025-10-15,2166.0,441.0,441.0,0.0,1725.0,5476.0,0.0,0.0,BB1000,Central
2025-10-16,1725.0,543.0,543.0,0.0,1182.0,4933.0,0.0,0.0,BB1000,Central
2025-10-17,1182.0,518.0,518.0,0.0,664.0,4415.0,0.0,0.0,BB1000,Central
2025-10-18,4415.0,538.0,538.0,0.0,3877.0,3877.0,3984.0,3751.0,BB1000,Central
2025-10-19,3877.0,534.0,534.0,0.0,3343.0,7327.0,0.0,0.0,BB1000,Central
2025-10-20,3343.0,580.0,580.0,0.0,2763.0,6747.0,0.0,0.0,BB1000,Central
2025-10-21,2763.0,465.0,465.0,0.0,2298.0,6282.0,0.0,0.0,BB1000,Central
2025-10-22,2298.0,408.0,408.0,0.0,1890.0,5874.0,0.0,0.0,BB1000,Central
2025-10-23,1890.0,523.0,523.0,0.0,1367.0,5351.0,0.0,0.0,BB1000,Central
2025-10-24,1367.0,532.0,532.0,0.0,835.0,4819.0,0.0,0.0,BB1000,Central
2025-10-25,835.0,621.0,621.0,0.0,214.0,4198.0,3663.0,0.0,BB1000,Central
2025-10-26,4198.0,570.0,570.0,0.0,3628.0,7291.0,0.0,3984.0,BB1000,Central
2025-10-27,3628.0,524.0,524.0,0.0,3104.0,6767.0,0.0,0.0,BB1000,Central
2025-10-28,3104.0,443.0,443.0,0.0,2661.0,6324.0,0.0,0.0,BB1000,Central
2025-10-29,2661.0,530.0,530.0,0.0,2131.0,5794.0,0.0,0.0,BB1000,Central
2025-10-30,2131.0,407.0,407.0,0.0,1724.0,5387.0,0.0,0.0,BB1000,Central
2025-10-31,1724.0,552.0,552.0,0.0,1172.0,4835.0,0.0,0.0,BB1000,Central
2025-11-01,1172.0,562.0,562.0,0.0,610.0,4273.0,3588.0,0.0,BB1000,Central
2025-11-02,4273.0,766.0,766.0,0.0,3507.0,7095.0,0.0,3663.0,BB1000,Central
2025-11-03,3507.0,387.0,387.0,0.0,3120.0,6708.0,0.0,0.0,BB1000,Central
2025-11-04,3120.0,500.0,500.0,0.0,2620.0,6208.0,0.0,0.0,BB1000,Central
2025-11-05,2620.0,546.0,546.0,0.0,2074.0,5662.0,0.0,0.0,BB1000,Central
2025-11-06,2074.0,400.0,400.0,0.0,1674.0,5262.0,0.0,0.0,BB1000,Central
2025-11-07,1674.0,460.0,460.0,0.0,1214.0,4802.0,0.0,0.0,BB1000,Central
2025-11-08,1214.0,552.0,552.0,0.0,662.0,4250.0,3611.0,0.0,BB1000,Central
2025-11-09,4250.0,483.0,483.0,0.0,3767.0,7378.0,0.0,3588.0,BB1000,Central
2025-11-10,3767.0,443.0,443.0,0.0,3324.0,6935.0,0.0,0.0,BB1000,Central
2025-11-11,3324.0,394.0,394.0,0.0,2930.0,6541.0,0.0,0.0,BB1000,Central
2025-11-12,2930.0,447.0,447.0,0.0,2483.0,6094.0,0.0,0.0,BB1000,Central
2025-11-13,2483.0,574.0,574.0,0.0,1909.0,5520.0,0.0,0.0,BB1000,Central
2025-11-14,1909.0,502.0,502.0,0.0,1407.0,5018.0,0.0,0.0,BB1000,Central
2025-11-15,1407.0,527.0,527.0,0.0,880.0,4491.0,0.0,0.0,BB1000,Central
2025-11-16,4491.0,490.0,490.0,0.0,4001.0,4001.0,3860.0,3611.0,BB1000,Central
2025-11-17,4001.0,486.0,486.0,0.0,3515.0,7375.0,0.0,0.0,BB1000,Central
2025-11-18,3515.0,453.0,453.0,0.0,3062.0,6922.0,0.0,0.0,BB1000,Central
2025-11-19,3062.0,459.0,459.0,0.0,2603.0,6463.0,0.0,0.0,BB1000,Central
2025-11-20,2603.0,503.0,503.0,0.0,2100.0,5960.0,0.0,0.0,BB1000,Central
2025-11-21,2100.0,471.0,471.0,0.0,1629.0,5489.0,0.0,0.0,BB1000,Central
2025-11-22,1629.0,473.0,473.0,0.0,1156.0,5016.0,0.0,0.0,BB1000,Central
2025-11-23,1156.0,481.0,481.0,0.0,675.0,4535.0,0.0,0.0,BB1000,Central
2025-11-24,4535.0,429.0,429.0,0.0,4106.0,4106.0,3755.0,3860.0,BB1000,Central
2025-11-25,4106.0,469.0,469.0,0.0,3637.0,7392.0,0.0,0.0,BB1000,Central
2025-11-26,3637.0,424.0,424.0,0.0,3213.0,6968.0,0.0,0.0,BB1000,Central
2025-11-27,3213.0,554.0,554.0,0.0,2659.0,6414.0,0.0,0.0,BB1000,Central
2025-11-28,2659.0,470.0,470.0,0.0,2189.0,5944.0,0.0,0.0,BB1000,Central
2025-11-29,2189.0,475.0,475.0,0.0,1714.0,5469.0,0.0,0.0,BB1000,Central
2025-11-30,1714.0,523.0,523.0,0.0,1191.0,4946.0,0.0,0.0,BB1000,Central
2025-12-01,1191.0,464.0,464.0,0.0,727.0,4482.0,0.0,0.0,BB1000,Central
2025-12-02,4482.0,472.0,472.0,0.0,4010.0,4010.0,3851.0,3755.0,BB1000,Central
2025-12-03,4010.0,500.0,500.0,0.0,3510.0,7361.0,0.0,0.0,BB1000,Central
2025-12-04,3510.0,497.0,497.0,0.0,3013.0,6864.0,0.0,0.0,BB1000,Central
2025-12-05,3013.0,491.0,491.0,0.0,2522.0,6373.0,0.0,0.0,BB1000,Central
2025-12-06,2522.0,586.0,586.0,0.0,1936.0,5787.0,0.0,0.0,BB1000,Central
2025-12-07,1936.0,457.0,457.0,0.0,1479.0,5330.0,0.0,0.0,BB1000,Central
2025-12-08,1479.0,472.0,472.0,0.0,1007.0,4858.0,0.0,0.0,BB1000,Central
2025-12-09,1007.0,393.0,393.0,0.0,614.0,4465.0,0.0,0.0,BB1000,Central
2025-12-10,4465.0,612.0,612.0,0.0,3853.0,3853.0,4008.0,3851.0,BB1000,Central
2025-12-11,3853.0,437.0,437.0,0.0,3416.0,7424.0,0.0,0.0,BB1000,Central
2025-12-12,3416.0,395.0,395.0,0.0,3021.0,7029.0,0.0,0.0,BB1000,Central
2025-12-13,3021.0,509.0,509.0,0.0,2512.0,6520.0,0.0,0.0,BB1000,Central
2025-12-14,2512.0,647.0,647.0,0.0,1865.0,5873.0,0.0,0.0,BB1000,Central
2025-12-15,1865.0,459.0,459.0,0.0,1406.0,5414.0,0.0,0.0,BB1000,Central
2025-12-16,1406.0,471.0,471.0,0.0,935.0,4943.0,0.0,0.0,BB1000,Central
2025-12-17,935.0,419.0,419.0,0.0,516.0,4524.0,0.0,0.0,BB1000,Central
2025-12-18,4524.0,468.0,468.0,0.0,4056.0,4056.0,3805.0,4008.0,BB1000,Central
2025-12-19,4056.0,511.0,511.0,0.0,3545.0,7350.0,0.0,0.0,BB1000,Central
2025-12-20,3545.0,495.0,495.0,0.0,3050.0,6855.0,0.0,0.0,BB1000,Central
2025-12-21,3050.0,543.0,543.0,0.0,2507.0,6312.0,0.0,0.0,BB1000,Central
2025-12-22,2507.0,505.0,505.0,0.0,2002.0,5807.0,0.0,0.0,BB1000,Central
2025-12-23,2002.0,481.0,481.0,0.0,1521.0,5326.0,0.0,0.0,BB1000,Central
2025-12-24,1521.0,488.0,488.0,0.0,1033.0,4838.0,0.0,0.0,BB1000,Central
2025-12-25,1033.0,605.0,605.0,0.0,428.0,4233.0,3628.0,0.0,BB1000,Central
2025-12-26,4233.0,487.0,487.0,0.0,3746.0,7374.0,0.0,3805.0,BB1000,Central
2025-12-27,3746.0,497.0,497.0,0.0,3249.0,6877.0,0.0,0.0,BB1000,Central
2025-12-28,3249.0,543.0,543.0,0.0,2706.0,6334.0,0.0,0.0,BB1000,Central
2025-12-29,2706.0,434.0,434.0,0.0,2272.0,5900.0,0.0,0.0,BB1000,Central
2025-12-30,2272.0,487.0,487.0,0.0,1785.0,5413.0,0.0,0.0,BB1000,Central
2025-12-31,1785.0,448.0,448.0,0.0,1337.0,4965.0,0.0,0.0,BB1000,Central
2025-07-01,7113.0,534.0,534.0,0.0,6579.0,6579.0,0.0,0.0,BB1000,East
2025-07-02,6579.0,642.0,642.0,0.0,5937.0,5937.0,0.0,0.0,BB1000,East
2025-07-03,5937.0,811.0,811.0,0.0,5126.0,5126.0,0.0,0.0,BB1000,East
2025-07-04,5126.0,623.0,623.0,0.0,4503.0,4503.0,0.0,0.0,BB1000,East
2025-07-05,4503.0,600.0,600.0,0.0,3903.0,3903.0,0.0,0.0,BB1000,East
2025-07-06,3903.0,657.0,657.0,0.0,3246.0,3246.0,3867.0,0.0,BB1000,East
2025-07-07,3246.0,521.0,521.0,0.0,2725.0,6592.0,0.0,0.0,BB1000,East
2025-07-08,2725.0,536.0,536.0,0.0,2189.0,6056.0,0.0,0.0,BB1000,East
2025-07-09,2189.0,559.0,559.0,0.0,1630.0,5497.0,0.0,0.0,BB1000,East
2025-07-10,1630.0,541.0,541.0,0.0,1089.0,4956.0,0.0,0.0,BB1000,East
2025-07-11,1089.0,624.0,624.0,0.0,465.0,4332.0,0.0,0.0,BB1000,East
2025-07-12,4332.0,590.0,590.0,0.0,3742.0,3742.0,0.0,3867.0,BB1000,East
2025-07-13,3742.0,696.0,696.0,0.0,3046.0,3046.0,4067.0,0.0,BB1000,East
2025-07-14,3046.0,532.0,532.0,0.0,2514.0,6581.0,0.0,0.0,BB1000,East
2025-07-15,2514.0,529.0,529.0,0.0,1985.0,6052.0,0.0,0.0,BB1000,East
2025-07-16,1985.0,501.0,501.0,0.0,1484.0,5551.0,0.0,0.0,BB1000,East
2025-07-17,1484.0,587.0,587.0,0.0,897.0,4964.0,0.0,0.0,BB1000,East
2025-07-18,897.0,770.0,770.0,0.0,127.0,4194.0,0.0,0.0,BB1000,East
2025-07-19,4194.0,736.0,736.0,0.0,3458.0,3458.0,0.0,4067.0,BB1000,East
2025-07-20,3458.0,677.0,677.0,0.0,2781.0,2781.0,4332.0,0.0,BB1000,East
2025-07-21,2781.0,593.0,593.0,0.0,2188.0,6520.0,0.0,0.0,BB1000,East
2025-07-22,2188.0,481.0,481.0,0.0,1707.0,6039.0,0.0,0.0,BB1000,East
2025-07-23,1707.0,478.0,478.0,0.0,1229.0,5561.0,0.0,0.0,BB1000,East
2025-07-24,1229.0,631.0,631.0,0.0,598.0,4930.0,0.0,0.0,BB1000,East
2025-07-25,598.0,486.0,486.0,0.0,112.0,4444.0,0.0,0.0,BB1000,East
2025-07-26,4444.0,601.0,601.0,0.0,3843.0,3843.0,0.0,4332.0,BB1000,East
2025-07-27,3843.0,741.0,741.0,0.0,3102.0,3102.0,4011.0,0.0,BB1000,East
2025-07-28,3102.0,534.0,534.0,0.0,2568.0,6579.0,0.0,0.0,BB1000,East
2025-07-29,2568.0,547.0,547.0,0.0,2021.0,6032.0,0.0,0.0,BB1000,East
2025-07-30,2021.0,515.0,515.0,0.0,1506.0,5517.0,0.0,0.0,BB1000,East
2025-07-31,1506.0,597.0,597.0,0.0,909.0,4920.0,0.0,0.0,BB1000,East
2025-08-01,909.0,564.0,564.0,0.0,345.0,4356.0,0.0,0.0,BB1000,East
2025-08-02,4356.0,616.0,616.0,0.0,3740.0,3740.0,0.0,4011.0,BB1000,East
2025-08-03,3740.0,537.0,537.0,0.0,3203.0,3203.0,3910.0,0.0,BB1000,East
2025-08-04,3203.0,476.0,476.0,0.0,2727.0,6637.0,0.0,0.0,BB1000,East
2025-08-05,2727.0,483.0,483.0,0.0,2244.0,6154.0,0.0,0.0,BB1000,East
2025-08-06,2244.0,479.0,479.0,0.0,1765.0,5675.0,0.0,0.0,BB1000,East
2025-08-07,1765.0,419.0,419.0,0.0,1346.0,5256.0,0.0,0.0,BB1000,East
2025-08-08,1346.0,483.0,483.0,0.0,863.0,4773.0,0.0,0.0,BB1000,East
2025-08-09,4773.0,587.0,587.0,0.0,4186.0,4186.0,0.0,3910.0,BB1000,East
2025-08-10,4186.0,724.0,724.0,0.0,3462.0,3462.0,0.0,0.0,BB1000,East
2025-08-11,3462.0,484.0,484.0,0.0,2978.0,2978.0,4135.0,0.0,BB1000,East
2025-08-12,2978.0,471.0,471.0,0.0,2507.0,6642.0,0.0,0.0,BB1000,East
2025-08-13,2507.0,518.0,518.0,0.0,1989.0,6124.0,0.0,0.0,BB1000,East
2025-08-14,1989.0,474.0,474.0,0.0,1515.0,5650.0,0.0,0.0,BB1000,East
2025-08-15,1515.0,766.0,766.0,0.0,749.0,4884.0,0.0,0.0,BB1000,East
2025-08-16,749.0,662.0,662.0,0.0,87.0,4222.0,0.0,0.0,BB1000,East
2025-08-17,4222.0,522.0,522.0,0.0,3700.0,3700.0,0.0,4135.0,BB1000,East
2025-08-18,3700.0,449.0,449.0,0.0,3251.0,3251.0,3862.0,0.0,BB1000,East
2025-08-19,3251.0,466.0,466.0,0.0,2785.0,6647.0,0.0,0.0,BB1000,East
2025-08-20,2785.0,353.0,353.0,0.0,2432.0,6294.0,0.0,0.0,BB1000,East
2025-08-21,2432.0,520.0,520.0,0.0,1912.0,5774.0,0.0,0.0,BB1000,East
2025-08-22,1912.0,390.0,390.0,0.0,1522.0,5384.0,0.0,0.0,BB1000,East
2025-08-23,1522.0,565.0,565.0,0.0,957.0,4819.0,0.0,0.0,BB1000,East
2025-08-24,4819.0,566.0,566.0,0.0,4253.0,4253.0,0.0,3862.0,BB1000,East
2025-08-25,4253.0,484.0,484.0,0.0,3769.0,3769.0,0.0,0.0,BB1000,East
2025-08-26,3769.0,476.0,476.0,0.0,3293.0,3293.0,3820.0,0.0,BB1000,East
2025-08-27,3293.0,446.0,446.0,0.0,2847.0,6667.0,0.0,0.0,BB1000,East
2025-08-28,2847.0,476.0,476.0,0.0,2371.0,6191.0,0.0,0.0,BB1000,East
2025-08-29,2371.0,659.0,659.0,0.0,1712.0,5532.0,0.0,0.0,BB1000,East
2025-08-30,1712.0,537.0,537.0,0.0,1175.0,4995.0,0.0,0.0,BB1000,East
2025-08-31,1175.0,551.0,551.0,0.0,624.0,4444.0,0.0,0.0,BB1000,East
2025-09-01,4444.0,467.0,467.0,0.0,3977.0,3977.0,0.0,3820.0,BB1000,East
2025-09-02,3977.0,375.0,375.0,0.0,3602.0,3602.0,0.0,0.0,BB1000,East
2025-09-03,3602.0,512.0,512.0,0.0,3090.0,3090.0,4023.0,0.0,BB1000,East
2025-09-04,3090.0,472.0,472.0,0.0,2618.0,6641.0,0.0,0.0,BB1000,East
2025-09-05,2618.0,481.0,481.0,0.0,2137.0,6160.0,0.0,0.0,BB1000,East
2025-09-06,2137.0,702.0,702.0,0.0,1435.0,5458.0,0.0,0.0,BB1000,East
2025-09-07,1435.0,549.0,549.0,0.0,886.0,4909.0,0.0,0.0,BB1000,East
2025-09-08,886.0,426.0,426.0,0.0,460.0,4483.0,0.0,0.0,BB1000,East
2025-09-09,4483.0,493.0,493.0,0.0,3990.0,3990.0,0.0,4023.0,BB1000,East
2025-09-10,3990.0,562.0,562.0,0.0,3428.0,3428.0,0.0,0.0,BB1000,East
2025-09-11,3428.0,476.0,476.0,0.0,2952.0,2952.0,4161.0,0.0,BB1000,East
2025-09-12,2952.0,491.0,491.0,0.0,2461.0,6622.0,0.0,0.0,BB1000,East
2025-09-13,2461.0,625.0,625.0,0.0,1836.0,5997.0,0.0,0.0,BB1000,East
2025-09-14,1836.0,639.0,639.0,0.0,1197.0,5358.0,0.0,0.0,BB1000,East
2025-09-15,1197.0,496.0,496.0,0.0,701.0,4862.0,0.0,0.0,BB1000,East
2025-09-16,701.0,521.0,521.0,0.0,180.0,4341.0,0.0,0.0,BB1000,East
2025-09-17,4341.0,498.0,498.0,0.0,3843.0,3843.0,0.0,4161.0,BB1000,East
2025-09-18,3843.0,533.0,533.0,0.0,3310.0,3310.0,3803.0,0.0,BB1000,East
2025-09-19,3310.0,444.0,444.0,0.0,2866.0,6669.0,0.0,0.0,BB1000,East
2025-09-20,2866.0,481.0,481.0,0.0,2385.0,6188.0,0.0,0.0,BB1000,East
2025-09-21,2385.0,501.0,501.0,0.0,1884.0,5687.0,0.0,0.0,BB1000,East
2025-09-22,1884.0,525.0,525.0,0.0,1359.0,5162.0,0.0,0.0,BB1000,East
2025-09-23,1359.0,494.0,494.0,0.0,865.0,4668.0,0.0,0.0,BB1000,East
2025-09-24,4668.0,441.0,441.0,0.0,4227.0,4227.0,0.0,3803.0,BB1000,East
2025-09-25,4227.0,486.0,486.0,0.0,3741.0,3741.0,0.0,0.0,BB1000,East
2025-09-26,3741.0,426.0,426.0,0.0,3315.0,3315.0,3798.0,0.0,BB1000,East
2025-09-27,3315.0,520.0,520.0,0.0,2795.0,6593.0,0.0,0.0,BB1000,East
2025-09-28,2795.0,616.0,616.0,0.0,2179.0,5977.0,0.0,0.0,BB1000,East
2025-09-29,2179.0,489.0,489.0,0.0,1690.0,5488.0,0.0,0.0,BB1000,East
2025-09-30,1690.0,425.0,425.0,0.0,1265.0,5063.0,0.0,0.0,BB1000,East
2025-10-01,1265.0,565.0,565.0,0.0,700.0,4498.0,0.0,0.0,BB1000,East
2025-10-02,4498.0,665.0,665.0,0.0,3833.0,3833.0,0.0,3798.0,BB1000,East
2025-10-03,3833.0,425.0,425.0,0.0,3408.0,3408.0,3705.0,0.0,BB1000,East
2025-10-04,3408.0,524.0,524.0,0.0,2884.0,6589.0,0.0,0.0,BB1000,East
2025-10-05,2884.0,505.0,505.0,0.0,2379.0,6084.0,0.0,0.0,BB1000,East
2025-10-06,2379.0,482.0,482.0,0.0,1897.0,5602.0,0.0,0.0,BB1000,East
2025-10-07,1897.0,513.0,513.0,0.0,1384.0,5089.0,0.0,0.0,BB1000,East
2025-10-08,1384.0,449.0,449.0,0.0,935.0,4640.0,0.0,0.0,BB1000,East
2025-10-09,4640.0,536.0,536.0,0.0,4104.0,4104.0,0.0,3705.0,BB1000,East
2025-10-10,4104.0,503.0,503.0,0.0,3601.0,3601.0,0.0,0.0,BB1000,East
2025-10-11,3601.0,575.0,575.0,0.0,3026.0,3026.0,4087.0,0.0,BB1000,East
2025-10-12,3026.0,527.0,527.0,0.0,2499.0,6586.0,0.0,0.0,BB1000,East
2025-10-13,2499.0,510.0,510.0,0.0,1989.0,6076.0,0.0,0.0,BB1000,East
2025-10-14,1989.0,467.0,467.0,0.0,1522.0,5609.0,0.0,0.0,BB1000,East
2025-10-15,1522.0,450.0,450.0,0.0,1072.0,5159.0,0.0,0.0,BB1000,East
2025-10-16,1072.0,471.0,471.0,0.0,601.0,4688.0,0.0,0.0,BB1000,East
2025-10-17,4688.0,430.0,430.0,0.0,4258.0,4258.0,0.0,4087.0,BB1000,East
2025-10-18,4258.0,655.0,655.0,0.0,3603.0,3603.0,0.0,0.0,BB1000,East
2025-10-19,3603.0,603.0,603.0,0.0,3000.0,3000.0,4113.0,0.0,BB1000,East
2025-10-20,3000.0,573.0,573.0,0.0,2427.0,6540.0,0.0,0.0,BB1000,East
2025-10-21,2427.0,434.0,434.0,0.0,1993.0,6106.0,0.0,0.0,BB1000,East
2025-10-22,1993.0,445.0,445.0,0.0,1548.0,5661.0,0.0,0.0,BB1000,East
2025-10-23,1548.0,643.0,643.0,0.0,905.0,5018.0,0.0,0.0,BB1000,East
2025-10-24,905.0,559.0,559.0,0.0,346.0,4459.0,0.0,0.0,BB1000,East
2025-10-25,4459.0,536.0,536.0,0.0,3923.0,3923.0,0.0,4113.0,BB1000,East
2025-10-26,3923.0,522.0,522.0,0.0,3401.0,3401.0,3712.0,0.0,BB1000,East
2025-10-27,3401.0,458.0,458.0,0.0,2943.0,6655.0,0.0,0.0,BB1000,East
2025-10-28,2943.0,444.0,444.0,0.0,2499.0,6211.0,0.0,0.0,BB1000,East
2025-10-29,2499.0,585.0,585.0,0.0,1914.0,5626.0,0.0,0.0,BB1000,East
2025-10-30,1914.0,566.0,566.0,0.0,1348.0,5060.0,0.0,0.0,BB1000,East
2025-10-31,1348.0,461.0,461.0,0.0,887.0,4599.0,0.0,0.0,BB1000,East
2025-11-01,4599.0,592.0,592.0,0.0,4007.0,4007.0,0.0,3712.0,BB1000,East
2025-11-02,4007.0,481.0,481.0,0.0,3526.0,3526.0,0.0,0.0,BB1000,East
2025-11-03,3526.0,463.0,463.0,0.0,3063.0,3063.0,4050.0,0.0,BB1000,East
2025-11-04,3063.0,551.0,551.0,0.0,2512.0,6562.0,0.0,0.0,BB1000,East
2025-11-05,2512.0,518.0,518.0,0.0,1994.0,6044.0,0.0,0.0,BB1000,East
2025-11-06,1994.0,530.0,530.0,0.0,1464.0,5514.0,0.0,0.0,BB1000,East
2025-11-07,1464.0,512.0,512.0,0.0,952.0,5002.0,0.0,0.0,BB1000,East
2025-11-08,952.0,603.0,603.0,0.0,349.0,4399.0,0.0,0.0,BB1000,East
2025-11-09,4399.0,587.0,587.0,0.0,3812.0,3812.0,0.0,4050.0,BB1000,East
2025-11-10,3812.0,560.0,560.0,0.0,3252.0,3252.0,3861.0,0.0,BB1000,East
2025-11-11,3252.0,431.0,431.0,0.0,2821.0,6682.0,0.0,0.0,BB1000,East
2025-11-12,2821.0,447.0,447.0,0.0,2374.0,6235.0,0.0,0.0,BB1000,East
2025-11-13,2374.0,468.0,468.0,0.0,1906.0,5767.0,0.0,0.0,BB1000,East
2025-11-14,1906.0,532.0,532.0,0.0,1374.0,5235.0,0.0,0.0,BB1000,East
2025-11-15,1374.0,598.0,598.0,0.0,776.0,4637.0,0.0,0.0,BB1000,East
2025-11-16,4637.0,771.0,771.0,0.0,3866.0,3866.0,0.0,3861.0,BB1000,East
2025-11-17,3866.0,479.0,479.0,0.0,3387.0,3387.0,3726.0,0.0,BB1000,East
2025-11-18,3387.0,534.0,534.0,0.0,2853.0,6579.0,0.0,0.0,BB1000,East
2025-11-19,2853.0,533.0,533.0,0.0,2320.0,6046.0,0.0,0.0,BB1000,East
2025-11-20,2320.0,504.0,504.0,0.0,1816.0,5542.0,0.0,0.0,BB1000,East
2025-11-21,1816.0,522.0,522.0,0.0,1294.0,5020.0,0.0,0.0,BB1000,East
2025-11-22,1294.0,582.0,582.0,0.0,712.0,4438.0,0.0,0.0,BB1000,East
2025-11-23,4438.0,515.0,515.0,0.0,3923.0,3923.0,0.0,3726.0,BB1000,East
2025-11-24,3923.0,517.0,517.0,0.0,3406.0,3406.0,3707.0,0.0,BB1000,East
2025-11-25,3406.0,513.0,513.0,0.0,2893.0,6600.0,0.0,0.0,BB1000,East
2025-11-26,2893.0,536.0,536.0,0.0,2357.0,6064.0,0.0,0.0,BB1000,East
2025-11-27,2357.0,418.0,418.0,0.0,1939.0,5646.0,0.0,0.0,BB1000,East
2025-11-28,1939.0,528.0,528.0,0.0,1411.0,5118.0,0.0,0.0,BB1000,East
2025-11-29,1411.0,476.0,476.0,0.0,935.0,4642.0,0.0,0.0,BB1000,East
2025-11-30,4642.0,594.0,594.0,0.0,4048.0,4048.0,0.0,3707.0,BB1000,East
2025-12-01,4048.0,575.0,575.0,0.0,3473.0,3473.0,0.0,0.0,BB1000,East
2025-12-02,3473.0,549.0,549.0,0.0,2924.0,2924.0,4189.0,0.0,BB1000,East
2025-12-03,2924.0,528.0,528.0,0.0,2396.0,6585.0,0.0,0.0,BB1000,East
2025-12-04,2396.0,530.0,530.0,0.0,1866.0,6055.0,0.0,0.0,BB1000,East
2025-12-05,1866.0,444.0,444.0,0.0,1422.0,5611.0,0.0,0.0,BB1000,East
2025-12-06,1422.0,567.0,567.0,0.0,855.0,5044.0,0.0,0.0,BB1000,East
2025-12-07,855.0,616.0,616.0,0.0,239.0,4428.0,0.0,0.0,BB1000,East
2025-12-08,4428.0,491.0,491.0,0.0,3937.0,3937.0,0.0,4189.0,BB1000,East
2025-12-09,3937.0,525.0,525.0,0.0,3412.0,3412.0,0.0,0.0,BB1000,East
2025-12-10,3412.0,553.0,553.0,0.0,2859.0,2859.0,4254.0,0.0,BB1000,East
2025-12-11,2859.0,564.0,564.0,0.0,2295.0,6549.0,0.0,0.0,BB1000,East
2025-12-12,2295.0,509.0,509.0,0.0,1786.0,6040.0,0.0,0.0,BB1000,East
2025-12-13,1786.0,826.0,826.0,0.0,960.0,5214.0,0.0,0.0,BB1000,East
2025-12-14,960.0,606.0,606.0,0.0,354.0,4608.0,0.0,0.0,BB1000,East
2025-12-15,354.0,463.0,354.0,109.0,0.0,4254.0,0.0,0.0,BB1000,East
2025-12-16,4254.0,501.0,501.0,0.0,3753.0,3753.0,0.0,4254.0,BB1000,East
2025-12-17,3753.0,517.0,517.0,0.0,3236.0,3236.0,3877.0,0.0,BB1000,East
2025-12-18,3236.0,545.0,545.0,0.0,2691.0,6568.0,0.0,0.0,BB1000,East
2025-12-19,2691.0,544.0,544.0,0.0,2147.0,6024.0,0.0,0.0,BB1000,East
2025-12-20,2147.0,572.0,572.0,0.0,1575.0,5452.0,0.0,0.0,BB1000,East
2025-12-21,1575.0,627.0,627.0,0.0,948.0,4825.0,0.0,0.0,BB1000,East
2025-12-22,948.0,521.0,521.0,0.0,427.0,4304.0,0.0,0.0,BB1000,East
2025-12-23,4304.0,526.0,526.0,0.0,3778.0,3778.0,0.0,3877.0,BB1000,East
2025-12-24,3778.0,551.0,551.0,0.0,3227.0,3227.0,3886.0,0.0,BB1000,East
2025-12-25,3227.0,644.0,644.0,0.0,2583.0,6469.0,0.0,0.0,BB1000,East
2025-12-26,2583.0,508.0,508.0,0.0,2075.0,5961.0,0.0,0.0,BB1000,East
2025-12-27,2075.0,554.0,554.0,0.0,1521.0,5407.0,0.0,0.0,BB1000,East
2025-12-28,1521.0,494.0,494.0,0.0,1027.0,4913.0,0.0,0.0,BB1000,East
2025-12-29,1027.0,452.0,452.0,0.0,575.0,4461.0,0.0,0.0,BB1000,East
2025-12-30,4461.0,523.0,523.0,0.0,3938.0,3938.0,0.0,3886.0,BB1000,East
2025-12-31,3938.0,449.0,449.0,0.0,3489.0,3489.0,0.0,0.0,BB1000,East
2025-07-01,8296.0,643.0,643.0,0.0,7653.0,7653.0,0.0,0.0,BB1000,North
2025-07-02,7653.0,799.0,799.0,0.0,6854.0,6854.0,0.0,0.0,BB1000,North
2025-07-03,6854.0,629.0,629.0,0.0,6225.0,6225.0,0.0,0.0,BB1000,North
2025-07-04,6225.0,629.0,629.0,0.0,5596.0,5596.0,0.0,0.0,BB1000,North
2025-07-05,5596.0,734.0,734.0,0.0,4862.0,4862.0,0.0,0.0,BB1000,North
2025-07-06,4862.0,599.0,599.0,0.0,4263.0,4263.0,4033.0,0.0,BB1000,North
2025-07-07,4263.0,620.0,620.0,0.0,3643.0,7676.0,0.0,0.0,BB1000,North
2025-07-08,3643.0,584.0,584.0,0.0,3059.0,7092.0,0.0,0.0,BB1000,North
2025-07-09,3059.0,666.0,666.0,0.0,2393.0,6426.0,0.0,0.0,BB1000,North
2025-07-10,2393.0,514.0,514.0,0.0,1879.0,5912.0,0.0,0.0,BB1000,North
2025-07-11,1879.0,442.0,442.0,0.0,1437.0,5470.0,0.0,0.0,BB1000,North
2025-07-12,1437.0,686.0,686.0,0.0,751.0,4784.0,0.0,0.0,BB1000,North
2025-07-13,4784.0,851.0,851.0,0.0,3933.0,3933.0,4363.0,4033.0,BB1000,North
2025-07-14,3933.0,488.0,488.0,0.0,3445.0,7808.0,0.0,0.0,BB1000,North
2025-07-15,3445.0,609.0,609.0,0.0,2836.0,7199.0,0.0,0.0,BB1000,North
2025-07-16,2836.0,583.0,583.0,0.0,2253.0,6616.0,0.0,0.0,BB1000,North
2025-07-17,2253.0,545.0,545.0,0.0,1708.0,6071.0,0.0,0.0,BB1000,North
2025-07-18,1708.0,868.0,868.0,0.0,840.0,5203.0,0.0,0.0,BB1000,North
2025-07-19,840.0,648.0,648.0,0.0,192.0,4555.0,0.0,0.0,BB1000,North
2025-07-20,4555.0,669.0,669.0,0.0,3886.0,3886.0,4410.0,4363.0,BB1000,North
2025-07-21,3886.0,571.0,571.0,0.0,3315.0,7725.0,0.0,0.0,BB1000,North
2025-07-22,3315.0,574.0,574.0,0.0,2741.0,7151.0,0.0,0.0,BB1000,North
2025-07-23,2741.0,576.0,576.0,0.0,2165.0,6575.0,0.0,0.0,BB1000,North
2025-07-24,2165.0,536.0,536.0,0.0,1629.0,6039.0,0.0,0.0,BB1000,North
2025-07-25,1629.0,580.0,580.0,0.0,1049.0,5459.0,0.0,0.0,BB1000,North
2025-07-26,1049.0,709.0,709.0,0.0,340.0,4750.0,0.0,0.0,BB1000,North
2025-07-27,4750.0,643.0,643.0,0.0,4107.0,4107.0,4189.0,4410.0,BB1000,North
2025-07-28,4107.0,567.0,567.0,0.0,3540.0,7729.0,0.0,0.0,BB1000,North
2025-07-29,3540.0,536.0,536.0,0.0,3004.0,7193.0,0.0,0.0,BB1000,North
2025-07-30,3004.0,525.0,525.0,0.0,2479.0,6668.0,0.0,0.0,BB1000,North
2025-07-31,2479.0,643.0,643.0,0.0,1836.0,6025.0,0.0,0.0,BB1000,North
2025-08-01,1836.0,667.0,667.0,0.0,1169.0,5358.0,0.0,0.0,BB1000,North
2025-08-02,1169.0,619.0,619.0,0.0,550.0,4739.0,0.0,0.0,BB1000,North
2025-08-03,4739.0,557.0,557.0,0.0,4182.0,4182.0,4114.0,4189.0,BB1000,North
2025-08-04,4182.0,560.0,560.0,0.0,3622.0,7736.0,0.0,0.0,BB1000,North
2025-08-05,3622.0,457.0,457.0,0.0,3165.0,7279.0,0.0,0.0,BB1000,North
2025-08-06,3165.0,454.0,454.0,0.0,2711.0,6825.0,0.0,0.0,BB1000,North
2025-08-07,2711.0,523.0,523.0,0.0,2188.0,6302.0,0.0,0.0,BB1000,North
2025-08-08,2188.0,640.0,640.0,0.0,1548.0,5662.0,0.0,0.0,BB1000,North
2025-08-09,1548.0,580.0,580.0,0.0,968.0,5082.0,0.0,0.0,BB1000,North
2025-08-10,5082.0,505.0,505.0,0.0,4577.0,4577.0,0.0,4114.0,BB1000,North
2025-08-11,4577.0,520.0,520.0,0.0,4057.0,4057.0,4239.0,0.0,BB1000,North
2025-08-12,4057.0,480.0,480.0,0.0,3577.0,7816.0,0.0,0.0,BB1000,North
2025-08-13,3577.0,426.0,426.0,0.0,3151.0,7390.0,0.0,0.0,BB1000,North
2025-08-14,3151.0,550.0,550.0,0.0,2601.0,6840.0,0.0,0.0,BB1000,North
2025-08-15,2601.0,571.0,571.0,0.0,2030.0,6269.0,0.0,0.0,BB1000,North
2025-08-16,2030.0,570.0,570.0,0.0,1460.0,5699.0,0.0,0.0,BB1000,North
2025-08-17,1460.0,851.0,851.0,0.0,609.0,4848.0,0.0,0.0,BB1000,North
2025-08-18,4848.0,558.0,558.0,0.0,4290.0,4290.0,0.0,4239.0,BB1000,North
2025-08-19,4290.0,612.0,612.0,0.0,3678.0,3678.0,4618.0,0.0,BB1000,North
2025-08-20,3678.0,607.0,607.0,0.0,3071.0,7689.0,0.0,0.0,BB1000,North
2025-08-21,3071.0,647.0,647.0,0.0,2424.0,7042.0,0.0,0.0,BB1000,North
2025-08-22,2424.0,492.0,492.0,0.0,1932.0,6550.0,0.0,0.0,BB1000,North
2025-08-23,1932.0,557.0,557.0,0.0,1375.0,5993.0,0.0,0.0,BB1000,North
2025-08-24,1375.0,586.0,586.0,0.0,789.0,5407.0,0.0,0.0,BB1000,North
2025-08-25,789.0,545.0,545.0,0.0,244.0,4862.0,0.0,0.0,BB1000,North
2025-08-26,4862.0,531.0,531.0,0.0,4331.0,4331.0,0.0,4618.0,BB1000,North
2025-08-27,4331.0,576.0,576.0,0.0,3755.0,3755.0,4541.0,0.0,BB1000,North
2025-08-28,3755.0,484.0,484.0,0.0,3271.0,7812.0,0.0,0.0,BB1000,North
2025-08-29,3271.0,641.0,641.0,0.0,2630.0,7171.0,0.0,0.0,BB1000,North
2025-08-30,2630.0,600.0,600.0,0.0,2030.0,6571.0,0.0,0.0,BB1000,North
2025-08-31,2030.0,771.0,771.0,0.0,1259.0,5800.0,0.0,0.0,BB1000,North
2025-09-01,1259.0,560.0,560.0,0.0,699.0,5240.0,0.0,0.0,BB1000,North
2025-09-02,699.0,461.0,461.0,0.0,238.0,4779.0,0.0,0.0,BB1000,North
2025-09-03,4779.0,484.0,484.0,0.0,4295.0,4295.0,0.0,4541.0,BB1000,North
2025-09-04,4295.0,577.0,577.0,0.0,3718.0,3718.0,4578.0,0.0,BB1000,North
2025-09-05,3718.0,574.0,574.0,0.0,3144.0,7722.0,0.0,0.0,BB1000,North
2025-09-06,3144.0,612.0,612.0,0.0,2532.0,7110.0,0.0,0.0,BB1000,North
2025-09-07,2532.0,612.0,612.0,0.0,1920.0,6498.0,0.0,0.0,BB1000,North
2025-09-08,1920.0,608.0,608.0,0.0,1312.0,5890.0,0.0,0.0,BB1000,North
2025-09-09,1312.0,575.0,575.0,0.0,737.0,5315.0,0.0,0.0,BB1000,North
2025-09-10,737.0,526.0,526.0,0.0,211.0,4789.0,0.0,0.0,BB1000,North
2025-09-11,4789.0,507.0,507.0,0.0,4282.0,4282.0,4014.0,4578.0,BB1000,North
2025-09-12,4282.0,756.0,756.0,0.0,3526.0,7540.0,0.0,0.0,BB1000,North
2025-09-13,3526.0,528.0,528.0,0.0,2998.0,7012.0,0.0,0.0,BB1000,North
2025-09-14,2998.0,633.0,633.0,0.0,2365.0,6379.0,0.0,0.0,BB1000,North
2025-09-15,2365.0,358.0,358.0,0.0,2007.0,6021.0,0.0,0.0,BB1000,North
2025-09-16,2007.0,511.0,511.0,0.0,1496.0,5510.0,0.0,0.0,BB1000,North
2025-09-17,1496.0,536.0,536.0,0.0,960.0,4974.0,0.0,0.0,BB1000,North
2025-09-18,4974.0,459.0,459.0,0.0,4515.0,4515.0,0.0,4014.0,BB1000,North
2025-09-19,4515.0,481.0,481.0,0.0,4034.0,4034.0,4262.0,0.0,BB1000,North
2025-09-20,4034.0,636.0,636.0,0.0,3398.0,7660.0,0.0,0.0,BB1000,North
2025-09-21,3398.0,617.0,617.0,0.0,2781.0,7043.0,0.0,0.0,BB1000,North
2025-09-22,2781.0,499.0,499.0,0.0,2282.0,6544.0,0.0,0.0,BB1000,North
2025-09-23,2282.0,624.0,624.0,0.0,1658.0,5920.0,0.0,0.0,BB1000,North
2025-09-24,1658.0,611.0,611.0,0.0,1047.0,5309.0,0.0,0.0,BB1000,North
2025-09-25,1047.0,552.0,552.0,0.0,495.0,4757.0,0.0,0.0,BB1000,North
2025-09-26,4757.0,466.0,466.0,0.0,4291.0,4291.0,0.0,4262.0,BB1000,North
2025-09-27,4291.0,611.0,611.0,0.0,3680.0,3680.0,4616.0,0.0,BB1000,North
2025-09-28,3680.0,508.0,508.0,0.0,3172.0,7788.0,0.0,0.0,BB1000,North
2025-09-29,3172.0,459.0,459.0,0.0,2713.0,7329.0,0.0,0.0,BB1000,North
2025-09-30,2713.0,485.0,485.0,0.0,2228.0,6844.0,0.0,0.0,BB1000,North
2025-10-01,2228.0,488.0,488.0,0.0,1740.0,6356.0,0.0,0.0,BB1000,North
2025-10-02,1740.0,626.0,626.0,0.0,1114.0,5730.0,0.0,0.0,BB1000,North
2025-10-03,1114.0,525.0,525.0,0.0,589.0,5205.0,0.0,0.0,BB1000,North
2025-10-04,5205.0,538.0,538.0,0.0,4667.0,4667.0,0.0,4616.0,BB1000,North
2025-10-05,4667.0,516.0,516.0,0.0,4151.0,4151.0,4145.0,0.0,BB1000,North
2025-10-06,4151.0,499.0,499.0,0.0,3652.0,7797.0,0.0,0.0,BB1000,North
2025-10-07,3652.0,559.0,559.0,0.0,3093.0,7238.0,0.0,0.0,BB1000,North
2025-10-08,3093.0,522.0,522.0,0.0,2571.0,6716.0,0.0,0.0,BB1000,North
2025-10-09,2571.0,520.0,520.0,0.0,2051.0,6196.0,0.0,0.0,BB1000,North
2025-10-10,2051.0,536.0,536.0,0.0,1515.0,5660.0,0.0,0.0,BB1000,North
2025-10-11,1515.0,610.0,610.0,0.0,905.0,5050.0,0.0,0.0,BB1000,North
2025-10-12,5050.0,640.0,640.0,0.0,4410.0,4410.0,0.0,4145.0,BB1000,North
2025-10-13,4410.0,552.0,552.0,0.0,3858.0,3858.0,4438.0,0.0,BB1000,North
2025-10-14,3858.0,496.0,496.0,0.0,3362.0,7800.0,0.0,0.0,BB1000,North
2025-10-15,3362.0,504.0,504.0,0.0,2858.0,7296.0,0.0,0.0,BB1000,North
2025-10-16,2858.0,565.0,565.0,0.0,2293.0,6731.0,0.0,0.0,BB1000,North
2025-10-17,2293.0,575.0,575.0,0.0,1718.0,6156.0,0.0,0.0,BB1000,North
2025-10-18,1718.0,619.0,619.0,0.0,1099.0,5537.0,0.0,0.0,BB1000,North
2025-10-19,1099.0,581.0,581.0,0.0,518.0,4956.0,0.0,0.0,BB1000,North
2025-10-20,4956.0,620.0,620.0,0.0,4336.0,4336.0,0.0,4438.0,BB1000,North
2025-10-21,4336.0,464.0,464.0,0.0,3872.0,3872.0,4424.0,0.0,BB1000,North
2025-10-22,3872.0,548.0,548.0,0.0,3324.0,7748.0,0.0,0.0,BB1000,North
2025-10-23,3324.0,558.0,558.0,0.0,2766.0,7190.0,0.0,0.0,BB1000,North
2025-10-24,2766.0,503.0,503.0,0.0,2263.0,6687.0,0.0,0.0,BB1000,North
2025-10-25,2263.0,856.0,856.0,0.0,1407.0,5831.0,0.0,0.0,BB1000,North
2025-10-26,1407.0,668.0,668.0,0.0,739.0,5163.0,0.0,0.0,BB1000,North
2025-10-27,739.0,526.0,526.0,0.0,213.0,4637.0,0.0,0.0,BB1000,North
2025-10-28,4637.0,581.0,581.0,0.0,4056.0,4056.0,4240.0,4424.0,BB1000,North
2025-10-29,4056.0,547.0,547.0,0.0,3509.0,7749.0,0.0,0.0,BB1000,North
2025-10-30,3509.0,506.0,506.0,0.0,3003.0,7243.0,0.0,0.0,BB1000,North
2025-10-31,3003.0,521.0,521.0,0.0,2482.0,6722.0,0.0,0.0,BB1000,North
2025-11-01,2482.0,548.0,548.0,0.0,1934.0,6174.0,0.0,0.0,BB1000,North
2025-11-02,1934.0,516.0,516.0,0.0,1418.0,5658.0,0.0,0.0,BB1000,North
2025-11-03,1418.0,719.0,719.0,0.0,699.0,4939.0,0.0,0.0,BB1000,North
2025-11-04,4939.0,651.0,651.0,0.0,4288.0,4288.0,4008.0,4240.0,BB1000,North
2025-11-05,4288.0,480.0,480.0,0.0,3808.0,7816.0,0.0,0.0,BB1000,North
2025-11-06,3808.0,431.0,431.0,0.0,3377.0,7385.0,0.0,0.0,BB1000,North
2025-11-07,3377.0,722.0,722.0,0.0,2655.0,6663.0,0.0,0.0,BB1000,North
2025-11-08,2655.0,587.0,587.0,0.0,2068.0,6076.0,0.0,0.0,BB1000,North
2025-11-09,2068.0,592.0,592.0,0.0,1476.0,5484.0,0.0,0.0,BB1000,North
2025-11-10,1476.0,554.0,554.0,0.0,922.0,4930.0,0.0,0.0,BB1000,North
2025-11-11,4930.0,509.0,509.0,0.0,4421.0,4421.0,0.0,4008.0,BB1000,North
2025-11-12,4421.0,631.0,631.0,0.0,3790.0,3790.0,4506.0,0.0,BB1000,North
2025-11-13,3790.0,617.0,617.0,0.0,3173.0,7679.0,0.0,0.0,BB1000,North
2025-11-14,3173.0,522.0,522.0,0.0,2651.0,7157.0,0.0,0.0,BB1000,North
2025-11-15,2651.0,470.0,470.0,0.0,2181.0,6687.0,0.0,0.0,BB1000,North
2025-11-16,2181.0,629.0,629.0,0.0,1552.0,6058.0,0.0,0.0,BB1000,North
2025-11-17,1552.0,530.0,530.0,0.0,1022.0,5528.0,0.0,0.0,BB1000,North
2025-11-18,1022.0,575.0,575.0,0.0,447.0,4953.0,0.0,0.0,BB1000,North
2025-11-19,4953.0,623.0,623.0,0.0,4330.0,4330.0,0.0,4506.0,BB1000,North
2025-11-20,4330.0,436.0,436.0,0.0,3894.0,3894.0,4402.0,0.0,BB1000,North
2025-11-21,3894.0,504.0,504.0,0.0,3390.0,7792.0,0.0,0.0,BB1000,North
2025-11-22,3390.0,667.0,667.0,0.0,2723.0,7125.0,0.0,0.0,BB1000,North
2025-11-23,2723.0,594.0,594.0,0.0,2129.0,6531.0,0.0,0.0,BB1000,North
2025-11-24,2129.0,531.0,531.0,0.0,1598.0,6000.0,0.0,0.0,BB1000,North
2025-11-25,1598.0,538.0,538.0,0.0,1060.0,5462.0,0.0,0.0,BB1000,North
2025-11-26,1060.0,490.0,490.0,0.0,570.0,4972.0,0.0,0.0,BB1000,North
2025-11-27,4972.0,578.0,578.0,0.0,4394.0,4394.0,0.0,4402.0,BB1000,North
2025-11-28,4394.0,576.0,576.0,0.0,3818.0,3818.0,4478.0,0.0,BB1000,North
2025-11-29,3818.0,603.0,603.0,0.0,3215.0,7693.0,0.0,0.0,BB1000,North
2025-11-30,3215.0,545.0,545.0,0.0,2670.0,7148.0,0.0,0.0,BB1000,North
2025-12-01,2670.0,516.0,516.0,0.0,2154.0,6632.0,0.0,0.0,BB1000,North
2025-12-02,2154.0,614.0,614.0,0.0,1540.0,6018.0,0.0,0.0,BB1000,North
2025-12-03,1540.0,492.0,492.0,0.0,1048.0,5526.0,0.0,0.0,BB1000,North
2025-12-04,1048.0,494.0,494.0,0.0,554.0,5032.0,0.0,0.0,BB1000,North
2025-12-05,5032.0,484.0,484.0,0.0,4548.0,4548.0,0.0,4478.0,BB1000,North
2025-12-06,4548.0,543.0,543.0,0.0,4005.0,4005.0,4291.0,0.0,BB1000,North
2025-12-07,4005.0,541.0,541.0,0.0,3464.0,7755.0,0.0,0.0,BB1000,North
2025-12-08,3464.0,494.0,494.0,0.0,2970.0,7261.0,0.0,0.0,BB1000,North
2025-12-09,2970.0,546.0,546.0,0.0,2424.0,6715.0,0.0,0.0,BB1000,North
2025-12-10,2424.0,583.0,583.0,0.0,1841.0,6132.0,0.0,0.0,BB1000,North
2025-12-11,1841.0,664.0,664.0,0.0,1177.0,5468.0,0.0,0.0,BB1000,North
2025-12-12,1177.0,502.0,502.0,0.0,675.0,4966.0,0.0,0.0,BB1000,North
2025-12-13,4966.0,730.0,730.0,0.0,4236.0,4236.0,4060.0,4291.0,BB1000,North
2025-12-14,4236.0,685.0,685.0,0.0,3551.0,7611.0,0.0,0.0,BB1000,North
2025-12-15,3551.0,465.0,465.0,0.0,3086.0,7146.0,0.0,0.0,BB1000,North
2025-12-16,3086.0,649.0,649.0,0.0,2437.0,6497.0,0.0,0.0,BB1000,North
2025-12-17,2437.0,541.0,541.0,0.0,1896.0,5956.0,0.0,0.0,BB1000,North
2025-12-18,1896.0,542.0,542.0,0.0,1354.0,5414.0,0.0,0.0,BB1000,North
2025-12-19,1354.0,544.0,544.0,0.0,810.0,4870.0,0.0,0.0,BB1000,North
2025-12-20,4870.0,729.0,729.0,0.0,4141.0,4141.0,4155.0,4060.0,BB1000,North
2025-12-21,4141.0,599.0,599.0,0.0,3542.0,7697.0,0.0,0.0,BB1000,North
2025-12-22,3542.0,465.0,465.0,0.0,3077.0,7232.0,0.0,0.0,BB1000,North
2025-12-23,3077.0,594.0,594.0,0.0,2483.0,6638.0,0.0,0.0,BB1000,North
2025-12-24,2483.0,531.0,531.0,0.0,1952.0,6107.0,0.0,0.0,BB1000,North
2025-12-25,1952.0,612.0,612.0,0.0,1340.0,5495.0,0.0,0.0,BB1000,North
2025-12-26,1340.0,510.0,510.0,0.0,830.0,4985.0,0.0,0.0,BB1000,North
2025-12-27,4985.0,669.0,669.0,0.0,4316.0,4316.0,0.0,4155.0,BB1000,North
2025-12-28,4316.0,543.0,543.0,0.0,3773.0,3773.0,4523.0,0.0,BB1000,North
2025-12-29,3773.0,444.0,444.0,0.0,3329.0,7852.0,0.0,0.0,BB1000,North
2025-12-30,3329.0,444.0,444.0,0.0,2885.0,7408.0,0.0,0.0,BB1000,North
2025-12-31,2885.0,553.0,553.0,0.0,2332.0,6855.0,0.0,0.0,BB1000,North
2025-07-01,10804.0,775.0,775.0,0.0,10029.0,10029.0,0.0,0.0,BB1000,South
2025-07-02,10029.0,620.0,620.0,0.0,9409.0,9409.0,0.0,0.0,BB1000,South
2025-07-03,9409.0,642.0,642.0,0.0,8767.0,8767.0,0.0,0.0,BB1000,South
2025-07-04,8767.0,685.0,685.0,0.0,8082.0,8082.0,0.0,0.0,BB1000,South
2025-07-05,8082.0,582.0,582.0,0.0,7500.0,7500.0,0.0,0.0,BB1000,South
2025-07-06,7500.0,730.0,730.0,0.0,6770.0,6770.0,0.0,0.0,BB1000,South
2025-07-07,6770.0,675.0,675.0,0.0,6095.0,6095.0,4709.0,0.0,BB1000,South
2025-07-08,6095.0,646.0,646.0,0.0,5449.0,10158.0,0.0,0.0,BB1000,South
2025-07-09,5449.0,650.0,650.0,0.0,4799.0,9508.0,0.0,0.0,BB1000,South
2025-07-10,4799.0,652.0,652.0,0.0,4147.0,8856.0,0.0,0.0,BB1000,South
2025-07-11,4147.0,681.0,681.0,0.0,3466.0,8175.0,0.0,0.0,BB1000,South
2025-07-12,3466.0,910.0,910.0,0.0,2556.0,7265.0,0.0,0.0,BB1000,South
2025-07-13,2556.0,703.0,703.0,0.0,1853.0,6562.0,0.0,0.0,BB1000,South
2025-07-14,1853.0,714.0,714.0,0.0,1139.0,5848.0,4956.0,0.0,BB1000,South
2025-07-15,1139.0,823.0,823.0,0.0,316.0,9981.0,0.0,0.0,BB1000,South
2025-07-16,316.0,657.0,316.0,341.0,0.0,9665.0,0.0,0.0,BB1000,South
2025-07-17,4709.0,612.0,612.0,0.0,4097.0,9053.0,0.0,4709.0,BB1000,South
2025-07-18,4097.0,603.0,603.0,0.0,3494.0,8450.0,0.0,0.0,BB1000,South
2025-07-19,3494.0,695.0,695.0,0.0,2799.0,7755.0,0.0,0.0,BB1000,South
2025-07-20,2799.0,824.0,824.0,0.0,1975.0,6931.0,0.0,0.0,BB1000,South
2025-07-21,1975.0,599.0,599.0,0.0,1376.0,6332.0,4472.0,0.0,BB1000,South
2025-07-22,1376.0,642.0,642.0,0.0,734.0,10162.0,0.0,0.0,BB1000,South
2025-07-23,734.0,631.0,631.0,0.0,103.0,9531.0,0.0,0.0,BB1000,South
2025-07-24,5059.0,701.0,701.0,0.0,4358.0,8830.0,0.0,4956.0,BB1000,South
2025-07-25,4358.0,607.0,607.0,0.0,3751.0,8223.0,0.0,0.0,BB1000,South
2025-07-26,3751.0,579.0,579.0,0.0,3172.0,7644.0,0.0,0.0,BB1000,South
2025-07-27,3172.0,656.0,656.0,0.0,2516.0,6988.0,0.0,0.0,BB1000,South
2025-07-28,2516.0,608.0,608.0,0.0,1908.0,6380.0,4424.0,0.0,BB1000,South
2025-07-29,1908.0,707.0,707.0,0.0,1201.0,10097.0,0.0,0.0,BB1000,South
2025-07-30,1201.0,682.0,682.0,0.0,519.0,9415.0,0.0,0.0,BB1000,South
2025-07-31,4991.0,719.0,719.0,0.0,4272.0,8696.0,0.0,4472.0,BB1000,South
2025-08-01,4272.0,612.0,612.0,0.0,3660.0,8084.0,0.0,0.0,BB1000,South
2025-08-02,3660.0,705.0,705.0,0.0,2955.0,7379.0,0.0,0.0,BB1000,South
2025-08-03,2955.0,580.0,580.0,0.0,2375.0,6799.0,0.0,0.0,BB1000,South
2025-08-04,2375.0,495.0,495.0,0.0,1880.0,6304.0,4500.0,0.0,BB1000,South
2025-08-05,1880.0,626.0,626.0,0.0,1254.0,10178.0,0.0,0.0,BB1000,South
2025-08-06,1254.0,606.0,606.0,0.0,648.0,9572.0,0.0,0.0,BB1000,South
2025-08-07,5072.0,534.0,534.0,0.0,4538.0,9038.0,0.0,4424.0,BB1000,South
2025-08-08,4538.0,535.0,535.0,0.0,4003.0,8503.0,0.0,0.0,BB1000,South
2025-08-09,4003.0,551.0,551.0,0.0,3452.0,7952.0,0.0,0.0,BB1000,South
2025-08-10,3452.0,688.0,688.0,0.0,2764.0,7264.0,0.0,0.0,BB1000,South
2025-08-11,2764.0,720.0,720.0,0.0,2044.0,6544.0,0.0,0.0,BB1000,South
2025-08-12,2044.0,567.0,567.0,0.0,1477.0,5977.0,4827.0,0.0,BB1000,South
2025-08-13,1477.0,619.0,619.0,0.0,858.0,10185.0,0.0,0.0,BB1000,South
2025-08-14,5358.0,521.0,521.0,0.0,4837.0,9664.0,0.0,4500.0,BB1000,South
2025-08-15,4837.0,567.0,567.0,0.0,4270.0,9097.0,0.0,0.0,BB1000,South
2025-08-16,4270.0,706.0,706.0,0.0,3564.0,8391.0,0.0,0.0,BB1000,South
2025-08-17,3564.0,681.0,681.0,0.0,2883.0,7710.0,0.0,0.0,BB1000,South
2025-08-18,2883.0,535.0,535.0,0.0,2348.0,7175.0,0.0,0.0,BB1000,South
2025-08-19,2348.0,611.0,611.0,0.0,1737.0,6564.0,0.0,0.0,BB1000,South
2025-08-20,1737.0,539.0,539.0,0.0,1198.0,6025.0,4779.0,0.0,BB1000,South
2025-08-21,1198.0,580.0,580.0,0.0,618.0,10224.0,0.0,0.0,BB1000,South
2025-08-22,5445.0,648.0,648.0,0.0,4797.0,9576.0,0.0,4827.0,BB1000,South
2025-08-23,4797.0,652.0,652.0,0.0,4145.0,8924.0,0.0,0.0,BB1000,South
2025-08-24,4145.0,812.0,812.0,0.0,3333.0,8112.0,0.0,0.0,BB1000,South
2025-08-25,3333.0,643.0,643.0,0.0,2690.0,7469.0,0.0,0.0,BB1000,South
2025-08-26,2690.0,498.0,498.0,0.0,2192.0,6971.0,0.0,0.0,BB1000,South
2025-08-27,2192.0,484.0,484.0,0.0,1708.0,6487.0,4317.0,0.0,BB1000,South
2025-08-28,1708.0,535.0,535.0,0.0,1173.0,10269.0,0.0,0.0,BB1000,South
2025-08-29,1173.0,550.0,550.0,0.0,623.0,9719.0,0.0,0.0,BB1000,South
2025-08-30,5402.0,599.0,599.0,0.0,4803.0,9120.0,0.0,4779.0,BB1000,South
2025-08-31,4803.0,645.0,645.0,0.0,4158.0,8475.0,0.0,0.0,BB1000,South
2025-09-01,4158.0,417.0,417.0,0.0,3741.0,8058.0,0.0,0.0,BB1000,South
2025-09-02,3741.0,541.0,541.0,0.0,3200.0,7517.0,0.0,0.0,BB1000,South
2025-09-03,3200.0,533.0,533.0,0.0,2667.0,6984.0,0.0,0.0,BB1000,South
2025-09-04,2667.0,519.0,519.0,0.0,2148.0,6465.0,4339.0,0.0,BB1000,South
2025-09-05,2148.0,593.0,593.0,0.0,1555.0,10211.0,0.0,0.0,BB1000,South
2025-09-06,5872.0,852.0,852.0,0.0,5020.0,9359.0,0.0,4317.0,BB1000,South
2025-09-07,5020.0,710.0,710.0,0.0,4310.0,8649.0,0.0,0.0,BB1000,South
2025-09-08,4310.0,538.0,538.0,0.0,3772.0,8111.0,0.0,0.0,BB1000,South
2025-09-09,3772.0,632.0,632.0,0.0,3140.0,7479.0,0.0,0.0,BB1000,South
2025-09-10,3140.0,789.0,789.0,0.0,2351.0,6690.0,0.0,0.0,BB1000,South
2025-09-11,2351.0,606.0,606.0,0.0,1745.0,6084.0,4720.0,0.0,BB1000,South
2025-09-12,1745.0,512.0,512.0,0.0,1233.0,10292.0,0.0,0.0,BB1000,South
2025-09-13,1233.0,521.0,521.0,0.0,712.0,9771.0,0.0,0.0,BB1000,South
2025-09-14,5051.0,672.0,672.0,0.0,4379.0,9099.0,0.0,4339.0,BB1000,South
2025-09-15,4379.0,587.0,587.0,0.0,3792.0,8512.0,0.0,0.0,BB1000,South
2025-09-16,3792.0,521.0,521.0,0.0,3271.0,7991.0,0.0,0.0,BB1000,South
2025-09-17,3271.0,712.0,712.0,0.0,2559.0,7279.0,0.0,0.0,BB1000,South
2025-09-18,2559.0,695.0,695.0,0.0,1864.0,6584.0,0.0,0.0,BB1000,South
2025-09-19,1864.0,532.0,532.0,0.0,1332.0,6052.0,4752.0,0.0,BB1000,South
2025-09-20,1332.0,638.0,638.0,0.0,694.0,10166.0,0.0,0.0,BB1000,South
2025-09-21,5414.0,627.0,627.0,0.0,4787.0,9539.0,0.0,4720.0,BB1000,South
2025-09-22,4787.0,584.0,584.0,0.0,4203.0,8955.0,0.0,0.0,BB1000,South
2025-09-23,4203.0,455.0,455.0,0.0,3748.0,8500.0,0.0,0.0,BB1000,South
2025-09-24,3748.0,580.0,580.0,0.0,3168.0,7920.0,0.0,0.0,BB1000,South
2025-09-25,3168.0,624.0,624.0,0.0,2544.0,7296.0,0.0,0.0,BB1000,South
2025-09-26,2544.0,580.0,580.0,0.0,1964.0,6716.0,0.0,0.0,BB1000,South
2025-09-27,1964.0,611.0,611.0,0.0,1353.0,6105.0,4699.0,0.0,BB1000,South
2025-09-28,1353.0,653.0,653.0,0.0,700.0,10151.0,0.0,0.0,BB1000,South
2025-09-29,5452.0,681.0,681.0,0.0,4771.0,9470.0,0.0,4752.0,BB1000,South
2025-09-30,4771.0,567.0,567.0,0.0,4204.0,8903.0,0.0,0.0,BB1000,South
2025-10-01,4204.0,568.0,568.0,0.0,3636.0,8335.0,0.0,0.0,BB1000,South
2025-10-02,3636.0,558.0,558.0,0.0,3078.0,7777.0,0.0,0.0,BB1000,South
2025-10-03,3078.0,644.0,644.0,0.0,2434.0,7133.0,0.0,0.0,BB1000,South
2025-10-04,2434.0,645.0,645.0,0.0,1789.0,6488.0,4316.0,0.0,BB1000,South
2025-10-05,1789.0,652.0,652.0,0.0,1137.0,10152.0,0.0,0.0,BB1000,South
2025-10-06,1137.0,594.0,594.0,0.0,543.0,9558.0,0.0,0.0,BB1000,South
2025-10-07,5242.0,631.0,631.0,0.0,4611.0,8927.0,0.0,4699.0,BB1000,South
2025-10-08,4611.0,697.0,697.0,0.0,3914.0,8230.0,0.0,0.0,BB1000,South
2025-10-09,3914.0,604.0,604.0,0.0,3310.0,7626.0,0.0,0.0,BB1000,South
2025-10-10,3310.0,620.0,620.0,0.0,2690.0,7006.0,0.0,0.0,BB1000,South
2025-10-11,2690.0,633.0,633.0,0.0,2057.0,6373.0,4431.0,0.0,BB1000,South
2025-10-12,2057.0,548.0,548.0,0.0,1509.0,10256.0,0.0,0.0,BB1000,South
2025-10-13,1509.0,603.0,603.0,0.0,906.0,9653.0,0.0,0.0,BB1000,South
2025-10-14,5222.0,658.0,658.0,0.0,4564.0,8995.0,0.0,4316.0,BB1000,South
2025-10-15,4564.0,594.0,594.0,0.0,3970.0,8401.0,0.0,0.0,BB1000,South
2025-10-16,3970.0,561.0,561.0,0.0,3409.0,7840.0,0.0,0.0,BB1000,South
2025-10-17,3409.0,565.0,565.0,0.0,2844.0,7275.0,0.0,0.0,BB1000,South
2025-10-18,2844.0,688.0,688.0,0.0,2156.0,6587.0,0.0,0.0,BB1000,South
2025-10-19,2156.0,665.0,665.0,0.0,1491.0,5922.0,4882.0,0.0,BB1000,South
2025-10-20,1491.0,887.0,887.0,0.0,604.0,9917.0,0.0,0.0,BB1000,South
2025-10-21,5035.0,477.0,477.0,0.0,4558.0,9440.0,0.0,4431.0,BB1000,South
2025-10-22,4558.0,575.0,575.0,0.0,3983.0,8865.0,0.0,0.0,BB1000,South
2025-10-23,3983.0,588.0,588.0,0.0,3395.0,8277.0,0.0,0.0,BB1000,South
2025-10-24,3395.0,541.0,541.0,0.0,2854.0,7736.0,0.0,0.0,BB1000,South
2025-10-25,2854.0,778.0,778.0,0.0,2076.0,6958.0,0.0,0.0,BB1000,South
2025-10-26,2076.0,618.0,618.0,0.0,1458.0,6340.0,4464.0,0.0,BB1000,South
2025-10-27,1458.0,668.0,668.0,0.0,790.0,10136.0,0.0,0.0,BB1000,South
2025-10-28,790.0,622.0,622.0,0.0,168.0,9514.0,0.0,0.0,BB1000,South
2025-10-29,5050.0,692.0,692.0,0.0,4358.0,8822.0,0.0,4882.0,BB1000,South
2025-10-30,4358.0,588.0,588.0,0.0,3770.0,8234.0,0.0,0.0,BB1000,South
2025-10-31,3770.0,580.0,580.0,0.0,3190.0,7654.0,0.0,0.0,BB1000,South
2025-11-01,3190.0,658.0,658.0,0.0,2532.0,6996.0,0.0,0.0,BB1000,South
2025-11-02,2532.0,766.0,766.0,0.0,1766.0,6230.0,4574.0,0.0,BB1000,South
2025-11-03,1766.0,536.0,536.0,0.0,1230.0,10268.0,0.0,0.0,BB1000,South
2025-11-04,1230.0,626.0,626.0,0.0,604.0,9642.0,0.0,0.0,BB1000,South
2025-11-05,5068.0,679.0,679.0,0.0,4389.0,8963.0,0.0,4464.0,BB1000,South
2025-11-06,4389.0,493.0,493.0,0.0,3896.0,8470.0,0.0,0.0,BB1000,South
2025-11-07,3896.0,605.0,605.0,0.0,3291.0,7865.0,0.0,0.0,BB1000,South
2025-11-08,3291.0,607.0,607.0,0.0,2684.0,7258.0,0.0,0.0,BB1000,South
2025-11-09,2684.0,685.0,685.0,0.0,1999.0,6573.0,0.0,0.0,BB1000,South
2025-11-10,1999.0,596.0,596.0,0.0,1403.0,5977.0,4827.0,0.0,BB1000,South
2025-11-11,1403.0,714.0,714.0,0.0,689.0,10090.0,0.0,0.0,BB1000,South
2025-11-12,5263.0,691.0,691.0,0.0,4572.0,9399.0,0.0,4574.0,BB1000,South
2025-11-13,4572.0,503.0,503.0,0.0,4069.0,8896.0,0.0,0.0,BB1000,South
2025-11-14,4069.0,543.0,543.0,0.0,3526.0,8353.0,0.0,0.0,BB1000,South
2025-11-15,3526.0,644.0,644.0,0.0,2882.0,7709.0,0.0,0.0,BB1000,South
2025-11-16,2882.0,633.0,633.0,0.0,2249.0,7076.0,0.0,0.0,BB1000,South
2025-11-17,2249.0,543.0,543.0,0.0,1706.0,6533.0,0.0,0.0,BB1000,South
2025-11-18,1706.0,668.0,668.0,0.0,1038.0,5865.0,4939.0,0.0,BB1000,South
2025-11-19,1038.0,538.0,538.0,0.0,500.0,10266.0,0.0,0.0,BB1000,South
2025-11-20,5327.0,580.0,580.0,0.0,4747.0,9686.0,0.0,4827.0,BB1000,South
2025-11-21,4747.0,618.0,618.0,0.0,4129.0,9068.0,0.0,0.0,BB1000,South
2025-11-22,4129.0,747.0,747.0,0.0,3382.0,8321.0,0.0,0.0,BB1000,South
2025-11-23,3382.0,523.0,523.0,0.0,2859.0,7798.0,0.0,0.0,BB1000,South
2025-11-24,2859.0,440.0,440.0,0.0,2419.0,7358.0,0.0,0.0,BB1000,South
2025-11-25,2419.0,561.0,561.0,0.0,1858.0,6797.0,0.0,0.0,BB1000,South
2025-11-26,1858.0,635.0,635.0,0.0,1223.0,6162.0,4642.0,0.0,BB1000,South
2025-11-27,1223.0,607.0,607.0,0.0,616.0,10197.0,0.0,0.0,BB1000,South
2025-11-28,5555.0,659.0,659.0,0.0,4896.0,9538.0,0.0,4939.0,BB1000,South
2025-11-29,4896.0,750.0,750.0,0.0,4146.0,8788.0,0.0,0.0,BB1000,South
2025-11-30,4146.0,512.0,512.0,0.0,3634.0,8276.0,0.0,0.0,BB1000,South
2025-12-01,3634.0,593.0,593.0,0.0,3041.0,7683.0,0.0,0.0,BB1000,South
2025-12-02,3041.0,488.0,488.0,0.0,2553.0,7195.0,0.0,0.0,BB1000,South
2025-12-03,2553.0,637.0,637.0,0.0,1916.0,6558.0,0.0,0.0,BB1000,South
2025-12-04,1916.0,543.0,543.0,0.0,1373.0,6015.0,4789.0,0.0,BB1000,South
2025-12-05,1373.0,560.0,560.0,0.0,813.0,10244.0,0.0,0.0,BB1000,South
2025-12-06,5455.0,680.0,680.0,0.0,4775.0,9564.0,0.0,4642.0,BB1000,South
2025-12-07,4775.0,729.0,729.0,0.0,4046.0,8835.0,0.0,0.0,BB1000,South
2025-12-08,4046.0,558.0,558.0,0.0,3488.0,8277.0,0.0,0.0,BB1000,South
2025-12-09,3488.0,609.0,609.0,0.0,2879.0,7668.0,0.0,0.0,BB1000,South
2025-12-10,2879.0,610.0,610.0,0.0,2269.0,7058.0,0.0,0.0,BB1000,South
2025-12-11,2269.0,573.0,573.0,0.0,1696.0,6485.0,4319.0,0.0,BB1000,South
2025-12-12,1696.0,731.0,731.0,0.0,965.0,10073.0,0.0,0.0,BB1000,South
2025-12-13,965.0,608.0,608.0,0.0,357.0,9465.0,0.0,0.0,BB1000,South
2025-12-14,5146.0,685.0,685.0,0.0,4461.0,8780.0,0.0,4789.0,BB1000,South
2025-12-15,4461.0,605.0,605.0,0.0,3856.0,8175.0,0.0,0.0,BB1000,South
2025-12-16,3856.0,638.0,638.0,0.0,3218.0,7537.0,0.0,0.0,BB1000,South
2025-12-17,3218.0,639.0,639.0,0.0,2579.0,6898.0,0.0,0.0,BB1000,South
2025-12-18,2579.0,449.0,449.0,0.0,2130.0,6449.0,4355.0,0.0,BB1000,South
2025-12-19,2130.0,754.0,754.0,0.0,1376.0,10050.0,0.0,0.0,BB1000,South
2025-12-20,1376.0,916.0,916.0,0.0,460.0,9134.0,0.0,0.0,BB1000,South
2025-12-21,4779.0,763.0,763.0,0.0,4016.0,8371.0,0.0,4319.0,BB1000,South
2025-12-22,4016.0,588.0,588.0,0.0,3428.0,7783.0,0.0,0.0,BB1000,South
2025-12-23,3428.0,662.0,662.0,0.0,2766.0,7121.0,0.0,0.0,BB1000,South
2025-12-24,2766.0,535.0,535.0,0.0,2231.0,6586.0,0.0,0.0,BB1000,South
2025-12-25,2231.0,766.0,766.0,0.0,1465.0,5820.0,4984.0,0.0,BB1000,South
2025-12-26,1465.0,577.0,577.0,0.0,888.0,10227.0,0.0,0.0,BB1000,South
2025-12-27,888.0,708.0,708.0,0.0,180.0,9519.0,0.0,0.0,BB1000,South
2025-12-28,4535.0,744.0,744.0,0.0,3791.0,8775.0,0.0,4355.0,BB1000,South
2025-12-29,3791.0,612.0,612.0,0.0,3179.0,8163.0,0.0,0.0,BB1000,South
2025-12-30,3179.0,539.0,539.0,0.0,2640.0,7624.0,0.0,0.0,BB1000,South
2025-12-31,2640.0,617.0,617.0,0.0,2023.0,7007.0,0.0,0.0,BB1000,South
2025-07-01,10710.0,640.0,640.0,0.0,10070.0,10070.0,0.0,0.0,BB1000,West
2025-07-02,10070.0,626.0,626.0,0.0,9444.0,9444.0,0.0,0.0,BB1000,West
2025-07-03,9444.0,759.0,759.0,0.0,8685.0,8685.0,0.0,0.0,BB1000,West
2025-07-04,8685.0,549.0,549.0,0.0,8136.0,8136.0,0.0,0.0,BB1000,West
2025-07-05,8136.0,657.0,657.0,0.0,7479.0,7479.0,0.0,0.0,BB1000,West
2025-07-06,7479.0,940.0,940.0,0.0,6539.0,6539.0,0.0,0.0,BB1000,West
2025-07-07,6539.0,611.0,611.0,0.0,5928.0,5928.0,4782.0,0.0,BB1000,West
2025-07-08,5928.0,661.0,661.0,0.0,5267.0,10049.0,0.0,0.0,BB1000,West
2025-07-09,5267.0,653.0,653.0,0.0,4614.0,9396.0,0.0,0.0,BB1000,West
2025-07-10,4614.0,677.0,677.0,0.0,3937.0,8719.0,0.0,0.0,BB1000,West
2025-07-11,3937.0,736.0,736.0,0.0,3201.0,7983.0,0.0,0.0,BB1000,West
2025-07-12,3201.0,871.0,871.0,0.0,2330.0,7112.0,0.0,0.0,BB1000,West
2025-07-13,2330.0,783.0,783.0,0.0,1547.0,6329.0,0.0,0.0,BB1000,West
2025-07-14,1547.0,717.0,717.0,0.0,830.0,5612.0,5098.0,0.0,BB1000,West
2025-07-15,830.0,665.0,665.0,0.0,165.0,10045.0,0.0,0.0,BB1000,West
2025-07-16,4947.0,682.0,682.0,0.0,4265.0,9363.0,0.0,4782.0,BB1000,West
2025-07-17,4265.0,668.0,668.0,0.0,3597.0,8695.0,0.0,0.0,BB1000,West
2025-07-18,3597.0,749.0,749.0,0.0,2848.0,7946.0,0.0,0.0,BB1000,West
2025-07-19,2848.0,913.0,913.0,0.0,1935.0,7033.0,0.0,0.0,BB1000,West
2025-07-20,1935.0,613.0,613.0,0.0,1322.0,6420.0,0.0,0.0,BB1000,West
2025-07-21,1322.0,610.0,610.0,0.0,712.0,5810.0,4900.0,0.0,BB1000,West
2025-07-22,712.0,670.0,670.0,0.0,42.0,10040.0,0.0,0.0,BB1000,West
2025-07-23,5140.0,693.0,693.0,0.0,4447.0,9347.0,0.0,5098.0,BB1000,West
2025-07-24,4447.0,704.0,704.0,0.0,3743.0,8643.0,0.0,0.0,BB1000,West
2025-07-25,3743.0,630.0,630.0,0.0,3113.0,8013.0,0.0,0.0,BB1000,West
2025-07-26,3113.0,778.0,778.0,0.0,2335.0,7235.0,0.0,0.0,BB1000,West
2025-07-27,2335.0,726.0,726.0,0.0,1609.0,6509.0,0.0,0.0,BB1000,West
2025-07-28,1609.0,925.0,925.0,0.0,684.0,5584.0,5126.0,0.0,BB1000,West
2025-07-29,684.0,702.0,684.0,18.0,0.0,10026.0,0.0,0.0,BB1000,West
2025-07-30,4900.0,683.0,683.0,0.0,4217.0,9343.0,0.0,4900.0,BB1000,West
2025-07-31,4217.0,685.0,685.0,0.0,3532.0,8658.0,0.0,0.0,BB1000,West
2025-08-01,3532.0,609.0,609.0,0.0,2923.0,8049.0,0.0,0.0,BB1000,West
2025-08-02,2923.0,728.0,728.0,0.0,2195.0,7321.0,0.0,0.0,BB1000,West
2025-08-03,2195.0,579.0,579.0,0.0,1616.0,6742.0,0.0,0.0,BB1000,West
2025-08-04,1616.0,695.0,695.0,0.0,921.0,6047.0,4663.0,0.0,BB1000,West
2025-08-05,921.0,599.0,599.0,0.0,322.0,10111.0,0.0,0.0,BB1000,West
2025-08-06,5448.0,625.0,625.0,0.0,4823.0,9486.0,0.0,5126.0,BB1000,West
2025-08-07,4823.0,584.0,584.0,0.0,4239.0,8902.0,0.0,0.0,BB1000,West
2025-08-08,4239.0,570.0,570.0,0.0,3669.0,8332.0,0.0,0.0,BB1000,West
2025-08-09,3669.0,816.0,816.0,0.0,2853.0,7516.0,0.0,0.0,BB1000,West
2025-08-10,2853.0,699.0,699.0,0.0,2154.0,6817.0,0.0,0.0,BB1000,West
2025-08-11,2154.0,655.0,655.0,0.0,1499.0,6162.0,4548.0,0.0,BB1000,West
2025-08-12,1499.0,615.0,615.0,0.0,884.0,10095.0,0.0,0.0,BB1000,West
2025-08-13,5547.0,575.0,575.0,0.0,4972.0,9520.0,0.0,4663.0,BB1000,West
2025-08-14,4972.0,554.0,554.0,0.0,4418.0,8966.0,0.0,0.0,BB1000,West
2025-08-15,4418.0,731.0,731.0,0.0,3687.0,8235.0,0.0,0.0,BB1000,West
2025-08-16,3687.0,743.0,743.0,0.0,2944.0,7492.0,0.0,0.0,BB1000,West
2025-08-17,2944.0,666.0,666.0,0.0,2278.0,6826.0,0.0,0.0,BB1000,West
2025-08-18,2278.0,780.0,780.0,0.0,1498.0,6046.0,4664.0,0.0,BB1000,West
2025-08-19,1498.0,669.0,669.0,0.0,829.0,10041.0,0.0,0.0,BB1000,West
2025-08-20,5377.0,587.0,587.0,0.0,4790.0,9454.0,0.0,4548.0,BB1000,West
2025-08-21,4790.0,595.0,595.0,0.0,4195.0,8859.0,0.0,0.0,BB1000,West
2025-08-22,4195.0,469.0,469.0,0.0,3726.0,8390.0,0.0,0.0,BB1000,West
2025-08-23,3726.0,685.0,685.0,0.0,3041.0,7705.0,0.0,0.0,BB1000,West
2025-08-24,3041.0,847.0,847.0,0.0,2194.0,6858.0,0.0,0.0,BB1000,West
2025-08-25,2194.0,619.0,619.0,0.0,1575.0,6239.0,0.0,0.0,BB1000,West
2025-08-26,1575.0,637.0,637.0,0.0,938.0,5602.0,5108.0,0.0,BB1000,West
2025-08-27,5602.0,651.0,651.0,0.0,4951.0,10059.0,0.0,4664.0,BB1000,West
2025-08-28,4951.0,753.0,753.0,0.0,4198.0,9306.0,0.0,0.0,BB1000,West
2025-08-29,4198.0,616.0,616.0,0.0,3582.0,8690.0,0.0,0.0,BB1000,West
2025-08-30,3582.0,672.0,672.0,0.0,2910.0,8018.0,0.0,0.0,BB1000,West
2025-08-31,2910.0,637.0,637.0,0.0,2273.0,7381.0,0.0,0.0,BB1000,West
2025-09-01,2273.0,510.0,510.0,0.0,1763.0,6871.0,0.0,0.0,BB1000,West
2025-09-02,1763.0,653.0,653.0,0.0,1110.0,6218.0,0.0,0.0,BB1000,West
2025-09-03,1110.0,599.0,599.0,0.0,511.0,5619.0,5091.0,0.0,BB1000,West
2025-09-04,5619.0,574.0,574.0,0.0,5045.0,10136.0,0.0,5108.0,BB1000,West
2025-09-05,5045.0,708.0,708.0,0.0,4337.0,9428.0,0.0,0.0,BB1000,West
2025-09-06,4337.0,616.0,616.0,0.0,3721.0,8812.0,0.0,0.0,BB1000,West
2025-09-07,3721.0,594.0,594.0,0.0,3127.0,8218.0,0.0,0.0,BB1000,West
2025-09-08,3127.0,600.0,600.0,0.0,2527.0,7618.0,0.0,0.0,BB1000,West
2025-09-09,2527.0,618.0,618.0,0.0,1909.0,7000.0,0.0,0.0,BB1000,West
2025-09-10,1909.0,737.0,737.0,0.0,1172.0,6263.0,0.0,0.0,BB1000,West
2025-09-11,1172.0,535.0,535.0,0.0,637.0,5728.0,4982.0,0.0,BB1000,West
2025-09-12,5728.0,573.0,573.0,0.0,5155.0,10137.0,0.0,5091.0,BB1000,West
2025-09-13,5155.0,756.0,756.0,0.0,4399.0,9381.0,0.0,0.0,BB1000,West
2025-09-14,4399.0,619.0,619.0,0.0,3780.0,8762.0,0.0,0.0,BB1000,West
2025-09-15,3780.0,609.0,609.0,0.0,3171.0,8153.0,0.0,0.0,BB1000,West
2025-09-16,3171.0,538.0,538.0,0.0,2633.0,7615.0,0.0,0.0,BB1000,West
2025-09-17,2633.0,536.0,536.0,0.0,2097.0,7079.0,0.0,0.0,BB1000,West
2025-09-18,2097.0,748.0,748.0,0.0,1349.0,6331.0,0.0,0.0,BB1000,West
2025-09-19,1349.0,754.0,754.0,0.0,595.0,5577.0,5133.0,0.0,BB1000,West
2025-09-20,5577.0,701.0,701.0,0.0,4876.0,10009.0,0.0,4982.0,BB1000,West
2025-09-21,4876.0,655.0,655.0,0.0,4221.0,9354.0,0.0,0.0,BB1000,West
2025-09-22,4221.0,663.0,663.0,0.0,3558.0,8691.0,0.0,0.0,BB1000,West
2025-09-23,3558.0,572.0,572.0,0.0,2986.0,8119.0,0.0,0.0,BB1000,West
2025-09-24,2986.0,704.0,704.0,0.0,2282.0,7415.0,0.0,0.0,BB1000,West
2025-09-25,2282.0,607.0,607.0,0.0,1675.0,6808.0,0.0,0.0,BB1000,West
2025-09-26,1675.0,552.0,552.0,0.0,1123.0,6256.0,0.0,0.0,BB1000,West
2025-09-27,1123.0,600.0,600.0,0.0,523.0,5656.0,5054.0,0.0,BB1000,West
2025-09-28,5656.0,708.0,708.0,0.0,4948.0,10002.0,0.0,5133.0,BB1000,West
2025-09-29,4948.0,594.0,594.0,0.0,4354.0,9408.0,0.0,0.0,BB1000,West
2025-09-30,4354.0,714.0,714.0,0.0,3640.0,8694.0,0.0,0.0,BB1000,West
2025-10-01,3640.0,628.0,628.0,0.0,3012.0,8066.0,0.0,0.0,BB1000,West
2025-10-02,3012.0,614.0,614.0,0.0,2398.0,7452.0,0.0,0.0,BB1000,West
2025-10-03,2398.0,492.0,492.0,0.0,1906.0,6960.0,0.0,0.0,BB1000,West
2025-10-04,1906.0,660.0,660.0,0.0,1246.0,6300.0,0.0,0.0,BB1000,West
2025-10-05,1246.0,817.0,817.0,0.0,429.0,5483.0,5227.0,0.0,BB1000,West
2025-10-06,5483.0,493.0,493.0,0.0,4990.0,10217.0,0.0,5054.0,BB1000,West
2025-10-07,4990.0,476.0,476.0,0.0,4514.0,9741.0,0.0,0.0,BB1000,West
2025-10-08,4514.0,543.0,543.0,0.0,3971.0,9198.0,0.0,0.0,BB1000,West
2025-10-09,3971.0,577.0,577.0,0.0,3394.0,8621.0,0.0,0.0,BB1000,West
2025-10-10,3394.0,654.0,654.0,0.0,2740.0,7967.0,0.0,0.0,BB1000,West
2025-10-11,2740.0,797.0,797.0,0.0,1943.0,7170.0,0.0,0.0,BB1000,West
2025-10-12,1943.0,604.0,604.0,0.0,1339.0,6566.0,0.0,0.0,BB1000,West
2025-10-13,1339.0,603.0,603.0,0.0,736.0,5963.0,4747.0,0.0,BB1000,West
2025-10-14,5963.0,596.0,596.0,0.0,5367.0,10114.0,0.0,5227.0,BB1000,West
2025-10-15,5367.0,612.0,612.0,0.0,4755.0,9502.0,0.0,0.0,BB1000,West
2025-10-16,4755.0,690.0,690.0,0.0,4065.0,8812.0,0.0,0.0,BB1000,West
2025-10-17,4065.0,540.0,540.0,0.0,3525.0,8272.0,0.0,0.0,BB1000,West
2025-10-18,3525.0,614.0,614.0,0.0,2911.0,7658.0,0.0,0.0,BB1000,West
2025-10-19,2911.0,648.0,648.0,0.0,2263.0,7010.0,0.0,0.0,BB1000,West
2025-10-20,2263.0,739.0,739.0,0.0,1524.0,6271.0,0.0,0.0,BB1000,West
2025-10-21,1524.0,613.0,613.0,0.0,911.0,5658.0,5052.0,0.0,BB1000,West
2025-10-22,5658.0,695.0,695.0,0.0,4963.0,10015.0,0.0,4747.0,BB1000,West
2025-10-23,4963.0,613.0,613.0,0.0,4350.0,9402.0,0.0,0.0,BB1000,West
2025-10-24,4350.0,583.0,583.0,0.0,3767.0,8819.0,0.0,0.0,BB1000,West
2025-10-25,3767.0,538.0,538.0,0.0,3229.0,8281.0,0.0,0.0,BB1000,West
2025-10-26,3229.0,704.0,704.0,0.0,2525.0,7577.0,0.0,0.0,BB1000,West
2025-10-27,2525.0,625.0,625.0,0.0,1900.0,6952.0,0.0,0.0,BB1000,West
2025-10-28,1900.0,603.0,603.0,0.0,1297.0,6349.0,0.0,0.0,BB1000,West
2025-10-29,1297.0,638.0,638.0,0.0,659.0,5711.0,4999.0,0.0,BB1000,West
2025-10-30,5711.0,713.0,713.0,0.0,4998.0,9997.0,0.0,5052.0,BB1000,West
2025-10-31,4998.0,441.0,441.0,0.0,4557.0,9556.0,0.0,0.0,BB1000,West
2025-11-01,4557.0,817.0,817.0,0.0,3740.0,8739.0,0.0,0.0,BB1000,West
2025-11-02,3740.0,653.0,653.0,0.0,3087.0,8086.0,0.0,0.0,BB1000,West
2025-11-03,3087.0,643.0,643.0,0.0,2444.0,7443.0,0.0,0.0,BB1000,West
2025-11-04,2444.0,624.0,624.0,0.0,1820.0,6819.0,0.0,0.0,BB1000,West
2025-11-05,1820.0,510.0,510.0,0.0,1310.0,6309.0,0.0,0.0,BB1000,West
2025-11-06,1310.0,672.0,672.0,0.0,638.0,5637.0,5073.0,0.0,BB1000,West
2025-11-07,5637.0,637.0,637.0,0.0,5000.0,10073.0,0.0,4999.0,BB1000,West
2025-11-08,5000.0,744.0,744.0,0.0,4256.0,9329.0,0.0,0.0,BB1000,West
2025-11-09,4256.0,748.0,748.0,0.0,3508.0,8581.0,0.0,0.0,BB1000,West
2025-11-10,3508.0,609.0,609.0,0.0,2899.0,7972.0,0.0,0.0,BB1000,West
2025-11-11,2899.0,536.0,536.0,0.0,2363.0,7436.0,0.0,0.0,BB1000,West
2025-11-12,2363.0,817.0,817.0,0.0,1546.0,6619.0,0.0,0.0,BB1000,West
2025-11-13,1546.0,642.0,642.0,0.0,904.0,5977.0,4733.0,0.0,BB1000,West
2025-11-14,904.0,501.0,501.0,0.0,403.0,10209.0,0.0,0.0,BB1000,West
2025-11-15,5476.0,778.0,778.0,0.0,4698.0,9431.0,0.0,5073.0,BB1000,West
2025-11-16,4698.0,711.0,711.0,0.0,3987.0,8720.0,0.0,0.0,BB1000,West
2025-11-17,3987.0,614.0,614.0,0.0,3373.0,8106.0,0.0,0.0,BB1000,West
2025-11-18,3373.0,591.0,591.0,0.0,2782.0,7515.0,0.0,0.0,BB1000,West
2025-11-19,2782.0,582.0,582.0,0.0,2200.0,6933.0,0.0,0.0,BB1000,West
2025-11-20,2200.0,579.0,579.0,0.0,1621.0,6354.0,0.0,0.0,BB1000,West
2025-11-21,1621.0,577.0,577.0,0.0,1044.0,5777.0,4933.0,0.0,BB1000,West
2025-11-22,5777.0,771.0,771.0,0.0,5006.0,9939.0,0.0,4733.0,BB1000,West
2025-11-23,5006.0,666.0,666.0,0.0,4340.0,9273.0,0.0,0.0,BB1000,West
2025-11-24,4340.0,595.0,595.0,0.0,3745.0,8678.0,0.0,0.0,BB1000,West
2025-11-25,3745.0,488.0,488.0,0.0,3257.0,8190.0,0.0,0.0,BB1000,West
2025-11-26,3257.0,568.0,568.0,0.0,2689.0,7622.0,0.0,0.0,BB1000,West
2025-11-27,2689.0,534.0,534.0,0.0,2155.0,7088.0,0.0,0.0,BB1000,West
2025-11-28,2155.0,569.0,569.0,0.0,1586.0,6519.0,0.0,0.0,BB1000,West
2025-11-29,1586.0,688.0,688.0,0.0,898.0,5831.0,4879.0,0.0,BB1000,West
2025-11-30,5831.0,737.0,737.0,0.0,5094.0,9973.0,0.0,4933.0,BB1000,West
2025-12-01,5094.0,653.0,653.0,0.0,4441.0,9320.0,0.0,0.0,BB1000,West
2025-12-02,4441.0,644.0,644.0,0.0,3797.0,8676.0,0.0,0.0,BB1000,West
2025-12-03,3797.0,485.0,485.0,0.0,3312.0,8191.0,0.0,0.0,BB1000,West
2025-12-04,3312.0,488.0,488.0,0.0,2824.0,7703.0,0.0,0.0,BB1000,West
2025-12-05,2824.0,552.0,552.0,0.0,2272.0,7151.0,0.0,0.0,BB1000,West
2025-12-06,2272.0,630.0,630.0,0.0,1642.0,6521.0,0.0,0.0,BB1000,West
2025-12-07,1642.0,809.0,809.0,0.0,833.0,5712.0,4998.0,0.0,BB1000,West
2025-12-08,5712.0,650.0,650.0,0.0,5062.0,10060.0,0.0,4879.0,BB1000,West
2025-12-09,5062.0,506.0,506.0,0.0,4556.0,9554.0,0.0,0.0,BB1000,West
2025-12-10,4556.0,641.0,641.0,0.0,3915.0,8913.0,0.0,0.0,BB1000,West
2025-12-11,3915.0,657.0,657.0,0.0,3258.0,8256.0,0.0,0.0,BB1000,West
2025-12-12,3258.0,704.0,704.0,0.0,2554.0,7552.0,0.0,0.0,BB1000,West
2025-12-13,2554.0,676.0,676.0,0.0,1878.0,6876.0,0.0,0.0,BB1000,West
2025-12-14,1878.0,688.0,688.0,0.0,1190.0,6188.0,4522.0,0.0,BB1000,West
2025-12-15,1190.0,609.0,609.0,0.0,581.0,10101.0,0.0,0.0,BB1000,West
2025-12-16,5579.0,658.0,658.0,0.0,4921.0,9443.0,0.0,4998.0,BB1000,West
2025-12-17,4921.0,492.0,492.0,0.0,4429.0,8951.0,0.0,0.0,BB1000,West
2025-12-18,4429.0,612.0,612.0,0.0,3817.0,8339.0,0.0,0.0,BB1000,West
2025-12-19,3817.0,702.0,702.0,0.0,3115.0,7637.0,0.0,0.0,BB1000,West
2025-12-20,3115.0,698.0,698.0,0.0,2417.0,6939.0,0.0,0.0,BB1000,West
2025-12-21,2417.0,680.0,680.0,0.0,1737.0,6259.0,0.0,0.0,BB1000,West
2025-12-22,1737.0,583.0,583.0,0.0,1154.0,5676.0,5034.0,0.0,BB1000,West
2025-12-23,5676.0,703.0,703.0,0.0,4973.0,10007.0,0.0,4522.0,BB1000,West
2025-12-24,4973.0,809.0,809.0,0.0,4164.0,9198.0,0.0,0.0,BB1000,West
2025-12-25,4164.0,712.0,712.0,0.0,3452.0,8486.0,0.0,0.0,BB1000,West
2025-12-26,3452.0,587.0,587.0,0.0,2865.0,7899.0,0.0,0.0,BB1000,West
2025-12-27,2865.0,891.0,891.0,0.0,1974.0,7008.0,0.0,0.0,BB1000,West
2025-12-28,1974.0,871.0,871.0,0.0,1103.0,6137.0,4573.0,0.0,BB1000,West
2025-12-29,1103.0,674.0,674.0,0.0,429.0,10036.0,0.0,0.0,BB1000,West
2025-12-30,429.0,684.0,429.0,255.0,0.0,9607.0,0.0,0.0,BB1000,West
2025-12-31,5034.0,574.0,574.0,0.0,4460.0,9033.0,0.0,5034.0,BB1000,West
2025-07-01,8925.0,511.0,511.0,0.0,8414.0,8414.0,0.0,0.0,BB250,Central
2025-07-02,8414.0,569.0,569.0,0.0,7845.0,7845.0,0.0,0.0,BB250,Central
2025-07-03,7845.0,595.0,595.0,0.0,7250.0,7250.0,0.0,0.0,BB250,Central
2025-07-04,7250.0,670.0,670.0,0.0,6580.0,6580.0,0.0,0.0,BB250,Central
2025-07-05,6580.0,785.0,785.0,0.0,5795.0,5795.0,0.0,0.0,BB250,Central
2025-07-06,5795.0,709.0,709.0,0.0,5086.0,5086.0,0.0,0.0,BB250,Central
2025-07-07,5086.0,614.0,614.0,0.0,4472.0,4472.0,4453.0,0.0,BB250,Central
2025-07-08,4472.0,643.0,643.0,0.0,3829.0,8282.0,0.0,0.0,BB250,Central
2025-07-09,3829.0,576.0,576.0,0.0,3253.0,7706.0,0.0,0.0,BB250,Central
2025-07-10,3253.0,611.0,611.0,0.0,2642.0,7095.0,0.0,0.0,BB250,Central
2025-07-11,2642.0,808.0,808.0,0.0,1834.0,6287.0,0.0,0.0,BB250,Central
2025-07-12,1834.0,715.0,715.0,0.0,1119.0,5572.0,0.0,0.0,BB250,Central
2025-07-13,1119.0,618.0,618.0,0.0,501.0,4954.0,0.0,0.0,BB250,Central
2025-07-14,501.0,524.0,501.0,23.0,0.0,4453.0,4472.0,0.0,BB250,Central
2025-07-15,4453.0,587.0,587.0,0.0,3866.0,8338.0,0.0,4453.0,BB250,Central
2025-07-16,3866.0,614.0,614.0,0.0,3252.0,7724.0,0.0,0.0,BB250,Central
2025-07-17,3252.0,582.0,582.0,0.0,2670.0,7142.0,0.0,0.0,BB250,Central
2025-07-18,2670.0,494.0,494.0,0.0,2176.0,6648.0,0.0,0.0,BB250,Central
2025-07-19,2176.0,695.0,695.0,0.0,1481.0,5953.0,0.0,0.0,BB250,Central
2025-07-20,1481.0,837.0,837.0,0.0,644.0,5116.0,0.0,0.0,BB250,Central
2025-07-21,644.0,635.0,635.0,0.0,9.0,4481.0,4444.0,0.0,BB250,Central
2025-07-22,4481.0,584.0,584.0,0.0,3897.0,8341.0,0.0,4472.0,BB250,Central
2025-07-23,3897.0,529.0,529.0,0.0,3368.0,7812.0,0.0,0.0,BB250,Central
2025-07-24,3368.0,632.0,632.0,0.0,2736.0,7180.0,0.0,0.0,BB250,Central
2025-07-25,2736.0,914.0,914.0,0.0,1822.0,6266.0,0.0,0.0,BB250,Central
2025-07-26,1822.0,724.0,724.0,0.0,1098.0,5542.0,0.0,0.0,BB250,Central
2025-07-27,1098.0,699.0,699.0,0.0,399.0,4843.0,4082.0,0.0,BB250,Central
2025-07-28,399.0,559.0,399.0,160.0,0.0,8526.0,0.0,0.0,BB250,Central
2025-07-29,4444.0,787.0,787.0,0.0,3657.0,7739.0,0.0,4444.0,BB250,Central
2025-07-30,3657.0,700.0,700.0,0.0,2957.0,7039.0,0.0,0.0,BB250,Central
2025-07-31,2957.0,546.0,546.0,0.0,2411.0,6493.0,0.0,0.0,BB250,Central
2025-08-01,2411.0,451.0,451.0,0.0,1960.0,6042.0,0.0,0.0,BB250,Central
2025-08-02,1960.0,640.0,640.0,0.0,1320.0,5402.0,0.0,0.0,BB250,Central
2025-08-03,1320.0,796.0,796.0,0.0,524.0,4606.0,4319.0,0.0,BB250,Central
2025-08-04,4606.0,605.0,605.0,0.0,4001.0,8320.0,0.0,4082.0,BB250,Central
2025-08-05,4001.0,558.0,558.0,0.0,3443.0,7762.0,0.0,0.0,BB250,Central
2025-08-06,3443.0,447.0,447.0,0.0,2996.0,7315.0,0.0,0.0,BB250,Central
2025-08-07,2996.0,598.0,598.0,0.0,2398.0,6717.0,0.0,0.0,BB250,Central
2025-08-08,2398.0,642.0,642.0,0.0,1756.0,6075.0,0.0,0.0,BB250,Central
2025-08-09,1756.0,601.0,601.0,0.0,1155.0,5474.0,0.0,0.0,BB250,Central
2025-08-10,1155.0,553.0,553.0,0.0,602.0,4921.0,0.0,0.0,BB250,Central
2025-08-11,4921.0,480.0,480.0,0.0,4441.0,4441.0,4484.0,4319.0,BB250,Central
2025-08-12,4441.0,409.0,409.0,0.0,4032.0,8516.0,0.0,0.0,BB250,Central
2025-08-13,4032.0,496.0,496.0,0.0,3536.0,8020.0,0.0,0.0,BB250,Central
2025-08-14,3536.0,470.0,470.0,0.0,3066.0,7550.0,0.0,0.0,BB250,Central
2025-08-15,3066.0,695.0,695.0,0.0,2371.0,6855.0,0.0,0.0,BB250,Central
2025-08-16,2371.0,596.0,596.0,0.0,1775.0,6259.0,0.0,0.0,BB250,Central
2025-08-17,1775.0,658.0,658.0,0.0,1117.0,5601.0,0.0,0.0,BB250,Central
2025-08-18,1117.0,537.0,537.0,0.0,580.0,5064.0,0.0,0.0,BB250,Central
2025-08-19,5064.0,534.0,534.0,0.0,4530.0,4530.0,4395.0,4484.0,BB250,Central
2025-08-20,4530.0,557.0,557.0,0.0,3973.0,8368.0,0.0,0.0,BB250,Central
2025-08-21,3973.0,520.0,520.0,0.0,3453.0,7848.0,0.0,0.0,BB250,Central
2025-08-22,3453.0,584.0,584.0,0.0,2869.0,7264.0,0.0,0.0,BB250,Central
2025-08-23,2869.0,667.0,667.0,0.0,2202.0,6597.0,0.0,0.0,BB250,Central
2025-08-24,2202.0,528.0,528.0,0.0,1674.0,6069.0,0.0,0.0,BB250,Central
2025-08-25,1674.0,534.0,534.0,0.0,1140.0,5535.0,0.0,0.0,BB250,Central
2025-08-26,1140.0,474.0,474.0,0.0,666.0,5061.0,0.0,0.0,BB250,Central
2025-08-27,5061.0,464.0,464.0,0.0,4597.0,4597.0,4328.0,4395.0,BB250,Central
2025-08-28,4597.0,388.0,388.0,0.0,4209.0,8537.0,0.0,0.0,BB250,Central
2025-08-29,4209.0,539.0,539.0,0.0,3670.0,7998.0,0.0,0.0,BB250,Central
2025-08-30,3670.0,656.0,656.0,0.0,3014.0,7342.0,0.0,0.0,BB250,Central
2025-08-31,3014.0,628.0,628.0,0.0,2386.0,6714.0,0.0,0.0,BB250,Central
2025-09-01,2386.0,429.0,429.0,0.0,1957.0,6285.0,0.0,0.0,BB250,Central
2025-09-02,1957.0,541.0,541.0,0.0,1416.0,5744.0,0.0,0.0,BB250,Central
2025-09-03,1416.0,479.0,479.0,0.0,937.0,5265.0,0.0,0.0,BB250,Central
2025-09-04,5265.0,520.0,520.0,0.0,4745.0,4745.0,4180.0,4328.0,BB250,Central
2025-09-05,4745.0,532.0,532.0,0.0,4213.0,8393.0,0.0,0.0,BB250,Central
2025-09-06,4213.0,670.0,670.0,0.0,3543.0,7723.0,0.0,0.0,BB250,Central
2025-09-07,3543.0,584.0,584.0,0.0,2959.0,7139.0,0.0,0.0,BB250,Central
2025-09-08,2959.0,563.0,563.0,0.0,2396.0,6576.0,0.0,0.0,BB250,Central
2025-09-09,2396.0,507.0,507.0,0.0,1889.0,6069.0,0.0,0.0,BB250,Central
2025-09-10,1889.0,521.0,521.0,0.0,1368.0,5548.0,0.0,0.0,BB250,Central
2025-09-11,1368.0,568.0,568.0,0.0,800.0,4980.0,0.0,0.0,BB250,Central
2025-09-12,4980.0,591.0,591.0,0.0,4389.0,4389.0,4536.0,4180.0,BB250,Central
2025-09-13,4389.0,538.0,538.0,0.0,3851.0,8387.0,0.0,0.0,BB250,Central
2025-09-14,3851.0,699.0,699.0,0.0,3152.0,7688.0,0.0,0.0,BB250,Central
2025-09-15,3152.0,525.0,525.0,0.0,2627.0,7163.0,0.0,0.0,BB250,Central
2025-09-16,2627.0,496.0,496.0,0.0,2131.0,6667.0,0.0,0.0,BB250,Central
2025-09-17,2131.0,592.0,592.0,0.0,1539.0,6075.0,0.0,0.0,BB250,Central
2025-09-18,1539.0,570.0,570.0,0.0,969.0,5505.0,0.0,0.0,BB250,Central
2025-09-19,969.0,582.0,582.0,0.0,387.0,4923.0,0.0,0.0,BB250,Central
2025-09-20,4923.0,510.0,510.0,0.0,4413.0,4413.0,4512.0,4536.0,BB250,Central
2025-09-21,4413.0,527.0,527.0,0.0,3886.0,8398.0,0.0,0.0,BB250,Central
2025-09-22,3886.0,576.0,576.0,0.0,3310.0,7822.0,0.0,0.0,BB250,Central
2025-09-23,3310.0,507.0,507.0,0.0,2803.0,7315.0,0.0,0.0,BB250,Central
2025-09-24,2803.0,619.0,619.0,0.0,2184.0,6696.0,0.0,0.0,BB250,Central
2025-09-25,2184.0,485.0,485.0,0.0,1699.0,6211.0,0.0,0.0,BB250,Central
2025-09-26,1699.0,533.0,533.0,0.0,1166.0,5678.0,0.0,0.0,BB250,Central
2025-09-27,1166.0,573.0,573.0,0.0,593.0,5105.0,0.0,0.0,BB250,Central
2025-09-28,5105.0,565.0,565.0,0.0,4540.0,4540.0,4385.0,4512.0,BB250,Central
2025-09-29,4540.0,514.0,514.0,0.0,4026.0,8411.0,0.0,0.0,BB250,Central
2025-09-30,4026.0,571.0,571.0,0.0,3455.0,7840.0,0.0,0.0,BB250,Central
2025-10-01,3455.0,469.0,469.0,0.0,2986.0,7371.0,0.0,0.0,BB250,Central
2025-10-02,2986.0,618.0,618.0,0.0,2368.0,6753.0,0.0,0.0,BB250,Central
2025-10-03,2368.0,532.0,532.0,0.0,1836.0,6221.0,0.0,0.0,BB250,Central
2025-10-04,1836.0,568.0,568.0,0.0,1268.0,5653.0,0.0,0.0,BB250,Central
2025-10-05,1268.0,561.0,561.0,0.0,707.0,5092.0,0.0,0.0,BB250,Central
2025-10-06,5092.0,746.0,746.0,0.0,4346.0,4346.0,4579.0,4385.0,BB250,Central
2025-10-07,4346.0,555.0,555.0,0.0,3791.0,8370.0,0.0,0.0,BB250,Central
2025-10-08,3791.0,487.0,487.0,0.0,3304.0,7883.0,0.0,0.0,BB250,Central
2025-10-09,3304.0,472.0,472.0,0.0,2832.0,7411.0,0.0,0.0,BB250,Central
2025-10-10,2832.0,544.0,544.0,0.0,2288.0,6867.0,0.0,0.0,BB250,Central
2025-10-11,2288.0,535.0,535.0,0.0,1753.0,6332.0,0.0,0.0,BB250,Central
2025-10-12,1753.0,703.0,703.0,0.0,1050.0,5629.0,0.0,0.0,BB250,Central
2025-10-13,1050.0,475.0,475.0,0.0,575.0,5154.0,0.0,0.0,BB250,Central
2025-10-14,5154.0,582.0,582.0,0.0,4572.0,4572.0,4353.0,4579.0,BB250,Central
2025-10-15,4572.0,537.0,537.0,0.0,4035.0,8388.0,0.0,0.0,BB250,Central
2025-10-16,4035.0,549.0,549.0,0.0,3486.0,7839.0,0.0,0.0,BB250,Central
2025-10-17,3486.0,499.0,499.0,0.0,2987.0,7340.0,0.0,0.0,BB250,Central
2025-10-18,2987.0,630.0,630.0,0.0,2357.0,6710.0,0.0,0.0,BB250,Central
2025-10-19,2357.0,569.0,569.0,0.0,1788.0,6141.0,0.0,0.0,BB250,Central
2025-10-20,1788.0,728.0,728.0,0.0,1060.0,5413.0,0.0,0.0,BB250,Central
2025-10-21,1060.0,541.0,541.0,0.0,519.0,4872.0,4053.0,0.0,BB250,Central
2025-10-22,4872.0,487.0,487.0,0.0,4385.0,8438.0,0.0,4353.0,BB250,Central
2025-10-23,4385.0,519.0,519.0,0.0,3866.0,7919.0,0.0,0.0,BB250,Central
2025-10-24,3866.0,471.0,471.0,0.0,3395.0,7448.0,0.0,0.0,BB250,Central
2025-10-25,3395.0,572.0,572.0,0.0,2823.0,6876.0,0.0,0.0,BB250,Central
2025-10-26,2823.0,579.0,579.0,0.0,2244.0,6297.0,0.0,0.0,BB250,Central
2025-10-27,2244.0,509.0,509.0,0.0,1735.0,5788.0,0.0,0.0,BB250,Central
2025-10-28,1735.0,496.0,496.0,0.0,1239.0,5292.0,0.0,0.0,BB250,Central
2025-10-29,5292.0,626.0,626.0,0.0,4666.0,4666.0,4259.0,4053.0,BB250,Central
2025-10-30,4666.0,543.0,543.0,0.0,4123.0,8382.0,0.0,0.0,BB250,Central
2025-10-31,4123.0,547.0,547.0,0.0,3576.0,7835.0,0.0,0.0,BB250,Central
2025-11-01,3576.0,642.0,642.0,0.0,2934.0,7193.0,0.0,0.0,BB250,Central
2025-11-02,2934.0,660.0,660.0,0.0,2274.0,6533.0,0.0,0.0,BB250,Central
2025-11-03,2274.0,478.0,478.0,0.0,1796.0,6055.0,0.0,0.0,BB250,Central
2025-11-04,1796.0,610.0,610.0,0.0,1186.0,5445.0,0.0,0.0,BB250,Central
2025-11-05,1186.0,514.0,514.0,0.0,672.0,4931.0,0.0,0.0,BB250,Central
2025-11-06,4931.0,626.0,626.0,0.0,4305.0,4305.0,4620.0,4259.0,BB250,Central
2025-11-07,4305.0,472.0,472.0,0.0,3833.0,8453.0,0.0,0.0,BB250,Central
2025-11-08,3833.0,634.0,634.0,0.0,3199.0,7819.0,0.0,0.0,BB250,Central
2025-11-09,3199.0,599.0,599.0,0.0,2600.0,7220.0,0.0,0.0,BB250,Central
2025-11-10,2600.0,471.0,471.0,0.0,2129.0,6749.0,0.0,0.0,BB250,Central
2025-11-11,2129.0,561.0,561.0,0.0,1568.0,6188.0,0.0,0.0,BB250,Central
2025-11-12,1568.0,557.0,557.0,0.0,1011.0,5631.0,0.0,0.0,BB250,Central
2025-11-13,1011.0,551.0,551.0,0.0,460.0,5080.0,0.0,0.0,BB250,Central
2025-11-14,5080.0,577.0,577.0,0.0,4503.0,4503.0,4422.0,4620.0,BB250,Central
2025-11-15,4503.0,698.0,698.0,0.0,3805.0,8227.0,0.0,0.0,BB250,Central
2025-11-16,3805.0,630.0,630.0,0.0,3175.0,7597.0,0.0,0.0,BB250,Central
2025-11-17,3175.0,580.0,580.0,0.0,2595.0,7017.0,0.0,0.0,BB250,Central
2025-11-18,2595.0,740.0,740.0,0.0,1855.0,6277.0,0.0,0.0,BB250,Central
2025-11-19,1855.0,503.0,503.0,0.0,1352.0,5774.0,0.0,0.0,BB250,Central
2025-11-20,1352.0,546.0,546.0,0.0,806.0,5228.0,0.0,0.0,BB250,Central
2025-11-21,806.0,568.0,568.0,0.0,238.0,4660.0,4265.0,0.0,BB250,Central
2025-11-22,4660.0,686.0,686.0,0.0,3974.0,8239.0,0.0,4422.0,BB250,Central
2025-11-23,3974.0,557.0,557.0,0.0,3417.0,7682.0,0.0,0.0,BB250,Central
2025-11-24,3417.0,484.0,484.0,0.0,2933.0,7198.0,0.0,0.0,BB250,Central
2025-11-25,2933.0,499.0,499.0,0.0,2434.0,6699.0,0.0,0.0,BB250,Central
2025-11-26,2434.0,590.0,590.0,0.0,1844.0,6109.0,0.0,0.0,BB250,Central
2025-11-27,1844.0,630.0,630.0,0.0,1214.0,5479.0,0.0,0.0,BB250,Central
2025-11-28,1214.0,447.0,447.0,0.0,767.0,5032.0,0.0,0.0,BB250,Central
2025-11-29,5032.0,669.0,669.0,0.0,4363.0,4363.0,4562.0,4265.0,BB250,Central
2025-11-30,4363.0,537.0,537.0,0.0,3826.0,8388.0,0.0,0.0,BB250,Central
2025-12-01,3826.0,508.0,508.0,0.0,3318.0,7880.0,0.0,0.0,BB250,Central
2025-12-02,3318.0,514.0,514.0,0.0,2804.0,7366.0,0.0,0.0,BB250,Central
2025-12-03,2804.0,535.0,535.0,0.0,2269.0,6831.0,0.0,0.0,BB250,Central
2025-12-04,2269.0,550.0,550.0,0.0,1719.0,6281.0,0.0,0.0,BB250,Central
2025-12-05,1719.0,528.0,528.0,0.0,1191.0,5753.0,0.0,0.0,BB250,Central
2025-12-06,1191.0,567.0,567.0,0.0,624.0,5186.0,0.0,0.0,BB250,Central
2025-12-07,5186.0,684.0,684.0,0.0,4502.0,4502.0,4423.0,4562.0,BB250,Central
2025-12-08,4502.0,509.0,509.0,0.0,3993.0,8416.0,0.0,0.0,BB250,Central
2025-12-09,3993.0,605.0,605.0,0.0,3388.0,7811.0,0.0,0.0,BB250,Central
2025-12-10,3388.0,547.0,547.0,0.0,2841.0,7264.0,0.0,0.0,BB250,Central
2025-12-11,2841.0,503.0,503.0,0.0,2338.0,6761.0,0.0,0.0,BB250,Central
2025-12-12,2338.0,487.0,487.0,0.0,1851.0,6274.0,0.0,0.0,BB250,Central
2025-12-13,1851.0,609.0,609.0,0.0,1242.0,5665.0,0.0,0.0,BB250,Central
2025-12-14,1242.0,603.0,603.0,0.0,639.0,5062.0,0.0,0.0,BB250,Central
2025-12-15,5062.0,586.0,586.0,0.0,4476.0,4476.0,4449.0,4423.0,BB250,Central
2025-12-16,4476.0,614.0,614.0,0.0,3862.0,8311.0,0.0,0.0,BB250,Central
2025-12-17,3862.0,663.0,663.0,0.0,3199.0,7648.0,0.0,0.0,BB250,Central
2025-12-18,3199.0,528.0,528.0,0.0,2671.0,7120.0,0.0,0.0,BB250,Central
2025-12-19,2671.0,494.0,494.0,0.0,2177.0,6626.0,0.0,0.0,BB250,Central
2025-12-20,2177.0,683.0,683.0,0.0,1494.0,5943.0,0.0,0.0,BB250,Central
2025-12-21,1494.0,569.0,569.0,0.0,925.0,5374.0,0.0,0.0,BB250,Central
2025-12-22,925.0,464.0,464.0,0.0,461.0,4910.0,0.0,0.0,BB250,Central
2025-12-23,4910.0,479.0,479.0,0.0,4431.0,4431.0,4494.0,4449.0,BB250,Central
2025-12-24,4431.0,510.0,510.0,0.0,3921.0,8415.0,0.0,0.0,BB250,Central
2025-12-25,3921.0,565.0,565.0,0.0,3356.0,7850.0,0.0,0.0,BB250,Central
2025-12-26,3356.0,489.0,489.0,0.0,2867.0,7361.0,0.0,0.0,BB250,Central
2025-12-27,2867.0,772.0,772.0,0.0,2095.0,6589.0,0.0,0.0,BB250,Central
2025-12-28,2095.0,655.0,655.0,0.0,1440.0,5934.0,0.0,0.0,BB250,Central
2025-12-29,1440.0,631.0,631.0,0.0,809.0,5303.0,0.0,0.0,BB250,Central
2025-12-30,809.0,779.0,779.0,0.0,30.0,4524.0,4401.0,0.0,BB250,Central
2025-12-31,4524.0,574.0,574.0,0.0,3950.0,8351.0,0.0,4494.0,BB250,Central
2025-07-01,8318.0,669.0,669.0,0.0,7649.0,7649.0,0.0,0.0,BB250,East
2025-07-02,7649.0,583.0,583.0,0.0,7066.0,7066.0,0.0,0.0,BB250,East
2025-07-03,7066.0,504.0,504.0,0.0,6562.0,6562.0,0.0,0.0,BB250,East
2025-07-04,6562.0,623.0,623.0,0.0,5939.0,5939.0,0.0,0.0,BB250,East
2025-07-05,5939.0,812.0,812.0,0.0,5127.0,5127.0,0.0,0.0,BB250,East
2025-07-06,5127.0,780.0,780.0,0.0,4347.0,4347.0,0.0,0.0,BB250,East
2025-07-07,4347.0,662.0,662.0,0.0,3685.0,3685.0,4633.0,0.0,BB250,East
2025-07-08,3685.0,639.0,639.0,0.0,3046.0,7679.0,0.0,0.0,BB250,East
2025-07-09,3046.0,470.0,470.0,0.0,2576.0,7209.0,0.0,0.0,BB250,East
2025-07-10,2576.0,823.0,823.0,0.0,1753.0,6386.0,0.0,0.0,BB250,East
2025-07-11,1753.0,573.0,573.0,0.0,1180.0,5813.0,0.0,0.0,BB250,East
2025-07-12,1180.0,786.0,786.0,0.0,394.0,5027.0,0.0,0.0,BB250,East
2025-07-13,5027.0,721.0,721.0,0.0,4306.0,4306.0,0.0,4633.0,BB250,East
2025-07-14,4306.0,774.0,774.0,0.0,3532.0,3532.0,4786.0,0.0,BB250,East
2025-07-15,3532.0,755.0,755.0,0.0,2777.0,7563.0,0.0,0.0,BB250,East
2025-07-16,2777.0,504.0,504.0,0.0,2273.0,7059.0,0.0,0.0,BB250,East
2025-07-17,2273.0,729.0,729.0,0.0,1544.0,6330.0,0.0,0.0,BB250,East
2025-07-18,1544.0,627.0,627.0,0.0,917.0,5703.0,0.0,0.0,BB250,East
2025-07-19,917.0,645.0,645.0,0.0,272.0,5058.0,0.0,0.0,BB250,East
2025-07-20,5058.0,790.0,790.0,0.0,4268.0,4268.0,0.0,4786.0,BB250,East
2025-07-21,4268.0,671.0,671.0,0.0,3597.0,3597.0,4721.0,0.0,BB250,East
2025-07-22,3597.0,722.0,722.0,0.0,2875.0,7596.0,0.0,0.0,BB250,East
2025-07-23,2875.0,650.0,650.0,0.0,2225.0,6946.0,0.0,0.0,BB250,East
2025-07-24,2225.0,732.0,732.0,0.0,1493.0,6214.0,0.0,0.0,BB250,East
2025-07-25,1493.0,614.0,614.0,0.0,879.0,5600.0,0.0,0.0,BB250,East
2025-07-26,879.0,709.0,709.0,0.0,170.0,4891.0,0.0,0.0,BB250,East
2025-07-27,4891.0,776.0,776.0,0.0,4115.0,4115.0,0.0,4721.0,BB250,East
2025-07-28,4115.0,680.0,680.0,0.0,3435.0,3435.0,4883.0,0.0,BB250,East
2025-07-29,3435.0,743.0,743.0,0.0,2692.0,7575.0,0.0,0.0,BB250,East
2025-07-30,2692.0,661.0,661.0,0.0,2031.0,6914.0,0.0,0.0,BB250,East
2025-07-31,2031.0,655.0,655.0,0.0,1376.0,6259.0,0.0,0.0,BB250,East
2025-08-01,1376.0,800.0,800.0,0.0,576.0,5459.0,0.0,0.0,BB250,East
2025-08-02,576.0,598.0,576.0,22.0,0.0,4883.0,0.0,0.0,BB250,East
2025-08-03,4883.0,555.0,555.0,0.0,4328.0,4328.0,0.0,4883.0,BB250,East
2025-08-04,4328.0,558.0,558.0,0.0,3770.0,3770.0,4548.0,0.0,BB250,East
2025-08-05,3770.0,510.0,510.0,0.0,3260.0,7808.0,0.0,0.0,BB250,East
2025-08-06,3260.0,519.0,519.0,0.0,2741.0,7289.0,0.0,0.0,BB250,East
2025-08-07,2741.0,725.0,725.0,0.0,2016.0,6564.0,0.0,0.0,BB250,East
2025-08-08,2016.0,547.0,547.0,0.0,1469.0,6017.0,0.0,0.0,BB250,East
2025-08-09,1469.0,675.0,675.0,0.0,794.0,5342.0,0.0,0.0,BB250,East
2025-08-10,5342.0,883.0,883.0,0.0,4459.0,4459.0,0.0,4548.0,BB250,East
2025-08-11,4459.0,495.0,495.0,0.0,3964.0,3964.0,4354.0,0.0,BB250,East
2025-08-12,3964.0,433.0,433.0,0.0,3531.0,7885.0,0.0,0.0,BB250,East
2025-08-13,3531.0,576.0,576.0,0.0,2955.0,7309.0,0.0,0.0,BB250,East
2025-08-14,2955.0,580.0,580.0,0.0,2375.0,6729.0,0.0,0.0,BB250,East
2025-08-15,2375.0,741.0,741.0,0.0,1634.0,5988.0,0.0,0.0,BB250,East
2025-08-16,1634.0,602.0,602.0,0.0,1032.0,5386.0,0.0,0.0,BB250,East
2025-08-17,5386.0,667.0,667.0,0.0,4719.0,4719.0,0.0,4354.0,BB250,East
2025-08-18,4719.0,642.0,642.0,0.0,4077.0,4077.0,0.0,0.0,BB250,East
2025-08-19,4077.0,578.0,578.0,0.0,3499.0,3499.0,4819.0,0.0,BB250,East
2025-08-20,3499.0,540.0,540.0,0.0,2959.0,7778.0,0.0,0.0,BB250,East
2025-08-21,2959.0,587.0,587.0,0.0,2372.0,7191.0,0.0,0.0,BB250,East
2025-08-22,2372.0,570.0,570.0,0.0,1802.0,6621.0,0.0,0.0,BB250,East
2025-08-23,1802.0,642.0,642.0,0.0,1160.0,5979.0,0.0,0.0,BB250,East
2025-08-24,1160.0,713.0,713.0,0.0,447.0,5266.0,0.0,0.0,BB250,East
2025-08-25,5266.0,674.0,674.0,0.0,4592.0,4592.0,0.0,4819.0,BB250,East
2025-08-26,4592.0,564.0,564.0,0.0,4028.0,4028.0,0.0,0.0,BB250,East
2025-08-27,4028.0,508.0,508.0,0.0,3520.0,3520.0,4798.0,0.0,BB250,East
2025-08-28,3520.0,573.0,573.0,0.0,2947.0,7745.0,0.0,0.0,BB250,East
2025-08-29,2947.0,615.0,615.0,0.0,2332.0,7130.0,0.0,0.0,BB250,East
2025-08-30,2332.0,655.0,655.0,0.0,1677.0,6475.0,0.0,0.0,BB250,East
2025-08-31,1677.0,750.0,750.0,0.0,927.0,5725.0,0.0,0.0,BB250,East
2025-09-01,927.0,493.0,493.0,0.0,434.0,5232.0,0.0,0.0,BB250,East
2025-09-02,5232.0,557.0,557.0,0.0,4675.0,4675.0,0.0,4798.0,BB250,East
2025-09-03,4675.0,404.0,404.0,0.0,4271.0,4271.0,0.0,0.0,BB250,East
2025-09-04,4271.0,518.0,518.0,0.0,3753.0,3753.0,4565.0,0.0,BB250,East
2025-09-05,3753.0,701.0,701.0,0.0,3052.0,7617.0,0.0,0.0,BB250,East
2025-09-06,3052.0,613.0,613.0,0.0,2439.0,7004.0,0.0,0.0,BB250,East
2025-09-07,2439.0,617.0,617.0,0.0,1822.0,6387.0,0.0,0.0,BB250,East
2025-09-08,1822.0,623.0,623.0,0.0,1199.0,5764.0,0.0,0.0,BB250,East
2025-09-09,1199.0,591.0,591.0,0.0,608.0,5173.0,0.0,0.0,BB250,East
2025-09-10,5173.0,540.0,540.0,0.0,4633.0,4633.0,0.0,4565.0,BB250,East
2025-09-11,4633.0,590.0,590.0,0.0,4043.0,4043.0,0.0,0.0,BB250,East
2025-09-12,4043.0,617.0,617.0,0.0,3426.0,3426.0,4892.0,0.0,BB250,East
2025-09-13,3426.0,599.0,599.0,0.0,2827.0,7719.0,0.0,0.0,BB250,East
2025-09-14,2827.0,582.0,582.0,0.0,2245.0,7137.0,0.0,0.0,BB250,East
2025-09-15,2245.0,529.0,529.0,0.0,1716.0,6608.0,0.0,0.0,BB250,East
2025-09-16,1716.0,650.0,650.0,0.0,1066.0,5958.0,0.0,0.0,BB250,East
2025-09-17,1066.0,591.0,591.0,0.0,475.0,5367.0,0.0,0.0,BB250,East
2025-09-18,5367.0,639.0,639.0,0.0,4728.0,4728.0,0.0,4892.0,BB250,East
2025-09-19,4728.0,472.0,472.0,0.0,4256.0,4256.0,0.0,0.0,BB250,East
2025-09-20,4256.0,537.0,537.0,0.0,3719.0,3719.0,4599.0,0.0,BB250,East
2025-09-21,3719.0,636.0,636.0,0.0,3083.0,7682.0,0.0,0.0,BB250,East
2025-09-22,3083.0,644.0,644.0,0.0,2439.0,7038.0,0.0,0.0,BB250,East
2025-09-23,2439.0,578.0,578.0,0.0,1861.0,6460.0,0.0,0.0,BB250,East
2025-09-24,1861.0,530.0,530.0,0.0,1331.0,5930.0,0.0,0.0,BB250,East
2025-09-25,1331.0,709.0,709.0,0.0,622.0,5221.0,0.0,0.0,BB250,East
2025-09-26,5221.0,484.0,484.0,0.0,4737.0,4737.0,0.0,4599.0,BB250,East
2025-09-27,4737.0,672.0,672.0,0.0,4065.0,4065.0,0.0,0.0,BB250,East
2025-09-28,4065.0,646.0,646.0,0.0,3419.0,3419.0,4899.0,0.0,BB250,East
2025-09-29,3419.0,605.0,605.0,0.0,2814.0,7713.0,0.0,0.0,BB250,East
2025-09-30,2814.0,530.0,530.0,0.0,2284.0,7183.0,0.0,0.0,BB250,East
2025-10-01,2284.0,594.0,594.0,0.0,1690.0,6589.0,0.0,0.0,BB250,East
2025-10-02,1690.0,620.0,620.0,0.0,1070.0,5969.0,0.0,0.0,BB250,East
2025-10-03,1070.0,556.0,556.0,0.0,514.0,5413.0,0.0,0.0,BB250,East
2025-10-04,5413.0,750.0,750.0,0.0,4663.0,4663.0,0.0,4899.0,BB250,East
2025-10-05,4663.0,737.0,737.0,0.0,3926.0,3926.0,4392.0,0.0,BB250,East
2025-10-06,3926.0,486.0,486.0,0.0,3440.0,7832.0,0.0,0.0,BB250,East
2025-10-07,3440.0,495.0,495.0,0.0,2945.0,7337.0,0.0,0.0,BB250,East
2025-10-08,2945.0,466.0,466.0,0.0,2479.0,6871.0,0.0,0.0,BB250,East
2025-10-09,2479.0,691.0,691.0,0.0,1788.0,6180.0,0.0,0.0,BB250,East
2025-10-10,1788.0,600.0,600.0,0.0,1188.0,5580.0,0.0,0.0,BB250,East
2025-10-11,5580.0,731.0,731.0,0.0,4849.0,4849.0,0.0,4392.0,BB250,East
2025-10-12,4849.0,651.0,651.0,0.0,4198.0,4198.0,0.0,0.0,BB250,East
2025-10-13,4198.0,576.0,576.0,0.0,3622.0,3622.0,4696.0,0.0,BB250,East
2025-10-14,3622.0,578.0,578.0,0.0,3044.0,7740.0,0.0,0.0,BB250,East
2025-10-15,3044.0,568.0,568.0,0.0,2476.0,7172.0,0.0,0.0,BB250,East
2025-10-16,2476.0,720.0,720.0,0.0,1756.0,6452.0,0.0,0.0,BB250,East
2025-10-17,1756.0,513.0,513.0,0.0,1243.0,5939.0,0.0,0.0,BB250,East
2025-10-18,1243.0,649.0,649.0,0.0,594.0,5290.0,0.0,0.0,BB250,East
2025-10-19,5290.0,680.0,680.0,0.0,4610.0,4610.0,0.0,4696.0,BB250,East
2025-10-20,4610.0,672.0,672.0,0.0,3938.0,3938.0,4380.0,0.0,BB250,East
2025-10-21,3938.0,597.0,597.0,0.0,3341.0,7721.0,0.0,0.0,BB250,East
2025-10-22,3341.0,639.0,639.0,0.0,2702.0,7082.0,0.0,0.0,BB250,East
2025-10-23,2702.0,527.0,527.0,0.0,2175.0,6555.0,0.0,0.0,BB250,East
2025-10-24,2175.0,644.0,644.0,0.0,1531.0,5911.0,0.0,0.0,BB250,East
2025-10-25,1531.0,526.0,526.0,0.0,1005.0,5385.0,0.0,0.0,BB250,East
2025-10-26,5385.0,716.0,716.0,0.0,4669.0,4669.0,0.0,4380.0,BB250,East
2025-10-27,4669.0,536.0,536.0,0.0,4133.0,4133.0,0.0,0.0,BB250,East
2025-10-28,4133.0,594.0,594.0,0.0,3539.0,3539.0,4779.0,0.0,BB250,East
2025-10-29,3539.0,597.0,597.0,0.0,2942.0,7721.0,0.0,0.0,BB250,East
2025-10-30,2942.0,532.0,532.0,0.0,2410.0,7189.0,0.0,0.0,BB250,East
2025-10-31,2410.0,562.0,562.0,0.0,1848.0,6627.0,0.0,0.0,BB250,East
2025-11-01,1848.0,698.0,698.0,0.0,1150.0,5929.0,0.0,0.0,BB250,East
2025-11-02,1150.0,679.0,679.0,0.0,471.0,5250.0,0.0,0.0,BB250,East
2025-11-03,5250.0,569.0,569.0,0.0,4681.0,4681.0,0.0,4779.0,BB250,East
2025-11-04,4681.0,569.0,569.0,0.0,4112.0,4112.0,0.0,0.0,BB250,East
2025-11-05,4112.0,585.0,585.0,0.0,3527.0,3527.0,4791.0,0.0,BB250,East
2025-11-06,3527.0,538.0,538.0,0.0,2989.0,7780.0,0.0,0.0,BB250,East
2025-11-07,2989.0,532.0,532.0,0.0,2457.0,7248.0,0.0,0.0,BB250,East
2025-11-08,2457.0,667.0,667.0,0.0,1790.0,6581.0,0.0,0.0,BB250,East
2025-11-09,1790.0,632.0,632.0,0.0,1158.0,5949.0,0.0,0.0,BB250,East
2025-11-10,1158.0,547.0,547.0,0.0,611.0,5402.0,0.0,0.0,BB250,East
2025-11-11,5402.0,609.0,609.0,0.0,4793.0,4793.0,0.0,4791.0,BB250,East
2025-11-12,4793.0,551.0,551.0,0.0,4242.0,4242.0,0.0,0.0,BB250,East
2025-11-13,4242.0,658.0,658.0,0.0,3584.0,3584.0,4734.0,0.0,BB250,East
2025-11-14,3584.0,541.0,541.0,0.0,3043.0,7777.0,0.0,0.0,BB250,East
2025-11-15,3043.0,558.0,558.0,0.0,2485.0,7219.0,0.0,0.0,BB250,East
2025-11-16,2485.0,658.0,658.0,0.0,1827.0,6561.0,0.0,0.0,BB250,East
2025-11-17,1827.0,536.0,536.0,0.0,1291.0,6025.0,0.0,0.0,BB250,East
2025-11-18,1291.0,544.0,544.0,0.0,747.0,5481.0,0.0,0.0,BB250,East
2025-11-19,5481.0,529.0,529.0,0.0,4952.0,4952.0,0.0,4734.0,BB250,East
2025-11-20,4952.0,578.0,578.0,0.0,4374.0,4374.0,0.0,0.0,BB250,East
2025-11-21,4374.0,657.0,657.0,0.0,3717.0,3717.0,4601.0,0.0,BB250,East
2025-11-22,3717.0,760.0,760.0,0.0,2957.0,7558.0,0.0,0.0,BB250,East
2025-11-23,2957.0,694.0,694.0,0.0,2263.0,6864.0,0.0,0.0,BB250,East
2025-11-24,2263.0,484.0,484.0,0.0,1779.0,6380.0,0.0,0.0,BB250,East
2025-11-25,1779.0,588.0,588.0,0.0,1191.0,5792.0,0.0,0.0,BB250,East
2025-11-26,1191.0,568.0,568.0,0.0,623.0,5224.0,0.0,0.0,BB250,East
2025-11-27,5224.0,521.0,521.0,0.0,4703.0,4703.0,0.0,4601.0,BB250,East
2025-11-28,4703.0,610.0,610.0,0.0,4093.0,4093.0,0.0,0.0,BB250,East
2025-11-29,4093.0,729.0,729.0,0.0,3364.0,3364.0,4954.0,0.0,BB250,East
2025-11-30,3364.0,949.0,949.0,0.0,2415.0,7369.0,0.0,0.0,BB250,East
2025-12-01,2415.0,609.0,609.0,0.0,1806.0,6760.0,0.0,0.0,BB250,East
2025-12-02,1806.0,498.0,498.0,0.0,1308.0,6262.0,0.0,0.0,BB250,East
2025-12-03,1308.0,568.0,568.0,0.0,740.0,5694.0,0.0,0.0,BB250,East
2025-12-04,740.0,677.0,677.0,0.0,63.0,5017.0,0.0,0.0,BB250,East
2025-12-05,5017.0,491.0,491.0,0.0,4526.0,4526.0,0.0,4954.0,BB250,East
2025-12-06,4526.0,705.0,705.0,0.0,3821.0,3821.0,4497.0,0.0,BB250,East
2025-12-07,3821.0,608.0,608.0,0.0,3213.0,7710.0,0.0,0.0,BB250,East
2025-12-08,3213.0,582.0,582.0,0.0,2631.0,7128.0,0.0,0.0,BB250,East
2025-12-09,2631.0,543.0,543.0,0.0,2088.0,6585.0,0.0,0.0,BB250,East
2025-12-10,2088.0,657.0,657.0,0.0,1431.0,5928.0,0.0,0.0,BB250,East
2025-12-11,1431.0,605.0,605.0,0.0,826.0,5323.0,0.0,0.0,BB250,East
2025-12-12,5323.0,500.0,500.0,0.0,4823.0,4823.0,0.0,4497.0,BB250,East
2025-12-13,4823.0,624.0,624.0,0.0,4199.0,4199.0,0.0,0.0,BB250,East
2025-12-14,4199.0,619.0,619.0,0.0,3580.0,3580.0,4738.0,0.0,BB250,East
2025-12-15,3580.0,585.0,585.0,0.0,2995.0,7733.0,0.0,0.0,BB250,East
2025-12-16,2995.0,649.0,649.0,0.0,2346.0,7084.0,0.0,0.0,BB250,East
2025-12-17,2346.0,588.0,588.0,0.0,1758.0,6496.0,0.0,0.0,BB250,East
2025-12-18,1758.0,576.0,576.0,0.0,1182.0,5920.0,0.0,0.0,BB250,East
2025-12-19,1182.0,489.0,489.0,0.0,693.0,5431.0,0.0,0.0,BB250,East
2025-12-20,5431.0,630.0,630.0,0.0,4801.0,4801.0,0.0,4738.0,BB250,East
2025-12-21,4801.0,640.0,640.0,0.0,4161.0,4161.0,0.0,0.0,BB250,East
2025-12-22,4161.0,514.0,514.0,0.0,3647.0,3647.0,4671.0,0.0,BB250,East
2025-12-23,3647.0,568.0,568.0,0.0,3079.0,7750.0,0.0,0.0,BB250,East
2025-12-24,3079.0,620.0,620.0,0.0,2459.0,7130.0,0.0,0.0,BB250,East
2025-12-25,2459.0,781.0,781.0,0.0,1678.0,6349.0,0.0,0.0,BB250,East
2025-12-26,1678.0,569.0,569.0,0.0,1109.0,5780.0,0.0,0.0,BB250,East
2025-12-27,1109.0,685.0,685.0,0.0,424.0,5095.0,0.0,0.0,BB250,East
2025-12-28,5095.0,866.0,866.0,0.0,4229.0,4229.0,0.0,4671.0,BB250,East
2025-12-29,4229.0,515.0,515.0,0.0,3714.0,3714.0,4604.0,0.0,BB250,East
2025-12-30,3714.0,598.0,598.0,0.0,3116.0,7720.0,0.0,0.0,BB250,East
2025-12-31,3116.0,706.0,706.0,0.0,2410.0,7014.0,0.0,0.0,BB250,East
2025-07-01,9032.0,602.0,602.0,0.0,8430.0,8430.0,0.0,0.0,BB250,North
2025-07-02,8430.0,712.0,712.0,0.0,7718.0,7718.0,0.0,0.0,BB250,North
2025-07-03,7718.0,616.0,616.0,0.0,7102.0,7102.0,0.0,0.0,BB250,North
2025-07-04,7102.0,686.0,686.0,0.0,6416.0,6416.0,0.0,0.0,BB250,North
2025-07-05,6416.0,843.0,843.0,0.0,5573.0,5573.0,0.0,0.0,BB250,North
2025-07-06,5573.0,771.0,771.0,0.0,4802.0,4802.0,0.0,0.0,BB250,North
2025-07-07,4802.0,705.0,705.0,0.0,4097.0,4097.0,4935.0,0.0,BB250,North
2025-07-08,4097.0,707.0,707.0,0.0,3390.0,8325.0,0.0,0.0,BB250,North
2025-07-09,3390.0,698.0,698.0,0.0,2692.0,7627.0,0.0,0.0,BB250,North
2025-07-10,2692.0,638.0,638.0,0.0,2054.0,6989.0,0.0,0.0,BB250,North
2025-07-11,2054.0,623.0,623.0,0.0,1431.0,6366.0,0.0,0.0,BB250,North
2025-07-12,1431.0,824.0,824.0,0.0,607.0,5542.0,0.0,0.0,BB250,North
2025-07-13,607.0,815.0,607.0,208.0,0.0,4935.0,0.0,0.0,BB250,North
2025-07-14,4935.0,696.0,696.0,0.0,4239.0,4239.0,4793.0,4935.0,BB250,North
2025-07-15,4239.0,916.0,916.0,0.0,3323.0,8116.0,0.0,0.0,BB250,North
2025-07-16,3323.0,682.0,682.0,0.0,2641.0,7434.0,0.0,0.0,BB250,North
2025-07-17,2641.0,683.0,683.0,0.0,1958.0,6751.0,0.0,0.0,BB250,North
2025-07-18,1958.0,639.0,639.0,0.0,1319.0,6112.0,0.0,0.0,BB250,North
2025-07-19,1319.0,695.0,695.0,0.0,624.0,5417.0,0.0,0.0,BB250,North
2025-07-20,624.0,676.0,624.0,52.0,0.0,4793.0,0.0,0.0,BB250,North
2025-07-21,4793.0,636.0,636.0,0.0,4157.0,4157.0,4875.0,4793.0,BB250,North
2025-07-22,4157.0,596.0,596.0,0.0,3561.0,8436.0,0.0,0.0,BB250,North
2025-07-23,3561.0,676.0,676.0,0.0,2885.0,7760.0,0.0,0.0,BB250,North
2025-07-24,2885.0,694.0,694.0,0.0,2191.0,7066.0,0.0,0.0,BB250,North
2025-07-25,2191.0,706.0,706.0,0.0,1485.0,6360.0,0.0,0.0,BB250,North
2025-07-26,1485.0,1006.0,1006.0,0.0,479.0,5354.0,0.0,0.0,BB250,North
2025-07-27,479.0,725.0,479.0,246.0,0.0,4875.0,0.0,0.0,BB250,North
2025-07-28,4875.0,627.0,627.0,0.0,4248.0,4248.0,4784.0,4875.0,BB250,North
2025-07-29,4248.0,546.0,546.0,0.0,3702.0,8486.0,0.0,0.0,BB250,North
2025-07-30,3702.0,613.0,613.0,0.0,3089.0,7873.0,0.0,0.0,BB250,North
2025-07-31,3089.0,598.0,598.0,0.0,2491.0,7275.0,0.0,0.0,BB250,North
2025-08-01,2491.0,552.0,552.0,0.0,1939.0,6723.0,0.0,0.0,BB250,North
2025-08-02,1939.0,549.0,549.0,0.0,1390.0,6174.0,0.0,0.0,BB250,North
2025-08-03,1390.0,651.0,651.0,0.0,739.0,5523.0,0.0,0.0,BB250,North
2025-08-04,5523.0,608.0,608.0,0.0,4915.0,4915.0,0.0,4784.0,BB250,North
2025-08-05,4915.0,560.0,560.0,0.0,4355.0,4355.0,4677.0,0.0,BB250,North
2025-08-06,4355.0,618.0,618.0,0.0,3737.0,8414.0,0.0,0.0,BB250,North
2025-08-07,3737.0,540.0,540.0,0.0,3197.0,7874.0,0.0,0.0,BB250,North
2025-08-08,3197.0,618.0,618.0,0.0,2579.0,7256.0,0.0,0.0,BB250,North
2025-08-09,2579.0,581.0,581.0,0.0,1998.0,6675.0,0.0,0.0,BB250,North
2025-08-10,1998.0,575.0,575.0,0.0,1423.0,6100.0,0.0,0.0,BB250,North
2025-08-11,1423.0,498.0,498.0,0.0,925.0,5602.0,0.0,0.0,BB250,North
2025-08-12,5602.0,553.0,553.0,0.0,5049.0,5049.0,0.0,4677.0,BB250,North
2025-08-13,5049.0,435.0,435.0,0.0,4614.0,4614.0,4418.0,0.0,BB250,North
2025-08-14,4614.0,506.0,506.0,0.0,4108.0,8526.0,0.0,0.0,BB250,North
2025-08-15,4108.0,584.0,584.0,0.0,3524.0,7942.0,0.0,0.0,BB250,North
2025-08-16,3524.0,724.0,724.0,0.0,2800.0,7218.0,0.0,0.0,BB250,North
2025-08-17,2800.0,770.0,770.0,0.0,2030.0,6448.0,0.0,0.0,BB250,North
2025-08-18,2030.0,745.0,745.0,0.0,1285.0,5703.0,0.0,0.0,BB250,North
2025-08-19,1285.0,609.0,609.0,0.0,676.0,5094.0,0.0,0.0,BB250,North
2025-08-20,5094.0,669.0,669.0,0.0,4425.0,4425.0,4607.0,4418.0,BB250,North
2025-08-21,4425.0,529.0,529.0,0.0,3896.0,8503.0,0.0,0.0,BB250,North
2025-08-22,3896.0,583.0,583.0,0.0,3313.0,7920.0,0.0,0.0,BB250,North
2025-08-23,3313.0,626.0,626.0,0.0,2687.0,7294.0,0.0,0.0,BB250,North
2025-08-24,2687.0,663.0,663.0,0.0,2024.0,6631.0,0.0,0.0,BB250,North
2025-08-25,2024.0,647.0,647.0,0.0,1377.0,5984.0,0.0,0.0,BB250,North
2025-08-26,1377.0,516.0,516.0,0.0,861.0,5468.0,0.0,0.0,BB250,North
2025-08-27,5468.0,628.0,628.0,0.0,4840.0,4840.0,0.0,4607.0,BB250,North
2025-08-28,4840.0,586.0,586.0,0.0,4254.0,4254.0,4778.0,0.0,BB250,North
2025-08-29,4254.0,620.0,620.0,0.0,3634.0,8412.0,0.0,0.0,BB250,North
2025-08-30,3634.0,737.0,737.0,0.0,2897.0,7675.0,0.0,0.0,BB250,North
2025-08-31,2897.0,699.0,699.0,0.0,2198.0,6976.0,0.0,0.0,BB250,North
2025-09-01,2198.0,499.0,499.0,0.0,1699.0,6477.0,0.0,0.0,BB250,North
2025-09-02,1699.0,563.0,563.0,0.0,1136.0,5914.0,0.0,0.0,BB250,North
2025-09-03,1136.0,566.0,566.0,0.0,570.0,5348.0,0.0,0.0,BB250,North
2025-09-04,5348.0,627.0,627.0,0.0,4721.0,4721.0,0.0,4778.0,BB250,North
2025-09-05,4721.0,576.0,576.0,0.0,4145.0,4145.0,4887.0,0.0,BB250,North
2025-09-06,4145.0,696.0,696.0,0.0,3449.0,8336.0,0.0,0.0,BB250,North
2025-09-07,3449.0,768.0,768.0,0.0,2681.0,7568.0,0.0,0.0,BB250,North
2025-09-08,2681.0,504.0,504.0,0.0,2177.0,7064.0,0.0,0.0,BB250,North
2025-09-09,2177.0,508.0,508.0,0.0,1669.0,6556.0,0.0,0.0,BB250,North
2025-09-10,1669.0,592.0,592.0,0.0,1077.0,5964.0,0.0,0.0,BB250,North
2025-09-11,1077.0,594.0,594.0,0.0,483.0,5370.0,0.0,0.0,BB250,North
2025-09-12,5370.0,486.0,486.0,0.0,4884.0,4884.0,0.0,4887.0,BB250,North
2025-09-13,4884.0,705.0,705.0,0.0,4179.0,4179.0,4853.0,0.0,BB250,North
2025-09-14,4179.0,652.0,652.0,0.0,3527.0,8380.0,0.0,0.0,BB250,North
2025-09-15,3527.0,530.0,530.0,0.0,2997.0,7850.0,0.0,0.0,BB250,North
2025-09-16,2997.0,613.0,613.0,0.0,2384.0,7237.0,0.0,0.0,BB250,North
2025-09-17,2384.0,666.0,666.0,0.0,1718.0,6571.0,0.0,0.0,BB250,North
2025-09-18,1718.0,457.0,457.0,0.0,1261.0,6114.0,0.0,0.0,BB250,North
2025-09-19,1261.0,615.0,615.0,0.0,646.0,5499.0,0.0,0.0,BB250,North
2025-09-20,5499.0,667.0,667.0,0.0,4832.0,4832.0,0.0,4853.0,BB250,North
2025-09-21,4832.0,657.0,657.0,0.0,4175.0,4175.0,4857.0,0.0,BB250,North
2025-09-22,4175.0,744.0,744.0,0.0,3431.0,8288.0,0.0,0.0,BB250,North
2025-09-23,3431.0,472.0,472.0,0.0,2959.0,7816.0,0.0,0.0,BB250,North
2025-09-24,2959.0,633.0,633.0,0.0,2326.0,7183.0,0.0,0.0,BB250,North
2025-09-25,2326.0,601.0,601.0,0.0,1725.0,6582.0,0.0,0.0,BB250,North
2025-09-26,1725.0,534.0,534.0,0.0,1191.0,6048.0,0.0,0.0,BB250,North
2025-09-27,1191.0,624.0,624.0,0.0,567.0,5424.0,0.0,0.0,BB250,North
2025-09-28,5424.0,689.0,689.0,0.0,4735.0,4735.0,0.0,4857.0,BB250,North
2025-09-29,4735.0,677.0,677.0,0.0,4058.0,4058.0,4974.0,0.0,BB250,North
2025-09-30,4058.0,537.0,537.0,0.0,3521.0,8495.0,0.0,0.0,BB250,North
2025-10-01,3521.0,654.0,654.0,0.0,2867.0,7841.0,0.0,0.0,BB250,North
2025-10-02,2867.0,721.0,721.0,0.0,2146.0,7120.0,0.0,0.0,BB250,North
2025-10-03,2146.0,532.0,532.0,0.0,1614.0,6588.0,0.0,0.0,BB250,North
2025-10-04,1614.0,714.0,714.0,0.0,900.0,5874.0,0.0,0.0,BB250,North
2025-10-05,900.0,660.0,660.0,0.0,240.0,5214.0,0.0,0.0,BB250,North
2025-10-06,5214.0,850.0,850.0,0.0,4364.0,4364.0,4668.0,4974.0,BB250,North
2025-10-07,4364.0,557.0,557.0,0.0,3807.0,8475.0,0.0,0.0,BB250,North
2025-10-08,3807.0,632.0,632.0,0.0,3175.0,7843.0,0.0,0.0,BB250,North
2025-10-09,3175.0,560.0,560.0,0.0,2615.0,7283.0,0.0,0.0,BB250,North
2025-10-10,2615.0,639.0,639.0,0.0,1976.0,6644.0,0.0,0.0,BB250,North
2025-10-11,1976.0,717.0,717.0,0.0,1259.0,5927.0,0.0,0.0,BB250,North
2025-10-12,1259.0,689.0,689.0,0.0,570.0,5238.0,0.0,0.0,BB250,North
2025-10-13,5238.0,606.0,606.0,0.0,4632.0,4632.0,4400.0,4668.0,BB250,North
2025-10-14,4632.0,702.0,702.0,0.0,3930.0,8330.0,0.0,0.0,BB250,North
2025-10-15,3930.0,527.0,527.0,0.0,3403.0,7803.0,0.0,0.0,BB250,North
2025-10-16,3403.0,563.0,563.0,0.0,2840.0,7240.0,0.0,0.0,BB250,North
2025-10-17,2840.0,482.0,482.0,0.0,2358.0,6758.0,0.0,0.0,BB250,North
2025-10-18,2358.0,674.0,674.0,0.0,1684.0,6084.0,0.0,0.0,BB250,North
2025-10-19,1684.0,723.0,723.0,0.0,961.0,5361.0,0.0,0.0,BB250,North
2025-10-20,5361.0,670.0,670.0,0.0,4691.0,4691.0,0.0,4400.0,BB250,North
2025-10-21,4691.0,784.0,784.0,0.0,3907.0,3907.0,5125.0,0.0,BB250,North
2025-10-22,3907.0,693.0,693.0,0.0,3214.0,8339.0,0.0,0.0,BB250,North
2025-10-23,3214.0,547.0,547.0,0.0,2667.0,7792.0,0.0,0.0,BB250,North
2025-10-24,2667.0,662.0,662.0,0.0,2005.0,7130.0,0.0,0.0,BB250,North
2025-10-25,2005.0,591.0,591.0,0.0,1414.0,6539.0,0.0,0.0,BB250,North
2025-10-26,1414.0,724.0,724.0,0.0,690.0,5815.0,0.0,0.0,BB250,North
2025-10-27,690.0,546.0,546.0,0.0,144.0,5269.0,0.0,0.0,BB250,North
2025-10-28,5269.0,626.0,626.0,0.0,4643.0,4643.0,4389.0,5125.0,BB250,North
2025-10-29,4643.0,684.0,684.0,0.0,3959.0,8348.0,0.0,0.0,BB250,North
2025-10-30,3959.0,532.0,532.0,0.0,3427.0,7816.0,0.0,0.0,BB250,North
2025-10-31,3427.0,578.0,578.0,0.0,2849.0,7238.0,0.0,0.0,BB250,North
2025-11-01,2849.0,643.0,643.0,0.0,2206.0,6595.0,0.0,0.0,BB250,North
2025-11-02,2206.0,910.0,910.0,0.0,1296.0,5685.0,0.0,0.0,BB250,North
2025-11-03,1296.0,658.0,658.0,0.0,638.0,5027.0,0.0,0.0,BB250,North
2025-11-04,5027.0,602.0,602.0,0.0,4425.0,4425.0,4607.0,4389.0,BB250,North
2025-11-05,4425.0,583.0,583.0,0.0,3842.0,8449.0,0.0,0.0,BB250,North
2025-11-06,3842.0,502.0,502.0,0.0,3340.0,7947.0,0.0,0.0,BB250,North
2025-11-07,3340.0,594.0,594.0,0.0,2746.0,7353.0,0.0,0.0,BB250,North
2025-11-08,2746.0,637.0,637.0,0.0,2109.0,6716.0,0.0,0.0,BB250,North
2025-11-09,2109.0,714.0,714.0,0.0,1395.0,6002.0,0.0,0.0,BB250,North
2025-11-10,1395.0,598.0,598.0,0.0,797.0,5404.0,0.0,0.0,BB250,North
2025-11-11,5404.0,602.0,602.0,0.0,4802.0,4802.0,0.0,4607.0,BB250,North
2025-11-12,4802.0,497.0,497.0,0.0,4305.0,4305.0,4727.0,0.0,BB250,North
2025-11-13,4305.0,610.0,610.0,0.0,3695.0,8422.0,0.0,0.0,BB250,North
2025-11-14,3695.0,548.0,548.0,0.0,3147.0,7874.0,0.0,0.0,BB250,North
2025-11-15,3147.0,707.0,707.0,0.0,2440.0,7167.0,0.0,0.0,BB250,North
2025-11-16,2440.0,535.0,535.0,0.0,1905.0,6632.0,0.0,0.0,BB250,North
2025-11-17,1905.0,596.0,596.0,0.0,1309.0,6036.0,0.0,0.0,BB250,North
2025-11-18,1309.0,591.0,591.0,0.0,718.0,5445.0,0.0,0.0,BB250,North
2025-11-19,5445.0,709.0,709.0,0.0,4736.0,4736.0,0.0,4727.0,BB250,North
2025-11-20,4736.0,669.0,669.0,0.0,4067.0,4067.0,4965.0,0.0,BB250,North
2025-11-21,4067.0,563.0,563.0,0.0,3504.0,8469.0,0.0,0.0,BB250,North
2025-11-22,3504.0,635.0,635.0,0.0,2869.0,7834.0,0.0,0.0,BB250,North
2025-11-23,2869.0,607.0,607.0,0.0,2262.0,7227.0,0.0,0.0,BB250,North
2025-11-24,2262.0,486.0,486.0,0.0,1776.0,6741.0,0.0,0.0,BB250,North
2025-11-25,1776.0,565.0,565.0,0.0,1211.0,6176.0,0.0,0.0,BB250,North
2025-11-26,1211.0,481.0,481.0,0.0,730.0,5695.0,0.0,0.0,BB250,North
2025-11-27,5695.0,652.0,652.0,0.0,5043.0,5043.0,0.0,4965.0,BB250,North
2025-11-28,5043.0,811.0,811.0,0.0,4232.0,4232.0,4800.0,0.0,BB250,North
2025-11-29,4232.0,596.0,596.0,0.0,3636.0,8436.0,0.0,0.0,BB250,North
2025-11-30,3636.0,799.0,799.0,0.0,2837.0,7637.0,0.0,0.0,BB250,North
2025-12-01,2837.0,685.0,685.0,0.0,2152.0,6952.0,0.0,0.0,BB250,North
2025-12-02,2152.0,540.0,540.0,0.0,1612.0,6412.0,0.0,0.0,BB250,North
2025-12-03,1612.0,560.0,560.0,0.0,1052.0,5852.0,0.0,0.0,BB250,North
2025-12-04,1052.0,572.0,572.0,0.0,480.0,5280.0,0.0,0.0,BB250,North
2025-12-05,5280.0,585.0,585.0,0.0,4695.0,4695.0,0.0,4800.0,BB250,North
2025-12-06,4695.0,759.0,759.0,0.0,3936.0,3936.0,5096.0,0.0,BB250,North
2025-12-07,3936.0,857.0,857.0,0.0,3079.0,8175.0,0.0,0.0,BB250,North
2025-12-08,3079.0,577.0,577.0,0.0,2502.0,7598.0,0.0,0.0,BB250,North
2025-12-09,2502.0,584.0,584.0,0.0,1918.0,7014.0,0.0,0.0,BB250,North
2025-12-10,1918.0,591.0,591.0,0.0,1327.0,6423.0,0.0,0.0,BB250,North
2025-12-11,1327.0,631.0,631.0,0.0,696.0,5792.0,0.0,0.0,BB250,North
2025-12-12,696.0,563.0,563.0,0.0,133.0,5229.0,0.0,0.0,BB250,North
2025-12-13,5229.0,581.0,581.0,0.0,4648.0,4648.0,4384.0,5096.0,BB250,North
2025-12-14,4648.0,745.0,745.0,0.0,3903.0,8287.0,0.0,0.0,BB250,North
2025-12-15,3903.0,557.0,557.0,0.0,3346.0,7730.0,0.0,0.0,BB250,North
2025-12-16,3346.0,624.0,624.0,0.0,2722.0,7106.0,0.0,0.0,BB250,North
2025-12-17,2722.0,622.0,622.0,0.0,2100.0,6484.0,0.0,0.0,BB250,North
2025-12-18,2100.0,609.0,609.0,0.0,1491.0,5875.0,0.0,0.0,BB250,North
2025-12-19,1491.0,515.0,515.0,0.0,976.0,5360.0,0.0,0.0,BB250,North
2025-12-20,5360.0,766.0,766.0,0.0,4594.0,4594.0,4438.0,4384.0,BB250,North
2025-12-21,4594.0,704.0,704.0,0.0,3890.0,8328.0,0.0,0.0,BB250,North
2025-12-22,3890.0,573.0,573.0,0.0,3317.0,7755.0,0.0,0.0,BB250,North
2025-12-23,3317.0,634.0,634.0,0.0,2683.0,7121.0,0.0,0.0,BB250,North
2025-12-24,2683.0,611.0,611.0,0.0,2072.0,6510.0,0.0,0.0,BB250,North
2025-12-25,2072.0,738.0,738.0,0.0,1334.0,5772.0,0.0,0.0,BB250,North
2025-12-26,1334.0,514.0,514.0,0.0,820.0,5258.0,0.0,0.0,BB250,North
2025-12-27,5258.0,614.0,614.0,0.0,4644.0,4644.0,4388.0,4438.0,BB250,North
2025-12-28,4644.0,704.0,704.0,0.0,3940.0,8328.0,0.0,0.0,BB250,North
2025-12-29,3940.0,608.0,608.0,0.0,3332.0,7720.0,0.0,0.0,BB250,North
2025-12-30,3332.0,573.0,573.0,0.0,2759.0,7147.0,0.0,0.0,BB250,North
2025-12-31,2759.0,608.0,608.0,0.0,2151.0,6539.0,0.0,0.0,BB250,North
2025-07-01,12163.0,645.0,645.0,0.0,11518.0,11518.0,0.0,0.0,BB250,South
2025-07-02,11518.0,618.0,618.0,0.0,10900.0,10900.0,0.0,0.0,BB250,South
2025-07-03,10900.0,725.0,725.0,0.0,10175.0,10175.0,0.0,0.0,BB250,South
2025-07-04,10175.0,639.0,639.0,0.0,9536.0,9536.0,0.0,0.0,BB250,South
2025-07-05,9536.0,869.0,869.0,0.0,8667.0,8667.0,0.0,0.0,BB250,South
2025-07-06,8667.0,980.0,980.0,0.0,7687.0,7687.0,0.0,0.0,BB250,South
2025-07-07,7687.0,701.0,701.0,0.0,6986.0,6986.0,5177.0,0.0,BB250,South
2025-07-08,6986.0,903.0,903.0,0.0,6083.0,11260.0,0.0,0.0,BB250,South
2025-07-09,6083.0,653.0,653.0,0.0,5430.0,10607.0,0.0,0.0,BB250,South
2025-07-10,5430.0,776.0,776.0,0.0,4654.0,9831.0,0.0,0.0,BB250,South
2025-07-11,4654.0,778.0,778.0,0.0,3876.0,9053.0,0.0,0.0,BB250,South
2025-07-12,3876.0,762.0,762.0,0.0,3114.0,8291.0,0.0,0.0,BB250,South
2025-07-13,3114.0,905.0,905.0,0.0,2209.0,7386.0,0.0,0.0,BB250,South
2025-07-14,2209.0,619.0,619.0,0.0,1590.0,6767.0,5396.0,0.0,BB250,South
2025-07-15,1590.0,640.0,640.0,0.0,950.0,11523.0,0.0,0.0,BB250,South
2025-07-16,950.0,758.0,758.0,0.0,192.0,10765.0,0.0,0.0,BB250,South
2025-07-17,5369.0,644.0,644.0,0.0,4725.0,10121.0,0.0,5177.0,BB250,South
2025-07-18,4725.0,700.0,700.0,0.0,4025.0,9421.0,0.0,0.0,BB250,South
2025-07-19,4025.0,962.0,962.0,0.0,3063.0,8459.0,0.0,0.0,BB250,South
2025-07-20,3063.0,595.0,595.0,0.0,2468.0,7864.0,0.0,0.0,BB250,South
2025-07-21,2468.0,734.0,734.0,0.0,1734.0,7130.0,5033.0,0.0,BB250,South
2025-07-22,1734.0,658.0,658.0,0.0,1076.0,11505.0,0.0,0.0,BB250,South
2025-07-23,1076.0,694.0,694.0,0.0,382.0,10811.0,0.0,0.0,BB250,South
2025-07-24,5778.0,799.0,799.0,0.0,4979.0,10012.0,0.0,5396.0,BB250,South
2025-07-25,4979.0,819.0,819.0,0.0,4160.0,9193.0,0.0,0.0,BB250,South
2025-07-26,4160.0,707.0,707.0,0.0,3453.0,8486.0,0.0,0.0,BB250,South
2025-07-27,3453.0,1047.0,1047.0,0.0,2406.0,7439.0,0.0,0.0,BB250,South
2025-07-28,2406.0,834.0,834.0,0.0,1572.0,6605.0,5558.0,0.0,BB250,South
2025-07-29,1572.0,793.0,793.0,0.0,779.0,11370.0,0.0,0.0,BB250,South
2025-07-30,779.0,574.0,574.0,0.0,205.0,10796.0,0.0,0.0,BB250,South
2025-07-31,5238.0,643.0,643.0,0.0,4595.0,10153.0,0.0,5033.0,BB250,South
2025-08-01,4595.0,693.0,693.0,0.0,3902.0,9460.0,0.0,0.0,BB250,South
2025-08-02,3902.0,685.0,685.0,0.0,3217.0,8775.0,0.0,0.0,BB250,South
2025-08-03,3217.0,763.0,763.0,0.0,2454.0,8012.0,0.0,0.0,BB250,South
2025-08-04,2454.0,701.0,701.0,0.0,1753.0,7311.0,4852.0,0.0,BB250,South
2025-08-05,1753.0,558.0,558.0,0.0,1195.0,11605.0,0.0,0.0,BB250,South
2025-08-06,1195.0,646.0,646.0,0.0,549.0,10959.0,0.0,0.0,BB250,South
2025-08-07,6107.0,668.0,668.0,0.0,5439.0,10291.0,0.0,5558.0,BB250,South
2025-08-08,5439.0,677.0,677.0,0.0,4762.0,9614.0,0.0,0.0,BB250,South
2025-08-09,4762.0,724.0,724.0,0.0,4038.0,8890.0,0.0,0.0,BB250,South
2025-08-10,4038.0,819.0,819.0,0.0,3219.0,8071.0,0.0,0.0,BB250,South
2025-08-11,3219.0,714.0,714.0,0.0,2505.0,7357.0,0.0,0.0,BB250,South
2025-08-12,2505.0,755.0,755.0,0.0,1750.0,6602.0,5561.0,0.0,BB250,South
2025-08-13,1750.0,853.0,853.0,0.0,897.0,11310.0,0.0,0.0,BB250,South
2025-08-14,5749.0,655.0,655.0,0.0,5094.0,10655.0,0.0,4852.0,BB250,South
2025-08-15,5094.0,717.0,717.0,0.0,4377.0,9938.0,0.0,0.0,BB250,South
2025-08-16,4377.0,658.0,658.0,0.0,3719.0,9280.0,0.0,0.0,BB250,South
2025-08-17,3719.0,750.0,750.0,0.0,2969.0,8530.0,0.0,0.0,BB250,South
2025-08-18,2969.0,674.0,674.0,0.0,2295.0,7856.0,0.0,0.0,BB250,South
2025-08-19,2295.0,712.0,712.0,0.0,1583.0,7144.0,5019.0,0.0,BB250,South
2025-08-20,1583.0,634.0,634.0,0.0,949.0,11529.0,0.0,0.0,BB250,South
2025-08-21,949.0,737.0,737.0,0.0,212.0,10792.0,0.0,0.0,BB250,South
2025-08-22,5773.0,656.0,656.0,0.0,5117.0,10136.0,0.0,5561.0,BB250,South
2025-08-23,5117.0,827.0,827.0,0.0,4290.0,9309.0,0.0,0.0,BB250,South
2025-08-24,4290.0,703.0,703.0,0.0,3587.0,8606.0,0.0,0.0,BB250,South
2025-08-25,3587.0,521.0,521.0,0.0,3066.0,8085.0,0.0,0.0,BB250,South
2025-08-26,3066.0,675.0,675.0,0.0,2391.0,7410.0,0.0,0.0,BB250,South
2025-08-27,2391.0,628.0,628.0,0.0,1763.0,6782.0,5381.0,0.0,BB250,South
2025-08-28,1763.0,675.0,675.0,0.0,1088.0,11488.0,0.0,0.0,BB250,South
2025-08-29,6107.0,605.0,605.0,0.0,5502.0,10883.0,0.0,5019.0,BB250,South
2025-08-30,5502.0,927.0,927.0,0.0,4575.0,9956.0,0.0,0.0,BB250,South
2025-08-31,4575.0,652.0,652.0,0.0,3923.0,9304.0,0.0,0.0,BB250,South
2025-09-01,3923.0,528.0,528.0,0.0,3395.0,8776.0,0.0,0.0,BB250,South
2025-09-02,3395.0,680.0,680.0,0.0,2715.0,8096.0,0.0,0.0,BB250,South
2025-09-03,2715.0,681.0,681.0,0.0,2034.0,7415.0,0.0,0.0,BB250,South
2025-09-04,2034.0,568.0,568.0,0.0,1466.0,6847.0,5316.0,0.0,BB250,South
2025-09-05,1466.0,704.0,704.0,0.0,762.0,11459.0,0.0,0.0,BB250,South
2025-09-06,6143.0,663.0,663.0,0.0,5480.0,10796.0,0.0,5381.0,BB250,South
2025-09-07,5480.0,658.0,658.0,0.0,4822.0,10138.0,0.0,0.0,BB250,South
2025-09-08,4822.0,686.0,686.0,0.0,4136.0,9452.0,0.0,0.0,BB250,South
2025-09-09,4136.0,722.0,722.0,0.0,3414.0,8730.0,0.0,0.0,BB250,South
2025-09-10,3414.0,713.0,713.0,0.0,2701.0,8017.0,0.0,0.0,BB250,South
2025-09-11,2701.0,580.0,580.0,0.0,2121.0,7437.0,0.0,0.0,BB250,South
2025-09-12,2121.0,529.0,529.0,0.0,1592.0,6908.0,5255.0,0.0,BB250,South
2025-09-13,1592.0,688.0,688.0,0.0,904.0,11475.0,0.0,0.0,BB250,South
2025-09-14,6220.0,730.0,730.0,0.0,5490.0,10745.0,0.0,5316.0,BB250,South
2025-09-15,5490.0,547.0,547.0,0.0,4943.0,10198.0,0.0,0.0,BB250,South
2025-09-16,4943.0,617.0,617.0,0.0,4326.0,9581.0,0.0,0.0,BB250,South
2025-09-17,4326.0,652.0,652.0,0.0,3674.0,8929.0,0.0,0.0,BB250,South
2025-09-18,3674.0,690.0,690.0,0.0,2984.0,8239.0,0.0,0.0,BB250,South
2025-09-19,2984.0,684.0,684.0,0.0,2300.0,7555.0,0.0,0.0,BB250,South
2025-09-20,2300.0,752.0,752.0,0.0,1548.0,6803.0,5360.0,0.0,BB250,South
2025-09-21,1548.0,813.0,813.0,0.0,735.0,11350.0,0.0,0.0,BB250,South
2025-09-22,5990.0,685.0,685.0,0.0,5305.0,10665.0,0.0,5255.0,BB250,South
2025-09-23,5305.0,533.0,533.0,0.0,4772.0,10132.0,0.0,0.0,BB250,South
2025-09-24,4772.0,565.0,565.0,0.0,4207.0,9567.0,0.0,0.0,BB250,South
2025-09-25,4207.0,648.0,648.0,0.0,3559.0,8919.0,0.0,0.0,BB250,South
2025-09-26,3559.0,686.0,686.0,0.0,2873.0,8233.0,0.0,0.0,BB250,South
2025-09-27,2873.0,676.0,676.0,0.0,2197.0,7557.0,0.0,0.0,BB250,South
2025-09-28,2197.0,580.0,580.0,0.0,1617.0,6977.0,5186.0,0.0,BB250,South
2025-09-29,1617.0,680.0,680.0,0.0,937.0,11483.0,0.0,0.0,BB250,South
2025-09-30,6297.0,658.0,658.0,0.0,5639.0,10825.0,0.0,5360.0,BB250,South
2025-10-01,5639.0,640.0,640.0,0.0,4999.0,10185.0,0.0,0.0,BB250,South
2025-10-02,4999.0,981.0,981.0,0.0,4018.0,9204.0,0.0,0.0,BB250,South
2025-10-03,4018.0,687.0,687.0,0.0,3331.0,8517.0,0.0,0.0,BB250,South
2025-10-04,3331.0,642.0,642.0,0.0,2689.0,7875.0,0.0,0.0,BB250,South
2025-10-05,2689.0,820.0,820.0,0.0,1869.0,7055.0,5108.0,0.0,BB250,South
2025-10-06,1869.0,705.0,705.0,0.0,1164.0,11458.0,0.0,0.0,BB250,South
2025-10-07,1164.0,592.0,592.0,0.0,572.0,10866.0,0.0,0.0,BB250,South
2025-10-08,5758.0,581.0,581.0,0.0,5177.0,10285.0,0.0,5186.0,BB250,South
2025-10-09,5177.0,710.0,710.0,0.0,4467.0,9575.0,0.0,0.0,BB250,South
2025-10-10,4467.0,673.0,673.0,0.0,3794.0,8902.0,0.0,0.0,BB250,South
2025-10-11,3794.0,630.0,630.0,0.0,3164.0,8272.0,0.0,0.0,BB250,South
2025-10-12,3164.0,707.0,707.0,0.0,2457.0,7565.0,0.0,0.0,BB250,South
2025-10-13,2457.0,695.0,695.0,0.0,1762.0,6870.0,5293.0,0.0,BB250,South
2025-10-14,1762.0,614.0,614.0,0.0,1148.0,11549.0,0.0,0.0,BB250,South
2025-10-15,6256.0,661.0,661.0,0.0,5595.0,10888.0,0.0,5108.0,BB250,South
2025-10-16,5595.0,688.0,688.0,0.0,4907.0,10200.0,0.0,0.0,BB250,South
2025-10-17,4907.0,490.0,490.0,0.0,4417.0,9710.0,0.0,0.0,BB250,South
2025-10-18,4417.0,577.0,577.0,0.0,3840.0,9133.0,0.0,0.0,BB250,South
2025-10-19,3840.0,709.0,709.0,0.0,3131.0,8424.0,0.0,0.0,BB250,South
2025-10-20,3131.0,803.0,803.0,0.0,2328.0,7621.0,0.0,0.0,BB250,South
2025-10-21,2328.0,633.0,633.0,0.0,1695.0,6988.0,5175.0,0.0,BB250,South
2025-10-22,1695.0,669.0,669.0,0.0,1026.0,11494.0,0.0,0.0,BB250,South
2025-10-23,6319.0,564.0,564.0,0.0,5755.0,10930.0,0.0,5293.0,BB250,South
2025-10-24,5755.0,698.0,698.0,0.0,5057.0,10232.0,0.0,0.0,BB250,South
2025-10-25,5057.0,808.0,808.0,0.0,4249.0,9424.0,0.0,0.0,BB250,South
2025-10-26,4249.0,1089.0,1089.0,0.0,3160.0,8335.0,0.0,0.0,BB250,South
2025-10-27,3160.0,544.0,544.0,0.0,2616.0,7791.0,0.0,0.0,BB250,South
2025-10-28,2616.0,645.0,645.0,0.0,1971.0,7146.0,5017.0,0.0,BB250,South
2025-10-29,1971.0,612.0,612.0,0.0,1359.0,11551.0,0.0,0.0,BB250,South
2025-10-30,1359.0,725.0,725.0,0.0,634.0,10826.0,0.0,0.0,BB250,South
2025-10-31,5809.0,577.0,577.0,0.0,5232.0,10249.0,0.0,5175.0,BB250,South
2025-11-01,5232.0,579.0,579.0,0.0,4653.0,9670.0,0.0,0.0,BB250,South
2025-11-02,4653.0,808.0,808.0,0.0,3845.0,8862.0,0.0,0.0,BB250,South
2025-11-03,3845.0,726.0,726.0,0.0,3119.0,8136.0,0.0,0.0,BB250,South
2025-11-04,3119.0,688.0,688.0,0.0,2431.0,7448.0,0.0,0.0,BB250,South
2025-11-05,2431.0,657.0,657.0,0.0,1774.0,6791.0,5372.0,0.0,BB250,South
2025-11-06,1774.0,670.0,670.0,0.0,1104.0,11493.0,0.0,0.0,BB250,South
2025-11-07,6121.0,559.0,559.0,0.0,5562.0,10934.0,0.0,5017.0,BB250,South
2025-11-08,5562.0,813.0,813.0,0.0,4749.0,10121.0,0.0,0.0,BB250,South
2025-11-09,4749.0,654.0,654.0,0.0,4095.0,9467.0,0.0,0.0,BB250,South
2025-11-10,4095.0,765.0,765.0,0.0,3330.0,8702.0,0.0,0.0,BB250,South
2025-11-11,3330.0,656.0,656.0,0.0,2674.0,8046.0,0.0,0.0,BB250,South
2025-11-12,2674.0,558.0,558.0,0.0,2116.0,7488.0,0.0,0.0,BB250,South
2025-11-13,2116.0,680.0,680.0,0.0,1436.0,6808.0,5355.0,0.0,BB250,South
2025-11-14,1436.0,620.0,620.0,0.0,816.0,11543.0,0.0,0.0,BB250,South
2025-11-15,6188.0,712.0,712.0,0.0,5476.0,10831.0,0.0,5372.0,BB250,South
2025-11-16,5476.0,879.0,879.0,0.0,4597.0,9952.0,0.0,0.0,BB250,South
2025-11-17,4597.0,596.0,596.0,0.0,4001.0,9356.0,0.0,0.0,BB250,South
2025-11-18,4001.0,731.0,731.0,0.0,3270.0,8625.0,0.0,0.0,BB250,South
2025-11-19,3270.0,647.0,647.0,0.0,2623.0,7978.0,0.0,0.0,BB250,South
2025-11-20,2623.0,583.0,583.0,0.0,2040.0,7395.0,0.0,0.0,BB250,South
2025-11-21,2040.0,723.0,723.0,0.0,1317.0,6672.0,5491.0,0.0,BB250,South
2025-11-22,1317.0,740.0,740.0,0.0,577.0,11423.0,0.0,0.0,BB250,South
2025-11-23,5932.0,773.0,773.0,0.0,5159.0,10650.0,0.0,5355.0,BB250,South
2025-11-24,5159.0,651.0,651.0,0.0,4508.0,9999.0,0.0,0.0,BB250,South
2025-11-25,4508.0,560.0,560.0,0.0,3948.0,9439.0,0.0,0.0,BB250,South
2025-11-26,3948.0,602.0,602.0,0.0,3346.0,8837.0,0.0,0.0,BB250,South
2025-11-27,3346.0,607.0,607.0,0.0,2739.0,8230.0,0.0,0.0,BB250,South
2025-11-28,2739.0,599.0,599.0,0.0,2140.0,7631.0,0.0,0.0,BB250,South
2025-11-29,2140.0,893.0,893.0,0.0,1247.0,6738.0,5425.0,0.0,BB250,South
2025-11-30,1247.0,795.0,795.0,0.0,452.0,11368.0,0.0,0.0,BB250,South
2025-12-01,5943.0,574.0,574.0,0.0,5369.0,10794.0,0.0,5491.0,BB250,South
2025-12-02,5369.0,592.0,592.0,0.0,4777.0,10202.0,0.0,0.0,BB250,South
2025-12-03,4777.0,613.0,613.0,0.0,4164.0,9589.0,0.0,0.0,BB250,South
2025-12-04,4164.0,603.0,603.0,0.0,3561.0,8986.0,0.0,0.0,BB250,South
2025-12-05,3561.0,834.0,834.0,0.0,2727.0,8152.0,0.0,0.0,BB250,South
2025-12-06,2727.0,747.0,747.0,0.0,1980.0,7405.0,0.0,0.0,BB250,South
2025-12-07,1980.0,612.0,612.0,0.0,1368.0,6793.0,5370.0,0.0,BB250,South
2025-12-08,1368.0,649.0,649.0,0.0,719.0,11514.0,0.0,0.0,BB250,South
2025-12-09,6144.0,622.0,622.0,0.0,5522.0,10892.0,0.0,5425.0,BB250,South
2025-12-10,5522.0,657.0,657.0,0.0,4865.0,10235.0,0.0,0.0,BB250,South
2025-12-11,4865.0,579.0,579.0,0.0,4286.0,9656.0,0.0,0.0,BB250,South
2025-12-12,4286.0,752.0,752.0,0.0,3534.0,8904.0,0.0,0.0,BB250,South
2025-12-13,3534.0,697.0,697.0,0.0,2837.0,8207.0,0.0,0.0,BB250,South
2025-12-14,2837.0,915.0,915.0,0.0,1922.0,7292.0,4871.0,0.0,BB250,South
2025-12-15,1922.0,655.0,655.0,0.0,1267.0,11508.0,0.0,0.0,BB250,South
2025-12-16,1267.0,613.0,613.0,0.0,654.0,10895.0,0.0,0.0,BB250,South
2025-12-17,6024.0,683.0,683.0,0.0,5341.0,10212.0,0.0,5370.0,BB250,South
2025-12-18,5341.0,703.0,703.0,0.0,4638.0,9509.0,0.0,0.0,BB250,South
2025-12-19,4638.0,760.0,760.0,0.0,3878.0,8749.0,0.0,0.0,BB250,South
2025-12-20,3878.0,804.0,804.0,0.0,3074.0,7945.0,0.0,0.0,BB250,South
2025-12-21,3074.0,756.0,756.0,0.0,2318.0,7189.0,4974.0,0.0,BB250,South
2025-12-22,2318.0,666.0,666.0,0.0,1652.0,11497.0,0.0,0.0,BB250,South
2025-12-23,1652.0,619.0,619.0,0.0,1033.0,10878.0,0.0,0.0,BB250,South
2025-12-24,5904.0,644.0,644.0,0.0,5260.0,10234.0,0.0,4871.0,BB250,South
2025-12-25,5260.0,693.0,693.0,0.0,4567.0,9541.0,0.0,0.0,BB250,South
2025-12-26,4567.0,655.0,655.0,0.0,3912.0,8886.0,0.0,0.0,BB250,South
2025-12-27,3912.0,616.0,616.0,0.0,3296.0,8270.0,0.0,0.0,BB250,South
2025-12-28,3296.0,824.0,824.0,0.0,2472.0,7446.0,0.0,0.0,BB250,South
2025-12-29,2472.0,822.0,822.0,0.0,1650.0,6624.0,5539.0,0.0,BB250,South
2025-12-30,1650.0,797.0,797.0,0.0,853.0,11366.0,0.0,0.0,BB250,South
2025-12-31,5827.0,715.0,715.0,0.0,5112.0,10651.0,0.0,4974.0,BB250,South
2025-07-01,12123.0,738.0,738.0,0.0,11385.0,11385.0,0.0,0.0,BB250,West
2025-07-02,11385.0,686.0,686.0,0.0,10699.0,10699.0,0.0,0.0,BB250,West
2025-07-03,10699.0,787.0,787.0,0.0,9912.0,9912.0,0.0,0.0,BB250,West
2025-07-04,9912.0,640.0,640.0,0.0,9272.0,9272.0,0.0,0.0,BB250,West
2025-07-05,9272.0,990.0,990.0,0.0,8282.0,8282.0,0.0,0.0,BB250,West
2025-07-06,8282.0,877.0,877.0,0.0,7405.0,7405.0,0.0,0.0,BB250,West
2025-07-07,7405.0,795.0,795.0,0.0,6610.0,6610.0,5513.0,0.0,BB250,West
2025-07-08,6610.0,727.0,727.0,0.0,5883.0,11396.0,0.0,0.0,BB250,West
2025-07-09,5883.0,664.0,664.0,0.0,5219.0,10732.0,0.0,0.0,BB250,West
2025-07-10,5219.0,689.0,689.0,0.0,4530.0,10043.0,0.0,0.0,BB250,West
2025-07-11,4530.0,625.0,625.0,0.0,3905.0,9418.0,0.0,0.0,BB250,West
2025-07-12,3905.0,1020.0,1020.0,0.0,2885.0,8398.0,0.0,0.0,BB250,West
2025-07-13,2885.0,1053.0,1053.0,0.0,1832.0,7345.0,0.0,0.0,BB250,West
2025-07-14,1832.0,851.0,851.0,0.0,981.0,6494.0,5629.0,0.0,BB250,West
2025-07-15,981.0,785.0,785.0,0.0,196.0,11338.0,0.0,0.0,BB250,West
2025-07-16,5709.0,714.0,714.0,0.0,4995.0,10624.0,0.0,5513.0,BB250,West
2025-07-17,4995.0,777.0,777.0,0.0,4218.0,9847.0,0.0,0.0,BB250,West
2025-07-18,4218.0,687.0,687.0,0.0,3531.0,9160.0,0.0,0.0,BB250,West
2025-07-19,3531.0,960.0,960.0,0.0,2571.0,8200.0,0.0,0.0,BB250,West
2025-07-20,2571.0,862.0,862.0,0.0,1709.0,7338.0,0.0,0.0,BB250,West
2025-07-21,1709.0,621.0,621.0,0.0,1088.0,6717.0,5406.0,0.0,BB250,West
2025-07-22,1088.0,1156.0,1088.0,68.0,0.0,11035.0,0.0,0.0,BB250,West
2025-07-23,5629.0,805.0,805.0,0.0,4824.0,10230.0,0.0,5629.0,BB250,West
2025-07-24,4824.0,810.0,810.0,0.0,4014.0,9420.0,0.0,0.0,BB250,West
2025-07-25,4014.0,582.0,582.0,0.0,3432.0,8838.0,0.0,0.0,BB250,West
2025-07-26,3432.0,939.0,939.0,0.0,2493.0,7899.0,0.0,0.0,BB250,West
2025-07-27,2493.0,1123.0,1123.0,0.0,1370.0,6776.0,5347.0,0.0,BB250,West
2025-07-28,1370.0,849.0,849.0,0.0,521.0,11274.0,0.0,0.0,BB250,West
2025-07-29,521.0,689.0,521.0,168.0,0.0,10753.0,0.0,0.0,BB250,West
2025-07-30,5406.0,657.0,657.0,0.0,4749.0,10096.0,0.0,5406.0,BB250,West
2025-07-31,4749.0,713.0,713.0,0.0,4036.0,9383.0,0.0,0.0,BB250,West
2025-08-01,4036.0,623.0,623.0,0.0,3413.0,8760.0,0.0,0.0,BB250,West
2025-08-02,3413.0,864.0,864.0,0.0,2549.0,7896.0,0.0,0.0,BB250,West
2025-08-03,2549.0,1140.0,1140.0,0.0,1409.0,6756.0,5367.0,0.0,BB250,West
2025-08-04,1409.0,658.0,658.0,0.0,751.0,11465.0,0.0,0.0,BB250,West
2025-08-05,6098.0,601.0,601.0,0.0,5497.0,10864.0,0.0,5347.0,BB250,West
2025-08-06,5497.0,616.0,616.0,0.0,4881.0,10248.0,0.0,0.0,BB250,West
2025-08-07,4881.0,744.0,744.0,0.0,4137.0,9504.0,0.0,0.0,BB250,West
2025-08-08,4137.0,524.0,524.0,0.0,3613.0,8980.0,0.0,0.0,BB250,West
2025-08-09,3613.0,686.0,686.0,0.0,2927.0,8294.0,0.0,0.0,BB250,West
2025-08-10,2927.0,780.0,780.0,0.0,2147.0,7514.0,0.0,0.0,BB250,West
2025-08-11,2147.0,643.0,643.0,0.0,1504.0,6871.0,5252.0,0.0,BB250,West
2025-08-12,6871.0,626.0,626.0,0.0,6245.0,11497.0,0.0,5367.0,BB250,West
2025-08-13,6245.0,690.0,690.0,0.0,5555.0,10807.0,0.0,0.0,BB250,West
2025-08-14,5555.0,639.0,639.0,0.0,4916.0,10168.0,0.0,0.0,BB250,West
2025-08-15,4916.0,805.0,805.0,0.0,4111.0,9363.0,0.0,0.0,BB250,West
2025-08-16,4111.0,750.0,750.0,0.0,3361.0,8613.0,0.0,0.0,BB250,West
2025-08-17,3361.0,1177.0,1177.0,0.0,2184.0,7436.0,0.0,0.0,BB250,West
2025-08-18,2184.0,753.0,753.0,0.0,1431.0,6683.0,5440.0,0.0,BB250,West
2025-08-19,1431.0,740.0,740.0,0.0,691.0,11383.0,0.0,0.0,BB250,West
2025-08-20,5943.0,675.0,675.0,0.0,5268.0,10708.0,0.0,5252.0,BB250,West
2025-08-21,5268.0,806.0,806.0,0.0,4462.0,9902.0,0.0,0.0,BB250,West
2025-08-22,4462.0,638.0,638.0,0.0,3824.0,9264.0,0.0,0.0,BB250,West
2025-08-23,3824.0,867.0,867.0,0.0,2957.0,8397.0,0.0,0.0,BB250,West
2025-08-24,2957.0,723.0,723.0,0.0,2234.0,7674.0,0.0,0.0,BB250,West
2025-08-25,2234.0,585.0,585.0,0.0,1649.0,7089.0,0.0,0.0,BB250,West
2025-08-26,1649.0,662.0,662.0,0.0,987.0,6427.0,5696.0,0.0,BB250,West
2025-08-27,6427.0,692.0,692.0,0.0,5735.0,11431.0,0.0,5440.0,BB250,West
2025-08-28,5735.0,806.0,806.0,0.0,4929.0,10625.0,0.0,0.0,BB250,West
2025-08-29,4929.0,587.0,587.0,0.0,4342.0,10038.0,0.0,0.0,BB250,West
2025-08-30,4342.0,642.0,642.0,0.0,3700.0,9396.0,0.0,0.0,BB250,West
2025-08-31,3700.0,799.0,799.0,0.0,2901.0,8597.0,0.0,0.0,BB250,West
2025-09-01,2901.0,758.0,758.0,0.0,2143.0,7839.0,0.0,0.0,BB250,West
2025-09-02,2143.0,639.0,639.0,0.0,1504.0,7200.0,0.0,0.0,BB250,West
2025-09-03,1504.0,693.0,693.0,0.0,811.0,6507.0,5616.0,0.0,BB250,West
2025-09-04,6507.0,703.0,703.0,0.0,5804.0,11420.0,0.0,5696.0,BB250,West
2025-09-05,5804.0,611.0,611.0,0.0,5193.0,10809.0,0.0,0.0,BB250,West
2025-09-06,5193.0,803.0,803.0,0.0,4390.0,10006.0,0.0,0.0,BB250,West
2025-09-07,4390.0,670.0,670.0,0.0,3720.0,9336.0,0.0,0.0,BB250,West
2025-09-08,3720.0,709.0,709.0,0.0,3011.0,8627.0,0.0,0.0,BB250,West
2025-09-09,3011.0,649.0,649.0,0.0,2362.0,7978.0,0.0,0.0,BB250,West
2025-09-10,2362.0,682.0,682.0,0.0,1680.0,7296.0,0.0,0.0,BB250,West
2025-09-11,1680.0,749.0,749.0,0.0,931.0,6547.0,5576.0,0.0,BB250,West
2025-09-12,6547.0,635.0,635.0,0.0,5912.0,11488.0,0.0,5616.0,BB250,West
2025-09-13,5912.0,808.0,808.0,0.0,5104.0,10680.0,0.0,0.0,BB250,West
2025-09-14,5104.0,847.0,847.0,0.0,4257.0,9833.0,0.0,0.0,BB250,West
2025-09-15,4257.0,837.0,837.0,0.0,3420.0,8996.0,0.0,0.0,BB250,West
2025-09-16,3420.0,664.0,664.0,0.0,2756.0,8332.0,0.0,0.0,BB250,West
2025-09-17,2756.0,638.0,638.0,0.0,2118.0,7694.0,0.0,0.0,BB250,West
2025-09-18,2118.0,644.0,644.0,0.0,1474.0,7050.0,0.0,0.0,BB250,West
2025-09-19,1474.0,764.0,764.0,0.0,710.0,6286.0,5837.0,0.0,BB250,West
2025-09-20,6286.0,826.0,826.0,0.0,5460.0,11297.0,0.0,5576.0,BB250,West
2025-09-21,5460.0,686.0,686.0,0.0,4774.0,10611.0,0.0,0.0,BB250,West
2025-09-22,4774.0,710.0,710.0,0.0,4064.0,9901.0,0.0,0.0,BB250,West
2025-09-23,4064.0,751.0,751.0,0.0,3313.0,9150.0,0.0,0.0,BB250,West
2025-09-24,3313.0,695.0,695.0,0.0,2618.0,8455.0,0.0,0.0,BB250,West
2025-09-25,2618.0,855.0,855.0,0.0,1763.0,7600.0,0.0,0.0,BB250,West
2025-09-26,1763.0,619.0,619.0,0.0,1144.0,6981.0,5142.0,0.0,BB250,West
2025-09-27,1144.0,793.0,793.0,0.0,351.0,11330.0,0.0,0.0,BB250,West
2025-09-28,6188.0,750.0,750.0,0.0,5438.0,10580.0,0.0,5837.0,BB250,West
2025-09-29,5438.0,651.0,651.0,0.0,4787.0,9929.0,0.0,0.0,BB250,West
2025-09-30,4787.0,589.0,589.0,0.0,4198.0,9340.0,0.0,0.0,BB250,West
2025-10-01,4198.0,610.0,610.0,0.0,3588.0,8730.0,0.0,0.0,BB250,West
2025-10-02,3588.0,870.0,870.0,0.0,2718.0,7860.0,0.0,0.0,BB250,West
2025-10-03,2718.0,672.0,672.0,0.0,2046.0,7188.0,0.0,0.0,BB250,West
2025-10-04,2046.0,796.0,796.0,0.0,1250.0,6392.0,5731.0,0.0,BB250,West
2025-10-05,6392.0,755.0,755.0,0.0,5637.0,11368.0,0.0,5142.0,BB250,West
2025-10-06,5637.0,630.0,630.0,0.0,5007.0,10738.0,0.0,0.0,BB250,West
2025-10-07,5007.0,583.0,583.0,0.0,4424.0,10155.0,0.0,0.0,BB250,West
2025-10-08,4424.0,585.0,585.0,0.0,3839.0,9570.0,0.0,0.0,BB250,West
2025-10-09,3839.0,685.0,685.0,0.0,3154.0,8885.0,0.0,0.0,BB250,West
2025-10-10,3154.0,805.0,805.0,0.0,2349.0,8080.0,0.0,0.0,BB250,West
2025-10-11,2349.0,748.0,748.0,0.0,1601.0,7332.0,0.0,0.0,BB250,West
2025-10-12,1601.0,800.0,800.0,0.0,801.0,6532.0,5591.0,0.0,BB250,West
2025-10-13,6532.0,578.0,578.0,0.0,5954.0,11545.0,0.0,5731.0,BB250,West
2025-10-14,5954.0,729.0,729.0,0.0,5225.0,10816.0,0.0,0.0,BB250,West
2025-10-15,5225.0,730.0,730.0,0.0,4495.0,10086.0,0.0,0.0,BB250,West
2025-10-16,4495.0,540.0,540.0,0.0,3955.0,9546.0,0.0,0.0,BB250,West
2025-10-17,3955.0,664.0,664.0,0.0,3291.0,8882.0,0.0,0.0,BB250,West
2025-10-18,3291.0,775.0,775.0,0.0,2516.0,8107.0,0.0,0.0,BB250,West
2025-10-19,2516.0,711.0,711.0,0.0,1805.0,7396.0,0.0,0.0,BB250,West
2025-10-20,1805.0,816.0,816.0,0.0,989.0,6580.0,5543.0,0.0,BB250,West
2025-10-21,6580.0,604.0,604.0,0.0,5976.0,11519.0,0.0,5591.0,BB250,West
2025-10-22,5976.0,637.0,637.0,0.0,5339.0,10882.0,0.0,0.0,BB250,West
2025-10-23,5339.0,657.0,657.0,0.0,4682.0,10225.0,0.0,0.0,BB250,West
2025-10-24,4682.0,716.0,716.0,0.0,3966.0,9509.0,0.0,0.0,BB250,West
2025-10-25,3966.0,925.0,925.0,0.0,3041.0,8584.0,0.0,0.0,BB250,West
2025-10-26,3041.0,856.0,856.0,0.0,2185.0,7728.0,0.0,0.0,BB250,West
2025-10-27,2185.0,657.0,657.0,0.0,1528.0,7071.0,0.0,0.0,BB250,West
2025-10-28,1528.0,736.0,736.0,0.0,792.0,6335.0,5788.0,0.0,BB250,West
2025-10-29,6335.0,738.0,738.0,0.0,5597.0,11385.0,0.0,5543.0,BB250,West
2025-10-30,5597.0,658.0,658.0,0.0,4939.0,10727.0,0.0,0.0,BB250,West
2025-10-31,4939.0,579.0,579.0,0.0,4360.0,10148.0,0.0,0.0,BB250,West
2025-11-01,4360.0,727.0,727.0,0.0,3633.0,9421.0,0.0,0.0,BB250,West
2025-11-02,3633.0,805.0,805.0,0.0,2828.0,8616.0,0.0,0.0,BB250,West
2025-11-03,2828.0,777.0,777.0,0.0,2051.0,7839.0,0.0,0.0,BB250,West
2025-11-04,2051.0,692.0,692.0,0.0,1359.0,7147.0,0.0,0.0,BB250,West
2025-11-05,1359.0,806.0,806.0,0.0,553.0,6341.0,5782.0,0.0,BB250,West
2025-11-06,6341.0,817.0,817.0,0.0,5524.0,11306.0,0.0,5788.0,BB250,West
2025-11-07,5524.0,691.0,691.0,0.0,4833.0,10615.0,0.0,0.0,BB250,West
2025-11-08,4833.0,745.0,745.0,0.0,4088.0,9870.0,0.0,0.0,BB250,West
2025-11-09,4088.0,772.0,772.0,0.0,3316.0,9098.0,0.0,0.0,BB250,West
2025-11-10,3316.0,588.0,588.0,0.0,2728.0,8510.0,0.0,0.0,BB250,West
2025-11-11,2728.0,683.0,683.0,0.0,2045.0,7827.0,0.0,0.0,BB250,West
2025-11-12,2045.0,854.0,854.0,0.0,1191.0,6973.0,5150.0,0.0,BB250,West
2025-11-13,1191.0,656.0,656.0,0.0,535.0,11467.0,0.0,0.0,BB250,West
2025-11-14,6317.0,564.0,564.0,0.0,5753.0,10903.0,0.0,5782.0,BB250,West
2025-11-15,5753.0,748.0,748.0,0.0,5005.0,10155.0,0.0,0.0,BB250,West
2025-11-16,5005.0,915.0,915.0,0.0,4090.0,9240.0,0.0,0.0,BB250,West
2025-11-17,4090.0,938.0,938.0,0.0,3152.0,8302.0,0.0,0.0,BB250,West
2025-11-18,3152.0,658.0,658.0,0.0,2494.0,7644.0,0.0,0.0,BB250,West
2025-11-19,2494.0,680.0,680.0,0.0,1814.0,6964.0,5159.0,0.0,BB250,West
2025-11-20,1814.0,657.0,657.0,0.0,1157.0,11466.0,0.0,0.0,BB250,West
2025-11-21,6307.0,815.0,815.0,0.0,5492.0,10651.0,0.0,5150.0,BB250,West
2025-11-22,5492.0,742.0,742.0,0.0,4750.0,9909.0,0.0,0.0,BB250,West
2025-11-23,4750.0,647.0,647.0,0.0,4103.0,9262.0,0.0,0.0,BB250,West
2025-11-24,4103.0,719.0,719.0,0.0,3384.0,8543.0,0.0,0.0,BB250,West
2025-11-25,3384.0,619.0,619.0,0.0,2765.0,7924.0,0.0,0.0,BB250,West
2025-11-26,2765.0,686.0,686.0,0.0,2079.0,7238.0,0.0,0.0,BB250,West
2025-11-27,2079.0,800.0,800.0,0.0,1279.0,6438.0,5685.0,0.0,BB250,West
2025-11-28,6438.0,678.0,678.0,0.0,5760.0,11445.0,0.0,5159.0,BB250,West
2025-11-29,5760.0,821.0,821.0,0.0,4939.0,10624.0,0.0,0.0,BB250,West
2025-11-30,4939.0,827.0,827.0,0.0,4112.0,9797.0,0.0,0.0,BB250,West
2025-12-01,4112.0,621.0,621.0,0.0,3491.0,9176.0,0.0,0.0,BB250,West
2025-12-02,3491.0,660.0,660.0,0.0,2831.0,8516.0,0.0,0.0,BB250,West
2025-12-03,2831.0,795.0,795.0,0.0,2036.0,7721.0,0.0,0.0,BB250,West
2025-12-04,2036.0,753.0,753.0,0.0,1283.0,6968.0,5155.0,0.0,BB250,West
2025-12-05,1283.0,687.0,687.0,0.0,596.0,11436.0,0.0,0.0,BB250,West
2025-12-06,6281.0,720.0,720.0,0.0,5561.0,10716.0,0.0,5685.0,BB250,West
2025-12-07,5561.0,656.0,656.0,0.0,4905.0,10060.0,0.0,0.0,BB250,West
2025-12-08,4905.0,744.0,744.0,0.0,4161.0,9316.0,0.0,0.0,BB250,West
2025-12-09,4161.0,779.0,779.0,0.0,3382.0,8537.0,0.0,0.0,BB250,West
2025-12-10,3382.0,623.0,623.0,0.0,2759.0,7914.0,0.0,0.0,BB250,West
2025-12-11,2759.0,622.0,622.0,0.0,2137.0,7292.0,0.0,0.0,BB250,West
2025-12-12,2137.0,622.0,622.0,0.0,1515.0,6670.0,5453.0,0.0,BB250,West
2025-12-13,6670.0,858.0,858.0,0.0,5812.0,11265.0,0.0,5155.0,BB250,West
2025-12-14,5812.0,896.0,896.0,0.0,4916.0,10369.0,0.0,0.0,BB250,West
2025-12-15,4916.0,653.0,653.0,0.0,4263.0,9716.0,0.0,0.0,BB250,West
2025-12-16,4263.0,734.0,734.0,0.0,3529.0,8982.0,0.0,0.0,BB250,West
2025-12-17,3529.0,708.0,708.0,0.0,2821.0,8274.0,0.0,0.0,BB250,West
2025-12-18,2821.0,766.0,766.0,0.0,2055.0,7508.0,0.0,0.0,BB250,West
2025-12-19,2055.0,886.0,886.0,0.0,1169.0,6622.0,5501.0,0.0,BB250,West
2025-12-20,1169.0,1018.0,1018.0,0.0,151.0,11105.0,0.0,0.0,BB250,West
2025-12-21,5604.0,893.0,893.0,0.0,4711.0,10212.0,0.0,5453.0,BB250,West
2025-12-22,4711.0,753.0,753.0,0.0,3958.0,9459.0,0.0,0.0,BB250,West
2025-12-23,3958.0,733.0,733.0,0.0,3225.0,8726.0,0.0,0.0,BB250,West
2025-12-24,3225.0,590.0,590.0,0.0,2635.0,8136.0,0.0,0.0,BB250,West
2025-12-25,2635.0,707.0,707.0,0.0,1928.0,7429.0,0.0,0.0,BB250,West
2025-12-26,1928.0,812.0,812.0,0.0,1116.0,6617.0,5506.0,0.0,BB250,West
2025-12-27,1116.0,938.0,938.0,0.0,178.0,11185.0,0.0,0.0,BB250,West
2025-12-28,5679.0,747.0,747.0,0.0,4932.0,10438.0,0.0,5501.0,BB250,West
2025-12-29,4932.0,712.0,712.0,0.0,4220.0,9726.0,0.0,0.0,BB250,West
2025-12-30,4220.0,747.0,747.0,0.0,3473.0,8979.0,0.0,0.0,BB250,West
2025-12-31,3473.0,702.0,702.0,0.0,2771.0,8277.0,0.0,0.0,BB250,West
2025-07-01,12638.0,862.0,862.0,0.0,11776.0,11776.0,0.0,0.0,BB500,Central
2025-07-02,11776.0,847.0,847.0,0.0,10929.0,10929.0,0.0,0.0,BB500,Central
2025-07-03,10929.0,740.0,740.0,0.0,10189.0,10189.0,0.0,0.0,BB500,Central
2025-07-04,10189.0,970.0,970.0,0.0,9219.0,9219.0,0.0,0.0,BB500,Central
2025-07-05,9219.0,986.0,986.0,0.0,8233.0,8233.0,0.0,0.0,BB500,Central
2025-07-06,8233.0,1003.0,1003.0,0.0,7230.0,7230.0,0.0,0.0,BB500,Central
2025-07-07,7230.0,986.0,986.0,0.0,6244.0,6244.0,6394.0,0.0,BB500,Central
2025-07-08,6244.0,891.0,891.0,0.0,5353.0,11747.0,0.0,0.0,BB500,Central
2025-07-09,5353.0,1013.0,1013.0,0.0,4340.0,10734.0,0.0,0.0,BB500,Central
2025-07-10,4340.0,922.0,922.0,0.0,3418.0,9812.0,0.0,0.0,BB500,Central
2025-07-11,3418.0,996.0,996.0,0.0,2422.0,8816.0,0.0,0.0,BB500,Central
2025-07-12,2422.0,837.0,837.0,0.0,1585.0,7979.0,0.0,0.0,BB500,Central
2025-07-13,1585.0,858.0,858.0,0.0,727.0,7121.0,0.0,0.0,BB500,Central
2025-07-14,727.0,930.0,727.0,203.0,0.0,6394.0,6244.0,0.0,BB500,Central
2025-07-15,6394.0,1027.0,1027.0,0.0,5367.0,11611.0,0.0,6394.0,BB500,Central
2025-07-16,5367.0,865.0,865.0,0.0,4502.0,10746.0,0.0,0.0,BB500,Central
2025-07-17,4502.0,951.0,951.0,0.0,3551.0,9795.0,0.0,0.0,BB500,Central
2025-07-18,3551.0,860.0,860.0,0.0,2691.0,8935.0,0.0,0.0,BB500,Central
2025-07-19,2691.0,1025.0,1025.0,0.0,1666.0,7910.0,0.0,0.0,BB500,Central
2025-07-20,1666.0,869.0,869.0,0.0,797.0,7041.0,0.0,0.0,BB500,Central
2025-07-21,797.0,827.0,797.0,30.0,0.0,6244.0,6394.0,0.0,BB500,Central
2025-07-22,6244.0,763.0,763.0,0.0,5481.0,11875.0,0.0,6244.0,BB500,Central
2025-07-23,5481.0,918.0,918.0,0.0,4563.0,10957.0,0.0,0.0,BB500,Central
2025-07-24,4563.0,899.0,899.0,0.0,3664.0,10058.0,0.0,0.0,BB500,Central
2025-07-25,3664.0,829.0,829.0,0.0,2835.0,9229.0,0.0,0.0,BB500,Central
2025-07-26,2835.0,1198.0,1198.0,0.0,1637.0,8031.0,0.0,0.0,BB500,Central
2025-07-27,1637.0,948.0,948.0,0.0,689.0,7083.0,0.0,0.0,BB500,Central
2025-07-28,689.0,775.0,689.0,86.0,0.0,6394.0,6244.0,0.0,BB500,Central
2025-07-29,6394.0,772.0,772.0,0.0,5622.0,11866.0,0.0,6394.0,BB500,Central
2025-07-30,5622.0,806.0,806.0,0.0,4816.0,11060.0,0.0,0.0,BB500,Central
2025-07-31,4816.0,911.0,911.0,0.0,3905.0,10149.0,0.0,0.0,BB500,Central
2025-08-01,3905.0,899.0,899.0,0.0,3006.0,9250.0,0.0,0.0,BB500,Central
2025-08-02,3006.0,919.0,919.0,0.0,2087.0,8331.0,0.0,0.0,BB500,Central
2025-08-03,2087.0,832.0,832.0,0.0,1255.0,7499.0,0.0,0.0,BB500,Central
2025-08-04,1255.0,781.0,781.0,0.0,474.0,6718.0,5920.0,0.0,BB500,Central
2025-08-05,6718.0,558.0,558.0,0.0,6160.0,12080.0,0.0,6244.0,BB500,Central
2025-08-06,6160.0,696.0,696.0,0.0,5464.0,11384.0,0.0,0.0,BB500,Central
2025-08-07,5464.0,629.0,629.0,0.0,4835.0,10755.0,0.0,0.0,BB500,Central
2025-08-08,4835.0,721.0,721.0,0.0,4114.0,10034.0,0.0,0.0,BB500,Central
2025-08-09,4114.0,825.0,825.0,0.0,3289.0,9209.0,0.0,0.0,BB500,Central
2025-08-10,3289.0,906.0,906.0,0.0,2383.0,8303.0,0.0,0.0,BB500,Central
2025-08-11,2383.0,657.0,657.0,0.0,1726.0,7646.0,0.0,0.0,BB500,Central
2025-08-12,7646.0,666.0,666.0,0.0,6980.0,6980.0,0.0,5920.0,BB500,Central
2025-08-13,6980.0,727.0,727.0,0.0,6253.0,6253.0,6385.0,0.0,BB500,Central
2025-08-14,6253.0,962.0,962.0,0.0,5291.0,11676.0,0.0,0.0,BB500,Central
2025-08-15,5291.0,950.0,950.0,0.0,4341.0,10726.0,0.0,0.0,BB500,Central
2025-08-16,4341.0,924.0,924.0,0.0,3417.0,9802.0,0.0,0.0,BB500,Central
2025-08-17,3417.0,855.0,855.0,0.0,2562.0,8947.0,0.0,0.0,BB500,Central
2025-08-18,2562.0,721.0,721.0,0.0,1841.0,8226.0,0.0,0.0,BB500,Central
2025-08-19,1841.0,711.0,711.0,0.0,1130.0,7515.0,0.0,0.0,BB500,Central
2025-08-20,1130.0,762.0,762.0,0.0,368.0,6753.0,5885.0,0.0,BB500,Central
2025-08-21,6753.0,692.0,692.0,0.0,6061.0,11946.0,0.0,6385.0,BB500,Central
2025-08-22,6061.0,647.0,647.0,0.0,5414.0,11299.0,0.0,0.0,BB500,Central
2025-08-23,5414.0,704.0,704.0,0.0,4710.0,10595.0,0.0,0.0,BB500,Central
2025-08-24,4710.0,837.0,837.0,0.0,3873.0,9758.0,0.0,0.0,BB500,Central
2025-08-25,3873.0,747.0,747.0,0.0,3126.0,9011.0,0.0,0.0,BB500,Central
2025-08-26,3126.0,629.0,629.0,0.0,2497.0,8382.0,0.0,0.0,BB500,Central
2025-08-27,2497.0,752.0,752.0,0.0,1745.0,7630.0,0.0,0.0,BB500,Central
2025-08-28,7630.0,656.0,656.0,0.0,6974.0,6974.0,0.0,5885.0,BB500,Central
2025-08-29,6974.0,867.0,867.0,0.0,6107.0,6107.0,6531.0,0.0,BB500,Central
2025-08-30,6107.0,807.0,807.0,0.0,5300.0,11831.0,0.0,0.0,BB500,Central
2025-08-31,5300.0,1082.0,1082.0,0.0,4218.0,10749.0,0.0,0.0,BB500,Central
2025-09-01,4218.0,741.0,741.0,0.0,3477.0,10008.0,0.0,0.0,BB500,Central
2025-09-02,3477.0,593.0,593.0,0.0,2884.0,9415.0,0.0,0.0,BB500,Central
2025-09-03,2884.0,732.0,732.0,0.0,2152.0,8683.0,0.0,0.0,BB500,Central
2025-09-04,2152.0,881.0,881.0,0.0,1271.0,7802.0,0.0,0.0,BB500,Central
2025-09-05,1271.0,740.0,740.0,0.0,531.0,7062.0,0.0,0.0,BB500,Central
2025-09-06,7062.0,911.0,911.0,0.0,6151.0,6151.0,6487.0,6531.0,BB500,Central
2025-09-07,6151.0,761.0,761.0,0.0,5390.0,11877.0,0.0,0.0,BB500,Central
2025-09-08,5390.0,842.0,842.0,0.0,4548.0,11035.0,0.0,0.0,BB500,Central
2025-09-09,4548.0,603.0,603.0,0.0,3945.0,10432.0,0.0,0.0,BB500,Central
2025-09-10,3945.0,770.0,770.0,0.0,3175.0,9662.0,0.0,0.0,BB500,Central
2025-09-11,3175.0,908.0,908.0,0.0,2267.0,8754.0,0.0,0.0,BB500,Central
2025-09-12,2267.0,620.0,620.0,0.0,1647.0,8134.0,0.0,0.0,BB500,Central
2025-09-13,1647.0,949.0,949.0,0.0,698.0,7185.0,0.0,0.0,BB500,Central
2025-09-14,7185.0,782.0,782.0,0.0,6403.0,6403.0,6235.0,6487.0,BB500,Central
2025-09-15,6403.0,694.0,694.0,0.0,5709.0,11944.0,0.0,0.0,BB500,Central
2025-09-16,5709.0,734.0,734.0,0.0,4975.0,11210.0,0.0,0.0,BB500,Central
2025-09-17,4975.0,734.0,734.0,0.0,4241.0,10476.0,0.0,0.0,BB500,Central
2025-09-18,4241.0,763.0,763.0,0.0,3478.0,9713.0,0.0,0.0,BB500,Central
2025-09-19,3478.0,760.0,760.0,0.0,2718.0,8953.0,0.0,0.0,BB500,Central
2025-09-20,2718.0,739.0,739.0,0.0,1979.0,8214.0,0.0,0.0,BB500,Central
2025-09-21,1979.0,863.0,863.0,0.0,1116.0,7351.0,0.0,0.0,BB500,Central
2025-09-22,7351.0,679.0,679.0,0.0,6672.0,6672.0,5966.0,6235.0,BB500,Central
2025-09-23,6672.0,663.0,663.0,0.0,6009.0,11975.0,0.0,0.0,BB500,Central
2025-09-24,6009.0,752.0,752.0,0.0,5257.0,11223.0,0.0,0.0,BB500,Central
2025-09-25,5257.0,767.0,767.0,0.0,4490.0,10456.0,0.0,0.0,BB500,Central
2025-09-26,4490.0,795.0,795.0,0.0,3695.0,9661.0,0.0,0.0,BB500,Central
2025-09-27,3695.0,911.0,911.0,0.0,2784.0,8750.0,0.0,0.0,BB500,Central
2025-09-28,2784.0,910.0,910.0,0.0,1874.0,7840.0,0.0,0.0,BB500,Central
2025-09-29,1874.0,658.0,658.0,0.0,1216.0,7182.0,0.0,0.0,BB500,Central
2025-09-30,7182.0,765.0,765.0,0.0,6417.0,6417.0,6221.0,5966.0,BB500,Central
2025-10-01,6417.0,711.0,711.0,0.0,5706.0,11927.0,0.0,0.0,BB500,Central
2025-10-02,5706.0,875.0,875.0,0.0,4831.0,11052.0,0.0,0.0,BB500,Central
2025-10-03,4831.0,939.0,939.0,0.0,3892.0,10113.0,0.0,0.0,BB500,Central
2025-10-04,3892.0,858.0,858.0,0.0,3034.0,9255.0,0.0,0.0,BB500,Central
2025-10-05,3034.0,834.0,834.0,0.0,2200.0,8421.0,0.0,0.0,BB500,Central
2025-10-06,2200.0,834.0,834.0,0.0,1366.0,7587.0,0.0,0.0,BB500,Central
2025-10-07,1366.0,631.0,631.0,0.0,735.0,6956.0,0.0,0.0,BB500,Central
2025-10-08,6956.0,863.0,863.0,0.0,6093.0,6093.0,6545.0,6221.0,BB500,Central
2025-10-09,6093.0,911.0,911.0,0.0,5182.0,11727.0,0.0,0.0,BB500,Central
2025-10-10,5182.0,683.0,683.0,0.0,4499.0,11044.0,0.0,0.0,BB500,Central
2025-10-11,4499.0,958.0,958.0,0.0,3541.0,10086.0,0.0,0.0,BB500,Central
2025-10-12,3541.0,965.0,965.0,0.0,2576.0,9121.0,0.0,0.0,BB500,Central
2025-10-13,2576.0,765.0,765.0,0.0,1811.0,8356.0,0.0,0.0,BB500,Central
2025-10-14,1811.0,615.0,615.0,0.0,1196.0,7741.0,0.0,0.0,BB500,Central
2025-10-15,1196.0,750.0,750.0,0.0,446.0,6991.0,0.0,0.0,BB500,Central
2025-10-16,6991.0,844.0,844.0,0.0,6147.0,6147.0,6491.0,6545.0,BB500,Central
2025-10-17,6147.0,769.0,769.0,0.0,5378.0,11869.0,0.0,0.0,BB500,Central
2025-10-18,5378.0,787.0,787.0,0.0,4591.0,11082.0,0.0,0.0,BB500,Central
2025-10-19,4591.0,1074.0,1074.0,0.0,3517.0,10008.0,0.0,0.0,BB500,Central
2025-10-20,3517.0,840.0,840.0,0.0,2677.0,9168.0,0.0,0.0,BB500,Central
2025-10-21,2677.0,837.0,837.0,0.0,1840.0,8331.0,0.0,0.0,BB500,Central
2025-10-22,1840.0,791.0,791.0,0.0,1049.0,7540.0,0.0,0.0,BB500,Central
2025-10-23,1049.0,853.0,853.0,0.0,196.0,6687.0,5951.0,0.0,BB500,Central
2025-10-24,6687.0,785.0,785.0,0.0,5902.0,11853.0,0.0,6491.0,BB500,Central
2025-10-25,5902.0,874.0,874.0,0.0,5028.0,10979.0,0.0,0.0,BB500,Central
2025-10-26,5028.0,903.0,903.0,0.0,4125.0,10076.0,0.0,0.0,BB500,Central
2025-10-27,4125.0,806.0,806.0,0.0,3319.0,9270.0,0.0,0.0,BB500,Central
2025-10-28,3319.0,804.0,804.0,0.0,2515.0,8466.0,0.0,0.0,BB500,Central
2025-10-29,2515.0,859.0,859.0,0.0,1656.0,7607.0,0.0,0.0,BB500,Central
2025-10-30,1656.0,819.0,819.0,0.0,837.0,6788.0,5850.0,0.0,BB500,Central
2025-10-31,6788.0,959.0,959.0,0.0,5829.0,11679.0,0.0,5951.0,BB500,Central
2025-11-01,5829.0,983.0,983.0,0.0,4846.0,10696.0,0.0,0.0,BB500,Central
2025-11-02,4846.0,874.0,874.0,0.0,3972.0,9822.0,0.0,0.0,BB500,Central
2025-11-03,3972.0,765.0,765.0,0.0,3207.0,9057.0,0.0,0.0,BB500,Central
2025-11-04,3207.0,794.0,794.0,0.0,2413.0,8263.0,0.0,0.0,BB500,Central
2025-11-05,2413.0,877.0,877.0,0.0,1536.0,7386.0,0.0,0.0,BB500,Central
2025-11-06,1536.0,711.0,711.0,0.0,825.0,6675.0,5963.0,0.0,BB500,Central
2025-11-07,6675.0,773.0,773.0,0.0,5902.0,11865.0,0.0,5850.0,BB500,Central
2025-11-08,5902.0,1050.0,1050.0,0.0,4852.0,10815.0,0.0,0.0,BB500,Central
2025-11-09,4852.0,939.0,939.0,0.0,3913.0,9876.0,0.0,0.0,BB500,Central
2025-11-10,3913.0,969.0,969.0,0.0,2944.0,8907.0,0.0,0.0,BB500,Central
2025-11-11,2944.0,745.0,745.0,0.0,2199.0,8162.0,0.0,0.0,BB500,Central
2025-11-12,2199.0,853.0,853.0,0.0,1346.0,7309.0,0.0,0.0,BB500,Central
2025-11-13,1346.0,822.0,822.0,0.0,524.0,6487.0,6151.0,0.0,BB500,Central
2025-11-14,6487.0,762.0,762.0,0.0,5725.0,11876.0,0.0,5963.0,BB500,Central
2025-11-15,5725.0,974.0,974.0,0.0,4751.0,10902.0,0.0,0.0,BB500,Central
2025-11-16,4751.0,826.0,826.0,0.0,3925.0,10076.0,0.0,0.0,BB500,Central
2025-11-17,3925.0,737.0,737.0,0.0,3188.0,9339.0,0.0,0.0,BB500,Central
2025-11-18,3188.0,735.0,735.0,0.0,2453.0,8604.0,0.0,0.0,BB500,Central
2025-11-19,2453.0,846.0,846.0,0.0,1607.0,7758.0,0.0,0.0,BB500,Central
2025-11-20,1607.0,909.0,909.0,0.0,698.0,6849.0,5789.0,0.0,BB500,Central
2025-11-21,6849.0,711.0,711.0,0.0,6138.0,11927.0,0.0,6151.0,BB500,Central
2025-11-22,6138.0,938.0,938.0,0.0,5200.0,10989.0,0.0,0.0,BB500,Central
2025-11-23,5200.0,1023.0,1023.0,0.0,4177.0,9966.0,0.0,0.0,BB500,Central
2025-11-24,4177.0,750.0,750.0,0.0,3427.0,9216.0,0.0,0.0,BB500,Central
2025-11-25,3427.0,777.0,777.0,0.0,2650.0,8439.0,0.0,0.0,BB500,Central
2025-11-26,2650.0,795.0,795.0,0.0,1855.0,7644.0,0.0,0.0,BB500,Central
2025-11-27,1855.0,772.0,772.0,0.0,1083.0,6872.0,5766.0,0.0,BB500,Central
2025-11-28,6872.0,796.0,796.0,0.0,6076.0,11842.0,0.0,5789.0,BB500,Central
2025-11-29,6076.0,792.0,792.0,0.0,5284.0,11050.0,0.0,0.0,BB500,Central
2025-11-30,5284.0,1076.0,1076.0,0.0,4208.0,9974.0,0.0,0.0,BB500,Central
2025-12-01,4208.0,796.0,796.0,0.0,3412.0,9178.0,0.0,0.0,BB500,Central
2025-12-02,3412.0,775.0,775.0,0.0,2637.0,8403.0,0.0,0.0,BB500,Central
2025-12-03,2637.0,662.0,662.0,0.0,1975.0,7741.0,0.0,0.0,BB500,Central
2025-12-04,1975.0,872.0,872.0,0.0,1103.0,6869.0,5769.0,0.0,BB500,Central
2025-12-05,6869.0,815.0,815.0,0.0,6054.0,11823.0,0.0,5766.0,BB500,Central
2025-12-06,6054.0,896.0,896.0,0.0,5158.0,10927.0,0.0,0.0,BB500,Central
2025-12-07,5158.0,912.0,912.0,0.0,4246.0,10015.0,0.0,0.0,BB500,Central
2025-12-08,4246.0,826.0,826.0,0.0,3420.0,9189.0,0.0,0.0,BB500,Central
2025-12-09,3420.0,740.0,740.0,0.0,2680.0,8449.0,0.0,0.0,BB500,Central
2025-12-10,2680.0,754.0,754.0,0.0,1926.0,7695.0,0.0,0.0,BB500,Central
2025-12-11,1926.0,705.0,705.0,0.0,1221.0,6990.0,0.0,0.0,BB500,Central
2025-12-12,6990.0,914.0,914.0,0.0,6076.0,6076.0,6562.0,5769.0,BB500,Central
2025-12-13,6076.0,951.0,951.0,0.0,5125.0,11687.0,0.0,0.0,BB500,Central
2025-12-14,5125.0,645.0,645.0,0.0,4480.0,11042.0,0.0,0.0,BB500,Central
2025-12-15,4480.0,704.0,704.0,0.0,3776.0,10338.0,0.0,0.0,BB500,Central
2025-12-16,3776.0,942.0,942.0,0.0,2834.0,9396.0,0.0,0.0,BB500,Central
2025-12-17,2834.0,729.0,729.0,0.0,2105.0,8667.0,0.0,0.0,BB500,Central
2025-12-18,2105.0,671.0,671.0,0.0,1434.0,7996.0,0.0,0.0,BB500,Central
2025-12-19,1434.0,869.0,869.0,0.0,565.0,7127.0,0.0,0.0,BB500,Central
2025-12-20,7127.0,926.0,926.0,0.0,6201.0,6201.0,6437.0,6562.0,BB500,Central
2025-12-21,6201.0,943.0,943.0,0.0,5258.0,11695.0,0.0,0.0,BB500,Central
2025-12-22,5258.0,863.0,863.0,0.0,4395.0,10832.0,0.0,0.0,BB500,Central
2025-12-23,4395.0,756.0,756.0,0.0,3639.0,10076.0,0.0,0.0,BB500,Central
2025-12-24,3639.0,872.0,872.0,0.0,2767.0,9204.0,0.0,0.0,BB500,Central
2025-12-25,2767.0,821.0,821.0,0.0,1946.0,8383.0,0.0,0.0,BB500,Central
2025-12-26,1946.0,698.0,698.0,0.0,1248.0,7685.0,0.0,0.0,BB500,Central
2025-12-27,1248.0,876.0,876.0,0.0,372.0,6809.0,5829.0,0.0,BB500,Central
2025-12-28,6809.0,927.0,927.0,0.0,5882.0,11711.0,0.0,6437.0,BB500,Central
2025-12-29,5882.0,812.0,812.0,0.0,5070.0,10899.0,0.0,0.0,BB500,Central
2025-12-30,5070.0,782.0,782.0,0.0,4288.0,10117.0,0.0,0.0,BB500,Central
2025-12-31,4288.0,763.0,763.0,0.0,3525.0,9354.0,0.0,0.0,BB500,Central
2025-07-01,12141.0,986.0,986.0,0.0,11155.0,11155.0,0.0,0.0,BB500,East
2025-07-02,11155.0,1066.0,1066.0,0.0,10089.0,10089.0,0.0,0.0,BB500,East
2025-07-03,10089.0,946.0,946.0,0.0,9143.0,9143.0,0.0,0.0,BB500,East
2025-07-04,9143.0,949.0,949.0,0.0,8194.0,8194.0,0.0,0.0,BB500,East
2025-07-05,8194.0,1122.0,1122.0,0.0,7072.0,7072.0,0.0,0.0,BB500,East
2025-07-06,7072.0,1104.0,1104.0,0.0,5968.0,5968.0,0.0,0.0,BB500,East
2025-07-07,5968.0,955.0,955.0,0.0,5013.0,5013.0,7128.0,0.0,BB500,East
2025-07-08,5013.0,986.0,986.0,0.0,4027.0,11155.0,0.0,0.0,BB500,East
2025-07-09,4027.0,829.0,829.0,0.0,3198.0,10326.0,0.0,0.0,BB500,East
2025-07-10,3198.0,936.0,936.0,0.0,2262.0,9390.0,0.0,0.0,BB500,East
2025-07-11,2262.0,988.0,988.0,0.0,1274.0,8402.0,0.0,0.0,BB500,East
2025-07-12,1274.0,1105.0,1105.0,0.0,169.0,7297.0,0.0,0.0,BB500,East
2025-07-13,7297.0,1104.0,1104.0,0.0,6193.0,6193.0,0.0,7128.0,BB500,East
2025-07-14,6193.0,891.0,891.0,0.0,5302.0,5302.0,6839.0,0.0,BB500,East
2025-07-15,5302.0,1096.0,1096.0,0.0,4206.0,11045.0,0.0,0.0,BB500,East
2025-07-16,4206.0,1035.0,1035.0,0.0,3171.0,10010.0,0.0,0.0,BB500,East
2025-07-17,3171.0,906.0,906.0,0.0,2265.0,9104.0,0.0,0.0,BB500,East
2025-07-18,2265.0,914.0,914.0,0.0,1351.0,8190.0,0.0,0.0,BB500,East
2025-07-19,1351.0,1483.0,1351.0,132.0,0.0,6839.0,0.0,0.0,BB500,East
2025-07-20,6839.0,1266.0,1266.0,0.0,5573.0,5573.0,6568.0,6839.0,BB500,East
2025-07-21,5573.0,1153.0,1153.0,0.0,4420.0,10988.0,0.0,0.0,BB500,East
2025-07-22,4420.0,885.0,885.0,0.0,3535.0,10103.0,0.0,0.0,BB500,East
2025-07-23,3535.0,848.0,848.0,0.0,2687.0,9255.0,0.0,0.0,BB500,East
2025-07-24,2687.0,1072.0,1072.0,0.0,1615.0,8183.0,0.0,0.0,BB500,East
2025-07-25,1615.0,923.0,923.0,0.0,692.0,7260.0,0.0,0.0,BB500,East
2025-07-26,7260.0,1189.0,1189.0,0.0,6071.0,6071.0,0.0,6568.0,BB500,East
2025-07-27,6071.0,1200.0,1200.0,0.0,4871.0,4871.0,7270.0,0.0,BB500,East
2025-07-28,4871.0,1179.0,1179.0,0.0,3692.0,10962.0,0.0,0.0,BB500,East
2025-07-29,3692.0,1065.0,1065.0,0.0,2627.0,9897.0,0.0,0.0,BB500,East
2025-07-30,2627.0,1023.0,1023.0,0.0,1604.0,8874.0,0.0,0.0,BB500,East
2025-07-31,1604.0,1133.0,1133.0,0.0,471.0,7741.0,0.0,0.0,BB500,East
2025-08-01,471.0,921.0,471.0,450.0,0.0,7270.0,0.0,0.0,BB500,East
2025-08-02,7270.0,902.0,902.0,0.0,6368.0,6368.0,0.0,7270.0,BB500,East
2025-08-03,6368.0,930.0,930.0,0.0,5438.0,5438.0,6703.0,0.0,BB500,East
2025-08-04,5438.0,753.0,753.0,0.0,4685.0,11388.0,0.0,0.0,BB500,East
2025-08-05,4685.0,913.0,913.0,0.0,3772.0,10475.0,0.0,0.0,BB500,East
2025-08-06,3772.0,712.0,712.0,0.0,3060.0,9763.0,0.0,0.0,BB500,East
2025-08-07,3060.0,789.0,789.0,0.0,2271.0,8974.0,0.0,0.0,BB500,East
2025-08-08,2271.0,767.0,767.0,0.0,1504.0,8207.0,0.0,0.0,BB500,East
2025-08-09,8207.0,759.0,759.0,0.0,7448.0,7448.0,0.0,6703.0,BB500,East
2025-08-10,7448.0,794.0,794.0,0.0,6654.0,6654.0,0.0,0.0,BB500,East
2025-08-11,6654.0,898.0,898.0,0.0,5756.0,5756.0,6385.0,0.0,BB500,East
2025-08-12,5756.0,877.0,877.0,0.0,4879.0,11264.0,0.0,0.0,BB500,East
2025-08-13,4879.0,801.0,801.0,0.0,4078.0,10463.0,0.0,0.0,BB500,East
2025-08-14,4078.0,771.0,771.0,0.0,3307.0,9692.0,0.0,0.0,BB500,East
2025-08-15,3307.0,846.0,846.0,0.0,2461.0,8846.0,0.0,0.0,BB500,East
2025-08-16,2461.0,729.0,729.0,0.0,1732.0,8117.0,0.0,0.0,BB500,East
2025-08-17,8117.0,1082.0,1082.0,0.0,7035.0,7035.0,0.0,6385.0,BB500,East
2025-08-18,7035.0,872.0,872.0,0.0,6163.0,6163.0,0.0,0.0,BB500,East
2025-08-19,6163.0,673.0,673.0,0.0,5490.0,5490.0,6651.0,0.0,BB500,East
2025-08-20,5490.0,849.0,849.0,0.0,4641.0,11292.0,0.0,0.0,BB500,East
2025-08-21,4641.0,751.0,751.0,0.0,3890.0,10541.0,0.0,0.0,BB500,East
2025-08-22,3890.0,758.0,758.0,0.0,3132.0,9783.0,0.0,0.0,BB500,East
2025-08-23,3132.0,859.0,859.0,0.0,2273.0,8924.0,0.0,0.0,BB500,East
2025-08-24,2273.0,1293.0,1293.0,0.0,980.0,7631.0,0.0,0.0,BB500,East
2025-08-25,7631.0,932.0,932.0,0.0,6699.0,6699.0,0.0,6651.0,BB500,East
2025-08-26,6699.0,901.0,901.0,0.0,5798.0,5798.0,6343.0,0.0,BB500,East
2025-08-27,5798.0,667.0,667.0,0.0,5131.0,11474.0,0.0,0.0,BB500,East
2025-08-28,5131.0,829.0,829.0,0.0,4302.0,10645.0,0.0,0.0,BB500,East
2025-08-29,4302.0,830.0,830.0,0.0,3472.0,9815.0,0.0,0.0,BB500,East
2025-08-30,3472.0,942.0,942.0,0.0,2530.0,8873.0,0.0,0.0,BB500,East
2025-08-31,2530.0,784.0,784.0,0.0,1746.0,8089.0,0.0,0.0,BB500,East
2025-09-01,8089.0,791.0,791.0,0.0,7298.0,7298.0,0.0,6343.0,BB500,East
2025-09-02,7298.0,812.0,812.0,0.0,6486.0,6486.0,0.0,0.0,BB500,East
2025-09-03,6486.0,904.0,904.0,0.0,5582.0,5582.0,6559.0,0.0,BB500,East
2025-09-04,5582.0,831.0,831.0,0.0,4751.0,11310.0,0.0,0.0,BB500,East
2025-09-05,4751.0,977.0,977.0,0.0,3774.0,10333.0,0.0,0.0,BB500,East
2025-09-06,3774.0,851.0,851.0,0.0,2923.0,9482.0,0.0,0.0,BB500,East
2025-09-07,2923.0,987.0,987.0,0.0,1936.0,8495.0,0.0,0.0,BB500,East
2025-09-08,1936.0,804.0,804.0,0.0,1132.0,7691.0,0.0,0.0,BB500,East
2025-09-09,7691.0,722.0,722.0,0.0,6969.0,6969.0,0.0,6559.0,BB500,East
2025-09-10,6969.0,871.0,871.0,0.0,6098.0,6098.0,0.0,0.0,BB500,East
2025-09-11,6098.0,698.0,698.0,0.0,5400.0,5400.0,6741.0,0.0,BB500,East
2025-09-12,5400.0,751.0,751.0,0.0,4649.0,11390.0,0.0,0.0,BB500,East
2025-09-13,4649.0,937.0,937.0,0.0,3712.0,10453.0,0.0,0.0,BB500,East
2025-09-14,3712.0,1028.0,1028.0,0.0,2684.0,9425.0,0.0,0.0,BB500,East
2025-09-15,2684.0,816.0,816.0,0.0,1868.0,8609.0,0.0,0.0,BB500,East
2025-09-16,1868.0,700.0,700.0,0.0,1168.0,7909.0,0.0,0.0,BB500,East
2025-09-17,7909.0,832.0,832.0,0.0,7077.0,7077.0,0.0,6741.0,BB500,East
2025-09-18,7077.0,865.0,865.0,0.0,6212.0,6212.0,0.0,0.0,BB500,East
2025-09-19,6212.0,750.0,750.0,0.0,5462.0,5462.0,6679.0,0.0,BB500,East
2025-09-20,5462.0,1091.0,1091.0,0.0,4371.0,11050.0,0.0,0.0,BB500,East
2025-09-21,4371.0,783.0,783.0,0.0,3588.0,10267.0,0.0,0.0,BB500,East
2025-09-22,3588.0,747.0,747.0,0.0,2841.0,9520.0,0.0,0.0,BB500,East
2025-09-23,2841.0,705.0,705.0,0.0,2136.0,8815.0,0.0,0.0,BB500,East
2025-09-24,2136.0,781.0,781.0,0.0,1355.0,8034.0,0.0,0.0,BB500,East
2025-09-25,8034.0,807.0,807.0,0.0,7227.0,7227.0,0.0,6679.0,BB500,East
2025-09-26,7227.0,916.0,916.0,0.0,6311.0,6311.0,0.0,0.0,BB500,East
2025-09-27,6311.0,980.0,980.0,0.0,5331.0,5331.0,6810.0,0.0,BB500,East
2025-09-28,5331.0,966.0,966.0,0.0,4365.0,11175.0,0.0,0.0,BB500,East
2025-09-29,4365.0,916.0,916.0,0.0,3449.0,10259.0,0.0,0.0,BB500,East
2025-09-30,3449.0,714.0,714.0,0.0,2735.0,9545.0,0.0,0.0,BB500,East
2025-10-01,2735.0,859.0,859.0,0.0,1876.0,8686.0,0.0,0.0,BB500,East
2025-10-02,1876.0,945.0,945.0,0.0,931.0,7741.0,0.0,0.0,BB500,East
2025-10-03,7741.0,859.0,859.0,0.0,6882.0,6882.0,0.0,6810.0,BB500,East
2025-10-04,6882.0,1041.0,1041.0,0.0,5841.0,5841.0,6300.0,0.0,BB500,East
2025-10-05,5841.0,917.0,917.0,0.0,4924.0,11224.0,0.0,0.0,BB500,East
2025-10-06,4924.0,892.0,892.0,0.0,4032.0,10332.0,0.0,0.0,BB500,East
2025-10-07,4032.0,795.0,795.0,0.0,3237.0,9537.0,0.0,0.0,BB500,East
2025-10-08,3237.0,675.0,675.0,0.0,2562.0,8862.0,0.0,0.0,BB500,East
2025-10-09,2562.0,1096.0,1096.0,0.0,1466.0,7766.0,0.0,0.0,BB500,East
2025-10-10,7766.0,842.0,842.0,0.0,6924.0,6924.0,0.0,6300.0,BB500,East
2025-10-11,6924.0,964.0,964.0,0.0,5960.0,5960.0,0.0,0.0,BB500,East
2025-10-12,5960.0,845.0,845.0,0.0,5115.0,5115.0,7026.0,0.0,BB500,East
2025-10-13,5115.0,808.0,808.0,0.0,4307.0,11333.0,0.0,0.0,BB500,East
2025-10-14,4307.0,933.0,933.0,0.0,3374.0,10400.0,0.0,0.0,BB500,East
2025-10-15,3374.0,961.0,961.0,0.0,2413.0,9439.0,0.0,0.0,BB500,East
2025-10-16,2413.0,909.0,909.0,0.0,1504.0,8530.0,0.0,0.0,BB500,East
2025-10-17,1504.0,791.0,791.0,0.0,713.0,7739.0,0.0,0.0,BB500,East
2025-10-18,7739.0,1023.0,1023.0,0.0,6716.0,6716.0,0.0,7026.0,BB500,East
2025-10-19,6716.0,785.0,785.0,0.0,5931.0,5931.0,0.0,0.0,BB500,East
2025-10-20,5931.0,953.0,953.0,0.0,4978.0,4978.0,7163.0,0.0,BB500,East
2025-10-21,4978.0,770.0,770.0,0.0,4208.0,11371.0,0.0,0.0,BB500,East
2025-10-22,4208.0,674.0,674.0,0.0,3534.0,10697.0,0.0,0.0,BB500,East
2025-10-23,3534.0,781.0,781.0,0.0,2753.0,9916.0,0.0,0.0,BB500,East
2025-10-24,2753.0,751.0,751.0,0.0,2002.0,9165.0,0.0,0.0,BB500,East
2025-10-25,2002.0,906.0,906.0,0.0,1096.0,8259.0,0.0,0.0,BB500,East
2025-10-26,8259.0,988.0,988.0,0.0,7271.0,7271.0,0.0,7163.0,BB500,East
2025-10-27,7271.0,810.0,810.0,0.0,6461.0,6461.0,0.0,0.0,BB500,East
2025-10-28,6461.0,944.0,944.0,0.0,5517.0,5517.0,6624.0,0.0,BB500,East
2025-10-29,5517.0,979.0,979.0,0.0,4538.0,11162.0,0.0,0.0,BB500,East
2025-10-30,4538.0,817.0,817.0,0.0,3721.0,10345.0,0.0,0.0,BB500,East
2025-10-31,3721.0,937.0,937.0,0.0,2784.0,9408.0,0.0,0.0,BB500,East
2025-11-01,2784.0,932.0,932.0,0.0,1852.0,8476.0,0.0,0.0,BB500,East
2025-11-02,1852.0,1176.0,1176.0,0.0,676.0,7300.0,0.0,0.0,BB500,East
2025-11-03,7300.0,750.0,750.0,0.0,6550.0,6550.0,0.0,6624.0,BB500,East
2025-11-04,6550.0,862.0,862.0,0.0,5688.0,5688.0,6453.0,0.0,BB500,East
2025-11-05,5688.0,740.0,740.0,0.0,4948.0,11401.0,0.0,0.0,BB500,East
2025-11-06,4948.0,1001.0,1001.0,0.0,3947.0,10400.0,0.0,0.0,BB500,East
2025-11-07,3947.0,1079.0,1079.0,0.0,2868.0,9321.0,0.0,0.0,BB500,East
2025-11-08,2868.0,851.0,851.0,0.0,2017.0,8470.0,0.0,0.0,BB500,East
2025-11-09,2017.0,935.0,935.0,0.0,1082.0,7535.0,0.0,0.0,BB500,East
2025-11-10,7535.0,783.0,783.0,0.0,6752.0,6752.0,0.0,6453.0,BB500,East
2025-11-11,6752.0,794.0,794.0,0.0,5958.0,5958.0,0.0,0.0,BB500,East
2025-11-12,5958.0,926.0,926.0,0.0,5032.0,5032.0,7109.0,0.0,BB500,East
2025-11-13,5032.0,931.0,931.0,0.0,4101.0,11210.0,0.0,0.0,BB500,East
2025-11-14,4101.0,763.0,763.0,0.0,3338.0,10447.0,0.0,0.0,BB500,East
2025-11-15,3338.0,1001.0,1001.0,0.0,2337.0,9446.0,0.0,0.0,BB500,East
2025-11-16,2337.0,907.0,907.0,0.0,1430.0,8539.0,0.0,0.0,BB500,East
2025-11-17,1430.0,708.0,708.0,0.0,722.0,7831.0,0.0,0.0,BB500,East
2025-11-18,7831.0,1060.0,1060.0,0.0,6771.0,6771.0,0.0,7109.0,BB500,East
2025-11-19,6771.0,978.0,978.0,0.0,5793.0,5793.0,6348.0,0.0,BB500,East
2025-11-20,5793.0,691.0,691.0,0.0,5102.0,11450.0,0.0,0.0,BB500,East
2025-11-21,5102.0,832.0,832.0,0.0,4270.0,10618.0,0.0,0.0,BB500,East
2025-11-22,4270.0,774.0,774.0,0.0,3496.0,9844.0,0.0,0.0,BB500,East
2025-11-23,3496.0,1043.0,1043.0,0.0,2453.0,8801.0,0.0,0.0,BB500,East
2025-11-24,2453.0,883.0,883.0,0.0,1570.0,7918.0,0.0,0.0,BB500,East
2025-11-25,7918.0,934.0,934.0,0.0,6984.0,6984.0,0.0,6348.0,BB500,East
2025-11-26,6984.0,748.0,748.0,0.0,6236.0,6236.0,0.0,0.0,BB500,East
2025-11-27,6236.0,938.0,938.0,0.0,5298.0,5298.0,6843.0,0.0,BB500,East
2025-11-28,5298.0,1077.0,1077.0,0.0,4221.0,11064.0,0.0,0.0,BB500,East
2025-11-29,4221.0,934.0,934.0,0.0,3287.0,10130.0,0.0,0.0,BB500,East
2025-11-30,3287.0,1170.0,1170.0,0.0,2117.0,8960.0,0.0,0.0,BB500,East
2025-12-01,2117.0,779.0,779.0,0.0,1338.0,8181.0,0.0,0.0,BB500,East
2025-12-02,1338.0,896.0,896.0,0.0,442.0,7285.0,0.0,0.0,BB500,East
2025-12-03,7285.0,818.0,818.0,0.0,6467.0,6467.0,0.0,6843.0,BB500,East
2025-12-04,6467.0,876.0,876.0,0.0,5591.0,5591.0,6550.0,0.0,BB500,East
2025-12-05,5591.0,841.0,841.0,0.0,4750.0,11300.0,0.0,0.0,BB500,East
2025-12-06,4750.0,877.0,877.0,0.0,3873.0,10423.0,0.0,0.0,BB500,East
2025-12-07,3873.0,1054.0,1054.0,0.0,2819.0,9369.0,0.0,0.0,BB500,East
2025-12-08,2819.0,861.0,861.0,0.0,1958.0,8508.0,0.0,0.0,BB500,East
2025-12-09,1958.0,769.0,769.0,0.0,1189.0,7739.0,0.0,0.0,BB500,East
2025-12-10,7739.0,875.0,875.0,0.0,6864.0,6864.0,0.0,6550.0,BB500,East
2025-12-11,6864.0,1197.0,1197.0,0.0,5667.0,5667.0,6474.0,0.0,BB500,East
2025-12-12,5667.0,814.0,814.0,0.0,4853.0,11327.0,0.0,0.0,BB500,East
2025-12-13,4853.0,974.0,974.0,0.0,3879.0,10353.0,0.0,0.0,BB500,East
2025-12-14,3879.0,723.0,723.0,0.0,3156.0,9630.0,0.0,0.0,BB500,East
2025-12-15,3156.0,894.0,894.0,0.0,2262.0,8736.0,0.0,0.0,BB500,East
2025-12-16,2262.0,822.0,822.0,0.0,1440.0,7914.0,0.0,0.0,BB500,East
2025-12-17,7914.0,803.0,803.0,0.0,7111.0,7111.0,0.0,6474.0,BB500,East
2025-12-18,7111.0,739.0,739.0,0.0,6372.0,6372.0,0.0,0.0,BB500,East
2025-12-19,6372.0,717.0,717.0,0.0,5655.0,5655.0,6486.0,0.0,BB500,East
2025-12-20,5655.0,883.0,883.0,0.0,4772.0,11258.0,0.0,0.0,BB500,East
2025-12-21,4772.0,861.0,861.0,0.0,3911.0,10397.0,0.0,0.0,BB500,East
2025-12-22,3911.0,715.0,715.0,0.0,3196.0,9682.0,0.0,0.0,BB500,East
2025-12-23,3196.0,840.0,840.0,0.0,2356.0,8842.0,0.0,0.0,BB500,East
2025-12-24,2356.0,991.0,991.0,0.0,1365.0,7851.0,0.0,0.0,BB500,East
2025-12-25,7851.0,1147.0,1147.0,0.0,6704.0,6704.0,0.0,6486.0,BB500,East
2025-12-26,6704.0,921.0,921.0,0.0,5783.0,5783.0,6358.0,0.0,BB500,East
2025-12-27,5783.0,823.0,823.0,0.0,4960.0,11318.0,0.0,0.0,BB500,East
2025-12-28,4960.0,1020.0,1020.0,0.0,3940.0,10298.0,0.0,0.0,BB500,East
2025-12-29,3940.0,752.0,752.0,0.0,3188.0,9546.0,0.0,0.0,BB500,East
2025-12-30,3188.0,882.0,882.0,0.0,2306.0,8664.0,0.0,0.0,BB500,East
2025-12-31,2306.0,728.0,728.0,0.0,1578.0,7936.0,0.0,0.0,BB500,East
2025-07-01,13446.0,850.0,850.0,0.0,12596.0,12596.0,0.0,0.0,BB500,North
2025-07-02,12596.0,964.0,964.0,0.0,11632.0,11632.0,0.0,0.0,BB500,North
2025-07-03,11632.0,878.0,878.0,0.0,10754.0,10754.0,0.0,0.0,BB500,North
2025-07-04,10754.0,844.0,844.0,0.0,9910.0,9910.0,0.0,0.0,BB500,North
2025-07-05,9910.0,1023.0,1023.0,0.0,8887.0,8887.0,0.0,0.0,BB500,North
2025-07-06,8887.0,1213.0,1213.0,0.0,7674.0,7674.0,0.0,0.0,BB500,North
2025-07-07,7674.0,967.0,967.0,0.0,6707.0,6707.0,6739.0,0.0,BB500,North
2025-07-08,6707.0,1265.0,1265.0,0.0,5442.0,12181.0,0.0,0.0,BB500,North
2025-07-09,5442.0,950.0,950.0,0.0,4492.0,11231.0,0.0,0.0,BB500,North
2025-07-10,4492.0,836.0,836.0,0.0,3656.0,10395.0,0.0,0.0,BB500,North
2025-07-11,3656.0,889.0,889.0,0.0,2767.0,9506.0,0.0,0.0,BB500,North
2025-07-12,2767.0,1041.0,1041.0,0.0,1726.0,8465.0,0.0,0.0,BB500,North
2025-07-13,1726.0,1060.0,1060.0,0.0,666.0,7405.0,0.0,0.0,BB500,North
2025-07-14,7405.0,901.0,901.0,0.0,6504.0,6504.0,6942.0,6739.0,BB500,North
2025-07-15,6504.0,930.0,930.0,0.0,5574.0,12516.0,0.0,0.0,BB500,North
2025-07-16,5574.0,1015.0,1015.0,0.0,4559.0,11501.0,0.0,0.0,BB500,North
2025-07-17,4559.0,1157.0,1157.0,0.0,3402.0,10344.0,0.0,0.0,BB500,North
2025-07-18,3402.0,1324.0,1324.0,0.0,2078.0,9020.0,0.0,0.0,BB500,North
2025-07-19,2078.0,1030.0,1030.0,0.0,1048.0,7990.0,0.0,0.0,BB500,North
2025-07-20,1048.0,1182.0,1048.0,134.0,0.0,6942.0,6504.0,0.0,BB500,North
2025-07-21,6942.0,1201.0,1201.0,0.0,5741.0,12245.0,0.0,6942.0,BB500,North
2025-07-22,5741.0,1003.0,1003.0,0.0,4738.0,11242.0,0.0,0.0,BB500,North
2025-07-23,4738.0,1005.0,1005.0,0.0,3733.0,10237.0,0.0,0.0,BB500,North
2025-07-24,3733.0,1335.0,1335.0,0.0,2398.0,8902.0,0.0,0.0,BB500,North
2025-07-25,2398.0,903.0,903.0,0.0,1495.0,7999.0,0.0,0.0,BB500,North
2025-07-26,1495.0,1328.0,1328.0,0.0,167.0,6671.0,6775.0,0.0,BB500,North
2025-07-27,6671.0,1018.0,1018.0,0.0,5653.0,12428.0,0.0,6504.0,BB500,North
2025-07-28,5653.0,915.0,915.0,0.0,4738.0,11513.0,0.0,0.0,BB500,North
2025-07-29,4738.0,838.0,838.0,0.0,3900.0,10675.0,0.0,0.0,BB500,North
2025-07-30,3900.0,891.0,891.0,0.0,3009.0,9784.0,0.0,0.0,BB500,North
2025-07-31,3009.0,952.0,952.0,0.0,2057.0,8832.0,0.0,0.0,BB500,North
2025-08-01,2057.0,765.0,765.0,0.0,1292.0,8067.0,0.0,0.0,BB500,North
2025-08-02,8067.0,853.0,853.0,0.0,7214.0,7214.0,0.0,6775.0,BB500,North
2025-08-03,7214.0,1047.0,1047.0,0.0,6167.0,6167.0,7279.0,0.0,BB500,North
2025-08-04,6167.0,802.0,802.0,0.0,5365.0,12644.0,0.0,0.0,BB500,North
2025-08-05,5365.0,824.0,824.0,0.0,4541.0,11820.0,0.0,0.0,BB500,North
2025-08-06,4541.0,810.0,810.0,0.0,3731.0,11010.0,0.0,0.0,BB500,North
2025-08-07,3731.0,735.0,735.0,0.0,2996.0,10275.0,0.0,0.0,BB500,North
2025-08-08,2996.0,1241.0,1241.0,0.0,1755.0,9034.0,0.0,0.0,BB500,North
2025-08-09,1755.0,898.0,898.0,0.0,857.0,8136.0,0.0,0.0,BB500,North
2025-08-10,8136.0,927.0,927.0,0.0,7209.0,7209.0,0.0,7279.0,BB500,North
2025-08-11,7209.0,808.0,808.0,0.0,6401.0,6401.0,7045.0,0.0,BB500,North
2025-08-12,6401.0,819.0,819.0,0.0,5582.0,12627.0,0.0,0.0,BB500,North
2025-08-13,5582.0,907.0,907.0,0.0,4675.0,11720.0,0.0,0.0,BB500,North
2025-08-14,4675.0,861.0,861.0,0.0,3814.0,10859.0,0.0,0.0,BB500,North
2025-08-15,3814.0,1032.0,1032.0,0.0,2782.0,9827.0,0.0,0.0,BB500,North
2025-08-16,2782.0,988.0,988.0,0.0,1794.0,8839.0,0.0,0.0,BB500,North
2025-08-17,1794.0,909.0,909.0,0.0,885.0,7930.0,0.0,0.0,BB500,North
2025-08-18,7930.0,965.0,965.0,0.0,6965.0,6965.0,0.0,7045.0,BB500,North
2025-08-19,6965.0,869.0,869.0,0.0,6096.0,6096.0,7350.0,0.0,BB500,North
2025-08-20,6096.0,913.0,913.0,0.0,5183.0,12533.0,0.0,0.0,BB500,North
2025-08-21,5183.0,656.0,656.0,0.0,4527.0,11877.0,0.0,0.0,BB500,North
2025-08-22,4527.0,759.0,759.0,0.0,3768.0,11118.0,0.0,0.0,BB500,North
2025-08-23,3768.0,1019.0,1019.0,0.0,2749.0,10099.0,0.0,0.0,BB500,North
2025-08-24,2749.0,1075.0,1075.0,0.0,1674.0,9024.0,0.0,0.0,BB500,North
2025-08-25,1674.0,895.0,895.0,0.0,779.0,8129.0,0.0,0.0,BB500,North
2025-08-26,8129.0,1145.0,1145.0,0.0,6984.0,6984.0,0.0,7350.0,BB500,North
2025-08-27,6984.0,842.0,842.0,0.0,6142.0,6142.0,7304.0,0.0,BB500,North
2025-08-28,6142.0,942.0,942.0,0.0,5200.0,12504.0,0.0,0.0,BB500,North
2025-08-29,5200.0,898.0,898.0,0.0,4302.0,11606.0,0.0,0.0,BB500,North
2025-08-30,4302.0,1084.0,1084.0,0.0,3218.0,10522.0,0.0,0.0,BB500,North
2025-08-31,3218.0,1097.0,1097.0,0.0,2121.0,9425.0,0.0,0.0,BB500,North
2025-09-01,2121.0,842.0,842.0,0.0,1279.0,8583.0,0.0,0.0,BB500,North
2025-09-02,1279.0,883.0,883.0,0.0,396.0,7700.0,0.0,0.0,BB500,North
2025-09-03,7700.0,928.0,928.0,0.0,6772.0,6772.0,6674.0,7304.0,BB500,North
2025-09-04,6772.0,813.0,813.0,0.0,5959.0,12633.0,0.0,0.0,BB500,North
2025-09-05,5959.0,880.0,880.0,0.0,5079.0,11753.0,0.0,0.0,BB500,North
2025-09-06,5079.0,964.0,964.0,0.0,4115.0,10789.0,0.0,0.0,BB500,North
2025-09-07,4115.0,948.0,948.0,0.0,3167.0,9841.0,0.0,0.0,BB500,North
2025-09-08,3167.0,1116.0,1116.0,0.0,2051.0,8725.0,0.0,0.0,BB500,North
2025-09-09,2051.0,896.0,896.0,0.0,1155.0,7829.0,0.0,0.0,BB500,North
2025-09-10,7829.0,916.0,916.0,0.0,6913.0,6913.0,6533.0,6674.0,BB500,North
2025-09-11,6913.0,962.0,962.0,0.0,5951.0,12484.0,0.0,0.0,BB500,North
2025-09-12,5951.0,664.0,664.0,0.0,5287.0,11820.0,0.0,0.0,BB500,North
2025-09-13,5287.0,977.0,977.0,0.0,4310.0,10843.0,0.0,0.0,BB500,North
2025-09-14,4310.0,1253.0,1253.0,0.0,3057.0,9590.0,0.0,0.0,BB500,North
2025-09-15,3057.0,777.0,777.0,0.0,2280.0,8813.0,0.0,0.0,BB500,North
2025-09-16,2280.0,846.0,846.0,0.0,1434.0,7967.0,0.0,0.0,BB500,North
2025-09-17,7967.0,1014.0,1014.0,0.0,6953.0,6953.0,6493.0,6533.0,BB500,North
2025-09-18,6953.0,842.0,842.0,0.0,6111.0,12604.0,0.0,0.0,BB500,North
2025-09-19,6111.0,833.0,833.0,0.0,5278.0,11771.0,0.0,0.0,BB500,North
2025-09-20,5278.0,1037.0,1037.0,0.0,4241.0,10734.0,0.0,0.0,BB500,North
2025-09-21,4241.0,979.0,979.0,0.0,3262.0,9755.0,0.0,0.0,BB500,North
2025-09-22,3262.0,865.0,865.0,0.0,2397.0,8890.0,0.0,0.0,BB500,North
2025-09-23,2397.0,739.0,739.0,0.0,1658.0,8151.0,0.0,0.0,BB500,North
2025-09-24,8151.0,1020.0,1020.0,0.0,7131.0,7131.0,0.0,6493.0,BB500,North
2025-09-25,7131.0,1135.0,1135.0,0.0,5996.0,5996.0,7450.0,0.0,BB500,North
2025-09-26,5996.0,846.0,846.0,0.0,5150.0,12600.0,0.0,0.0,BB500,North
2025-09-27,5150.0,1105.0,1105.0,0.0,4045.0,11495.0,0.0,0.0,BB500,North
2025-09-28,4045.0,926.0,926.0,0.0,3119.0,10569.0,0.0,0.0,BB500,North
2025-09-29,3119.0,991.0,991.0,0.0,2128.0,9578.0,0.0,0.0,BB500,North
2025-09-30,2128.0,739.0,739.0,0.0,1389.0,8839.0,0.0,0.0,BB500,North
2025-10-01,1389.0,839.0,839.0,0.0,550.0,8000.0,0.0,0.0,BB500,North
2025-10-02,8000.0,972.0,972.0,0.0,7028.0,7028.0,0.0,7450.0,BB500,North
2025-10-03,7028.0,675.0,675.0,0.0,6353.0,6353.0,7093.0,0.0,BB500,North
2025-10-04,6353.0,1067.0,1067.0,0.0,5286.0,12379.0,0.0,0.0,BB500,North
2025-10-05,5286.0,1004.0,1004.0,0.0,4282.0,11375.0,0.0,0.0,BB500,North
2025-10-06,4282.0,729.0,729.0,0.0,3553.0,10646.0,0.0,0.0,BB500,North
2025-10-07,3553.0,749.0,749.0,0.0,2804.0,9897.0,0.0,0.0,BB500,North
2025-10-08,2804.0,1032.0,1032.0,0.0,1772.0,8865.0,0.0,0.0,BB500,North
2025-10-09,1772.0,847.0,847.0,0.0,925.0,8018.0,0.0,0.0,BB500,North
2025-10-10,8018.0,680.0,680.0,0.0,7338.0,7338.0,0.0,7093.0,BB500,North
2025-10-11,7338.0,989.0,989.0,0.0,6349.0,6349.0,7097.0,0.0,BB500,North
2025-10-12,6349.0,1245.0,1245.0,0.0,5104.0,12201.0,0.0,0.0,BB500,North
2025-10-13,5104.0,955.0,955.0,0.0,4149.0,11246.0,0.0,0.0,BB500,North
2025-10-14,4149.0,858.0,858.0,0.0,3291.0,10388.0,0.0,0.0,BB500,North
2025-10-15,3291.0,895.0,895.0,0.0,2396.0,9493.0,0.0,0.0,BB500,North
2025-10-16,2396.0,861.0,861.0,0.0,1535.0,8632.0,0.0,0.0,BB500,North
2025-10-17,1535.0,849.0,849.0,0.0,686.0,7783.0,0.0,0.0,BB500,North
2025-10-18,7783.0,1201.0,1201.0,0.0,6582.0,6582.0,6864.0,7097.0,BB500,North
2025-10-19,6582.0,933.0,933.0,0.0,5649.0,12513.0,0.0,0.0,BB500,North
2025-10-20,5649.0,973.0,973.0,0.0,4676.0,11540.0,0.0,0.0,BB500,North
2025-10-21,4676.0,755.0,755.0,0.0,3921.0,10785.0,0.0,0.0,BB500,North
2025-10-22,3921.0,686.0,686.0,0.0,3235.0,10099.0,0.0,0.0,BB500,North
2025-10-23,3235.0,928.0,928.0,0.0,2307.0,9171.0,0.0,0.0,BB500,North
2025-10-24,2307.0,831.0,831.0,0.0,1476.0,8340.0,0.0,0.0,BB500,North
2025-10-25,8340.0,1109.0,1109.0,0.0,7231.0,7231.0,0.0,6864.0,BB500,North
2025-10-26,7231.0,986.0,986.0,0.0,6245.0,6245.0,7201.0,0.0,BB500,North
2025-10-27,6245.0,951.0,951.0,0.0,5294.0,12495.0,0.0,0.0,BB500,North
2025-10-28,5294.0,742.0,742.0,0.0,4552.0,11753.0,0.0,0.0,BB500,North
2025-10-29,4552.0,1004.0,1004.0,0.0,3548.0,10749.0,0.0,0.0,BB500,North
2025-10-30,3548.0,1047.0,1047.0,0.0,2501.0,9702.0,0.0,0.0,BB500,North
2025-10-31,2501.0,815.0,815.0,0.0,1686.0,8887.0,0.0,0.0,BB500,North
2025-11-01,1686.0,1090.0,1090.0,0.0,596.0,7797.0,0.0,0.0,BB500,North
2025-11-02,7797.0,795.0,795.0,0.0,7002.0,7002.0,0.0,7201.0,BB500,North
2025-11-03,7002.0,743.0,743.0,0.0,6259.0,6259.0,7187.0,0.0,BB500,North
2025-11-04,6259.0,1117.0,1117.0,0.0,5142.0,12329.0,0.0,0.0,BB500,North
2025-11-05,5142.0,816.0,816.0,0.0,4326.0,11513.0,0.0,0.0,BB500,North
2025-11-06,4326.0,1041.0,1041.0,0.0,3285.0,10472.0,0.0,0.0,BB500,North
2025-11-07,3285.0,943.0,943.0,0.0,2342.0,9529.0,0.0,0.0,BB500,North
2025-11-08,2342.0,1034.0,1034.0,0.0,1308.0,8495.0,0.0,0.0,BB500,North
2025-11-09,1308.0,1218.0,1218.0,0.0,90.0,7277.0,0.0,0.0,BB500,North
2025-11-10,7277.0,813.0,813.0,0.0,6464.0,6464.0,6982.0,7187.0,BB500,North
2025-11-11,6464.0,859.0,859.0,0.0,5605.0,12587.0,0.0,0.0,BB500,North
2025-11-12,5605.0,873.0,873.0,0.0,4732.0,11714.0,0.0,0.0,BB500,North
2025-11-13,4732.0,807.0,807.0,0.0,3925.0,10907.0,0.0,0.0,BB500,North
2025-11-14,3925.0,844.0,844.0,0.0,3081.0,10063.0,0.0,0.0,BB500,North
2025-11-15,3081.0,864.0,864.0,0.0,2217.0,9199.0,0.0,0.0,BB500,North
2025-11-16,2217.0,1040.0,1040.0,0.0,1177.0,8159.0,0.0,0.0,BB500,North
2025-11-17,8159.0,698.0,698.0,0.0,7461.0,7461.0,0.0,6982.0,BB500,North
2025-11-18,7461.0,764.0,764.0,0.0,6697.0,6697.0,6749.0,0.0,BB500,North
2025-11-19,6697.0,887.0,887.0,0.0,5810.0,12559.0,0.0,0.0,BB500,North
2025-11-20,5810.0,720.0,720.0,0.0,5090.0,11839.0,0.0,0.0,BB500,North
2025-11-21,5090.0,858.0,858.0,0.0,4232.0,10981.0,0.0,0.0,BB500,North
2025-11-22,4232.0,1355.0,1355.0,0.0,2877.0,9626.0,0.0,0.0,BB500,North
2025-11-23,2877.0,987.0,987.0,0.0,1890.0,8639.0,0.0,0.0,BB500,North
2025-11-24,1890.0,813.0,813.0,0.0,1077.0,7826.0,0.0,0.0,BB500,North
2025-11-25,7826.0,763.0,763.0,0.0,7063.0,7063.0,0.0,6749.0,BB500,North
2025-11-26,7063.0,933.0,933.0,0.0,6130.0,6130.0,7316.0,0.0,BB500,North
2025-11-27,6130.0,691.0,691.0,0.0,5439.0,12755.0,0.0,0.0,BB500,North
2025-11-28,5439.0,839.0,839.0,0.0,4600.0,11916.0,0.0,0.0,BB500,North
2025-11-29,4600.0,836.0,836.0,0.0,3764.0,11080.0,0.0,0.0,BB500,North
2025-11-30,3764.0,1010.0,1010.0,0.0,2754.0,10070.0,0.0,0.0,BB500,North
2025-12-01,2754.0,918.0,918.0,0.0,1836.0,9152.0,0.0,0.0,BB500,North
2025-12-02,1836.0,774.0,774.0,0.0,1062.0,8378.0,0.0,0.0,BB500,North
2025-12-03,8378.0,963.0,963.0,0.0,7415.0,7415.0,0.0,7316.0,BB500,North
2025-12-04,7415.0,1077.0,1077.0,0.0,6338.0,6338.0,7108.0,0.0,BB500,North
2025-12-05,6338.0,904.0,904.0,0.0,5434.0,12542.0,0.0,0.0,BB500,North
2025-12-06,5434.0,1013.0,1013.0,0.0,4421.0,11529.0,0.0,0.0,BB500,North
2025-12-07,4421.0,1197.0,1197.0,0.0,3224.0,10332.0,0.0,0.0,BB500,North
2025-12-08,3224.0,893.0,893.0,0.0,2331.0,9439.0,0.0,0.0,BB500,North
2025-12-09,2331.0,926.0,926.0,0.0,1405.0,8513.0,0.0,0.0,BB500,North
2025-12-10,1405.0,802.0,802.0,0.0,603.0,7711.0,0.0,0.0,BB500,North
2025-12-11,7711.0,836.0,836.0,0.0,6875.0,6875.0,6571.0,7108.0,BB500,North
2025-12-12,6875.0,987.0,987.0,0.0,5888.0,12459.0,0.0,0.0,BB500,North
2025-12-13,5888.0,994.0,994.0,0.0,4894.0,11465.0,0.0,0.0,BB500,North
2025-12-14,4894.0,1100.0,1100.0,0.0,3794.0,10365.0,0.0,0.0,BB500,North
2025-12-15,3794.0,1099.0,1099.0,0.0,2695.0,9266.0,0.0,0.0,BB500,North
2025-12-16,2695.0,1060.0,1060.0,0.0,1635.0,8206.0,0.0,0.0,BB500,North
2025-12-17,1635.0,938.0,938.0,0.0,697.0,7268.0,0.0,0.0,BB500,North
2025-12-18,7268.0,879.0,879.0,0.0,6389.0,6389.0,7057.0,6571.0,BB500,North
2025-12-19,6389.0,850.0,850.0,0.0,5539.0,12596.0,0.0,0.0,BB500,North
2025-12-20,5539.0,903.0,903.0,0.0,4636.0,11693.0,0.0,0.0,BB500,North
2025-12-21,4636.0,1137.0,1137.0,0.0,3499.0,10556.0,0.0,0.0,BB500,North
2025-12-22,3499.0,905.0,905.0,0.0,2594.0,9651.0,0.0,0.0,BB500,North
2025-12-23,2594.0,862.0,862.0,0.0,1732.0,8789.0,0.0,0.0,BB500,North
2025-12-24,1732.0,832.0,832.0,0.0,900.0,7957.0,0.0,0.0,BB500,North
2025-12-25,7957.0,1217.0,1217.0,0.0,6740.0,6740.0,6706.0,7057.0,BB500,North
2025-12-26,6740.0,902.0,902.0,0.0,5838.0,12544.0,0.0,0.0,BB500,North
2025-12-27,5838.0,950.0,950.0,0.0,4888.0,11594.0,0.0,0.0,BB500,North
2025-12-28,4888.0,866.0,866.0,0.0,4022.0,10728.0,0.0,0.0,BB500,North
2025-12-29,4022.0,948.0,948.0,0.0,3074.0,9780.0,0.0,0.0,BB500,North
2025-12-30,3074.0,959.0,959.0,0.0,2115.0,8821.0,0.0,0.0,BB500,North
2025-12-31,2115.0,817.0,817.0,0.0,1298.0,8004.0,0.0,0.0,BB500,North
2025-07-01,17253.0,1053.0,1053.0,0.0,16200.0,16200.0,0.0,0.0,BB500,South
2025-07-02,16200.0,1109.0,1109.0,0.0,15091.0,15091.0,0.0,0.0,BB500,South
2025-07-03,15091.0,996.0,996.0,0.0,14095.0,14095.0,0.0,0.0,BB500,South
2025-07-04,14095.0,1051.0,1051.0,0.0,13044.0,13044.0,0.0,0.0,BB500,South
2025-07-05,13044.0,1136.0,1136.0,0.0,11908.0,11908.0,0.0,0.0,BB500,South
2025-07-06,11908.0,1298.0,1298.0,0.0,10610.0,10610.0,0.0,0.0,BB500,South
2025-07-07,10610.0,1033.0,1033.0,0.0,9577.0,9577.0,7676.0,0.0,BB500,South
2025-07-08,9577.0,928.0,928.0,0.0,8649.0,16325.0,0.0,0.0,BB500,South
2025-07-09,8649.0,1187.0,1187.0,0.0,7462.0,15138.0,0.0,0.0,BB500,South
2025-07-10,7462.0,998.0,998.0,0.0,6464.0,14140.0,0.0,0.0,BB500,South
2025-07-11,6464.0,1214.0,1214.0,0.0,5250.0,12926.0,0.0,0.0,BB500,South
2025-07-12,5250.0,1281.0,1281.0,0.0,3969.0,11645.0,0.0,0.0,BB500,South
2025-07-13,3969.0,1170.0,1170.0,0.0,2799.0,10475.0,0.0,0.0,BB500,South
2025-07-14,2799.0,1015.0,1015.0,0.0,1784.0,9460.0,7793.0,0.0,BB500,South
2025-07-15,1784.0,883.0,883.0,0.0,901.0,16370.0,0.0,0.0,BB500,South
2025-07-16,901.0,1041.0,901.0,140.0,0.0,15469.0,0.0,0.0,BB500,South
2025-07-17,7676.0,947.0,947.0,0.0,6729.0,14522.0,0.0,7676.0,BB500,South
2025-07-18,6729.0,1080.0,1080.0,0.0,5649.0,13442.0,0.0,0.0,BB500,South
2025-07-19,5649.0,1199.0,1199.0,0.0,4450.0,12243.0,0.0,0.0,BB500,South
2025-07-20,4450.0,934.0,934.0,0.0,3516.0,11309.0,0.0,0.0,BB500,South
2025-07-21,3516.0,1429.0,1429.0,0.0,2087.0,9880.0,7373.0,0.0,BB500,South
2025-07-22,2087.0,1080.0,1080.0,0.0,1007.0,16173.0,0.0,0.0,BB500,South
2025-07-23,1007.0,1251.0,1007.0,244.0,0.0,15166.0,0.0,0.0,BB500,South
2025-07-24,7793.0,1200.0,1200.0,0.0,6593.0,13966.0,0.0,7793.0,BB500,South
2025-07-25,6593.0,1045.0,1045.0,0.0,5548.0,12921.0,0.0,0.0,BB500,South
2025-07-26,5548.0,1137.0,1137.0,0.0,4411.0,11784.0,0.0,0.0,BB500,South
2025-07-27,4411.0,1324.0,1324.0,0.0,3087.0,10460.0,0.0,0.0,BB500,South
2025-07-28,3087.0,1109.0,1109.0,0.0,1978.0,9351.0,7902.0,0.0,BB500,South
2025-07-29,1978.0,1079.0,1079.0,0.0,899.0,16174.0,0.0,0.0,BB500,South
2025-07-30,899.0,1095.0,899.0,196.0,0.0,15275.0,0.0,0.0,BB500,South
2025-07-31,7373.0,1107.0,1107.0,0.0,6266.0,14168.0,0.0,7373.0,BB500,South
2025-08-01,6266.0,929.0,929.0,0.0,5337.0,13239.0,0.0,0.0,BB500,South
2025-08-02,5337.0,1321.0,1321.0,0.0,4016.0,11918.0,0.0,0.0,BB500,South
2025-08-03,4016.0,1058.0,1058.0,0.0,2958.0,10860.0,0.0,0.0,BB500,South
2025-08-04,2958.0,907.0,907.0,0.0,2051.0,9953.0,7300.0,0.0,BB500,South
2025-08-05,2051.0,975.0,975.0,0.0,1076.0,16278.0,0.0,0.0,BB500,South
2025-08-06,1076.0,846.0,846.0,0.0,230.0,15432.0,0.0,0.0,BB500,South
2025-08-07,8132.0,1087.0,1087.0,0.0,7045.0,14345.0,0.0,7902.0,BB500,South
2025-08-08,7045.0,850.0,850.0,0.0,6195.0,13495.0,0.0,0.0,BB500,South
2025-08-09,6195.0,907.0,907.0,0.0,5288.0,12588.0,0.0,0.0,BB500,South
2025-08-10,5288.0,933.0,933.0,0.0,4355.0,11655.0,0.0,0.0,BB500,South
2025-08-11,4355.0,751.0,751.0,0.0,3604.0,10904.0,0.0,0.0,BB500,South
2025-08-12,3604.0,861.0,861.0,0.0,2743.0,10043.0,7210.0,0.0,BB500,South
2025-08-13,2743.0,919.0,919.0,0.0,1824.0,16334.0,0.0,0.0,BB500,South
2025-08-14,9124.0,827.0,827.0,0.0,8297.0,15507.0,0.0,7300.0,BB500,South
2025-08-15,8297.0,1172.0,1172.0,0.0,7125.0,14335.0,0.0,0.0,BB500,South
2025-08-16,7125.0,1119.0,1119.0,0.0,6006.0,13216.0,0.0,0.0,BB500,South
2025-08-17,6006.0,1155.0,1155.0,0.0,4851.0,12061.0,0.0,0.0,BB500,South
2025-08-18,4851.0,1060.0,1060.0,0.0,3791.0,11001.0,0.0,0.0,BB500,South
2025-08-19,3791.0,910.0,910.0,0.0,2881.0,10091.0,7162.0,0.0,BB500,South
2025-08-20,2881.0,1135.0,1135.0,0.0,1746.0,16118.0,0.0,0.0,BB500,South
2025-08-21,1746.0,968.0,968.0,0.0,778.0,15150.0,0.0,0.0,BB500,South
2025-08-22,7988.0,1027.0,1027.0,0.0,6961.0,14123.0,0.0,7210.0,BB500,South
2025-08-23,6961.0,1100.0,1100.0,0.0,5861.0,13023.0,0.0,0.0,BB500,South
2025-08-24,5861.0,1369.0,1369.0,0.0,4492.0,11654.0,0.0,0.0,BB500,South
2025-08-25,4492.0,1039.0,1039.0,0.0,3453.0,10615.0,0.0,0.0,BB500,South
2025-08-26,3453.0,834.0,834.0,0.0,2619.0,9781.0,7472.0,0.0,BB500,South
2025-08-27,2619.0,854.0,854.0,0.0,1765.0,16399.0,0.0,0.0,BB500,South
2025-08-28,1765.0,942.0,942.0,0.0,823.0,15457.0,0.0,0.0,BB500,South
2025-08-29,7985.0,847.0,847.0,0.0,7138.0,14610.0,0.0,7162.0,BB500,South
2025-08-30,7138.0,892.0,892.0,0.0,6246.0,13718.0,0.0,0.0,BB500,South
2025-08-31,6246.0,1102.0,1102.0,0.0,5144.0,12616.0,0.0,0.0,BB500,South
2025-09-01,5144.0,794.0,794.0,0.0,4350.0,11822.0,0.0,0.0,BB500,South
2025-09-02,4350.0,812.0,812.0,0.0,3538.0,11010.0,0.0,0.0,BB500,South
2025-09-03,3538.0,875.0,875.0,0.0,2663.0,10135.0,7118.0,0.0,BB500,South
2025-09-04,2663.0,800.0,800.0,0.0,1863.0,16453.0,0.0,0.0,BB500,South
2025-09-05,9335.0,958.0,958.0,0.0,8377.0,15495.0,0.0,7472.0,BB500,South
2025-09-06,8377.0,1137.0,1137.0,0.0,7240.0,14358.0,0.0,0.0,BB500,South
2025-09-07,7240.0,1069.0,1069.0,0.0,6171.0,13289.0,0.0,0.0,BB500,South
2025-09-08,6171.0,934.0,934.0,0.0,5237.0,12355.0,0.0,0.0,BB500,South
2025-09-09,5237.0,991.0,991.0,0.0,4246.0,11364.0,0.0,0.0,BB500,South
2025-09-10,4246.0,869.0,869.0,0.0,3377.0,10495.0,0.0,0.0,BB500,South
2025-09-11,3377.0,906.0,906.0,0.0,2471.0,9589.0,7664.0,0.0,BB500,South
2025-09-12,2471.0,897.0,897.0,0.0,1574.0,16356.0,0.0,0.0,BB500,South
2025-09-13,8692.0,987.0,987.0,0.0,7705.0,15369.0,0.0,7118.0,BB500,South
2025-09-14,7705.0,829.0,829.0,0.0,6876.0,14540.0,0.0,0.0,BB500,South
2025-09-15,6876.0,802.0,802.0,0.0,6074.0,13738.0,0.0,0.0,BB500,South
2025-09-16,6074.0,1000.0,1000.0,0.0,5074.0,12738.0,0.0,0.0,BB500,South
2025-09-17,5074.0,887.0,887.0,0.0,4187.0,11851.0,0.0,0.0,BB500,South
2025-09-18,4187.0,980.0,980.0,0.0,3207.0,10871.0,0.0,0.0,BB500,South
2025-09-19,3207.0,884.0,884.0,0.0,2323.0,9987.0,7266.0,0.0,BB500,South
2025-09-20,2323.0,1244.0,1244.0,0.0,1079.0,16009.0,0.0,0.0,BB500,South
2025-09-21,8743.0,1108.0,1108.0,0.0,7635.0,14901.0,0.0,7664.0,BB500,South
2025-09-22,7635.0,1027.0,1027.0,0.0,6608.0,13874.0,0.0,0.0,BB500,South
2025-09-23,6608.0,785.0,785.0,0.0,5823.0,13089.0,0.0,0.0,BB500,South
2025-09-24,5823.0,858.0,858.0,0.0,4965.0,12231.0,0.0,0.0,BB500,South
2025-09-25,4965.0,1239.0,1239.0,0.0,3726.0,10992.0,0.0,0.0,BB500,South
2025-09-26,3726.0,1068.0,1068.0,0.0,2658.0,9924.0,7329.0,0.0,BB500,South
2025-09-27,2658.0,976.0,976.0,0.0,1682.0,16277.0,0.0,0.0,BB500,South
2025-09-28,1682.0,918.0,918.0,0.0,764.0,15359.0,0.0,0.0,BB500,South
2025-09-29,8030.0,835.0,835.0,0.0,7195.0,14524.0,0.0,7266.0,BB500,South
2025-09-30,7195.0,946.0,946.0,0.0,6249.0,13578.0,0.0,0.0,BB500,South
2025-10-01,6249.0,870.0,870.0,0.0,5379.0,12708.0,0.0,0.0,BB500,South
2025-10-02,5379.0,1007.0,1007.0,0.0,4372.0,11701.0,0.0,0.0,BB500,South
2025-10-03,4372.0,911.0,911.0,0.0,3461.0,10790.0,0.0,0.0,BB500,South
2025-10-04,3461.0,1032.0,1032.0,0.0,2429.0,9758.0,7495.0,0.0,BB500,South
2025-10-05,2429.0,1017.0,1017.0,0.0,1412.0,16236.0,0.0,0.0,BB500,South
2025-10-06,8741.0,969.0,969.0,0.0,7772.0,15267.0,0.0,7329.0,BB500,South
2025-10-07,7772.0,974.0,974.0,0.0,6798.0,14293.0,0.0,0.0,BB500,South
2025-10-08,6798.0,970.0,970.0,0.0,5828.0,13323.0,0.0,0.0,BB500,South
2025-10-09,5828.0,960.0,960.0,0.0,4868.0,12363.0,0.0,0.0,BB500,South
2025-10-10,4868.0,931.0,931.0,0.0,3937.0,11432.0,0.0,0.0,BB500,South
2025-10-11,3937.0,987.0,987.0,0.0,2950.0,10445.0,0.0,0.0,BB500,South
2025-10-12,2950.0,1086.0,1086.0,0.0,1864.0,9359.0,7894.0,0.0,BB500,South
2025-10-13,1864.0,928.0,928.0,0.0,936.0,16325.0,0.0,0.0,BB500,South
2025-10-14,8431.0,998.0,998.0,0.0,7433.0,15327.0,0.0,7495.0,BB500,South
2025-10-15,7433.0,855.0,855.0,0.0,6578.0,14472.0,0.0,0.0,BB500,South
2025-10-16,6578.0,954.0,954.0,0.0,5624.0,13518.0,0.0,0.0,BB500,South
2025-10-17,5624.0,1092.0,1092.0,0.0,4532.0,12426.0,0.0,0.0,BB500,South
2025-10-18,4532.0,1220.0,1220.0,0.0,3312.0,11206.0,0.0,0.0,BB500,South
2025-10-19,3312.0,1152.0,1152.0,0.0,2160.0,10054.0,7199.0,0.0,BB500,South
2025-10-20,2160.0,999.0,999.0,0.0,1161.0,16254.0,0.0,0.0,BB500,South
2025-10-21,1161.0,889.0,889.0,0.0,272.0,15365.0,0.0,0.0,BB500,South
2025-10-22,8166.0,1073.0,1073.0,0.0,7093.0,14292.0,0.0,7894.0,BB500,South
2025-10-23,7093.0,898.0,898.0,0.0,6195.0,13394.0,0.0,0.0,BB500,South
2025-10-24,6195.0,1101.0,1101.0,0.0,5094.0,12293.0,0.0,0.0,BB500,South
2025-10-25,5094.0,1027.0,1027.0,0.0,4067.0,11266.0,0.0,0.0,BB500,South
2025-10-26,4067.0,1027.0,1027.0,0.0,3040.0,10239.0,7014.0,0.0,BB500,South
2025-10-27,3040.0,919.0,919.0,0.0,2121.0,16334.0,0.0,0.0,BB500,South
2025-10-28,2121.0,1157.0,1157.0,0.0,964.0,15177.0,0.0,0.0,BB500,South
2025-10-29,8163.0,940.0,940.0,0.0,7223.0,14237.0,0.0,7199.0,BB500,South
2025-10-30,7223.0,1002.0,1002.0,0.0,6221.0,13235.0,0.0,0.0,BB500,South
2025-10-31,6221.0,960.0,960.0,0.0,5261.0,12275.0,0.0,0.0,BB500,South
2025-11-01,5261.0,1373.0,1373.0,0.0,3888.0,10902.0,0.0,0.0,BB500,South
2025-11-02,3888.0,1218.0,1218.0,0.0,2670.0,9684.0,7569.0,0.0,BB500,South
2025-11-03,2670.0,987.0,987.0,0.0,1683.0,16266.0,0.0,0.0,BB500,South
2025-11-04,1683.0,782.0,782.0,0.0,901.0,15484.0,0.0,0.0,BB500,South
2025-11-05,7915.0,1030.0,1030.0,0.0,6885.0,14454.0,0.0,7014.0,BB500,South
2025-11-06,6885.0,728.0,728.0,0.0,6157.0,13726.0,0.0,0.0,BB500,South
2025-11-07,6157.0,1097.0,1097.0,0.0,5060.0,12629.0,0.0,0.0,BB500,South
2025-11-08,5060.0,1149.0,1149.0,0.0,3911.0,11480.0,0.0,0.0,BB500,South
2025-11-09,3911.0,1021.0,1021.0,0.0,2890.0,10459.0,0.0,0.0,BB500,South
2025-11-10,2890.0,953.0,953.0,0.0,1937.0,9506.0,7747.0,0.0,BB500,South
2025-11-11,1937.0,1012.0,1012.0,0.0,925.0,16241.0,0.0,0.0,BB500,South
2025-11-12,8494.0,1022.0,1022.0,0.0,7472.0,15219.0,0.0,7569.0,BB500,South
2025-11-13,7472.0,879.0,879.0,0.0,6593.0,14340.0,0.0,0.0,BB500,South
2025-11-14,6593.0,1004.0,1004.0,0.0,5589.0,13336.0,0.0,0.0,BB500,South
2025-11-15,5589.0,1022.0,1022.0,0.0,4567.0,12314.0,0.0,0.0,BB500,South
2025-11-16,4567.0,1222.0,1222.0,0.0,3345.0,11092.0,0.0,0.0,BB500,South
2025-11-17,3345.0,773.0,773.0,0.0,2572.0,10319.0,6934.0,0.0,BB500,South
2025-11-18,2572.0,1211.0,1211.0,0.0,1361.0,16042.0,0.0,0.0,BB500,South
2025-11-19,1361.0,931.0,931.0,0.0,430.0,15111.0,0.0,0.0,BB500,South
2025-11-20,8177.0,887.0,887.0,0.0,7290.0,14224.0,0.0,7747.0,BB500,South
2025-11-21,7290.0,956.0,956.0,0.0,6334.0,13268.0,0.0,0.0,BB500,South
2025-11-22,6334.0,944.0,944.0,0.0,5390.0,12324.0,0.0,0.0,BB500,South
2025-11-23,5390.0,919.0,919.0,0.0,4471.0,11405.0,0.0,0.0,BB500,South
2025-11-24,4471.0,819.0,819.0,0.0,3652.0,10586.0,0.0,0.0,BB500,South
2025-11-25,3652.0,953.0,953.0,0.0,2699.0,9633.0,7620.0,0.0,BB500,South
2025-11-26,2699.0,897.0,897.0,0.0,1802.0,16356.0,0.0,0.0,BB500,South
2025-11-27,8736.0,943.0,943.0,0.0,7793.0,15413.0,0.0,6934.0,BB500,South
2025-11-28,7793.0,958.0,958.0,0.0,6835.0,14455.0,0.0,0.0,BB500,South
2025-11-29,6835.0,997.0,997.0,0.0,5838.0,13458.0,0.0,0.0,BB500,South
2025-11-30,5838.0,1121.0,1121.0,0.0,4717.0,12337.0,0.0,0.0,BB500,South
2025-12-01,4717.0,1009.0,1009.0,0.0,3708.0,11328.0,0.0,0.0,BB500,South
2025-12-02,3708.0,1064.0,1064.0,0.0,2644.0,10264.0,6989.0,0.0,BB500,South
2025-12-03,2644.0,1069.0,1069.0,0.0,1575.0,16184.0,0.0,0.0,BB500,South
2025-12-04,1575.0,1046.0,1046.0,0.0,529.0,15138.0,0.0,0.0,BB500,South
2025-12-05,8149.0,920.0,920.0,0.0,7229.0,14218.0,0.0,7620.0,BB500,South
2025-12-06,7229.0,1001.0,1001.0,0.0,6228.0,13217.0,0.0,0.0,BB500,South
2025-12-07,6228.0,1124.0,1124.0,0.0,5104.0,12093.0,0.0,0.0,BB500,South
2025-12-08,5104.0,981.0,981.0,0.0,4123.0,11112.0,0.0,0.0,BB500,South
2025-12-09,4123.0,805.0,805.0,0.0,3318.0,10307.0,6946.0,0.0,BB500,South
2025-12-10,3318.0,883.0,883.0,0.0,2435.0,16370.0,0.0,0.0,BB500,South
2025-12-11,2435.0,965.0,965.0,0.0,1470.0,15405.0,0.0,0.0,BB500,South
2025-12-12,8459.0,985.0,985.0,0.0,7474.0,14420.0,0.0,6989.0,BB500,South
2025-12-13,7474.0,1202.0,1202.0,0.0,6272.0,13218.0,0.0,0.0,BB500,South
2025-12-14,6272.0,1042.0,1042.0,0.0,5230.0,12176.0,0.0,0.0,BB500,South
2025-12-15,5230.0,870.0,870.0,0.0,4360.0,11306.0,0.0,0.0,BB500,South
2025-12-16,4360.0,1213.0,1213.0,0.0,3147.0,10093.0,7160.0,0.0,BB500,South
2025-12-17,3147.0,792.0,792.0,0.0,2355.0,16461.0,0.0,0.0,BB500,South
2025-12-18,2355.0,890.0,890.0,0.0,1465.0,15571.0,0.0,0.0,BB500,South
2025-12-19,8411.0,945.0,945.0,0.0,7466.0,14626.0,0.0,6946.0,BB500,South
2025-12-20,7466.0,1233.0,1233.0,0.0,6233.0,13393.0,0.0,0.0,BB500,South
2025-12-21,6233.0,1084.0,1084.0,0.0,5149.0,12309.0,0.0,0.0,BB500,South
2025-12-22,5149.0,871.0,871.0,0.0,4278.0,11438.0,0.0,0.0,BB500,South
2025-12-23,4278.0,928.0,928.0,0.0,3350.0,10510.0,0.0,0.0,BB500,South
2025-12-24,3350.0,1174.0,1174.0,0.0,2176.0,9336.0,7917.0,0.0,BB500,South
2025-12-25,2176.0,1082.0,1082.0,0.0,1094.0,16171.0,0.0,0.0,BB500,South
2025-12-26,8254.0,1104.0,1104.0,0.0,7150.0,15067.0,0.0,7160.0,BB500,South
2025-12-27,7150.0,1046.0,1046.0,0.0,6104.0,14021.0,0.0,0.0,BB500,South
2025-12-28,6104.0,1212.0,1212.0,0.0,4892.0,12809.0,0.0,0.0,BB500,South
2025-12-29,4892.0,923.0,923.0,0.0,3969.0,11886.0,0.0,0.0,BB500,South
2025-12-30,3969.0,825.0,825.0,0.0,3144.0,11061.0,0.0,0.0,BB500,South
2025-12-31,3144.0,888.0,888.0,0.0,2256.0,10173.0,7080.0,0.0,BB500,South
2025-07-01,16715.0,1020.0,1020.0,0.0,15695.0,15695.0,0.0,0.0,BB500,West
2025-07-02,15695.0,1043.0,1043.0,0.0,14652.0,14652.0,0.0,0.0,BB500,West
2025-07-03,14652.0,1408.0,1408.0,0.0,13244.0,13244.0,0.0,0.0,BB500,West
2025-07-04,13244.0,1231.0,1231.0,0.0,12013.0,12013.0,0.0,0.0,BB500,West
2025-07-05,12013.0,1284.0,1284.0,0.0,10729.0,10729.0,0.0,0.0,BB500,West
2025-07-06,10729.0,1318.0,1318.0,0.0,9411.0,9411.0,7304.0,0.0,BB500,West
2025-07-07,9411.0,1032.0,1032.0,0.0,8379.0,15683.0,0.0,0.0,BB500,West
2025-07-08,8379.0,1179.0,1179.0,0.0,7200.0,14504.0,0.0,0.0,BB500,West
2025-07-09,7200.0,1410.0,1410.0,0.0,5790.0,13094.0,0.0,0.0,BB500,West
2025-07-10,5790.0,1150.0,1150.0,0.0,4640.0,11944.0,0.0,0.0,BB500,West
2025-07-11,4640.0,1193.0,1193.0,0.0,3447.0,10751.0,0.0,0.0,BB500,West
2025-07-12,3447.0,1267.0,1267.0,0.0,2180.0,9484.0,7231.0,0.0,BB500,West
2025-07-13,2180.0,971.0,971.0,0.0,1209.0,15744.0,0.0,0.0,BB500,West
2025-07-14,1209.0,1048.0,1048.0,0.0,161.0,14696.0,0.0,0.0,BB500,West
2025-07-15,7465.0,970.0,970.0,0.0,6495.0,13726.0,0.0,7304.0,BB500,West
2025-07-16,6495.0,1139.0,1139.0,0.0,5356.0,12587.0,0.0,0.0,BB500,West
2025-07-17,5356.0,1073.0,1073.0,0.0,4283.0,11514.0,0.0,0.0,BB500,West
2025-07-18,4283.0,1361.0,1361.0,0.0,2922.0,10153.0,0.0,0.0,BB500,West
2025-07-19,2922.0,1596.0,1596.0,0.0,1326.0,8557.0,8158.0,0.0,BB500,West
2025-07-20,1326.0,1272.0,1272.0,0.0,54.0,15443.0,0.0,0.0,BB500,West
2025-07-21,7285.0,1601.0,1601.0,0.0,5684.0,13842.0,0.0,7231.0,BB500,West
2025-07-22,5684.0,1207.0,1207.0,0.0,4477.0,12635.0,0.0,0.0,BB500,West
2025-07-23,4477.0,976.0,976.0,0.0,3501.0,11659.0,0.0,0.0,BB500,West
2025-07-24,3501.0,1290.0,1290.0,0.0,2211.0,10369.0,0.0,0.0,BB500,West
2025-07-25,2211.0,1117.0,1117.0,0.0,1094.0,9252.0,7463.0,0.0,BB500,West
2025-07-26,1094.0,1121.0,1094.0,27.0,0.0,15621.0,0.0,0.0,BB500,West
2025-07-27,0.0,1307.0,0.0,1307.0,0.0,15621.0,0.0,0.0,BB500,West
2025-07-28,8158.0,1163.0,1163.0,0.0,6995.0,14458.0,0.0,8158.0,BB500,West
2025-07-29,6995.0,1162.0,1162.0,0.0,5833.0,13296.0,0.0,0.0,BB500,West
2025-07-30,5833.0,1076.0,1076.0,0.0,4757.0,12220.0,0.0,0.0,BB500,West
2025-07-31,4757.0,1077.0,1077.0,0.0,3680.0,11143.0,0.0,0.0,BB500,West
2025-08-01,3680.0,1034.0,1034.0,0.0,2646.0,10109.0,0.0,0.0,BB500,West
2025-08-02,2646.0,1020.0,1020.0,0.0,1626.0,9089.0,7626.0,0.0,BB500,West
2025-08-03,9089.0,1049.0,1049.0,0.0,8040.0,15666.0,0.0,7463.0,BB500,West
2025-08-04,8040.0,908.0,908.0,0.0,7132.0,14758.0,0.0,0.0,BB500,West
2025-08-05,7132.0,1035.0,1035.0,0.0,6097.0,13723.0,0.0,0.0,BB500,West
2025-08-06,6097.0,802.0,802.0,0.0,5295.0,12921.0,0.0,0.0,BB500,West
2025-08-07,5295.0,1197.0,1197.0,0.0,4098.0,11724.0,0.0,0.0,BB500,West
2025-08-08,4098.0,820.0,820.0,0.0,3278.0,10904.0,0.0,0.0,BB500,West
2025-08-09,3278.0,1123.0,1123.0,0.0,2155.0,9781.0,0.0,0.0,BB500,West
2025-08-10,2155.0,1028.0,1028.0,0.0,1127.0,8753.0,7962.0,0.0,BB500,West
2025-08-11,8753.0,1109.0,1109.0,0.0,7644.0,15606.0,0.0,7626.0,BB500,West
2025-08-12,7644.0,887.0,887.0,0.0,6757.0,14719.0,0.0,0.0,BB500,West
2025-08-13,6757.0,1068.0,1068.0,0.0,5689.0,13651.0,0.0,0.0,BB500,West
2025-08-14,5689.0,1014.0,1014.0,0.0,4675.0,12637.0,0.0,0.0,BB500,West
2025-08-15,4675.0,948.0,948.0,0.0,3727.0,11689.0,0.0,0.0,BB500,West
2025-08-16,3727.0,1168.0,1168.0,0.0,2559.0,10521.0,0.0,0.0,BB500,West
2025-08-17,2559.0,1150.0,1150.0,0.0,1409.0,9371.0,7344.0,0.0,BB500,West
2025-08-18,1409.0,898.0,898.0,0.0,511.0,15817.0,0.0,0.0,BB500,West
2025-08-19,8473.0,943.0,943.0,0.0,7530.0,14874.0,0.0,7962.0,BB500,West
2025-08-20,7530.0,1178.0,1178.0,0.0,6352.0,13696.0,0.0,0.0,BB500,West
2025-08-21,6352.0,1004.0,1004.0,0.0,5348.0,12692.0,0.0,0.0,BB500,West
2025-08-22,5348.0,917.0,917.0,0.0,4431.0,11775.0,0.0,0.0,BB500,West
2025-08-23,4431.0,1206.0,1206.0,0.0,3225.0,10569.0,0.0,0.0,BB500,West
2025-08-24,3225.0,1203.0,1203.0,0.0,2022.0,9366.0,7349.0,0.0,BB500,West
2025-08-25,2022.0,1055.0,1055.0,0.0,967.0,15660.0,0.0,0.0,BB500,West
2025-08-26,8311.0,827.0,827.0,0.0,7484.0,14833.0,0.0,7344.0,BB500,West
2025-08-27,7484.0,993.0,993.0,0.0,6491.0,13840.0,0.0,0.0,BB500,West
2025-08-28,6491.0,896.0,896.0,0.0,5595.0,12944.0,0.0,0.0,BB500,West
2025-08-29,5595.0,836.0,836.0,0.0,4759.0,12108.0,0.0,0.0,BB500,West
2025-08-30,4759.0,1113.0,1113.0,0.0,3646.0,10995.0,0.0,0.0,BB500,West
2025-08-31,3646.0,902.0,902.0,0.0,2744.0,10093.0,0.0,0.0,BB500,West
2025-09-01,2744.0,1079.0,1079.0,0.0,1665.0,9014.0,7701.0,0.0,BB500,West
2025-09-02,9014.0,809.0,809.0,0.0,8205.0,15906.0,0.0,7349.0,BB500,West
2025-09-03,8205.0,856.0,856.0,0.0,7349.0,15050.0,0.0,0.0,BB500,West
2025-09-04,7349.0,1080.0,1080.0,0.0,6269.0,13970.0,0.0,0.0,BB500,West
2025-09-05,6269.0,886.0,886.0,0.0,5383.0,13084.0,0.0,0.0,BB500,West
2025-09-06,5383.0,1310.0,1310.0,0.0,4073.0,11774.0,0.0,0.0,BB500,West
2025-09-07,4073.0,1261.0,1261.0,0.0,2812.0,10513.0,0.0,0.0,BB500,West
2025-09-08,2812.0,875.0,875.0,0.0,1937.0,9638.0,7077.0,0.0,BB500,West
2025-09-09,1937.0,920.0,920.0,0.0,1017.0,15795.0,0.0,0.0,BB500,West
2025-09-10,8718.0,911.0,911.0,0.0,7807.0,14884.0,0.0,7701.0,BB500,West
2025-09-11,7807.0,745.0,745.0,0.0,7062.0,14139.0,0.0,0.0,BB500,West
2025-09-12,7062.0,1038.0,1038.0,0.0,6024.0,13101.0,0.0,0.0,BB500,West
2025-09-13,6024.0,1229.0,1229.0,0.0,4795.0,11872.0,0.0,0.0,BB500,West
2025-09-14,4795.0,960.0,960.0,0.0,3835.0,10912.0,0.0,0.0,BB500,West
2025-09-15,3835.0,982.0,982.0,0.0,2853.0,9930.0,0.0,0.0,BB500,West
2025-09-16,2853.0,1077.0,1077.0,0.0,1776.0,8853.0,7862.0,0.0,BB500,West
2025-09-17,8853.0,1048.0,1048.0,0.0,7805.0,15667.0,0.0,7077.0,BB500,West
2025-09-18,7805.0,1071.0,1071.0,0.0,6734.0,14596.0,0.0,0.0,BB500,West
2025-09-19,6734.0,954.0,954.0,0.0,5780.0,13642.0,0.0,0.0,BB500,West
2025-09-20,5780.0,1202.0,1202.0,0.0,4578.0,12440.0,0.0,0.0,BB500,West
2025-09-21,4578.0,1088.0,1088.0,0.0,3490.0,11352.0,0.0,0.0,BB500,West
2025-09-22,3490.0,1071.0,1071.0,0.0,2419.0,10281.0,0.0,0.0,BB500,West
2025-09-23,2419.0,890.0,890.0,0.0,1529.0,9391.0,7324.0,0.0,BB500,West
2025-09-24,1529.0,1087.0,1087.0,0.0,442.0,15628.0,0.0,0.0,BB500,West
2025-09-25,8304.0,802.0,802.0,0.0,7502.0,14826.0,0.0,7862.0,BB500,West
2025-09-26,7502.0,1015.0,1015.0,0.0,6487.0,13811.0,0.0,0.0,BB500,West
2025-09-27,6487.0,1104.0,1104.0,0.0,5383.0,12707.0,0.0,0.0,BB500,West
2025-09-28,5383.0,1054.0,1054.0,0.0,4329.0,11653.0,0.0,0.0,BB500,West
2025-09-29,4329.0,1097.0,1097.0,0.0,3232.0,10556.0,0.0,0.0,BB500,West
2025-09-30,3232.0,999.0,999.0,0.0,2233.0,9557.0,7158.0,0.0,BB500,West
2025-10-01,2233.0,1051.0,1051.0,0.0,1182.0,15664.0,0.0,0.0,BB500,West
2025-10-02,8506.0,1264.0,1264.0,0.0,7242.0,14400.0,0.0,7324.0,BB500,West
2025-10-03,7242.0,928.0,928.0,0.0,6314.0,13472.0,0.0,0.0,BB500,West
2025-10-04,6314.0,1051.0,1051.0,0.0,5263.0,12421.0,0.0,0.0,BB500,West
2025-10-05,5263.0,1291.0,1291.0,0.0,3972.0,11130.0,0.0,0.0,BB500,West
2025-10-06,3972.0,891.0,891.0,0.0,3081.0,10239.0,0.0,0.0,BB500,West
2025-10-07,3081.0,1032.0,1032.0,0.0,2049.0,9207.0,7508.0,0.0,BB500,West
2025-10-08,2049.0,1083.0,1083.0,0.0,966.0,15632.0,0.0,0.0,BB500,West
2025-10-09,8124.0,915.0,915.0,0.0,7209.0,14717.0,0.0,7158.0,BB500,West
2025-10-10,7209.0,970.0,970.0,0.0,6239.0,13747.0,0.0,0.0,BB500,West
2025-10-11,6239.0,1129.0,1129.0,0.0,5110.0,12618.0,0.0,0.0,BB500,West
2025-10-12,5110.0,1088.0,1088.0,0.0,4022.0,11530.0,0.0,0.0,BB500,West
2025-10-13,4022.0,933.0,933.0,0.0,3089.0,10597.0,0.0,0.0,BB500,West
2025-10-14,3089.0,899.0,899.0,0.0,2190.0,9698.0,0.0,0.0,BB500,West
2025-10-15,2190.0,1086.0,1086.0,0.0,1104.0,8612.0,8103.0,0.0,BB500,West
2025-10-16,8612.0,999.0,999.0,0.0,7613.0,15716.0,0.0,7508.0,BB500,West
2025-10-17,7613.0,1003.0,1003.0,0.0,6610.0,14713.0,0.0,0.0,BB500,West
2025-10-18,6610.0,1365.0,1365.0,0.0,5245.0,13348.0,0.0,0.0,BB500,West
2025-10-19,5245.0,1420.0,1420.0,0.0,3825.0,11928.0,0.0,0.0,BB500,West
2025-10-20,3825.0,1258.0,1258.0,0.0,2567.0,10670.0,0.0,0.0,BB500,West
2025-10-21,2567.0,885.0,885.0,0.0,1682.0,9785.0,0.0,0.0,BB500,West
2025-10-22,1682.0,914.0,914.0,0.0,768.0,8871.0,7844.0,0.0,BB500,West
2025-10-23,768.0,785.0,768.0,17.0,0.0,15947.0,0.0,0.0,BB500,West
2025-10-24,8103.0,930.0,930.0,0.0,7173.0,15017.0,0.0,8103.0,BB500,West
2025-10-25,7173.0,1174.0,1174.0,0.0,5999.0,13843.0,0.0,0.0,BB500,West
2025-10-26,5999.0,888.0,888.0,0.0,5111.0,12955.0,0.0,0.0,BB500,West
2025-10-27,5111.0,1005.0,1005.0,0.0,4106.0,11950.0,0.0,0.0,BB500,West
2025-10-28,4106.0,1037.0,1037.0,0.0,3069.0,10913.0,0.0,0.0,BB500,West
2025-10-29,3069.0,1220.0,1220.0,0.0,1849.0,9693.0,0.0,0.0,BB500,West
2025-10-30,1849.0,1044.0,1044.0,0.0,805.0,8649.0,8066.0,0.0,BB500,West
2025-10-31,8649.0,1038.0,1038.0,0.0,7611.0,15677.0,0.0,7844.0,BB500,West
2025-11-01,7611.0,1206.0,1206.0,0.0,6405.0,14471.0,0.0,0.0,BB500,West
2025-11-02,6405.0,1147.0,1147.0,0.0,5258.0,13324.0,0.0,0.0,BB500,West
2025-11-03,5258.0,1153.0,1153.0,0.0,4105.0,12171.0,0.0,0.0,BB500,West
2025-11-04,4105.0,1015.0,1015.0,0.0,3090.0,11156.0,0.0,0.0,BB500,West
2025-11-05,3090.0,807.0,807.0,0.0,2283.0,10349.0,0.0,0.0,BB500,West
2025-11-06,2283.0,910.0,910.0,0.0,1373.0,9439.0,7276.0,0.0,BB500,West
2025-11-07,1373.0,1052.0,1052.0,0.0,321.0,15663.0,0.0,0.0,BB500,West
2025-11-08,8387.0,1145.0,1145.0,0.0,7242.0,14518.0,0.0,8066.0,BB500,West
2025-11-09,7242.0,1240.0,1240.0,0.0,6002.0,13278.0,0.0,0.0,BB500,West
2025-11-10,6002.0,1082.0,1082.0,0.0,4920.0,12196.0,0.0,0.0,BB500,West
2025-11-11,4920.0,952.0,952.0,0.0,3968.0,11244.0,0.0,0.0,BB500,West
2025-11-12,3968.0,1302.0,1302.0,0.0,2666.0,9942.0,0.0,0.0,BB500,West
2025-11-13,2666.0,1069.0,1069.0,0.0,1597.0,8873.0,7842.0,0.0,BB500,West
2025-11-14,1597.0,950.0,950.0,0.0,647.0,15765.0,0.0,0.0,BB500,West
2025-11-15,7923.0,972.0,972.0,0.0,6951.0,14793.0,0.0,7276.0,BB500,West
2025-11-16,6951.0,1003.0,1003.0,0.0,5948.0,13790.0,0.0,0.0,BB500,West
2025-11-17,5948.0,939.0,939.0,0.0,5009.0,12851.0,0.0,0.0,BB500,West
2025-11-18,5009.0,1367.0,1367.0,0.0,3642.0,11484.0,0.0,0.0,BB500,West
2025-11-19,3642.0,836.0,836.0,0.0,2806.0,10648.0,0.0,0.0,BB500,West
2025-11-20,2806.0,1007.0,1007.0,0.0,1799.0,9641.0,7074.0,0.0,BB500,West
2025-11-21,1799.0,1038.0,1038.0,0.0,761.0,15677.0,0.0,0.0,BB500,West
2025-11-22,8603.0,1079.0,1079.0,0.0,7524.0,14598.0,0.0,7842.0,BB500,West
2025-11-23,7524.0,1309.0,1309.0,0.0,6215.0,13289.0,0.0,0.0,BB500,West
2025-11-24,6215.0,1047.0,1047.0,0.0,5168.0,12242.0,0.0,0.0,BB500,West
2025-11-25,5168.0,922.0,922.0,0.0,4246.0,11320.0,0.0,0.0,BB500,West
2025-11-26,4246.0,975.0,975.0,0.0,3271.0,10345.0,0.0,0.0,BB500,West
2025-11-27,3271.0,940.0,940.0,0.0,2331.0,9405.0,7310.0,0.0,BB500,West
2025-11-28,2331.0,912.0,912.0,0.0,1419.0,15803.0,0.0,0.0,BB500,West
2025-11-29,8493.0,1054.0,1054.0,0.0,7439.0,14749.0,0.0,7074.0,BB500,West
2025-11-30,7439.0,1082.0,1082.0,0.0,6357.0,13667.0,0.0,0.0,BB500,West
2025-12-01,6357.0,1070.0,1070.0,0.0,5287.0,12597.0,0.0,0.0,BB500,West
2025-12-02,5287.0,969.0,969.0,0.0,4318.0,11628.0,0.0,0.0,BB500,West
2025-12-03,4318.0,867.0,867.0,0.0,3451.0,10761.0,0.0,0.0,BB500,West
2025-12-04,3451.0,1031.0,1031.0,0.0,2420.0,9730.0,0.0,0.0,BB500,West
2025-12-05,2420.0,1025.0,1025.0,0.0,1395.0,8705.0,8010.0,0.0,BB500,West
2025-12-06,8705.0,1076.0,1076.0,0.0,7629.0,15639.0,0.0,7310.0,BB500,West
2025-12-07,7629.0,1091.0,1091.0,0.0,6538.0,14548.0,0.0,0.0,BB500,West
2025-12-08,6538.0,1108.0,1108.0,0.0,5430.0,13440.0,0.0,0.0,BB500,West
2025-12-09,5430.0,973.0,973.0,0.0,4457.0,12467.0,0.0,0.0,BB500,West
2025-12-10,4457.0,1014.0,1014.0,0.0,3443.0,11453.0,0.0,0.0,BB500,West
2025-12-11,3443.0,1226.0,1226.0,0.0,2217.0,10227.0,0.0,0.0,BB500,West
2025-12-12,2217.0,1075.0,1075.0,0.0,1142.0,9152.0,7563.0,0.0,BB500,West
2025-12-13,1142.0,1040.0,1040.0,0.0,102.0,15675.0,0.0,0.0,BB500,West
2025-12-14,8112.0,1288.0,1288.0,0.0,6824.0,14387.0,0.0,8010.0,BB500,West
2025-12-15,6824.0,956.0,956.0,0.0,5868.0,13431.0,0.0,0.0,BB500,West
2025-12-16,5868.0,1005.0,1005.0,0.0,4863.0,12426.0,0.0,0.0,BB500,West
2025-12-17,4863.0,1172.0,1172.0,0.0,3691.0,11254.0,0.0,0.0,BB500,West
2025-12-18,3691.0,999.0,999.0,0.0,2692.0,10255.0,0.0,0.0,BB500,West
2025-12-19,2692.0,1117.0,1117.0,0.0,1575.0,9138.0,7577.0,0.0,BB500,West
2025-12-20,1575.0,892.0,892.0,0.0,683.0,15823.0,0.0,0.0,BB500,West
2025-12-21,8246.0,1160.0,1160.0,0.0,7086.0,14663.0,0.0,7563.0,BB500,West
2025-12-22,7086.0,1035.0,1035.0,0.0,6051.0,13628.0,0.0,0.0,BB500,West
2025-12-23,6051.0,871.0,871.0,0.0,5180.0,12757.0,0.0,0.0,BB500,West
2025-12-24,5180.0,1002.0,1002.0,0.0,4178.0,11755.0,0.0,0.0,BB500,West
2025-12-25,4178.0,1598.0,1598.0,0.0,2580.0,10157.0,0.0,0.0,BB500,West
2025-12-26,2580.0,1225.0,1225.0,0.0,1355.0,8932.0,7783.0,0.0,BB500,West
2025-12-27,1355.0,1280.0,1280.0,0.0,75.0,15435.0,0.0,0.0,BB500,West
2025-12-28,7652.0,1362.0,1362.0,0.0,6290.0,14073.0,0.0,7577.0,BB500,West
2025-12-29,6290.0,1183.0,1183.0,0.0,5107.0,12890.0,0.0,0.0,BB500,West
2025-12-30,5107.0,946.0,946.0,0.0,4161.0,11944.0,0.0,0.0,BB500,West
2025-12-31,4161.0,1097.0,1097.0,0.0,3064.0,10847.0,0.0,0.0,BB500,West
2025-07-01,5487.0,380.0,380.0,0.0,5107.0,5107.0,0.0,0.0,EN250,Central
2025-07-02,5107.0,392.0,392.0,0.0,4715.0,4715.0,0.0,0.0,EN250,Central
2025-07-03,4715.0,333.0,333.0,0.0,4382.0,4382.0,0.0,0.0,EN250,Central
2025-07-04,4382.0,395.0,395.0,0.0,3987.0,3987.0,0.0,0.0,EN250,Central
2025-07-05,3987.0,423.0,423.0,0.0,3564.0,3564.0,0.0,0.0,EN250,Central
2025-07-06,3564.0,401.0,401.0,0.0,3163.0,3163.0,0.0,0.0,EN250,Central
2025-07-07,3163.0,354.0,354.0,0.0,2809.0,2809.0,2678.0,0.0,EN250,Central
2025-07-08,2809.0,385.0,385.0,0.0,2424.0,5102.0,0.0,0.0,EN250,Central
2025-07-09,2424.0,361.0,361.0,0.0,2063.0,4741.0,0.0,0.0,EN250,Central
2025-07-10,2063.0,331.0,331.0,0.0,1732.0,4410.0,0.0,0.0,EN250,Central
2025-07-11,1732.0,340.0,340.0,0.0,1392.0,4070.0,0.0,0.0,EN250,Central
2025-07-12,1392.0,402.0,402.0,0.0,990.0,3668.0,0.0,0.0,EN250,Central
2025-07-13,990.0,483.0,483.0,0.0,507.0,3185.0,0.0,0.0,EN250,Central
2025-07-14,507.0,385.0,385.0,0.0,122.0,2800.0,2687.0,0.0,EN250,Central
2025-07-15,2800.0,412.0,412.0,0.0,2388.0,5075.0,0.0,2678.0,EN250,Central
2025-07-16,2388.0,337.0,337.0,0.0,2051.0,4738.0,0.0,0.0,EN250,Central
2025-07-17,2051.0,366.0,366.0,0.0,1685.0,4372.0,0.0,0.0,EN250,Central
2025-07-18,1685.0,377.0,377.0,0.0,1308.0,3995.0,0.0,0.0,EN250,Central
2025-07-19,1308.0,443.0,443.0,0.0,865.0,3552.0,0.0,0.0,EN250,Central
2025-07-20,865.0,506.0,506.0,0.0,359.0,3046.0,0.0,0.0,EN250,Central
2025-07-21,359.0,446.0,359.0,87.0,0.0,2687.0,2800.0,0.0,EN250,Central
2025-07-22,2687.0,394.0,394.0,0.0,2293.0,5093.0,0.0,2687.0,EN250,Central
2025-07-23,2293.0,399.0,399.0,0.0,1894.0,4694.0,0.0,0.0,EN250,Central
2025-07-24,1894.0,313.0,313.0,0.0,1581.0,4381.0,0.0,0.0,EN250,Central
2025-07-25,1581.0,446.0,446.0,0.0,1135.0,3935.0,0.0,0.0,EN250,Central
2025-07-26,1135.0,434.0,434.0,0.0,701.0,3501.0,0.0,0.0,EN250,Central
2025-07-27,701.0,442.0,442.0,0.0,259.0,3059.0,0.0,0.0,EN250,Central
2025-07-28,259.0,341.0,259.0,82.0,0.0,2800.0,2687.0,0.0,EN250,Central
2025-07-29,2800.0,389.0,389.0,0.0,2411.0,5098.0,0.0,2800.0,EN250,Central
2025-07-30,2411.0,329.0,329.0,0.0,2082.0,4769.0,0.0,0.0,EN250,Central
2025-07-31,2082.0,455.0,455.0,0.0,1627.0,4314.0,0.0,0.0,EN250,Central
2025-08-01,1627.0,384.0,384.0,0.0,1243.0,3930.0,0.0,0.0,EN250,Central
2025-08-02,1243.0,336.0,336.0,0.0,907.0,3594.0,0.0,0.0,EN250,Central
2025-08-03,907.0,573.0,573.0,0.0,334.0,3021.0,0.0,0.0,EN250,Central
2025-08-04,334.0,282.0,282.0,0.0,52.0,2739.0,2748.0,0.0,EN250,Central
2025-08-05,2739.0,382.0,382.0,0.0,2357.0,5105.0,0.0,2687.0,EN250,Central
2025-08-06,2357.0,306.0,306.0,0.0,2051.0,4799.0,0.0,0.0,EN250,Central
2025-08-07,2051.0,289.0,289.0,0.0,1762.0,4510.0,0.0,0.0,EN250,Central
2025-08-08,1762.0,323.0,323.0,0.0,1439.0,4187.0,0.0,0.0,EN250,Central
2025-08-09,1439.0,352.0,352.0,0.0,1087.0,3835.0,0.0,0.0,EN250,Central
2025-08-10,1087.0,411.0,411.0,0.0,676.0,3424.0,0.0,0.0,EN250,Central
2025-08-11,676.0,409.0,409.0,0.0,267.0,3015.0,0.0,0.0,EN250,Central
2025-08-12,3015.0,348.0,348.0,0.0,2667.0,2667.0,2820.0,2748.0,EN250,Central
2025-08-13,2667.0,438.0,438.0,0.0,2229.0,5049.0,0.0,0.0,EN250,Central
2025-08-14,2229.0,281.0,281.0,0.0,1948.0,4768.0,0.0,0.0,EN250,Central
2025-08-15,1948.0,379.0,379.0,0.0,1569.0,4389.0,0.0,0.0,EN250,Central
2025-08-16,1569.0,398.0,398.0,0.0,1171.0,3991.0,0.0,0.0,EN250,Central
2025-08-17,1171.0,427.0,427.0,0.0,744.0,3564.0,0.0,0.0,EN250,Central
2025-08-18,744.0,291.0,291.0,0.0,453.0,3273.0,0.0,0.0,EN250,Central
2025-08-19,453.0,309.0,309.0,0.0,144.0,2964.0,2523.0,0.0,EN250,Central
2025-08-20,2964.0,350.0,350.0,0.0,2614.0,5137.0,0.0,2820.0,EN250,Central
2025-08-21,2614.0,243.0,243.0,0.0,2371.0,4894.0,0.0,0.0,EN250,Central
2025-08-22,2371.0,285.0,285.0,0.0,2086.0,4609.0,0.0,0.0,EN250,Central
2025-08-23,2086.0,387.0,387.0,0.0,1699.0,4222.0,0.0,0.0,EN250,Central
2025-08-24,1699.0,394.0,394.0,0.0,1305.0,3828.0,0.0,0.0,EN250,Central
2025-08-25,1305.0,353.0,353.0,0.0,952.0,3475.0,0.0,0.0,EN250,Central
2025-08-26,952.0,360.0,360.0,0.0,592.0,3115.0,0.0,0.0,EN250,Central
2025-08-27,3115.0,366.0,366.0,0.0,2749.0,2749.0,2738.0,2523.0,EN250,Central
2025-08-28,2749.0,338.0,338.0,0.0,2411.0,5149.0,0.0,0.0,EN250,Central
2025-08-29,2411.0,341.0,341.0,0.0,2070.0,4808.0,0.0,0.0,EN250,Central
2025-08-30,2070.0,371.0,371.0,0.0,1699.0,4437.0,0.0,0.0,EN250,Central
2025-08-31,1699.0,437.0,437.0,0.0,1262.0,4000.0,0.0,0.0,EN250,Central
2025-09-01,1262.0,336.0,336.0,0.0,926.0,3664.0,0.0,0.0,EN250,Central
2025-09-02,926.0,338.0,338.0,0.0,588.0,3326.0,0.0,0.0,EN250,Central
2025-09-03,588.0,283.0,283.0,0.0,305.0,3043.0,0.0,0.0,EN250,Central
2025-09-04,3043.0,327.0,327.0,0.0,2716.0,2716.0,2771.0,2738.0,EN250,Central
2025-09-05,2716.0,321.0,321.0,0.0,2395.0,5166.0,0.0,0.0,EN250,Central
2025-09-06,2395.0,320.0,320.0,0.0,2075.0,4846.0,0.0,0.0,EN250,Central
2025-09-07,2075.0,363.0,363.0,0.0,1712.0,4483.0,0.0,0.0,EN250,Central
2025-09-08,1712.0,322.0,322.0,0.0,1390.0,4161.0,0.0,0.0,EN250,Central
2025-09-09,1390.0,324.0,324.0,0.0,1066.0,3837.0,0.0,0.0,EN250,Central
2025-09-10,1066.0,334.0,334.0,0.0,732.0,3503.0,0.0,0.0,EN250,Central
2025-09-11,732.0,326.0,326.0,0.0,406.0,3177.0,0.0,0.0,EN250,Central
2025-09-12,3177.0,287.0,287.0,0.0,2890.0,2890.0,2597.0,2771.0,EN250,Central
2025-09-13,2890.0,378.0,378.0,0.0,2512.0,5109.0,0.0,0.0,EN250,Central
2025-09-14,2512.0,327.0,327.0,0.0,2185.0,4782.0,0.0,0.0,EN250,Central
2025-09-15,2185.0,282.0,282.0,0.0,1903.0,4500.0,0.0,0.0,EN250,Central
2025-09-16,1903.0,271.0,271.0,0.0,1632.0,4229.0,0.0,0.0,EN250,Central
2025-09-17,1632.0,420.0,420.0,0.0,1212.0,3809.0,0.0,0.0,EN250,Central
2025-09-18,1212.0,381.0,381.0,0.0,831.0,3428.0,0.0,0.0,EN250,Central
2025-09-19,831.0,344.0,344.0,0.0,487.0,3084.0,0.0,0.0,EN250,Central
2025-09-20,3084.0,298.0,298.0,0.0,2786.0,2786.0,2701.0,2597.0,EN250,Central
2025-09-21,2786.0,390.0,390.0,0.0,2396.0,5097.0,0.0,0.0,EN250,Central
2025-09-22,2396.0,306.0,306.0,0.0,2090.0,4791.0,0.0,0.0,EN250,Central
2025-09-23,2090.0,338.0,338.0,0.0,1752.0,4453.0,0.0,0.0,EN250,Central
2025-09-24,1752.0,336.0,336.0,0.0,1416.0,4117.0,0.0,0.0,EN250,Central
2025-09-25,1416.0,370.0,370.0,0.0,1046.0,3747.0,0.0,0.0,EN250,Central
2025-09-26,1046.0,348.0,348.0,0.0,698.0,3399.0,0.0,0.0,EN250,Central
2025-09-27,698.0,388.0,388.0,0.0,310.0,3011.0,0.0,0.0,EN250,Central
2025-09-28,3011.0,358.0,358.0,0.0,2653.0,2653.0,2834.0,2701.0,EN250,Central
2025-09-29,2653.0,368.0,368.0,0.0,2285.0,5119.0,0.0,0.0,EN250,Central
2025-09-30,2285.0,388.0,388.0,0.0,1897.0,4731.0,0.0,0.0,EN250,Central
2025-10-01,1897.0,410.0,410.0,0.0,1487.0,4321.0,0.0,0.0,EN250,Central
2025-10-02,1487.0,439.0,439.0,0.0,1048.0,3882.0,0.0,0.0,EN250,Central
2025-10-03,1048.0,269.0,269.0,0.0,779.0,3613.0,0.0,0.0,EN250,Central
2025-10-04,779.0,382.0,382.0,0.0,397.0,3231.0,0.0,0.0,EN250,Central
2025-10-05,397.0,443.0,397.0,46.0,0.0,2834.0,2653.0,0.0,EN250,Central
2025-10-06,2834.0,351.0,351.0,0.0,2483.0,5136.0,0.0,2834.0,EN250,Central
2025-10-07,2483.0,407.0,407.0,0.0,2076.0,4729.0,0.0,0.0,EN250,Central
2025-10-08,2076.0,265.0,265.0,0.0,1811.0,4464.0,0.0,0.0,EN250,Central
2025-10-09,1811.0,243.0,243.0,0.0,1568.0,4221.0,0.0,0.0,EN250,Central
2025-10-10,1568.0,344.0,344.0,0.0,1224.0,3877.0,0.0,0.0,EN250,Central
2025-10-11,1224.0,411.0,411.0,0.0,813.0,3466.0,0.0,0.0,EN250,Central
2025-10-12,813.0,443.0,443.0,0.0,370.0,3023.0,0.0,0.0,EN250,Central
2025-10-13,3023.0,366.0,366.0,0.0,2657.0,2657.0,2830.0,2653.0,EN250,Central
2025-10-14,2657.0,322.0,322.0,0.0,2335.0,5165.0,0.0,0.0,EN250,Central
2025-10-15,2335.0,421.0,421.0,0.0,1914.0,4744.0,0.0,0.0,EN250,Central
2025-10-16,1914.0,269.0,269.0,0.0,1645.0,4475.0,0.0,0.0,EN250,Central
2025-10-17,1645.0,342.0,342.0,0.0,1303.0,4133.0,0.0,0.0,EN250,Central
2025-10-18,1303.0,357.0,357.0,0.0,946.0,3776.0,0.0,0.0,EN250,Central
2025-10-19,946.0,445.0,445.0,0.0,501.0,3331.0,0.0,0.0,EN250,Central
2025-10-20,501.0,351.0,351.0,0.0,150.0,2980.0,2507.0,0.0,EN250,Central
2025-10-21,2980.0,368.0,368.0,0.0,2612.0,5119.0,0.0,2830.0,EN250,Central
2025-10-22,2612.0,336.0,336.0,0.0,2276.0,4783.0,0.0,0.0,EN250,Central
2025-10-23,2276.0,334.0,334.0,0.0,1942.0,4449.0,0.0,0.0,EN250,Central
2025-10-24,1942.0,301.0,301.0,0.0,1641.0,4148.0,0.0,0.0,EN250,Central
2025-10-25,1641.0,324.0,324.0,0.0,1317.0,3824.0,0.0,0.0,EN250,Central
2025-10-26,1317.0,342.0,342.0,0.0,975.0,3482.0,0.0,0.0,EN250,Central
2025-10-27,975.0,295.0,295.0,0.0,680.0,3187.0,0.0,0.0,EN250,Central
2025-10-28,3187.0,365.0,365.0,0.0,2822.0,2822.0,2665.0,2507.0,EN250,Central
2025-10-29,2822.0,343.0,343.0,0.0,2479.0,5144.0,0.0,0.0,EN250,Central
2025-10-30,2479.0,414.0,414.0,0.0,2065.0,4730.0,0.0,0.0,EN250,Central
2025-10-31,2065.0,318.0,318.0,0.0,1747.0,4412.0,0.0,0.0,EN250,Central
2025-11-01,1747.0,535.0,535.0,0.0,1212.0,3877.0,0.0,0.0,EN250,Central
2025-11-02,1212.0,397.0,397.0,0.0,815.0,3480.0,0.0,0.0,EN250,Central
2025-11-03,815.0,362.0,362.0,0.0,453.0,3118.0,0.0,0.0,EN250,Central
2025-11-04,453.0,364.0,364.0,0.0,89.0,2754.0,2733.0,0.0,EN250,Central
2025-11-05,2754.0,363.0,363.0,0.0,2391.0,5124.0,0.0,2665.0,EN250,Central
2025-11-06,2391.0,358.0,358.0,0.0,2033.0,4766.0,0.0,0.0,EN250,Central
2025-11-07,2033.0,317.0,317.0,0.0,1716.0,4449.0,0.0,0.0,EN250,Central
2025-11-08,1716.0,432.0,432.0,0.0,1284.0,4017.0,0.0,0.0,EN250,Central
2025-11-09,1284.0,291.0,291.0,0.0,993.0,3726.0,0.0,0.0,EN250,Central
2025-11-10,993.0,316.0,316.0,0.0,677.0,3410.0,0.0,0.0,EN250,Central
2025-11-11,677.0,402.0,402.0,0.0,275.0,3008.0,0.0,0.0,EN250,Central
2025-11-12,3008.0,324.0,324.0,0.0,2684.0,2684.0,2803.0,2733.0,EN250,Central
2025-11-13,2684.0,281.0,281.0,0.0,2403.0,5206.0,0.0,0.0,EN250,Central
2025-11-14,2403.0,346.0,346.0,0.0,2057.0,4860.0,0.0,0.0,EN250,Central
2025-11-15,2057.0,380.0,380.0,0.0,1677.0,4480.0,0.0,0.0,EN250,Central
2025-11-16,1677.0,411.0,411.0,0.0,1266.0,4069.0,0.0,0.0,EN250,Central
2025-11-17,1266.0,320.0,320.0,0.0,946.0,3749.0,0.0,0.0,EN250,Central
2025-11-18,946.0,322.0,322.0,0.0,624.0,3427.0,0.0,0.0,EN250,Central
2025-11-19,624.0,461.0,461.0,0.0,163.0,2966.0,2521.0,0.0,EN250,Central
2025-11-20,2966.0,350.0,350.0,0.0,2616.0,5137.0,0.0,2803.0,EN250,Central
2025-11-21,2616.0,323.0,323.0,0.0,2293.0,4814.0,0.0,0.0,EN250,Central
2025-11-22,2293.0,383.0,383.0,0.0,1910.0,4431.0,0.0,0.0,EN250,Central
2025-11-23,1910.0,380.0,380.0,0.0,1530.0,4051.0,0.0,0.0,EN250,Central
2025-11-24,1530.0,331.0,331.0,0.0,1199.0,3720.0,0.0,0.0,EN250,Central
2025-11-25,1199.0,300.0,300.0,0.0,899.0,3420.0,0.0,0.0,EN250,Central
2025-11-26,899.0,282.0,282.0,0.0,617.0,3138.0,0.0,0.0,EN250,Central
2025-11-27,3138.0,296.0,296.0,0.0,2842.0,2842.0,2645.0,2521.0,EN250,Central
2025-11-28,2842.0,258.0,258.0,0.0,2584.0,5229.0,0.0,0.0,EN250,Central
2025-11-29,2584.0,406.0,406.0,0.0,2178.0,4823.0,0.0,0.0,EN250,Central
2025-11-30,2178.0,335.0,335.0,0.0,1843.0,4488.0,0.0,0.0,EN250,Central
2025-12-01,1843.0,350.0,350.0,0.0,1493.0,4138.0,0.0,0.0,EN250,Central
2025-12-02,1493.0,347.0,347.0,0.0,1146.0,3791.0,0.0,0.0,EN250,Central
2025-12-03,1146.0,360.0,360.0,0.0,786.0,3431.0,0.0,0.0,EN250,Central
2025-12-04,786.0,373.0,373.0,0.0,413.0,3058.0,0.0,0.0,EN250,Central
2025-12-05,3058.0,389.0,389.0,0.0,2669.0,2669.0,2818.0,2645.0,EN250,Central
2025-12-06,2669.0,385.0,385.0,0.0,2284.0,5102.0,0.0,0.0,EN250,Central
2025-12-07,2284.0,349.0,349.0,0.0,1935.0,4753.0,0.0,0.0,EN250,Central
2025-12-08,1935.0,346.0,346.0,0.0,1589.0,4407.0,0.0,0.0,EN250,Central
2025-12-09,1589.0,385.0,385.0,0.0,1204.0,4022.0,0.0,0.0,EN250,Central
2025-12-10,1204.0,348.0,348.0,0.0,856.0,3674.0,0.0,0.0,EN250,Central
2025-12-11,856.0,354.0,354.0,0.0,502.0,3320.0,0.0,0.0,EN250,Central
2025-12-12,502.0,262.0,262.0,0.0,240.0,3058.0,0.0,0.0,EN250,Central
2025-12-13,3058.0,380.0,380.0,0.0,2678.0,2678.0,2809.0,2818.0,EN250,Central
2025-12-14,2678.0,412.0,412.0,0.0,2266.0,5075.0,0.0,0.0,EN250,Central
2025-12-15,2266.0,304.0,304.0,0.0,1962.0,4771.0,0.0,0.0,EN250,Central
2025-12-16,1962.0,301.0,301.0,0.0,1661.0,4470.0,0.0,0.0,EN250,Central
2025-12-17,1661.0,322.0,322.0,0.0,1339.0,4148.0,0.0,0.0,EN250,Central
2025-12-18,1339.0,375.0,375.0,0.0,964.0,3773.0,0.0,0.0,EN250,Central
2025-12-19,964.0,365.0,365.0,0.0,599.0,3408.0,0.0,0.0,EN250,Central
2025-12-20,599.0,354.0,354.0,0.0,245.0,3054.0,0.0,0.0,EN250,Central
2025-12-21,3054.0,408.0,408.0,0.0,2646.0,2646.0,2841.0,2809.0,EN250,Central
2025-12-22,2646.0,303.0,303.0,0.0,2343.0,5184.0,0.0,0.0,EN250,Central
2025-12-23,2343.0,366.0,366.0,0.0,1977.0,4818.0,0.0,0.0,EN250,Central
2025-12-24,1977.0,364.0,364.0,0.0,1613.0,4454.0,0.0,0.0,EN250,Central
2025-12-25,1613.0,360.0,360.0,0.0,1253.0,4094.0,0.0,0.0,EN250,Central
2025-12-26,1253.0,338.0,338.0,0.0,915.0,3756.0,0.0,0.0,EN250,Central
2025-12-27,915.0,385.0,385.0,0.0,530.0,3371.0,0.0,0.0,EN250,Central
2025-12-28,530.0,376.0,376.0,0.0,154.0,2995.0,2492.0,0.0,EN250,Central
2025-12-29,2995.0,359.0,359.0,0.0,2636.0,5128.0,0.0,2841.0,EN250,Central
2025-12-30,2636.0,283.0,283.0,0.0,2353.0,4845.0,0.0,0.0,EN250,Central
2025-12-31,2353.0,397.0,397.0,0.0,1956.0,4448.0,0.0,0.0,EN250,Central
2025-07-01,4966.0,401.0,401.0,0.0,4565.0,4565.0,0.0,0.0,EN250,East
2025-07-02,4565.0,376.0,376.0,0.0,4189.0,4189.0,0.0,0.0,EN250,East
2025-07-03,4189.0,366.0,366.0,0.0,3823.0,3823.0,0.0,0.0,EN250,East
2025-07-04,3823.0,390.0,390.0,0.0,3433.0,3433.0,0.0,0.0,EN250,East
2025-07-05,3433.0,472.0,472.0,0.0,2961.0,2961.0,0.0,0.0,EN250,East
2025-07-06,2961.0,425.0,425.0,0.0,2536.0,2536.0,0.0,0.0,EN250,East
2025-07-07,2536.0,438.0,438.0,0.0,2098.0,2098.0,2868.0,0.0,EN250,East
2025-07-08,2098.0,361.0,361.0,0.0,1737.0,4605.0,0.0,0.0,EN250,East
2025-07-09,1737.0,356.0,356.0,0.0,1381.0,4249.0,0.0,0.0,EN250,East
2025-07-10,1381.0,380.0,380.0,0.0,1001.0,3869.0,0.0,0.0,EN250,East
2025-07-11,1001.0,454.0,454.0,0.0,547.0,3415.0,0.0,0.0,EN250,East
2025-07-12,547.0,468.0,468.0,0.0,79.0,2947.0,0.0,0.0,EN250,East
2025-07-13,2947.0,436.0,436.0,0.0,2511.0,2511.0,0.0,2868.0,EN250,East
2025-07-14,2511.0,414.0,414.0,0.0,2097.0,2097.0,2869.0,0.0,EN250,East
2025-07-15,2097.0,398.0,398.0,0.0,1699.0,4568.0,0.0,0.0,EN250,East
2025-07-16,1699.0,415.0,415.0,0.0,1284.0,4153.0,0.0,0.0,EN250,East
2025-07-17,1284.0,366.0,366.0,0.0,918.0,3787.0,0.0,0.0,EN250,East
2025-07-18,918.0,333.0,333.0,0.0,585.0,3454.0,0.0,0.0,EN250,East
2025-07-19,585.0,440.0,440.0,0.0,145.0,3014.0,0.0,0.0,EN250,East
2025-07-20,3014.0,476.0,476.0,0.0,2538.0,2538.0,0.0,2869.0,EN250,East
2025-07-21,2538.0,335.0,335.0,0.0,2203.0,2203.0,2763.0,0.0,EN250,East
2025-07-22,2203.0,448.0,448.0,0.0,1755.0,4518.0,0.0,0.0,EN250,East
2025-07-23,1755.0,390.0,390.0,0.0,1365.0,4128.0,0.0,0.0,EN250,East
2025-07-24,1365.0,425.0,425.0,0.0,940.0,3703.0,0.0,0.0,EN250,East
2025-07-25,940.0,407.0,407.0,0.0,533.0,3296.0,0.0,0.0,EN250,East
2025-07-26,533.0,441.0,441.0,0.0,92.0,2855.0,0.0,0.0,EN250,East
2025-07-27,2855.0,415.0,415.0,0.0,2440.0,2440.0,0.0,2763.0,EN250,East
2025-07-28,2440.0,390.0,390.0,0.0,2050.0,2050.0,2916.0,0.0,EN250,East
2025-07-29,2050.0,385.0,385.0,0.0,1665.0,4581.0,0.0,0.0,EN250,East
2025-07-30,1665.0,396.0,396.0,0.0,1269.0,4185.0,0.0,0.0,EN250,East
2025-07-31,1269.0,424.0,424.0,0.0,845.0,3761.0,0.0,0.0,EN250,East
2025-08-01,845.0,345.0,345.0,0.0,500.0,3416.0,0.0,0.0,EN250,East
2025-08-02,500.0,408.0,408.0,0.0,92.0,3008.0,0.0,0.0,EN250,East
2025-08-03,3008.0,395.0,395.0,0.0,2613.0,2613.0,0.0,2916.0,EN250,East
2025-08-04,2613.0,286.0,286.0,0.0,2327.0,2327.0,2639.0,0.0,EN250,East
2025-08-05,2327.0,434.0,434.0,0.0,1893.0,4532.0,0.0,0.0,EN250,East
2025-08-06,1893.0,327.0,327.0,0.0,1566.0,4205.0,0.0,0.0,EN250,East
2025-08-07,1566.0,332.0,332.0,0.0,1234.0,3873.0,0.0,0.0,EN250,East
2025-08-08,1234.0,320.0,320.0,0.0,914.0,3553.0,0.0,0.0,EN250,East
2025-08-09,914.0,468.0,468.0,0.0,446.0,3085.0,0.0,0.0,EN250,East
2025-08-10,3085.0,440.0,440.0,0.0,2645.0,2645.0,0.0,2639.0,EN250,East
2025-08-11,2645.0,307.0,307.0,0.0,2338.0,2338.0,2628.0,0.0,EN250,East
2025-08-12,2338.0,366.0,366.0,0.0,1972.0,4600.0,0.0,0.0,EN250,East
2025-08-13,1972.0,330.0,330.0,0.0,1642.0,4270.0,0.0,0.0,EN250,East
2025-08-14,1642.0,340.0,340.0,0.0,1302.0,3930.0,0.0,0.0,EN250,East
2025-08-15,1302.0,612.0,612.0,0.0,690.0,3318.0,0.0,0.0,EN250,East
2025-08-16,690.0,366.0,366.0,0.0,324.0,2952.0,0.0,0.0,EN250,East
2025-08-17,2952.0,380.0,380.0,0.0,2572.0,2572.0,0.0,2628.0,EN250,East
2025-08-18,2572.0,351.0,351.0,0.0,2221.0,2221.0,2745.0,0.0,EN250,East
2025-08-19,2221.0,387.0,387.0,0.0,1834.0,4579.0,0.0,0.0,EN250,East
2025-08-20,1834.0,328.0,328.0,0.0,1506.0,4251.0,0.0,0.0,EN250,East
2025-08-21,1506.0,378.0,378.0,0.0,1128.0,3873.0,0.0,0.0,EN250,East
2025-08-22,1128.0,349.0,349.0,0.0,779.0,3524.0,0.0,0.0,EN250,East
2025-08-23,779.0,332.0,332.0,0.0,447.0,3192.0,0.0,0.0,EN250,East
2025-08-24,3192.0,303.0,303.0,0.0,2889.0,2889.0,0.0,2745.0,EN250,East
2025-08-25,2889.0,318.0,318.0,0.0,2571.0,2571.0,0.0,0.0,EN250,East
2025-08-26,2571.0,327.0,327.0,0.0,2244.0,2244.0,2722.0,0.0,EN250,East
2025-08-27,2244.0,311.0,311.0,0.0,1933.0,4655.0,0.0,0.0,EN250,East
2025-08-28,1933.0,309.0,309.0,0.0,1624.0,4346.0,0.0,0.0,EN250,East
2025-08-29,1624.0,359.0,359.0,0.0,1265.0,3987.0,0.0,0.0,EN250,East
2025-08-30,1265.0,308.0,308.0,0.0,957.0,3679.0,0.0,0.0,EN250,East
2025-08-31,957.0,460.0,460.0,0.0,497.0,3219.0,0.0,0.0,EN250,East
2025-09-01,3219.0,378.0,378.0,0.0,2841.0,2841.0,0.0,2722.0,EN250,East
2025-09-02,2841.0,388.0,388.0,0.0,2453.0,2453.0,0.0,0.0,EN250,East
2025-09-03,2453.0,372.0,372.0,0.0,2081.0,2081.0,2885.0,0.0,EN250,East
2025-09-04,2081.0,308.0,308.0,0.0,1773.0,4658.0,0.0,0.0,EN250,East
2025-09-05,1773.0,317.0,317.0,0.0,1456.0,4341.0,0.0,0.0,EN250,East
2025-09-06,1456.0,337.0,337.0,0.0,1119.0,4004.0,0.0,0.0,EN250,East
2025-09-07,1119.0,455.0,455.0,0.0,664.0,3549.0,0.0,0.0,EN250,East
2025-09-08,664.0,351.0,351.0,0.0,313.0,3198.0,0.0,0.0,EN250,East
2025-09-09,3198.0,305.0,305.0,0.0,2893.0,2893.0,0.0,2885.0,EN250,East
2025-09-10,2893.0,348.0,348.0,0.0,2545.0,2545.0,0.0,0.0,EN250,East
2025-09-11,2545.0,309.0,309.0,0.0,2236.0,2236.0,2730.0,0.0,EN250,East
2025-09-12,2236.0,349.0,349.0,0.0,1887.0,4617.0,0.0,0.0,EN250,East
2025-09-13,1887.0,375.0,375.0,0.0,1512.0,4242.0,0.0,0.0,EN250,East
2025-09-14,1512.0,428.0,428.0,0.0,1084.0,3814.0,0.0,0.0,EN250,East
2025-09-15,1084.0,344.0,344.0,0.0,740.0,3470.0,0.0,0.0,EN250,East
2025-09-16,740.0,333.0,333.0,0.0,407.0,3137.0,0.0,0.0,EN250,East
2025-09-17,3137.0,339.0,339.0,0.0,2798.0,2798.0,0.0,2730.0,EN250,East
2025-09-18,2798.0,345.0,345.0,0.0,2453.0,2453.0,0.0,0.0,EN250,East
2025-09-19,2453.0,395.0,395.0,0.0,2058.0,2058.0,2908.0,0.0,EN250,East
2025-09-20,2058.0,423.0,423.0,0.0,1635.0,4543.0,0.0,0.0,EN250,East
2025-09-21,1635.0,455.0,455.0,0.0,1180.0,4088.0,0.0,0.0,EN250,East
2025-09-22,1180.0,294.0,294.0,0.0,886.0,3794.0,0.0,0.0,EN250,East
2025-09-23,886.0,386.0,386.0,0.0,500.0,3408.0,0.0,0.0,EN250,East
2025-09-24,500.0,320.0,320.0,0.0,180.0,3088.0,0.0,0.0,EN250,East
2025-09-25,3088.0,335.0,335.0,0.0,2753.0,2753.0,0.0,2908.0,EN250,East
2025-09-26,2753.0,300.0,300.0,0.0,2453.0,2453.0,0.0,0.0,EN250,East
2025-09-27,2453.0,364.0,364.0,0.0,2089.0,2089.0,2877.0,0.0,EN250,East
2025-09-28,2089.0,375.0,375.0,0.0,1714.0,4591.0,0.0,0.0,EN250,East
2025-09-29,1714.0,337.0,337.0,0.0,1377.0,4254.0,0.0,0.0,EN250,East
2025-09-30,1377.0,415.0,415.0,0.0,962.0,3839.0,0.0,0.0,EN250,East
2025-10-01,962.0,417.0,417.0,0.0,545.0,3422.0,0.0,0.0,EN250,East
2025-10-02,545.0,366.0,366.0,0.0,179.0,3056.0,0.0,0.0,EN250,East
2025-10-03,3056.0,304.0,304.0,0.0,2752.0,2752.0,0.0,2877.0,EN250,East
2025-10-04,2752.0,405.0,405.0,0.0,2347.0,2347.0,2619.0,0.0,EN250,East
2025-10-05,2347.0,365.0,365.0,0.0,1982.0,4601.0,0.0,0.0,EN250,East
2025-10-06,1982.0,363.0,363.0,0.0,1619.0,4238.0,0.0,0.0,EN250,East
2025-10-07,1619.0,399.0,399.0,0.0,1220.0,3839.0,0.0,0.0,EN250,East
2025-10-08,1220.0,297.0,297.0,0.0,923.0,3542.0,0.0,0.0,EN250,East
2025-10-09,923.0,361.0,361.0,0.0,562.0,3181.0,0.0,0.0,EN250,East
2025-10-10,3181.0,315.0,315.0,0.0,2866.0,2866.0,0.0,2619.0,EN250,East
2025-10-11,2866.0,318.0,318.0,0.0,2548.0,2548.0,0.0,0.0,EN250,East
2025-10-12,2548.0,394.0,394.0,0.0,2154.0,2154.0,2812.0,0.0,EN250,East
2025-10-13,2154.0,314.0,314.0,0.0,1840.0,4652.0,0.0,0.0,EN250,East
2025-10-14,1840.0,263.0,263.0,0.0,1577.0,4389.0,0.0,0.0,EN250,East
2025-10-15,1577.0,366.0,366.0,0.0,1211.0,4023.0,0.0,0.0,EN250,East
2025-10-16,1211.0,388.0,388.0,0.0,823.0,3635.0,0.0,0.0,EN250,East
2025-10-17,823.0,305.0,305.0,0.0,518.0,3330.0,0.0,0.0,EN250,East
2025-10-18,3330.0,414.0,414.0,0.0,2916.0,2916.0,0.0,2812.0,EN250,East
2025-10-19,2916.0,454.0,454.0,0.0,2462.0,2462.0,0.0,0.0,EN250,East
2025-10-20,2462.0,388.0,388.0,0.0,2074.0,2074.0,2892.0,0.0,EN250,East
2025-10-21,2074.0,332.0,332.0,0.0,1742.0,4634.0,0.0,0.0,EN250,East
2025-10-22,1742.0,449.0,449.0,0.0,1293.0,4185.0,0.0,0.0,EN250,East
2025-10-23,1293.0,400.0,400.0,0.0,893.0,3785.0,0.0,0.0,EN250,East
2025-10-24,893.0,325.0,325.0,0.0,568.0,3460.0,0.0,0.0,EN250,East
2025-10-25,568.0,388.0,388.0,0.0,180.0,3072.0,0.0,0.0,EN250,East
2025-10-26,3072.0,429.0,429.0,0.0,2643.0,2643.0,0.0,2892.0,EN250,East
2025-10-27,2643.0,371.0,371.0,0.0,2272.0,2272.0,2694.0,0.0,EN250,East
2025-10-28,2272.0,334.0,334.0,0.0,1938.0,4632.0,0.0,0.0,EN250,East
2025-10-29,1938.0,378.0,378.0,0.0,1560.0,4254.0,0.0,0.0,EN250,East
2025-10-30,1560.0,376.0,376.0,0.0,1184.0,3878.0,0.0,0.0,EN250,East
2025-10-31,1184.0,319.0,319.0,0.0,865.0,3559.0,0.0,0.0,EN250,East
2025-11-01,865.0,326.0,326.0,0.0,539.0,3233.0,0.0,0.0,EN250,East
2025-11-02,3233.0,369.0,369.0,0.0,2864.0,2864.0,0.0,2694.0,EN250,East
2025-11-03,2864.0,320.0,320.0,0.0,2544.0,2544.0,0.0,0.0,EN250,East
2025-11-04,2544.0,371.0,371.0,0.0,2173.0,2173.0,2793.0,0.0,EN250,East
2025-11-05,2173.0,425.0,425.0,0.0,1748.0,4541.0,0.0,0.0,EN250,East
2025-11-06,1748.0,301.0,301.0,0.0,1447.0,4240.0,0.0,0.0,EN250,East
2025-11-07,1447.0,320.0,320.0,0.0,1127.0,3920.0,0.0,0.0,EN250,East
2025-11-08,1127.0,382.0,382.0,0.0,745.0,3538.0,0.0,0.0,EN250,East
2025-11-09,745.0,373.0,373.0,0.0,372.0,3165.0,0.0,0.0,EN250,East
2025-11-10,3165.0,339.0,339.0,0.0,2826.0,2826.0,0.0,2793.0,EN250,East
2025-11-11,2826.0,359.0,359.0,0.0,2467.0,2467.0,0.0,0.0,EN250,East
2025-11-12,2467.0,389.0,389.0,0.0,2078.0,2078.0,2888.0,0.0,EN250,East
2025-11-13,2078.0,347.0,347.0,0.0,1731.0,4619.0,0.0,0.0,EN250,East
2025-11-14,1731.0,372.0,372.0,0.0,1359.0,4247.0,0.0,0.0,EN250,East
2025-11-15,1359.0,363.0,363.0,0.0,996.0,3884.0,0.0,0.0,EN250,East
2025-11-16,996.0,447.0,447.0,0.0,549.0,3437.0,0.0,0.0,EN250,East
2025-11-17,549.0,311.0,311.0,0.0,238.0,3126.0,0.0,0.0,EN250,East
2025-11-18,3126.0,344.0,344.0,0.0,2782.0,2782.0,0.0,2888.0,EN250,East
2025-11-19,2782.0,340.0,340.0,0.0,2442.0,2442.0,0.0,0.0,EN250,East
2025-11-20,2442.0,346.0,346.0,0.0,2096.0,2096.0,2870.0,0.0,EN250,East
2025-11-21,2096.0,411.0,411.0,0.0,1685.0,4555.0,0.0,0.0,EN250,East
2025-11-22,1685.0,331.0,331.0,0.0,1354.0,4224.0,0.0,0.0,EN250,East
2025-11-23,1354.0,418.0,418.0,0.0,936.0,3806.0,0.0,0.0,EN250,East
2025-11-24,936.0,355.0,355.0,0.0,581.0,3451.0,0.0,0.0,EN250,East
2025-11-25,581.0,447.0,447.0,0.0,134.0,3004.0,0.0,0.0,EN250,East
2025-11-26,3004.0,351.0,351.0,0.0,2653.0,2653.0,0.0,2870.0,EN250,East
2025-11-27,2653.0,342.0,342.0,0.0,2311.0,2311.0,2655.0,0.0,EN250,East
2025-11-28,2311.0,322.0,322.0,0.0,1989.0,4644.0,0.0,0.0,EN250,East
2025-11-29,1989.0,445.0,445.0,0.0,1544.0,4199.0,0.0,0.0,EN250,East
2025-11-30,1544.0,382.0,382.0,0.0,1162.0,3817.0,0.0,0.0,EN250,East
2025-12-01,1162.0,392.0,392.0,0.0,770.0,3425.0,0.0,0.0,EN250,East
2025-12-02,770.0,341.0,341.0,0.0,429.0,3084.0,0.0,0.0,EN250,East
2025-12-03,3084.0,305.0,305.0,0.0,2779.0,2779.0,0.0,2655.0,EN250,East
2025-12-04,2779.0,324.0,324.0,0.0,2455.0,2455.0,0.0,0.0,EN250,East
2025-12-05,2455.0,368.0,368.0,0.0,2087.0,2087.0,2879.0,0.0,EN250,East
2025-12-06,2087.0,415.0,415.0,0.0,1672.0,4551.0,0.0,0.0,EN250,East
2025-12-07,1672.0,463.0,463.0,0.0,1209.0,4088.0,0.0,0.0,EN250,East
2025-12-08,1209.0,328.0,328.0,0.0,881.0,3760.0,0.0,0.0,EN250,East
2025-12-09,881.0,344.0,344.0,0.0,537.0,3416.0,0.0,0.0,EN250,East
2025-12-10,537.0,308.0,308.0,0.0,229.0,3108.0,0.0,0.0,EN250,East
2025-12-11,3108.0,377.0,377.0,0.0,2731.0,2731.0,0.0,2879.0,EN250,East
2025-12-12,2731.0,403.0,403.0,0.0,2328.0,2328.0,2638.0,0.0,EN250,East
2025-12-13,2328.0,446.0,446.0,0.0,1882.0,4520.0,0.0,0.0,EN250,East
2025-12-14,1882.0,401.0,401.0,0.0,1481.0,4119.0,0.0,0.0,EN250,East
2025-12-15,1481.0,372.0,372.0,0.0,1109.0,3747.0,0.0,0.0,EN250,East
2025-12-16,1109.0,369.0,369.0,0.0,740.0,3378.0,0.0,0.0,EN250,East
2025-12-17,740.0,342.0,342.0,0.0,398.0,3036.0,0.0,0.0,EN250,East
2025-12-18,3036.0,441.0,441.0,0.0,2595.0,2595.0,0.0,2638.0,EN250,East
2025-12-19,2595.0,301.0,301.0,0.0,2294.0,2294.0,2672.0,0.0,EN250,East
2025-12-20,2294.0,463.0,463.0,0.0,1831.0,4503.0,0.0,0.0,EN250,East
2025-12-21,1831.0,447.0,447.0,0.0,1384.0,4056.0,0.0,0.0,EN250,East
2025-12-22,1384.0,379.0,379.0,0.0,1005.0,3677.0,0.0,0.0,EN250,East
2025-12-23,1005.0,306.0,306.0,0.0,699.0,3371.0,0.0,0.0,EN250,East
2025-12-24,699.0,348.0,348.0,0.0,351.0,3023.0,0.0,0.0,EN250,East
2025-12-25,3023.0,387.0,387.0,0.0,2636.0,2636.0,0.0,2672.0,EN250,East
2025-12-26,2636.0,411.0,411.0,0.0,2225.0,2225.0,2741.0,0.0,EN250,East
2025-12-27,2225.0,468.0,468.0,0.0,1757.0,4498.0,0.0,0.0,EN250,East
2025-12-28,1757.0,411.0,411.0,0.0,1346.0,4087.0,0.0,0.0,EN250,East
2025-12-29,1346.0,363.0,363.0,0.0,983.0,3724.0,0.0,0.0,EN250,East
2025-12-30,983.0,356.0,356.0,0.0,627.0,3368.0,0.0,0.0,EN250,East
2025-12-31,627.0,311.0,311.0,0.0,316.0,3057.0,0.0,0.0,EN250,East
2025-07-01,5583.0,395.0,395.0,0.0,5188.0,5188.0,0.0,0.0,EN250,North
2025-07-02,5188.0,435.0,435.0,0.0,4753.0,4753.0,0.0,0.0,EN250,North
2025-07-03,4753.0,374.0,374.0,0.0,4379.0,4379.0,0.0,0.0,EN250,North
2025-07-04,4379.0,433.0,433.0,0.0,3946.0,3946.0,0.0,0.0,EN250,North
2025-07-05,3946.0,442.0,442.0,0.0,3504.0,3504.0,0.0,0.0,EN250,North
2025-07-06,3504.0,444.0,444.0,0.0,3060.0,3060.0,0.0,0.0,EN250,North
2025-07-07,3060.0,363.0,363.0,0.0,2697.0,2697.0,2886.0,0.0,EN250,North
2025-07-08,2697.0,442.0,442.0,0.0,2255.0,5141.0,0.0,0.0,EN250,North
2025-07-09,2255.0,428.0,428.0,0.0,1827.0,4713.0,0.0,0.0,EN250,North
2025-07-10,1827.0,320.0,320.0,0.0,1507.0,4393.0,0.0,0.0,EN250,North
2025-07-11,1507.0,387.0,387.0,0.0,1120.0,4006.0,0.0,0.0,EN250,North
2025-07-12,1120.0,497.0,497.0,0.0,623.0,3509.0,0.0,0.0,EN250,North
2025-07-13,623.0,517.0,517.0,0.0,106.0,2992.0,0.0,0.0,EN250,North
2025-07-14,2992.0,400.0,400.0,0.0,2592.0,2592.0,2991.0,2886.0,EN250,North
2025-07-15,2592.0,396.0,396.0,0.0,2196.0,5187.0,0.0,0.0,EN250,North
2025-07-16,2196.0,457.0,457.0,0.0,1739.0,4730.0,0.0,0.0,EN250,North
2025-07-17,1739.0,394.0,394.0,0.0,1345.0,4336.0,0.0,0.0,EN250,North
2025-07-18,1345.0,396.0,396.0,0.0,949.0,3940.0,0.0,0.0,EN250,North
2025-07-19,949.0,428.0,428.0,0.0,521.0,3512.0,0.0,0.0,EN250,North
2025-07-20,521.0,544.0,521.0,23.0,0.0,2991.0,0.0,0.0,EN250,North
2025-07-21,2991.0,375.0,375.0,0.0,2616.0,2616.0,2967.0,2991.0,EN250,North
2025-07-22,2616.0,400.0,400.0,0.0,2216.0,5183.0,0.0,0.0,EN250,North
2025-07-23,2216.0,396.0,396.0,0.0,1820.0,4787.0,0.0,0.0,EN250,North
2025-07-24,1820.0,369.0,369.0,0.0,1451.0,4418.0,0.0,0.0,EN250,North
2025-07-25,1451.0,438.0,438.0,0.0,1013.0,3980.0,0.0,0.0,EN250,North
2025-07-26,1013.0,475.0,475.0,0.0,538.0,3505.0,0.0,0.0,EN250,North
2025-07-27,538.0,531.0,531.0,0.0,7.0,2974.0,0.0,0.0,EN250,North
2025-07-28,2974.0,388.0,388.0,0.0,2586.0,2586.0,2997.0,2967.0,EN250,North
2025-07-29,2586.0,377.0,377.0,0.0,2209.0,5206.0,0.0,0.0,EN250,North
2025-07-30,2209.0,475.0,475.0,0.0,1734.0,4731.0,0.0,0.0,EN250,North
2025-07-31,1734.0,429.0,429.0,0.0,1305.0,4302.0,0.0,0.0,EN250,North
2025-08-01,1305.0,422.0,422.0,0.0,883.0,3880.0,0.0,0.0,EN250,North
2025-08-02,883.0,391.0,391.0,0.0,492.0,3489.0,0.0,0.0,EN250,North
2025-08-03,492.0,388.0,388.0,0.0,104.0,3101.0,0.0,0.0,EN250,North
2025-08-04,3101.0,343.0,343.0,0.0,2758.0,2758.0,2825.0,2997.0,EN250,North
2025-08-05,2758.0,431.0,431.0,0.0,2327.0,5152.0,0.0,0.0,EN250,North
2025-08-06,2327.0,351.0,351.0,0.0,1976.0,4801.0,0.0,0.0,EN250,North
2025-08-07,1976.0,354.0,354.0,0.0,1622.0,4447.0,0.0,0.0,EN250,North
2025-08-08,1622.0,411.0,411.0,0.0,1211.0,4036.0,0.0,0.0,EN250,North
2025-08-09,1211.0,607.0,607.0,0.0,604.0,3429.0,0.0,0.0,EN250,North
2025-08-10,604.0,369.0,369.0,0.0,235.0,3060.0,0.0,0.0,EN250,North
2025-08-11,3060.0,350.0,350.0,0.0,2710.0,2710.0,2873.0,2825.0,EN250,North
2025-08-12,2710.0,510.0,510.0,0.0,2200.0,5073.0,0.0,0.0,EN250,North
2025-08-13,2200.0,341.0,341.0,0.0,1859.0,4732.0,0.0,0.0,EN250,North
2025-08-14,1859.0,348.0,348.0,0.0,1511.0,4384.0,0.0,0.0,EN250,North
2025-08-15,1511.0,494.0,494.0,0.0,1017.0,3890.0,0.0,0.0,EN250,North
2025-08-16,1017.0,411.0,411.0,0.0,606.0,3479.0,0.0,0.0,EN250,North
2025-08-17,606.0,448.0,448.0,0.0,158.0,3031.0,0.0,0.0,EN250,North
2025-08-18,3031.0,306.0,306.0,0.0,2725.0,2725.0,2858.0,2873.0,EN250,North
2025-08-19,2725.0,365.0,365.0,0.0,2360.0,5218.0,0.0,0.0,EN250,North
2025-08-20,2360.0,357.0,357.0,0.0,2003.0,4861.0,0.0,0.0,EN250,North
2025-08-21,2003.0,306.0,306.0,0.0,1697.0,4555.0,0.0,0.0,EN250,North
2025-08-22,1697.0,416.0,416.0,0.0,1281.0,4139.0,0.0,0.0,EN250,North
2025-08-23,1281.0,496.0,496.0,0.0,785.0,3643.0,0.0,0.0,EN250,North
2025-08-24,785.0,445.0,445.0,0.0,340.0,3198.0,0.0,0.0,EN250,North
2025-08-25,3198.0,319.0,319.0,0.0,2879.0,2879.0,0.0,2858.0,EN250,North
2025-08-26,2879.0,314.0,314.0,0.0,2565.0,2565.0,3018.0,0.0,EN250,North
2025-08-27,2565.0,394.0,394.0,0.0,2171.0,5189.0,0.0,0.0,EN250,North
2025-08-28,2171.0,357.0,357.0,0.0,1814.0,4832.0,0.0,0.0,EN250,North
2025-08-29,1814.0,274.0,274.0,0.0,1540.0,4558.0,0.0,0.0,EN250,North
2025-08-30,1540.0,433.0,433.0,0.0,1107.0,4125.0,0.0,0.0,EN250,North
2025-08-31,1107.0,321.0,321.0,0.0,786.0,3804.0,0.0,0.0,EN250,North
2025-09-01,786.0,332.0,332.0,0.0,454.0,3472.0,0.0,0.0,EN250,North
2025-09-02,3472.0,402.0,402.0,0.0,3070.0,3070.0,0.0,3018.0,EN250,North
2025-09-03,3070.0,373.0,373.0,0.0,2697.0,2697.0,2886.0,0.0,EN250,North
2025-09-04,2697.0,378.0,378.0,0.0,2319.0,5205.0,0.0,0.0,EN250,North
2025-09-05,2319.0,373.0,373.0,0.0,1946.0,4832.0,0.0,0.0,EN250,North
2025-09-06,1946.0,521.0,521.0,0.0,1425.0,4311.0,0.0,0.0,EN250,North
2025-09-07,1425.0,569.0,569.0,0.0,856.0,3742.0,0.0,0.0,EN250,North
2025-09-08,856.0,483.0,483.0,0.0,373.0,3259.0,0.0,0.0,EN250,North
2025-09-09,373.0,360.0,360.0,0.0,13.0,2899.0,0.0,0.0,EN250,North
2025-09-10,2899.0,355.0,355.0,0.0,2544.0,2544.0,3039.0,2886.0,EN250,North
2025-09-11,2544.0,326.0,326.0,0.0,2218.0,5257.0,0.0,0.0,EN250,North
2025-09-12,2218.0,376.0,376.0,0.0,1842.0,4881.0,0.0,0.0,EN250,North
2025-09-13,1842.0,395.0,395.0,0.0,1447.0,4486.0,0.0,0.0,EN250,North
2025-09-14,1447.0,434.0,434.0,0.0,1013.0,4052.0,0.0,0.0,EN250,North
2025-09-15,1013.0,296.0,296.0,0.0,717.0,3756.0,0.0,0.0,EN250,North
2025-09-16,717.0,412.0,412.0,0.0,305.0,3344.0,0.0,0.0,EN250,North
2025-09-17,3344.0,312.0,312.0,0.0,3032.0,3032.0,0.0,3039.0,EN250,North
2025-09-18,3032.0,374.0,374.0,0.0,2658.0,2658.0,2925.0,0.0,EN250,North
2025-09-19,2658.0,375.0,375.0,0.0,2283.0,5208.0,0.0,0.0,EN250,North
2025-09-20,2283.0,367.0,367.0,0.0,1916.0,4841.0,0.0,0.0,EN250,North
2025-09-21,1916.0,454.0,454.0,0.0,1462.0,4387.0,0.0,0.0,EN250,North
2025-09-22,1462.0,521.0,521.0,0.0,941.0,3866.0,0.0,0.0,EN250,North
2025-09-23,941.0,304.0,304.0,0.0,637.0,3562.0,0.0,0.0,EN250,North
2025-09-24,637.0,349.0,349.0,0.0,288.0,3213.0,0.0,0.0,EN250,North
2025-09-25,3213.0,395.0,395.0,0.0,2818.0,2818.0,2765.0,2925.0,EN250,North
2025-09-26,2818.0,349.0,349.0,0.0,2469.0,5234.0,0.0,0.0,EN250,North
2025-09-27,2469.0,414.0,414.0,0.0,2055.0,4820.0,0.0,0.0,EN250,North
2025-09-28,2055.0,387.0,387.0,0.0,1668.0,4433.0,0.0,0.0,EN250,North
2025-09-29,1668.0,287.0,287.0,0.0,1381.0,4146.0,0.0,0.0,EN250,North
2025-09-30,1381.0,304.0,304.0,0.0,1077.0,3842.0,0.0,0.0,EN250,North
2025-10-01,1077.0,463.0,463.0,0.0,614.0,3379.0,0.0,0.0,EN250,North
2025-10-02,3379.0,480.0,480.0,0.0,2899.0,2899.0,0.0,2765.0,EN250,North
2025-10-03,2899.0,344.0,344.0,0.0,2555.0,2555.0,3028.0,0.0,EN250,North
2025-10-04,2555.0,384.0,384.0,0.0,2171.0,5199.0,0.0,0.0,EN250,North
2025-10-05,2171.0,526.0,526.0,0.0,1645.0,4673.0,0.0,0.0,EN250,North
2025-10-06,1645.0,365.0,365.0,0.0,1280.0,4308.0,0.0,0.0,EN250,North
2025-10-07,1280.0,347.0,347.0,0.0,933.0,3961.0,0.0,0.0,EN250,North
2025-10-08,933.0,318.0,318.0,0.0,615.0,3643.0,0.0,0.0,EN250,North
2025-10-09,615.0,368.0,368.0,0.0,247.0,3275.0,0.0,0.0,EN250,North
2025-10-10,3275.0,482.0,482.0,0.0,2793.0,2793.0,2790.0,3028.0,EN250,North
2025-10-11,2793.0,412.0,412.0,0.0,2381.0,5171.0,0.0,0.0,EN250,North
2025-10-12,2381.0,386.0,386.0,0.0,1995.0,4785.0,0.0,0.0,EN250,North
2025-10-13,1995.0,344.0,344.0,0.0,1651.0,4441.0,0.0,0.0,EN250,North
2025-10-14,1651.0,446.0,446.0,0.0,1205.0,3995.0,0.0,0.0,EN250,North
2025-10-15,1205.0,340.0,340.0,0.0,865.0,3655.0,0.0,0.0,EN250,North
2025-10-16,865.0,497.0,497.0,0.0,368.0,3158.0,0.0,0.0,EN250,North
2025-10-17,3158.0,331.0,331.0,0.0,2827.0,2827.0,2756.0,2790.0,EN250,North
2025-10-18,2827.0,519.0,519.0,0.0,2308.0,5064.0,0.0,0.0,EN250,North
2025-10-19,2308.0,386.0,386.0,0.0,1922.0,4678.0,0.0,0.0,EN250,North
2025-10-20,1922.0,541.0,541.0,0.0,1381.0,4137.0,0.0,0.0,EN250,North
2025-10-21,1381.0,315.0,315.0,0.0,1066.0,3822.0,0.0,0.0,EN250,North
2025-10-22,1066.0,321.0,321.0,0.0,745.0,3501.0,0.0,0.0,EN250,North
2025-10-23,745.0,308.0,308.0,0.0,437.0,3193.0,0.0,0.0,EN250,North
2025-10-24,3193.0,310.0,310.0,0.0,2883.0,2883.0,0.0,2756.0,EN250,North
2025-10-25,2883.0,415.0,415.0,0.0,2468.0,2468.0,3115.0,0.0,EN250,North
2025-10-26,2468.0,417.0,417.0,0.0,2051.0,5166.0,0.0,0.0,EN250,North
2025-10-27,2051.0,367.0,367.0,0.0,1684.0,4799.0,0.0,0.0,EN250,North
2025-10-28,1684.0,325.0,325.0,0.0,1359.0,4474.0,0.0,0.0,EN250,North
2025-10-29,1359.0,330.0,330.0,0.0,1029.0,4144.0,0.0,0.0,EN250,North
2025-10-30,1029.0,368.0,368.0,0.0,661.0,3776.0,0.0,0.0,EN250,North
2025-10-31,661.0,377.0,377.0,0.0,284.0,3399.0,0.0,0.0,EN250,North
2025-11-01,3399.0,400.0,400.0,0.0,2999.0,2999.0,0.0,3115.0,EN250,North
2025-11-02,2999.0,436.0,436.0,0.0,2563.0,2563.0,3020.0,0.0,EN250,North
2025-11-03,2563.0,368.0,368.0,0.0,2195.0,5215.0,0.0,0.0,EN250,North
2025-11-04,2195.0,321.0,321.0,0.0,1874.0,4894.0,0.0,0.0,EN250,North
2025-11-05,1874.0,314.0,314.0,0.0,1560.0,4580.0,0.0,0.0,EN250,North
2025-11-06,1560.0,397.0,397.0,0.0,1163.0,4183.0,0.0,0.0,EN250,North
2025-11-07,1163.0,400.0,400.0,0.0,763.0,3783.0,0.0,0.0,EN250,North
2025-11-08,763.0,407.0,407.0,0.0,356.0,3376.0,0.0,0.0,EN250,North
2025-11-09,3376.0,413.0,413.0,0.0,2963.0,2963.0,0.0,3020.0,EN250,North
2025-11-10,2963.0,362.0,362.0,0.0,2601.0,2601.0,2982.0,0.0,EN250,North
2025-11-11,2601.0,299.0,299.0,0.0,2302.0,5284.0,0.0,0.0,EN250,North
2025-11-12,2302.0,395.0,395.0,0.0,1907.0,4889.0,0.0,0.0,EN250,North
2025-11-13,1907.0,350.0,350.0,0.0,1557.0,4539.0,0.0,0.0,EN250,North
2025-11-14,1557.0,431.0,431.0,0.0,1126.0,4108.0,0.0,0.0,EN250,North
2025-11-15,1126.0,431.0,431.0,0.0,695.0,3677.0,0.0,0.0,EN250,North
2025-11-16,695.0,459.0,459.0,0.0,236.0,3218.0,0.0,0.0,EN250,North
2025-11-17,3218.0,318.0,318.0,0.0,2900.0,2900.0,0.0,2982.0,EN250,North
2025-11-18,2900.0,384.0,384.0,0.0,2516.0,2516.0,3067.0,0.0,EN250,North
2025-11-19,2516.0,451.0,451.0,0.0,2065.0,5132.0,0.0,0.0,EN250,North
2025-11-20,2065.0,349.0,349.0,0.0,1716.0,4783.0,0.0,0.0,EN250,North
2025-11-21,1716.0,360.0,360.0,0.0,1356.0,4423.0,0.0,0.0,EN250,North
2025-11-22,1356.0,416.0,416.0,0.0,940.0,4007.0,0.0,0.0,EN250,North
2025-11-23,940.0,420.0,420.0,0.0,520.0,3587.0,0.0,0.0,EN250,North
2025-11-24,520.0,387.0,387.0,0.0,133.0,3200.0,0.0,0.0,EN250,North
2025-11-25,3200.0,421.0,421.0,0.0,2779.0,2779.0,2804.0,3067.0,EN250,North
2025-11-26,2779.0,443.0,443.0,0.0,2336.0,5140.0,0.0,0.0,EN250,North
2025-11-27,2336.0,363.0,363.0,0.0,1973.0,4777.0,0.0,0.0,EN250,North
2025-11-28,1973.0,345.0,345.0,0.0,1628.0,4432.0,0.0,0.0,EN250,North
2025-11-29,1628.0,464.0,464.0,0.0,1164.0,3968.0,0.0,0.0,EN250,North
2025-11-30,1164.0,444.0,444.0,0.0,720.0,3524.0,0.0,0.0,EN250,North
2025-12-01,720.0,371.0,371.0,0.0,349.0,3153.0,0.0,0.0,EN250,North
2025-12-02,3153.0,339.0,339.0,0.0,2814.0,2814.0,2769.0,2804.0,EN250,North
2025-12-03,2814.0,321.0,321.0,0.0,2493.0,5262.0,0.0,0.0,EN250,North
2025-12-04,2493.0,367.0,367.0,0.0,2126.0,4895.0,0.0,0.0,EN250,North
2025-12-05,2126.0,377.0,377.0,0.0,1749.0,4518.0,0.0,0.0,EN250,North
2025-12-06,1749.0,421.0,421.0,0.0,1328.0,4097.0,0.0,0.0,EN250,North
2025-12-07,1328.0,315.0,315.0,0.0,1013.0,3782.0,0.0,0.0,EN250,North
2025-12-08,1013.0,381.0,381.0,0.0,632.0,3401.0,0.0,0.0,EN250,North
2025-12-09,3401.0,380.0,380.0,0.0,3021.0,3021.0,0.0,2769.0,EN250,North
2025-12-10,3021.0,359.0,359.0,0.0,2662.0,2662.0,2921.0,0.0,EN250,North
2025-12-11,2662.0,309.0,309.0,0.0,2353.0,5274.0,0.0,0.0,EN250,North
2025-12-12,2353.0,322.0,322.0,0.0,2031.0,4952.0,0.0,0.0,EN250,North
2025-12-13,2031.0,407.0,407.0,0.0,1624.0,4545.0,0.0,0.0,EN250,North
2025-12-14,1624.0,365.0,365.0,0.0,1259.0,4180.0,0.0,0.0,EN250,North
2025-12-15,1259.0,397.0,397.0,0.0,862.0,3783.0,0.0,0.0,EN250,North
2025-12-16,862.0,370.0,370.0,0.0,492.0,3413.0,0.0,0.0,EN250,North
2025-12-17,3413.0,314.0,314.0,0.0,3099.0,3099.0,0.0,2921.0,EN250,North
2025-12-18,3099.0,351.0,351.0,0.0,2748.0,2748.0,2835.0,0.0,EN250,North
2025-12-19,2748.0,447.0,447.0,0.0,2301.0,5136.0,0.0,0.0,EN250,North
2025-12-20,2301.0,419.0,419.0,0.0,1882.0,4717.0,0.0,0.0,EN250,North
2025-12-21,1882.0,348.0,348.0,0.0,1534.0,4369.0,0.0,0.0,EN250,North
2025-12-22,1534.0,304.0,304.0,0.0,1230.0,4065.0,0.0,0.0,EN250,North
2025-12-23,1230.0,350.0,350.0,0.0,880.0,3715.0,0.0,0.0,EN250,North
2025-12-24,880.0,428.0,428.0,0.0,452.0,3287.0,0.0,0.0,EN250,North
2025-12-25,3287.0,428.0,428.0,0.0,2859.0,2859.0,2724.0,2835.0,EN250,North
2025-12-26,2859.0,415.0,415.0,0.0,2444.0,5168.0,0.0,0.0,EN250,North
2025-12-27,2444.0,370.0,370.0,0.0,2074.0,4798.0,0.0,0.0,EN250,North
2025-12-28,2074.0,433.0,433.0,0.0,1641.0,4365.0,0.0,0.0,EN250,North
2025-12-29,1641.0,392.0,392.0,0.0,1249.0,3973.0,0.0,0.0,EN250,North
2025-12-30,1249.0,386.0,386.0,0.0,863.0,3587.0,0.0,0.0,EN250,North
2025-12-31,863.0,464.0,464.0,0.0,399.0,3123.0,0.0,0.0,EN250,North
2025-07-01,7665.0,474.0,474.0,0.0,7191.0,7191.0,0.0,0.0,EN250,South
2025-07-02,7191.0,564.0,564.0,0.0,6627.0,6627.0,0.0,0.0,EN250,South
2025-07-03,6627.0,444.0,444.0,0.0,6183.0,6183.0,0.0,0.0,EN250,South
2025-07-04,6183.0,449.0,449.0,0.0,5734.0,5734.0,0.0,0.0,EN250,South
2025-07-05,5734.0,560.0,560.0,0.0,5174.0,5174.0,0.0,0.0,EN250,South
2025-07-06,5174.0,550.0,550.0,0.0,4624.0,4624.0,0.0,0.0,EN250,South
2025-07-07,4624.0,469.0,469.0,0.0,4155.0,4155.0,3510.0,0.0,EN250,South
2025-07-08,4155.0,446.0,446.0,0.0,3709.0,7219.0,0.0,0.0,EN250,South
2025-07-09,3709.0,390.0,390.0,0.0,3319.0,6829.0,0.0,0.0,EN250,South
2025-07-10,3319.0,468.0,468.0,0.0,2851.0,6361.0,0.0,0.0,EN250,South
2025-07-11,2851.0,400.0,400.0,0.0,2451.0,5961.0,0.0,0.0,EN250,South
2025-07-12,2451.0,464.0,464.0,0.0,1987.0,5497.0,0.0,0.0,EN250,South
2025-07-13,1987.0,617.0,617.0,0.0,1370.0,4880.0,0.0,0.0,EN250,South
2025-07-14,1370.0,405.0,405.0,0.0,965.0,4475.0,3190.0,0.0,EN250,South
2025-07-15,965.0,465.0,465.0,0.0,500.0,7200.0,0.0,0.0,EN250,South
2025-07-16,500.0,466.0,466.0,0.0,34.0,6734.0,0.0,0.0,EN250,South
2025-07-17,3544.0,466.0,466.0,0.0,3078.0,6268.0,0.0,3510.0,EN250,South
2025-07-18,3078.0,445.0,445.0,0.0,2633.0,5823.0,0.0,0.0,EN250,South
2025-07-19,2633.0,588.0,588.0,0.0,2045.0,5235.0,0.0,0.0,EN250,South
2025-07-20,2045.0,536.0,536.0,0.0,1509.0,4699.0,0.0,0.0,EN250,South
2025-07-21,1509.0,417.0,417.0,0.0,1092.0,4282.0,3383.0,0.0,EN250,South
2025-07-22,1092.0,385.0,385.0,0.0,707.0,7280.0,0.0,0.0,EN250,South
2025-07-23,707.0,397.0,397.0,0.0,310.0,6883.0,0.0,0.0,EN250,South
2025-07-24,3500.0,460.0,460.0,0.0,3040.0,6423.0,0.0,3190.0,EN250,South
2025-07-25,3040.0,370.0,370.0,0.0,2670.0,6053.0,0.0,0.0,EN250,South
2025-07-26,2670.0,537.0,537.0,0.0,2133.0,5516.0,0.0,0.0,EN250,South
2025-07-27,2133.0,523.0,523.0,0.0,1610.0,4993.0,0.0,0.0,EN250,South
2025-07-28,1610.0,586.0,586.0,0.0,1024.0,4407.0,3258.0,0.0,EN250,South
2025-07-29,1024.0,425.0,425.0,0.0,599.0,7240.0,0.0,0.0,EN250,South
2025-07-30,599.0,408.0,408.0,0.0,191.0,6832.0,0.0,0.0,EN250,South
2025-07-31,3574.0,417.0,417.0,0.0,3157.0,6415.0,0.0,3383.0,EN250,South
2025-08-01,3157.0,387.0,387.0,0.0,2770.0,6028.0,0.0,0.0,EN250,South
2025-08-02,2770.0,475.0,475.0,0.0,2295.0,5553.0,0.0,0.0,EN250,South
2025-08-03,2295.0,511.0,511.0,0.0,1784.0,5042.0,0.0,0.0,EN250,South
2025-08-04,1784.0,335.0,335.0,0.0,1449.0,4707.0,0.0,0.0,EN250,South
2025-08-05,1449.0,379.0,379.0,0.0,1070.0,4328.0,3337.0,0.0,EN250,South
2025-08-06,1070.0,376.0,376.0,0.0,694.0,7289.0,0.0,0.0,EN250,South
2025-08-07,3952.0,376.0,376.0,0.0,3576.0,6913.0,0.0,3258.0,EN250,South
2025-08-08,3576.0,464.0,464.0,0.0,3112.0,6449.0,0.0,0.0,EN250,South
2025-08-09,3112.0,498.0,498.0,0.0,2614.0,5951.0,0.0,0.0,EN250,South
2025-08-10,2614.0,435.0,435.0,0.0,2179.0,5516.0,0.0,0.0,EN250,South
2025-08-11,2179.0,407.0,407.0,0.0,1772.0,5109.0,0.0,0.0,EN250,South
2025-08-12,1772.0,350.0,350.0,0.0,1422.0,4759.0,0.0,0.0,EN250,South
2025-08-13,1422.0,313.0,313.0,0.0,1109.0,4446.0,3219.0,0.0,EN250,South
2025-08-14,1109.0,385.0,385.0,0.0,724.0,7280.0,0.0,0.0,EN250,South
2025-08-15,4061.0,425.0,425.0,0.0,3636.0,6855.0,0.0,3337.0,EN250,South
2025-08-16,3636.0,457.0,457.0,0.0,3179.0,6398.0,0.0,0.0,EN250,South
2025-08-17,3179.0,453.0,453.0,0.0,2726.0,5945.0,0.0,0.0,EN250,South
2025-08-18,2726.0,297.0,297.0,0.0,2429.0,5648.0,0.0,0.0,EN250,South
2025-08-19,2429.0,408.0,408.0,0.0,2021.0,5240.0,0.0,0.0,EN250,South
2025-08-20,2021.0,353.0,353.0,0.0,1668.0,4887.0,0.0,0.0,EN250,South
2025-08-21,1668.0,418.0,418.0,0.0,1250.0,4469.0,3196.0,0.0,EN250,South
2025-08-22,1250.0,522.0,522.0,0.0,728.0,7143.0,0.0,0.0,EN250,South
2025-08-23,3947.0,442.0,442.0,0.0,3505.0,6701.0,0.0,3219.0,EN250,South
2025-08-24,3505.0,430.0,430.0,0.0,3075.0,6271.0,0.0,0.0,EN250,South
2025-08-25,3075.0,332.0,332.0,0.0,2743.0,5939.0,0.0,0.0,EN250,South
2025-08-26,2743.0,397.0,397.0,0.0,2346.0,5542.0,0.0,0.0,EN250,South
2025-08-27,2346.0,303.0,303.0,0.0,2043.0,5239.0,0.0,0.0,EN250,South
2025-08-28,2043.0,315.0,315.0,0.0,1728.0,4924.0,0.0,0.0,EN250,South
2025-08-29,1728.0,366.0,366.0,0.0,1362.0,4558.0,3107.0,0.0,EN250,South
2025-08-30,1362.0,636.0,636.0,0.0,726.0,7029.0,0.0,0.0,EN250,South
2025-08-31,3922.0,497.0,497.0,0.0,3425.0,6532.0,0.0,3196.0,EN250,South
2025-09-01,3425.0,415.0,415.0,0.0,3010.0,6117.0,0.0,0.0,EN250,South
2025-09-02,3010.0,443.0,443.0,0.0,2567.0,5674.0,0.0,0.0,EN250,South
2025-09-03,2567.0,414.0,414.0,0.0,2153.0,5260.0,0.0,0.0,EN250,South
2025-09-04,2153.0,338.0,338.0,0.0,1815.0,4922.0,0.0,0.0,EN250,South
2025-09-05,1815.0,407.0,407.0,0.0,1408.0,4515.0,3150.0,0.0,EN250,South
2025-09-06,1408.0,480.0,480.0,0.0,928.0,7185.0,0.0,0.0,EN250,South
2025-09-07,928.0,565.0,565.0,0.0,363.0,6620.0,0.0,0.0,EN250,South
2025-09-08,3470.0,398.0,398.0,0.0,3072.0,6222.0,0.0,3107.0,EN250,South
2025-09-09,3072.0,371.0,371.0,0.0,2701.0,5851.0,0.0,0.0,EN250,South
2025-09-10,2701.0,413.0,413.0,0.0,2288.0,5438.0,0.0,0.0,EN250,South
2025-09-11,2288.0,396.0,396.0,0.0,1892.0,5042.0,0.0,0.0,EN250,South
2025-09-12,1892.0,372.0,372.0,0.0,1520.0,4670.0,0.0,0.0,EN250,South
2025-09-13,1520.0,542.0,542.0,0.0,978.0,4128.0,3537.0,0.0,EN250,South
2025-09-14,978.0,453.0,453.0,0.0,525.0,7212.0,0.0,0.0,EN250,South
2025-09-15,3675.0,510.0,510.0,0.0,3165.0,6702.0,0.0,3150.0,EN250,South
2025-09-16,3165.0,459.0,459.0,0.0,2706.0,6243.0,0.0,0.0,EN250,South
2025-09-17,2706.0,366.0,366.0,0.0,2340.0,5877.0,0.0,0.0,EN250,South
2025-09-18,2340.0,347.0,347.0,0.0,1993.0,5530.0,0.0,0.0,EN250,South
2025-09-19,1993.0,424.0,424.0,0.0,1569.0,5106.0,0.0,0.0,EN250,South
2025-09-20,1569.0,584.0,584.0,0.0,985.0,4522.0,3143.0,0.0,EN250,South
2025-09-21,985.0,530.0,530.0,0.0,455.0,7135.0,0.0,0.0,EN250,South
2025-09-22,455.0,418.0,418.0,0.0,37.0,6717.0,0.0,0.0,EN250,South
2025-09-23,3574.0,445.0,445.0,0.0,3129.0,6272.0,0.0,3537.0,EN250,South
2025-09-24,3129.0,404.0,404.0,0.0,2725.0,5868.0,0.0,0.0,EN250,South
2025-09-25,2725.0,352.0,352.0,0.0,2373.0,5516.0,0.0,0.0,EN250,South
2025-09-26,2373.0,358.0,358.0,0.0,2015.0,5158.0,0.0,0.0,EN250,South
2025-09-27,2015.0,460.0,460.0,0.0,1555.0,4698.0,0.0,0.0,EN250,South
2025-09-28,1555.0,423.0,423.0,0.0,1132.0,4275.0,3390.0,0.0,EN250,South
2025-09-29,1132.0,402.0,402.0,0.0,730.0,7263.0,0.0,0.0,EN250,South
2025-09-30,3873.0,584.0,584.0,0.0,3289.0,6679.0,0.0,3143.0,EN250,South
2025-10-01,3289.0,404.0,404.0,0.0,2885.0,6275.0,0.0,0.0,EN250,South
2025-10-02,2885.0,546.0,546.0,0.0,2339.0,5729.0,0.0,0.0,EN250,South
2025-10-03,2339.0,464.0,464.0,0.0,1875.0,5265.0,0.0,0.0,EN250,South
2025-10-04,1875.0,415.0,415.0,0.0,1460.0,4850.0,0.0,0.0,EN250,South
2025-10-05,1460.0,531.0,531.0,0.0,929.0,4319.0,3346.0,0.0,EN250,South
2025-10-06,929.0,369.0,369.0,0.0,560.0,7296.0,0.0,0.0,EN250,South
2025-10-07,560.0,441.0,441.0,0.0,119.0,6855.0,0.0,0.0,EN250,South
2025-10-08,3509.0,408.0,408.0,0.0,3101.0,6447.0,0.0,3390.0,EN250,South
2025-10-09,3101.0,514.0,514.0,0.0,2587.0,5933.0,0.0,0.0,EN250,South
2025-10-10,2587.0,411.0,411.0,0.0,2176.0,5522.0,0.0,0.0,EN250,South
2025-10-11,2176.0,510.0,510.0,0.0,1666.0,5012.0,0.0,0.0,EN250,South
2025-10-12,1666.0,546.0,546.0,0.0,1120.0,4466.0,3199.0,0.0,EN250,South
2025-10-13,1120.0,410.0,410.0,0.0,710.0,7255.0,0.0,0.0,EN250,South
2025-10-14,710.0,416.0,416.0,0.0,294.0,6839.0,0.0,0.0,EN250,South
2025-10-15,3640.0,426.0,426.0,0.0,3214.0,6413.0,0.0,3346.0,EN250,South
2025-10-16,3214.0,431.0,431.0,0.0,2783.0,5982.0,0.0,0.0,EN250,South
2025-10-17,2783.0,367.0,367.0,0.0,2416.0,5615.0,0.0,0.0,EN250,South
2025-10-18,2416.0,527.0,527.0,0.0,1889.0,5088.0,0.0,0.0,EN250,South
2025-10-19,1889.0,362.0,362.0,0.0,1527.0,4726.0,0.0,0.0,EN250,South
2025-10-20,1527.0,424.0,424.0,0.0,1103.0,4302.0,3363.0,0.0,EN250,South
2025-10-21,1103.0,425.0,425.0,0.0,678.0,7240.0,0.0,0.0,EN250,South
2025-10-22,3877.0,372.0,372.0,0.0,3505.0,6868.0,0.0,3199.0,EN250,South
2025-10-23,3505.0,436.0,436.0,0.0,3069.0,6432.0,0.0,0.0,EN250,South
2025-10-24,3069.0,374.0,374.0,0.0,2695.0,6058.0,0.0,0.0,EN250,South
2025-10-25,2695.0,449.0,449.0,0.0,2246.0,5609.0,0.0,0.0,EN250,South
2025-10-26,2246.0,496.0,496.0,0.0,1750.0,5113.0,0.0,0.0,EN250,South
2025-10-27,1750.0,461.0,461.0,0.0,1289.0,4652.0,0.0,0.0,EN250,South
2025-10-28,1289.0,515.0,515.0,0.0,774.0,4137.0,3528.0,0.0,EN250,South
2025-10-29,774.0,353.0,353.0,0.0,421.0,7312.0,0.0,0.0,EN250,South
2025-10-30,3784.0,378.0,378.0,0.0,3406.0,6934.0,0.0,3363.0,EN250,South
2025-10-31,3406.0,342.0,342.0,0.0,3064.0,6592.0,0.0,0.0,EN250,South
2025-11-01,3064.0,439.0,439.0,0.0,2625.0,6153.0,0.0,0.0,EN250,South
2025-11-02,2625.0,561.0,561.0,0.0,2064.0,5592.0,0.0,0.0,EN250,South
2025-11-03,2064.0,508.0,508.0,0.0,1556.0,5084.0,0.0,0.0,EN250,South
2025-11-04,1556.0,303.0,303.0,0.0,1253.0,4781.0,0.0,0.0,EN250,South
2025-11-05,1253.0,353.0,353.0,0.0,900.0,4428.0,3237.0,0.0,EN250,South
2025-11-06,900.0,426.0,426.0,0.0,474.0,7239.0,0.0,0.0,EN250,South
2025-11-07,4002.0,374.0,374.0,0.0,3628.0,6865.0,0.0,3528.0,EN250,South
2025-11-08,3628.0,509.0,509.0,0.0,3119.0,6356.0,0.0,0.0,EN250,South
2025-11-09,3119.0,477.0,477.0,0.0,2642.0,5879.0,0.0,0.0,EN250,South
2025-11-10,2642.0,483.0,483.0,0.0,2159.0,5396.0,0.0,0.0,EN250,South
2025-11-11,2159.0,453.0,453.0,0.0,1706.0,4943.0,0.0,0.0,EN250,South
2025-11-12,1706.0,412.0,412.0,0.0,1294.0,4531.0,3134.0,0.0,EN250,South
2025-11-13,1294.0,354.0,354.0,0.0,940.0,7311.0,0.0,0.0,EN250,South
2025-11-14,940.0,437.0,437.0,0.0,503.0,6874.0,0.0,0.0,EN250,South
2025-11-15,3740.0,448.0,448.0,0.0,3292.0,6426.0,0.0,3237.0,EN250,South
2025-11-16,3292.0,461.0,461.0,0.0,2831.0,5965.0,0.0,0.0,EN250,South
2025-11-17,2831.0,487.0,487.0,0.0,2344.0,5478.0,0.0,0.0,EN250,South
2025-11-18,2344.0,420.0,420.0,0.0,1924.0,5058.0,0.0,0.0,EN250,South
2025-11-19,1924.0,448.0,448.0,0.0,1476.0,4610.0,3055.0,0.0,EN250,South
2025-11-20,1476.0,383.0,383.0,0.0,1093.0,7282.0,0.0,0.0,EN250,South
2025-11-21,1093.0,404.0,404.0,0.0,689.0,6878.0,0.0,0.0,EN250,South
2025-11-22,3823.0,484.0,484.0,0.0,3339.0,6394.0,0.0,3134.0,EN250,South
2025-11-23,3339.0,514.0,514.0,0.0,2825.0,5880.0,0.0,0.0,EN250,South
2025-11-24,2825.0,385.0,385.0,0.0,2440.0,5495.0,0.0,0.0,EN250,South
2025-11-25,2440.0,623.0,623.0,0.0,1817.0,4872.0,0.0,0.0,EN250,South
2025-11-26,1817.0,409.0,409.0,0.0,1408.0,4463.0,3202.0,0.0,EN250,South
2025-11-27,1408.0,338.0,338.0,0.0,1070.0,7327.0,0.0,0.0,EN250,South
2025-11-28,1070.0,431.0,431.0,0.0,639.0,6896.0,0.0,0.0,EN250,South
2025-11-29,3694.0,464.0,464.0,0.0,3230.0,6432.0,0.0,3055.0,EN250,South
2025-11-30,3230.0,570.0,570.0,0.0,2660.0,5862.0,0.0,0.0,EN250,South
2025-12-01,2660.0,465.0,465.0,0.0,2195.0,5397.0,0.0,0.0,EN250,South
2025-12-02,2195.0,381.0,381.0,0.0,1814.0,5016.0,0.0,0.0,EN250,South
2025-12-03,1814.0,447.0,447.0,0.0,1367.0,4569.0,3096.0,0.0,EN250,South
2025-12-04,1367.0,460.0,460.0,0.0,907.0,7205.0,0.0,0.0,EN250,South
2025-12-05,907.0,371.0,371.0,0.0,536.0,6834.0,0.0,0.0,EN250,South
2025-12-06,3738.0,513.0,513.0,0.0,3225.0,6321.0,0.0,3202.0,EN250,South
2025-12-07,3225.0,447.0,447.0,0.0,2778.0,5874.0,0.0,0.0,EN250,South
2025-12-08,2778.0,417.0,417.0,0.0,2361.0,5457.0,0.0,0.0,EN250,South
2025-12-09,2361.0,401.0,401.0,0.0,1960.0,5056.0,0.0,0.0,EN250,South
2025-12-10,1960.0,418.0,418.0,0.0,1542.0,4638.0,0.0,0.0,EN250,South
2025-12-11,1542.0,433.0,433.0,0.0,1109.0,4205.0,3460.0,0.0,EN250,South
2025-12-12,1109.0,370.0,370.0,0.0,739.0,7295.0,0.0,0.0,EN250,South
2025-12-13,3835.0,443.0,443.0,0.0,3392.0,6852.0,0.0,3096.0,EN250,South
2025-12-14,3392.0,413.0,413.0,0.0,2979.0,6439.0,0.0,0.0,EN250,South
2025-12-15,2979.0,374.0,374.0,0.0,2605.0,6065.0,0.0,0.0,EN250,South
2025-12-16,2605.0,485.0,485.0,0.0,2120.0,5580.0,0.0,0.0,EN250,South
2025-12-17,2120.0,400.0,400.0,0.0,1720.0,5180.0,0.0,0.0,EN250,South
2025-12-18,1720.0,354.0,354.0,0.0,1366.0,4826.0,0.0,0.0,EN250,South
2025-12-19,1366.0,422.0,422.0,0.0,944.0,4404.0,3261.0,0.0,EN250,South
2025-12-20,944.0,429.0,429.0,0.0,515.0,7236.0,0.0,0.0,EN250,South
2025-12-21,3975.0,521.0,521.0,0.0,3454.0,6715.0,0.0,3460.0,EN250,South
2025-12-22,3454.0,427.0,427.0,0.0,3027.0,6288.0,0.0,0.0,EN250,South
2025-12-23,3027.0,368.0,368.0,0.0,2659.0,5920.0,0.0,0.0,EN250,South
2025-12-24,2659.0,432.0,432.0,0.0,2227.0,5488.0,0.0,0.0,EN250,South
2025-12-25,2227.0,532.0,532.0,0.0,1695.0,4956.0,0.0,0.0,EN250,South
2025-12-26,1695.0,437.0,437.0,0.0,1258.0,4519.0,3146.0,0.0,EN250,South
2025-12-27,1258.0,467.0,467.0,0.0,791.0,7198.0,0.0,0.0,EN250,South
2025-12-28,791.0,490.0,490.0,0.0,301.0,6708.0,0.0,0.0,EN250,South
2025-12-29,3562.0,373.0,373.0,0.0,3189.0,6335.0,0.0,3261.0,EN250,South
2025-12-30,3189.0,439.0,439.0,0.0,2750.0,5896.0,0.0,0.0,EN250,South
2025-12-31,2750.0,307.0,307.0,0.0,2443.0,5589.0,0.0,0.0,EN250,South
2025-07-01,7396.0,463.0,463.0,0.0,6933.0,6933.0,0.0,0.0,EN250,West
2025-07-02,6933.0,452.0,452.0,0.0,6481.0,6481.0,0.0,0.0,EN250,West
2025-07-03,6481.0,413.0,413.0,0.0,6068.0,6068.0,0.0,0.0,EN250,West
2025-07-04,6068.0,442.0,442.0,0.0,5626.0,5626.0,0.0,0.0,EN250,West
2025-07-05,5626.0,555.0,555.0,0.0,5071.0,5071.0,0.0,0.0,EN250,West
2025-07-06,5071.0,509.0,509.0,0.0,4562.0,4562.0,0.0,0.0,EN250,West
2025-07-07,4562.0,363.0,363.0,0.0,4199.0,4199.0,3197.0,0.0,EN250,West
2025-07-08,4199.0,480.0,480.0,0.0,3719.0,6916.0,0.0,0.0,EN250,West
2025-07-09,3719.0,532.0,532.0,0.0,3187.0,6384.0,0.0,0.0,EN250,West
2025-07-10,3187.0,408.0,408.0,0.0,2779.0,5976.0,0.0,0.0,EN250,West
2025-07-11,2779.0,477.0,477.0,0.0,2302.0,5499.0,0.0,0.0,EN250,West
2025-07-12,2302.0,451.0,451.0,0.0,1851.0,5048.0,0.0,0.0,EN250,West
2025-07-13,1851.0,637.0,637.0,0.0,1214.0,4411.0,0.0,0.0,EN250,West
2025-07-14,1214.0,441.0,441.0,0.0,773.0,3970.0,3426.0,0.0,EN250,West
2025-07-15,773.0,456.0,456.0,0.0,317.0,6940.0,0.0,0.0,EN250,West
2025-07-16,3514.0,487.0,487.0,0.0,3027.0,6453.0,0.0,3197.0,EN250,West
2025-07-17,3027.0,461.0,461.0,0.0,2566.0,5992.0,0.0,0.0,EN250,West
2025-07-18,2566.0,536.0,536.0,0.0,2030.0,5456.0,0.0,0.0,EN250,West
2025-07-19,2030.0,460.0,460.0,0.0,1570.0,4996.0,0.0,0.0,EN250,West
2025-07-20,1570.0,595.0,595.0,0.0,975.0,4401.0,0.0,0.0,EN250,West
2025-07-21,975.0,456.0,456.0,0.0,519.0,3945.0,3451.0,0.0,EN250,West
2025-07-22,519.0,480.0,480.0,0.0,39.0,6916.0,0.0,0.0,EN250,West
2025-07-23,3465.0,451.0,451.0,0.0,3014.0,6465.0,0.0,3426.0,EN250,West
2025-07-24,3014.0,447.0,447.0,0.0,2567.0,6018.0,0.0,0.0,EN250,West
2025-07-25,2567.0,501.0,501.0,0.0,2066.0,5517.0,0.0,0.0,EN250,West
2025-07-26,2066.0,611.0,611.0,0.0,1455.0,4906.0,0.0,0.0,EN250,West
2025-07-27,1455.0,552.0,552.0,0.0,903.0,4354.0,0.0,0.0,EN250,West
2025-07-28,903.0,453.0,453.0,0.0,450.0,3901.0,3495.0,0.0,EN250,West
2025-07-29,450.0,451.0,450.0,1.0,0.0,6946.0,0.0,0.0,EN250,West
2025-07-30,3451.0,529.0,529.0,0.0,2922.0,6417.0,0.0,3451.0,EN250,West
2025-07-31,2922.0,546.0,546.0,0.0,2376.0,5871.0,0.0,0.0,EN250,West
2025-08-01,2376.0,471.0,471.0,0.0,1905.0,5400.0,0.0,0.0,EN250,West
2025-08-02,1905.0,576.0,576.0,0.0,1329.0,4824.0,0.0,0.0,EN250,West
2025-08-03,1329.0,385.0,385.0,0.0,944.0,4439.0,0.0,0.0,EN250,West
2025-08-04,944.0,377.0,377.0,0.0,567.0,4062.0,3334.0,0.0,EN250,West
2025-08-05,567.0,396.0,396.0,0.0,171.0,7000.0,0.0,0.0,EN250,West
2025-08-06,3666.0,411.0,411.0,0.0,3255.0,6589.0,0.0,3495.0,EN250,West
2025-08-07,3255.0,508.0,508.0,0.0,2747.0,6081.0,0.0,0.0,EN250,West
2025-08-08,2747.0,418.0,418.0,0.0,2329.0,5663.0,0.0,0.0,EN250,West
2025-08-09,2329.0,602.0,602.0,0.0,1727.0,5061.0,0.0,0.0,EN250,West
2025-08-10,1727.0,510.0,510.0,0.0,1217.0,4551.0,0.0,0.0,EN250,West
2025-08-11,1217.0,368.0,368.0,0.0,849.0,4183.0,3213.0,0.0,EN250,West
2025-08-12,849.0,418.0,418.0,0.0,431.0,6978.0,0.0,0.0,EN250,West
2025-08-13,3765.0,424.0,424.0,0.0,3341.0,6554.0,0.0,3334.0,EN250,West
2025-08-14,3341.0,431.0,431.0,0.0,2910.0,6123.0,0.0,0.0,EN250,West
2025-08-15,2910.0,405.0,405.0,0.0,2505.0,5718.0,0.0,0.0,EN250,West
2025-08-16,2505.0,465.0,465.0,0.0,2040.0,5253.0,0.0,0.0,EN250,West
2025-08-17,2040.0,552.0,552.0,0.0,1488.0,4701.0,0.0,0.0,EN250,West
2025-08-18,1488.0,373.0,373.0,0.0,1115.0,4328.0,0.0,0.0,EN250,West
2025-08-19,1115.0,426.0,426.0,0.0,689.0,3902.0,3494.0,0.0,EN250,West
2025-08-20,3902.0,403.0,403.0,0.0,3499.0,6993.0,0.0,3213.0,EN250,West
2025-08-21,3499.0,363.0,363.0,0.0,3136.0,6630.0,0.0,0.0,EN250,West
2025-08-22,3136.0,372.0,372.0,0.0,2764.0,6258.0,0.0,0.0,EN250,West
2025-08-23,2764.0,509.0,509.0,0.0,2255.0,5749.0,0.0,0.0,EN250,West
2025-08-24,2255.0,649.0,649.0,0.0,1606.0,5100.0,0.0,0.0,EN250,West
2025-08-25,1606.0,423.0,423.0,0.0,1183.0,4677.0,0.0,0.0,EN250,West
2025-08-26,1183.0,446.0,446.0,0.0,737.0,4231.0,3165.0,0.0,EN250,West
2025-08-27,737.0,475.0,475.0,0.0,262.0,6921.0,0.0,0.0,EN250,West
2025-08-28,3756.0,381.0,381.0,0.0,3375.0,6540.0,0.0,3494.0,EN250,West
2025-08-29,3375.0,415.0,415.0,0.0,2960.0,6125.0,0.0,0.0,EN250,West
2025-08-30,2960.0,612.0,612.0,0.0,2348.0,5513.0,0.0,0.0,EN250,West
2025-08-31,2348.0,396.0,396.0,0.0,1952.0,5117.0,0.0,0.0,EN250,West
2025-09-01,1952.0,386.0,386.0,0.0,1566.0,4731.0,0.0,0.0,EN250,West
2025-09-02,1566.0,503.0,503.0,0.0,1063.0,4228.0,3168.0,0.0,EN250,West
2025-09-03,1063.0,426.0,426.0,0.0,637.0,6970.0,0.0,0.0,EN250,West
2025-09-04,3802.0,415.0,415.0,0.0,3387.0,6555.0,0.0,3165.0,EN250,West
2025-09-05,3387.0,466.0,466.0,0.0,2921.0,6089.0,0.0,0.0,EN250,West
2025-09-06,2921.0,525.0,525.0,0.0,2396.0,5564.0,0.0,0.0,EN250,West
2025-09-07,2396.0,488.0,488.0,0.0,1908.0,5076.0,0.0,0.0,EN250,West
2025-09-08,1908.0,413.0,413.0,0.0,1495.0,4663.0,0.0,0.0,EN250,West
2025-09-09,1495.0,471.0,471.0,0.0,1024.0,4192.0,3204.0,0.0,EN250,West
2025-09-10,1024.0,551.0,551.0,0.0,473.0,6845.0,0.0,0.0,EN250,West
2025-09-11,3641.0,433.0,433.0,0.0,3208.0,6412.0,0.0,3168.0,EN250,West
2025-09-12,3208.0,422.0,422.0,0.0,2786.0,5990.0,0.0,0.0,EN250,West
2025-09-13,2786.0,504.0,504.0,0.0,2282.0,5486.0,0.0,0.0,EN250,West
2025-09-14,2282.0,547.0,547.0,0.0,1735.0,4939.0,0.0,0.0,EN250,West
2025-09-15,1735.0,452.0,452.0,0.0,1283.0,4487.0,0.0,0.0,EN250,West
2025-09-16,1283.0,393.0,393.0,0.0,890.0,4094.0,3302.0,0.0,EN250,West
2025-09-17,890.0,406.0,406.0,0.0,484.0,6990.0,0.0,0.0,EN250,West
2025-09-18,3688.0,326.0,326.0,0.0,3362.0,6664.0,0.0,3204.0,EN250,West
2025-09-19,3362.0,493.0,493.0,0.0,2869.0,6171.0,0.0,0.0,EN250,West
2025-09-20,2869.0,439.0,439.0,0.0,2430.0,5732.0,0.0,0.0,EN250,West
2025-09-21,2430.0,436.0,436.0,0.0,1994.0,5296.0,0.0,0.0,EN250,West
2025-09-22,1994.0,399.0,399.0,0.0,1595.0,4897.0,0.0,0.0,EN250,West
2025-09-23,1595.0,403.0,403.0,0.0,1192.0,4494.0,0.0,0.0,EN250,West
2025-09-24,1192.0,444.0,444.0,0.0,748.0,4050.0,3346.0,0.0,EN250,West
2025-09-25,4050.0,397.0,397.0,0.0,3653.0,6999.0,0.0,3302.0,EN250,West
2025-09-26,3653.0,424.0,424.0,0.0,3229.0,6575.0,0.0,0.0,EN250,West
2025-09-27,3229.0,542.0,542.0,0.0,2687.0,6033.0,0.0,0.0,EN250,West
2025-09-28,2687.0,668.0,668.0,0.0,2019.0,5365.0,0.0,0.0,EN250,West
2025-09-29,2019.0,402.0,402.0,0.0,1617.0,4963.0,0.0,0.0,EN250,West
2025-09-30,1617.0,418.0,418.0,0.0,1199.0,4545.0,0.0,0.0,EN250,West
2025-10-01,1199.0,433.0,433.0,0.0,766.0,4112.0,3284.0,0.0,EN250,West
2025-10-02,766.0,437.0,437.0,0.0,329.0,6959.0,0.0,0.0,EN250,West
2025-10-03,3675.0,303.0,303.0,0.0,3372.0,6656.0,0.0,3346.0,EN250,West
2025-10-04,3372.0,423.0,423.0,0.0,2949.0,6233.0,0.0,0.0,EN250,West
2025-10-05,2949.0,423.0,423.0,0.0,2526.0,5810.0,0.0,0.0,EN250,West
2025-10-06,2526.0,408.0,408.0,0.0,2118.0,5402.0,0.0,0.0,EN250,West
2025-10-07,2118.0,447.0,447.0,0.0,1671.0,4955.0,0.0,0.0,EN250,West
2025-10-08,1671.0,387.0,387.0,0.0,1284.0,4568.0,0.0,0.0,EN250,West
2025-10-09,1284.0,423.0,423.0,0.0,861.0,4145.0,3251.0,0.0,EN250,West
2025-10-10,4145.0,431.0,431.0,0.0,3714.0,6965.0,0.0,3284.0,EN250,West
2025-10-11,3714.0,407.0,407.0,0.0,3307.0,6558.0,0.0,0.0,EN250,West
2025-10-12,3307.0,509.0,509.0,0.0,2798.0,6049.0,0.0,0.0,EN250,West
2025-10-13,2798.0,363.0,363.0,0.0,2435.0,5686.0,0.0,0.0,EN250,West
2025-10-14,2435.0,327.0,327.0,0.0,2108.0,5359.0,0.0,0.0,EN250,West
2025-10-15,2108.0,408.0,408.0,0.0,1700.0,4951.0,0.0,0.0,EN250,West
2025-10-16,1700.0,381.0,381.0,0.0,1319.0,4570.0,0.0,0.0,EN250,West
2025-10-17,1319.0,442.0,442.0,0.0,877.0,4128.0,3268.0,0.0,EN250,West
2025-10-18,4128.0,540.0,540.0,0.0,3588.0,6856.0,0.0,3251.0,EN250,West
2025-10-19,3588.0,593.0,593.0,0.0,2995.0,6263.0,0.0,0.0,EN250,West
2025-10-20,2995.0,468.0,468.0,0.0,2527.0,5795.0,0.0,0.0,EN250,West
2025-10-21,2527.0,436.0,436.0,0.0,2091.0,5359.0,0.0,0.0,EN250,West
2025-10-22,2091.0,517.0,517.0,0.0,1574.0,4842.0,0.0,0.0,EN250,West
2025-10-23,1574.0,608.0,608.0,0.0,966.0,4234.0,3162.0,0.0,EN250,West
2025-10-24,966.0,383.0,383.0,0.0,583.0,7013.0,0.0,0.0,EN250,West
2025-10-25,583.0,527.0,527.0,0.0,56.0,6486.0,0.0,0.0,EN250,West
2025-10-26,3324.0,483.0,483.0,0.0,2841.0,6003.0,0.0,3268.0,EN250,West
2025-10-27,2841.0,487.0,487.0,0.0,2354.0,5516.0,0.0,0.0,EN250,West
2025-10-28,2354.0,447.0,447.0,0.0,1907.0,5069.0,0.0,0.0,EN250,West
2025-10-29,1907.0,403.0,403.0,0.0,1504.0,4666.0,0.0,0.0,EN250,West
2025-10-30,1504.0,448.0,448.0,0.0,1056.0,4218.0,3178.0,0.0,EN250,West
2025-10-31,1056.0,412.0,412.0,0.0,644.0,6984.0,0.0,0.0,EN250,West
2025-11-01,3806.0,490.0,490.0,0.0,3316.0,6494.0,0.0,3162.0,EN250,West
2025-11-02,3316.0,566.0,566.0,0.0,2750.0,5928.0,0.0,0.0,EN250,West
2025-11-03,2750.0,390.0,390.0,0.0,2360.0,5538.0,0.0,0.0,EN250,West
2025-11-04,2360.0,418.0,418.0,0.0,1942.0,5120.0,0.0,0.0,EN250,West
2025-11-05,1942.0,390.0,390.0,0.0,1552.0,4730.0,0.0,0.0,EN250,West
2025-11-06,1552.0,489.0,489.0,0.0,1063.0,4241.0,3155.0,0.0,EN250,West
2025-11-07,1063.0,383.0,383.0,0.0,680.0,7013.0,0.0,0.0,EN250,West
2025-11-08,3858.0,442.0,442.0,0.0,3416.0,6571.0,0.0,3178.0,EN250,West
2025-11-09,3416.0,494.0,494.0,0.0,2922.0,6077.0,0.0,0.0,EN250,West
2025-11-10,2922.0,446.0,446.0,0.0,2476.0,5631.0,0.0,0.0,EN250,West
2025-11-11,2476.0,516.0,516.0,0.0,1960.0,5115.0,0.0,0.0,EN250,West
2025-11-12,1960.0,430.0,430.0,0.0,1530.0,4685.0,0.0,0.0,EN250,West
2025-11-13,1530.0,419.0,419.0,0.0,1111.0,4266.0,0.0,0.0,EN250,West
2025-11-14,1111.0,434.0,434.0,0.0,677.0,3832.0,3564.0,0.0,EN250,West
2025-11-15,3832.0,463.0,463.0,0.0,3369.0,6933.0,0.0,3155.0,EN250,West
2025-11-16,3369.0,467.0,467.0,0.0,2902.0,6466.0,0.0,0.0,EN250,West
2025-11-17,2902.0,411.0,411.0,0.0,2491.0,6055.0,0.0,0.0,EN250,West
2025-11-18,2491.0,467.0,467.0,0.0,2024.0,5588.0,0.0,0.0,EN250,West
2025-11-19,2024.0,403.0,403.0,0.0,1621.0,5185.0,0.0,0.0,EN250,West
2025-11-20,1621.0,381.0,381.0,0.0,1240.0,4804.0,0.0,0.0,EN250,West
2025-11-21,1240.0,396.0,396.0,0.0,844.0,4408.0,0.0,0.0,EN250,West
2025-11-22,844.0,528.0,528.0,0.0,316.0,3880.0,3516.0,0.0,EN250,West
2025-11-23,3880.0,570.0,570.0,0.0,3310.0,6826.0,0.0,3564.0,EN250,West
2025-11-24,3310.0,547.0,547.0,0.0,2763.0,6279.0,0.0,0.0,EN250,West
2025-11-25,2763.0,407.0,407.0,0.0,2356.0,5872.0,0.0,0.0,EN250,West
2025-11-26,2356.0,353.0,353.0,0.0,2003.0,5519.0,0.0,0.0,EN250,West
2025-11-27,2003.0,460.0,460.0,0.0,1543.0,5059.0,0.0,0.0,EN250,West
2025-11-28,1543.0,387.0,387.0,0.0,1156.0,4672.0,0.0,0.0,EN250,West
2025-11-29,1156.0,442.0,442.0,0.0,714.0,4230.0,3166.0,0.0,EN250,West
2025-11-30,714.0,464.0,464.0,0.0,250.0,6932.0,0.0,0.0,EN250,West
2025-12-01,3766.0,385.0,385.0,0.0,3381.0,6547.0,0.0,3516.0,EN250,West
2025-12-02,3381.0,414.0,414.0,0.0,2967.0,6133.0,0.0,0.0,EN250,West
2025-12-03,2967.0,457.0,457.0,0.0,2510.0,5676.0,0.0,0.0,EN250,West
2025-12-04,2510.0,418.0,418.0,0.0,2092.0,5258.0,0.0,0.0,EN250,West
2025-12-05,2092.0,414.0,414.0,0.0,1678.0,4844.0,0.0,0.0,EN250,West
2025-12-06,1678.0,438.0,438.0,0.0,1240.0,4406.0,0.0,0.0,EN250,West
2025-12-07,1240.0,541.0,541.0,0.0,699.0,3865.0,3531.0,0.0,EN250,West
2025-12-08,3865.0,418.0,418.0,0.0,3447.0,6978.0,0.0,3166.0,EN250,West
2025-12-09,3447.0,437.0,437.0,0.0,3010.0,6541.0,0.0,0.0,EN250,West
2025-12-10,3010.0,490.0,490.0,0.0,2520.0,6051.0,0.0,0.0,EN250,West
2025-12-11,2520.0,466.0,466.0,0.0,2054.0,5585.0,0.0,0.0,EN250,West
2025-12-12,2054.0,460.0,460.0,0.0,1594.0,5125.0,0.0,0.0,EN250,West
2025-12-13,1594.0,440.0,440.0,0.0,1154.0,4685.0,0.0,0.0,EN250,West
2025-12-14,1154.0,467.0,467.0,0.0,687.0,4218.0,3178.0,0.0,EN250,West
2025-12-15,687.0,474.0,474.0,0.0,213.0,6922.0,0.0,0.0,EN250,West
2025-12-16,3744.0,425.0,425.0,0.0,3319.0,6497.0,0.0,3531.0,EN250,West
2025-12-17,3319.0,499.0,499.0,0.0,2820.0,5998.0,0.0,0.0,EN250,West
2025-12-18,2820.0,352.0,352.0,0.0,2468.0,5646.0,0.0,0.0,EN250,West
2025-12-19,2468.0,392.0,392.0,0.0,2076.0,5254.0,0.0,0.0,EN250,West
2025-12-20,2076.0,559.0,559.0,0.0,1517.0,4695.0,0.0,0.0,EN250,West
2025-12-21,1517.0,502.0,502.0,0.0,1015.0,4193.0,3203.0,0.0,EN250,West
2025-12-22,1015.0,417.0,417.0,0.0,598.0,6979.0,0.0,0.0,EN250,West
2025-12-23,3776.0,661.0,661.0,0.0,3115.0,6318.0,0.0,3178.0,EN250,West
2025-12-24,3115.0,432.0,432.0,0.0,2683.0,5886.0,0.0,0.0,EN250,West
2025-12-25,2683.0,618.0,618.0,0.0,2065.0,5268.0,0.0,0.0,EN250,West
2025-12-26,2065.0,393.0,393.0,0.0,1672.0,4875.0,0.0,0.0,EN250,West
2025-12-27,1672.0,497.0,497.0,0.0,1175.0,4378.0,0.0,0.0,EN250,West
2025-12-28,1175.0,449.0,449.0,0.0,726.0,3929.0,3467.0,0.0,EN250,West
2025-12-29,726.0,514.0,514.0,0.0,212.0,6882.0,0.0,0.0,EN250,West
2025-12-30,3415.0,419.0,419.0,0.0,2996.0,6463.0,0.0,3203.0,EN250,West
2025-12-31,2996.0,418.0,418.0,0.0,2578.0,6045.0,0.0,0.0,EN250,West
2025-07-01,3921.0,258.0,258.0,0.0,3663.0,3663.0,0.0,0.0,EN500,Central
2025-07-02,3663.0,296.0,296.0,0.0,3367.0,3367.0,0.0,0.0,EN500,Central
2025-07-03,3367.0,308.0,308.0,0.0,3059.0,3059.0,0.0,0.0,EN500,Central
2025-07-04,3059.0,193.0,193.0,0.0,2866.0,2866.0,0.0,0.0,EN500,Central
2025-07-05,2866.0,305.0,305.0,0.0,2561.0,2561.0,0.0,0.0,EN500,Central
2025-07-06,2561.0,288.0,288.0,0.0,2273.0,2273.0,0.0,0.0,EN500,Central
2025-07-07,2273.0,291.0,291.0,0.0,1982.0,1982.0,1939.0,0.0,EN500,Central
2025-07-08,1982.0,235.0,235.0,0.0,1747.0,3686.0,0.0,0.0,EN500,Central
2025-07-09,1747.0,311.0,311.0,0.0,1436.0,3375.0,0.0,0.0,EN500,Central
2025-07-10,1436.0,284.0,284.0,0.0,1152.0,3091.0,0.0,0.0,EN500,Central
2025-07-11,1152.0,293.0,293.0,0.0,859.0,2798.0,0.0,0.0,EN500,Central
2025-07-12,859.0,293.0,293.0,0.0,566.0,2505.0,0.0,0.0,EN500,Central
2025-07-13,566.0,273.0,273.0,0.0,293.0,2232.0,0.0,0.0,EN500,Central
2025-07-14,293.0,271.0,271.0,0.0,22.0,1961.0,1960.0,0.0,EN500,Central
2025-07-15,1961.0,344.0,344.0,0.0,1617.0,3577.0,0.0,1939.0,EN500,Central
2025-07-16,1617.0,268.0,268.0,0.0,1349.0,3309.0,0.0,0.0,EN500,Central
2025-07-17,1349.0,242.0,242.0,0.0,1107.0,3067.0,0.0,0.0,EN500,Central
2025-07-18,1107.0,287.0,287.0,0.0,820.0,2780.0,0.0,0.0,EN500,Central
2025-07-19,820.0,282.0,282.0,0.0,538.0,2498.0,0.0,0.0,EN500,Central
2025-07-20,538.0,339.0,339.0,0.0,199.0,2159.0,0.0,0.0,EN500,Central
2025-07-21,199.0,245.0,199.0,46.0,0.0,1960.0,1961.0,0.0,EN500,Central
2025-07-22,1960.0,236.0,236.0,0.0,1724.0,3685.0,0.0,1960.0,EN500,Central
2025-07-23,1724.0,240.0,240.0,0.0,1484.0,3445.0,0.0,0.0,EN500,Central
2025-07-24,1484.0,270.0,270.0,0.0,1214.0,3175.0,0.0,0.0,EN500,Central
2025-07-25,1214.0,219.0,219.0,0.0,995.0,2956.0,0.0,0.0,EN500,Central
2025-07-26,995.0,374.0,374.0,0.0,621.0,2582.0,0.0,0.0,EN500,Central
2025-07-27,621.0,285.0,285.0,0.0,336.0,2297.0,0.0,0.0,EN500,Central
2025-07-28,336.0,239.0,239.0,0.0,97.0,2058.0,1863.0,0.0,EN500,Central
2025-07-29,2058.0,242.0,242.0,0.0,1816.0,3679.0,0.0,1961.0,EN500,Central
2025-07-30,1816.0,258.0,258.0,0.0,1558.0,3421.0,0.0,0.0,EN500,Central
2025-07-31,1558.0,357.0,357.0,0.0,1201.0,3064.0,0.0,0.0,EN500,Central
2025-08-01,1201.0,246.0,246.0,0.0,955.0,2818.0,0.0,0.0,EN500,Central
2025-08-02,955.0,303.0,303.0,0.0,652.0,2515.0,0.0,0.0,EN500,Central
2025-08-03,652.0,274.0,274.0,0.0,378.0,2241.0,0.0,0.0,EN500,Central
2025-08-04,378.0,171.0,171.0,0.0,207.0,2070.0,1851.0,0.0,EN500,Central
2025-08-05,2070.0,240.0,240.0,0.0,1830.0,3681.0,0.0,1863.0,EN500,Central
2025-08-06,1830.0,262.0,262.0,0.0,1568.0,3419.0,0.0,0.0,EN500,Central
2025-08-07,1568.0,195.0,195.0,0.0,1373.0,3224.0,0.0,0.0,EN500,Central
2025-08-08,1373.0,253.0,253.0,0.0,1120.0,2971.0,0.0,0.0,EN500,Central
2025-08-09,1120.0,284.0,284.0,0.0,836.0,2687.0,0.0,0.0,EN500,Central
2025-08-10,836.0,236.0,236.0,0.0,600.0,2451.0,0.0,0.0,EN500,Central
2025-08-11,600.0,195.0,195.0,0.0,405.0,2256.0,0.0,0.0,EN500,Central
2025-08-12,2256.0,225.0,225.0,0.0,2031.0,2031.0,1890.0,1851.0,EN500,Central
2025-08-13,2031.0,250.0,250.0,0.0,1781.0,3671.0,0.0,0.0,EN500,Central
2025-08-14,1781.0,201.0,201.0,0.0,1580.0,3470.0,0.0,0.0,EN500,Central
2025-08-15,1580.0,314.0,314.0,0.0,1266.0,3156.0,0.0,0.0,EN500,Central
2025-08-16,1266.0,265.0,265.0,0.0,1001.0,2891.0,0.0,0.0,EN500,Central
2025-08-17,1001.0,225.0,225.0,0.0,776.0,2666.0,0.0,0.0,EN500,Central
2025-08-18,776.0,201.0,201.0,0.0,575.0,2465.0,0.0,0.0,EN500,Central
2025-08-19,575.0,201.0,201.0,0.0,374.0,2264.0,0.0,0.0,EN500,Central
2025-08-20,2264.0,204.0,204.0,0.0,2060.0,2060.0,1861.0,1890.0,EN500,Central
2025-08-21,2060.0,249.0,249.0,0.0,1811.0,3672.0,0.0,0.0,EN500,Central
2025-08-22,1811.0,243.0,243.0,0.0,1568.0,3429.0,0.0,0.0,EN500,Central
2025-08-23,1568.0,209.0,209.0,0.0,1359.0,3220.0,0.0,0.0,EN500,Central
2025-08-24,1359.0,302.0,302.0,0.0,1057.0,2918.0,0.0,0.0,EN500,Central
2025-08-25,1057.0,254.0,254.0,0.0,803.0,2664.0,0.0,0.0,EN500,Central
2025-08-26,803.0,209.0,209.0,0.0,594.0,2455.0,0.0,0.0,EN500,Central
2025-08-27,594.0,248.0,248.0,0.0,346.0,2207.0,0.0,0.0,EN500,Central
2025-08-28,2207.0,222.0,222.0,0.0,1985.0,1985.0,1936.0,1861.0,EN500,Central
2025-08-29,1985.0,244.0,244.0,0.0,1741.0,3677.0,0.0,0.0,EN500,Central
2025-08-30,1741.0,402.0,402.0,0.0,1339.0,3275.0,0.0,0.0,EN500,Central
2025-08-31,1339.0,270.0,270.0,0.0,1069.0,3005.0,0.0,0.0,EN500,Central
2025-09-01,1069.0,237.0,237.0,0.0,832.0,2768.0,0.0,0.0,EN500,Central
2025-09-02,832.0,313.0,313.0,0.0,519.0,2455.0,0.0,0.0,EN500,Central
2025-09-03,519.0,231.0,231.0,0.0,288.0,2224.0,0.0,0.0,EN500,Central
2025-09-04,288.0,249.0,249.0,0.0,39.0,1975.0,1946.0,0.0,EN500,Central
2025-09-05,1975.0,193.0,193.0,0.0,1782.0,3728.0,0.0,1936.0,EN500,Central
2025-09-06,1782.0,280.0,280.0,0.0,1502.0,3448.0,0.0,0.0,EN500,Central
2025-09-07,1502.0,289.0,289.0,0.0,1213.0,3159.0,0.0,0.0,EN500,Central
2025-09-08,1213.0,262.0,262.0,0.0,951.0,2897.0,0.0,0.0,EN500,Central
2025-09-09,951.0,272.0,272.0,0.0,679.0,2625.0,0.0,0.0,EN500,Central
2025-09-10,679.0,228.0,228.0,0.0,451.0,2397.0,0.0,0.0,EN500,Central
2025-09-11,451.0,232.0,232.0,0.0,219.0,2165.0,0.0,0.0,EN500,Central
2025-09-12,2165.0,225.0,225.0,0.0,1940.0,1940.0,1981.0,1946.0,EN500,Central
2025-09-13,1940.0,264.0,264.0,0.0,1676.0,3657.0,0.0,0.0,EN500,Central
2025-09-14,1676.0,314.0,314.0,0.0,1362.0,3343.0,0.0,0.0,EN500,Central
2025-09-15,1362.0,255.0,255.0,0.0,1107.0,3088.0,0.0,0.0,EN500,Central
2025-09-16,1107.0,231.0,231.0,0.0,876.0,2857.0,0.0,0.0,EN500,Central
2025-09-17,876.0,236.0,236.0,0.0,640.0,2621.0,0.0,0.0,EN500,Central
2025-09-18,640.0,222.0,222.0,0.0,418.0,2399.0,0.0,0.0,EN500,Central
2025-09-19,418.0,199.0,199.0,0.0,219.0,2200.0,0.0,0.0,EN500,Central
2025-09-20,2200.0,226.0,226.0,0.0,1974.0,1974.0,1947.0,1981.0,EN500,Central
2025-09-21,1974.0,316.0,316.0,0.0,1658.0,3605.0,0.0,0.0,EN500,Central
2025-09-22,1658.0,279.0,279.0,0.0,1379.0,3326.0,0.0,0.0,EN500,Central
2025-09-23,1379.0,220.0,220.0,0.0,1159.0,3106.0,0.0,0.0,EN500,Central
2025-09-24,1159.0,200.0,200.0,0.0,959.0,2906.0,0.0,0.0,EN500,Central
2025-09-25,959.0,230.0,230.0,0.0,729.0,2676.0,0.0,0.0,EN500,Central
2025-09-26,729.0,230.0,230.0,0.0,499.0,2446.0,0.0,0.0,EN500,Central
2025-09-27,499.0,264.0,264.0,0.0,235.0,2182.0,0.0,0.0,EN500,Central
2025-09-28,2182.0,317.0,317.0,0.0,1865.0,1865.0,2056.0,1947.0,EN500,Central
2025-09-29,1865.0,220.0,220.0,0.0,1645.0,3701.0,0.0,0.0,EN500,Central
2025-09-30,1645.0,266.0,266.0,0.0,1379.0,3435.0,0.0,0.0,EN500,Central
2025-10-01,1379.0,217.0,217.0,0.0,1162.0,3218.0,0.0,0.0,EN500,Central
2025-10-02,1162.0,363.0,363.0,0.0,799.0,2855.0,0.0,0.0,EN500,Central
2025-10-03,799.0,239.0,239.0,0.0,560.0,2616.0,0.0,0.0,EN500,Central
2025-10-04,560.0,295.0,295.0,0.0,265.0,2321.0,0.0,0.0,EN500,Central
2025-10-05,265.0,248.0,248.0,0.0,17.0,2073.0,1848.0,0.0,EN500,Central
2025-10-06,2073.0,228.0,228.0,0.0,1845.0,3693.0,0.0,2056.0,EN500,Central
2025-10-07,1845.0,201.0,201.0,0.0,1644.0,3492.0,0.0,0.0,EN500,Central
2025-10-08,1644.0,212.0,212.0,0.0,1432.0,3280.0,0.0,0.0,EN500,Central
2025-10-09,1432.0,234.0,234.0,0.0,1198.0,3046.0,0.0,0.0,EN500,Central
2025-10-10,1198.0,225.0,225.0,0.0,973.0,2821.0,0.0,0.0,EN500,Central
2025-10-11,973.0,270.0,270.0,0.0,703.0,2551.0,0.0,0.0,EN500,Central
2025-10-12,703.0,260.0,260.0,0.0,443.0,2291.0,0.0,0.0,EN500,Central
2025-10-13,2291.0,272.0,272.0,0.0,2019.0,2019.0,1902.0,1848.0,EN500,Central
2025-10-14,2019.0,267.0,267.0,0.0,1752.0,3654.0,0.0,0.0,EN500,Central
2025-10-15,1752.0,231.0,231.0,0.0,1521.0,3423.0,0.0,0.0,EN500,Central
2025-10-16,1521.0,202.0,202.0,0.0,1319.0,3221.0,0.0,0.0,EN500,Central
2025-10-17,1319.0,229.0,229.0,0.0,1090.0,2992.0,0.0,0.0,EN500,Central
2025-10-18,1090.0,299.0,299.0,0.0,791.0,2693.0,0.0,0.0,EN500,Central
2025-10-19,791.0,283.0,283.0,0.0,508.0,2410.0,0.0,0.0,EN500,Central
2025-10-20,508.0,319.0,319.0,0.0,189.0,2091.0,1830.0,0.0,EN500,Central
2025-10-21,2091.0,223.0,223.0,0.0,1868.0,3698.0,0.0,1902.0,EN500,Central
2025-10-22,1868.0,240.0,240.0,0.0,1628.0,3458.0,0.0,0.0,EN500,Central
2025-10-23,1628.0,254.0,254.0,0.0,1374.0,3204.0,0.0,0.0,EN500,Central
2025-10-24,1374.0,214.0,214.0,0.0,1160.0,2990.0,0.0,0.0,EN500,Central
2025-10-25,1160.0,297.0,297.0,0.0,863.0,2693.0,0.0,0.0,EN500,Central
2025-10-26,863.0,314.0,314.0,0.0,549.0,2379.0,0.0,0.0,EN500,Central
2025-10-27,549.0,237.0,237.0,0.0,312.0,2142.0,1779.0,0.0,EN500,Central
2025-10-28,2142.0,274.0,274.0,0.0,1868.0,3647.0,0.0,1830.0,EN500,Central
2025-10-29,1868.0,240.0,240.0,0.0,1628.0,3407.0,0.0,0.0,EN500,Central
2025-10-30,1628.0,232.0,232.0,0.0,1396.0,3175.0,0.0,0.0,EN500,Central
2025-10-31,1396.0,269.0,269.0,0.0,1127.0,2906.0,0.0,0.0,EN500,Central
2025-11-01,1127.0,302.0,302.0,0.0,825.0,2604.0,0.0,0.0,EN500,Central
2025-11-02,825.0,254.0,254.0,0.0,571.0,2350.0,0.0,0.0,EN500,Central
2025-11-03,571.0,270.0,270.0,0.0,301.0,2080.0,1841.0,0.0,EN500,Central
2025-11-04,2080.0,251.0,251.0,0.0,1829.0,3670.0,0.0,1779.0,EN500,Central
2025-11-05,1829.0,247.0,247.0,0.0,1582.0,3423.0,0.0,0.0,EN500,Central
2025-11-06,1582.0,241.0,241.0,0.0,1341.0,3182.0,0.0,0.0,EN500,Central
2025-11-07,1341.0,232.0,232.0,0.0,1109.0,2950.0,0.0,0.0,EN500,Central
2025-11-08,1109.0,296.0,296.0,0.0,813.0,2654.0,0.0,0.0,EN500,Central
2025-11-09,813.0,314.0,314.0,0.0,499.0,2340.0,0.0,0.0,EN500,Central
2025-11-10,499.0,228.0,228.0,0.0,271.0,2112.0,1809.0,0.0,EN500,Central
2025-11-11,2112.0,235.0,235.0,0.0,1877.0,3686.0,0.0,1841.0,EN500,Central
2025-11-12,1877.0,206.0,206.0,0.0,1671.0,3480.0,0.0,0.0,EN500,Central
2025-11-13,1671.0,262.0,262.0,0.0,1409.0,3218.0,0.0,0.0,EN500,Central
2025-11-14,1409.0,241.0,241.0,0.0,1168.0,2977.0,0.0,0.0,EN500,Central
2025-11-15,1168.0,278.0,278.0,0.0,890.0,2699.0,0.0,0.0,EN500,Central
2025-11-16,890.0,274.0,274.0,0.0,616.0,2425.0,0.0,0.0,EN500,Central
2025-11-17,616.0,257.0,257.0,0.0,359.0,2168.0,0.0,0.0,EN500,Central
2025-11-18,2168.0,245.0,245.0,0.0,1923.0,1923.0,1998.0,1809.0,EN500,Central
2025-11-19,1923.0,221.0,221.0,0.0,1702.0,3700.0,0.0,0.0,EN500,Central
2025-11-20,1702.0,267.0,267.0,0.0,1435.0,3433.0,0.0,0.0,EN500,Central
2025-11-21,1435.0,261.0,261.0,0.0,1174.0,3172.0,0.0,0.0,EN500,Central
2025-11-22,1174.0,238.0,238.0,0.0,936.0,2934.0,0.0,0.0,EN500,Central
2025-11-23,936.0,294.0,294.0,0.0,642.0,2640.0,0.0,0.0,EN500,Central
2025-11-24,642.0,260.0,260.0,0.0,382.0,2380.0,0.0,0.0,EN500,Central
2025-11-25,382.0,238.0,238.0,0.0,144.0,2142.0,1779.0,0.0,EN500,Central
2025-11-26,2142.0,269.0,269.0,0.0,1873.0,3652.0,0.0,1998.0,EN500,Central
2025-11-27,1873.0,175.0,175.0,0.0,1698.0,3477.0,0.0,0.0,EN500,Central
2025-11-28,1698.0,206.0,206.0,0.0,1492.0,3271.0,0.0,0.0,EN500,Central
2025-11-29,1492.0,246.0,246.0,0.0,1246.0,3025.0,0.0,0.0,EN500,Central
2025-11-30,1246.0,292.0,292.0,0.0,954.0,2733.0,0.0,0.0,EN500,Central
2025-12-01,954.0,240.0,240.0,0.0,714.0,2493.0,0.0,0.0,EN500,Central
2025-12-02,714.0,263.0,263.0,0.0,451.0,2230.0,0.0,0.0,EN500,Central
2025-12-03,2230.0,249.0,249.0,0.0,1981.0,1981.0,1940.0,1779.0,EN500,Central
2025-12-04,1981.0,224.0,224.0,0.0,1757.0,3697.0,0.0,0.0,EN500,Central
2025-12-05,1757.0,256.0,256.0,0.0,1501.0,3441.0,0.0,0.0,EN500,Central
2025-12-06,1501.0,252.0,252.0,0.0,1249.0,3189.0,0.0,0.0,EN500,Central
2025-12-07,1249.0,282.0,282.0,0.0,967.0,2907.0,0.0,0.0,EN500,Central
2025-12-08,967.0,215.0,215.0,0.0,752.0,2692.0,0.0,0.0,EN500,Central
2025-12-09,752.0,235.0,235.0,0.0,517.0,2457.0,0.0,0.0,EN500,Central
2025-12-10,517.0,224.0,224.0,0.0,293.0,2233.0,0.0,0.0,EN500,Central
2025-12-11,2233.0,258.0,258.0,0.0,1975.0,1975.0,1946.0,1940.0,EN500,Central
2025-12-12,1975.0,265.0,265.0,0.0,1710.0,3656.0,0.0,0.0,EN500,Central
2025-12-13,1710.0,292.0,292.0,0.0,1418.0,3364.0,0.0,0.0,EN500,Central
2025-12-14,1418.0,284.0,284.0,0.0,1134.0,3080.0,0.0,0.0,EN500,Central
2025-12-15,1134.0,230.0,230.0,0.0,904.0,2850.0,0.0,0.0,EN500,Central
2025-12-16,904.0,268.0,268.0,0.0,636.0,2582.0,0.0,0.0,EN500,Central
2025-12-17,636.0,315.0,315.0,0.0,321.0,2267.0,0.0,0.0,EN500,Central
2025-12-18,321.0,219.0,219.0,0.0,102.0,2048.0,1873.0,0.0,EN500,Central
2025-12-19,2048.0,194.0,194.0,0.0,1854.0,3727.0,0.0,1946.0,EN500,Central
2025-12-20,1854.0,245.0,245.0,0.0,1609.0,3482.0,0.0,0.0,EN500,Central
2025-12-21,1609.0,237.0,237.0,0.0,1372.0,3245.0,0.0,0.0,EN500,Central
2025-12-22,1372.0,231.0,231.0,0.0,1141.0,3014.0,0.0,0.0,EN500,Central
2025-12-23,1141.0,260.0,260.0,0.0,881.0,2754.0,0.0,0.0,EN500,Central
2025-12-24,881.0,215.0,215.0,0.0,666.0,2539.0,0.0,0.0,EN500,Central
2025-12-25,666.0,266.0,266.0,0.0,400.0,2273.0,0.0,0.0,EN500,Central
2025-12-26,2273.0,251.0,251.0,0.0,2022.0,2022.0,1899.0,1873.0,EN500,Central
2025-12-27,2022.0,262.0,262.0,0.0,1760.0,3659.0,0.0,0.0,EN500,Central
2025-12-28,1760.0,300.0,300.0,0.0,1460.0,3359.0,0.0,0.0,EN500,Central
2025-12-29,1460.0,242.0,242.0,0.0,1218.0,3117.0,0.0,0.0,EN500,Central
2025-12-30,1218.0,241.0,241.0,0.0,977.0,2876.0,0.0,0.0,EN500,Central
2025-12-31,977.0,226.0,226.0,0.0,751.0,2650.0,0.0,0.0,EN500,Central
2025-07-01,3501.0,246.0,246.0,0.0,3255.0,3255.0,0.0,0.0,EN500,East
2025-07-02,3255.0,221.0,221.0,0.0,3034.0,3034.0,0.0,0.0,EN500,East
2025-07-03,3034.0,238.0,238.0,0.0,2796.0,2796.0,0.0,0.0,EN500,East
2025-07-04,2796.0,296.0,296.0,0.0,2500.0,2500.0,0.0,0.0,EN500,East
2025-07-05,2500.0,366.0,366.0,0.0,2134.0,2134.0,0.0,0.0,EN500,East
2025-07-06,2134.0,271.0,271.0,0.0,1863.0,1863.0,0.0,0.0,EN500,East
2025-07-07,1863.0,295.0,295.0,0.0,1568.0,1568.0,1933.0,0.0,EN500,East
2025-07-08,1568.0,221.0,221.0,0.0,1347.0,3280.0,0.0,0.0,EN500,East
2025-07-09,1347.0,299.0,299.0,0.0,1048.0,2981.0,0.0,0.0,EN500,East
2025-07-10,1048.0,237.0,237.0,0.0,811.0,2744.0,0.0,0.0,EN500,East
2025-07-11,811.0,260.0,260.0,0.0,551.0,2484.0,0.0,0.0,EN500,East
2025-07-12,551.0,327.0,327.0,0.0,224.0,2157.0,0.0,0.0,EN500,East
2025-07-13,2157.0,304.0,304.0,0.0,1853.0,1853.0,0.0,1933.0,EN500,East
2025-07-14,1853.0,246.0,246.0,0.0,1607.0,1607.0,1894.0,0.0,EN500,East
2025-07-15,1607.0,337.0,337.0,0.0,1270.0,3164.0,0.0,0.0,EN500,East
2025-07-16,1270.0,344.0,344.0,0.0,926.0,2820.0,0.0,0.0,EN500,East
2025-07-17,926.0,287.0,287.0,0.0,639.0,2533.0,0.0,0.0,EN500,East
2025-07-18,639.0,335.0,335.0,0.0,304.0,2198.0,0.0,0.0,EN500,East
2025-07-19,304.0,387.0,304.0,83.0,0.0,1894.0,0.0,0.0,EN500,East
2025-07-20,1894.0,329.0,329.0,0.0,1565.0,1565.0,1936.0,1894.0,EN500,East
2025-07-21,1565.0,300.0,300.0,0.0,1265.0,3201.0,0.0,0.0,EN500,East
2025-07-22,1265.0,304.0,304.0,0.0,961.0,2897.0,0.0,0.0,EN500,East
2025-07-23,961.0,238.0,238.0,0.0,723.0,2659.0,0.0,0.0,EN500,East
2025-07-24,723.0,254.0,254.0,0.0,469.0,2405.0,0.0,0.0,EN500,East
2025-07-25,469.0,323.0,323.0,0.0,146.0,2082.0,0.0,0.0,EN500,East
2025-07-26,2082.0,298.0,298.0,0.0,1784.0,1784.0,0.0,1936.0,EN500,East
2025-07-27,1784.0,284.0,284.0,0.0,1500.0,1500.0,2001.0,0.0,EN500,East
2025-07-28,1500.0,239.0,239.0,0.0,1261.0,3262.0,0.0,0.0,EN500,East
2025-07-29,1261.0,272.0,272.0,0.0,989.0,2990.0,0.0,0.0,EN500,East
2025-07-30,989.0,331.0,331.0,0.0,658.0,2659.0,0.0,0.0,EN500,East
2025-07-31,658.0,392.0,392.0,0.0,266.0,2267.0,0.0,0.0,EN500,East
2025-08-01,266.0,235.0,235.0,0.0,31.0,2032.0,0.0,0.0,EN500,East
2025-08-02,2032.0,254.0,254.0,0.0,1778.0,1778.0,0.0,2001.0,EN500,East
2025-08-03,1778.0,286.0,286.0,0.0,1492.0,1492.0,2009.0,0.0,EN500,East
2025-08-04,1492.0,245.0,245.0,0.0,1247.0,3256.0,0.0,0.0,EN500,East
2025-08-05,1247.0,265.0,265.0,0.0,982.0,2991.0,0.0,0.0,EN500,East
2025-08-06,982.0,270.0,270.0,0.0,712.0,2721.0,0.0,0.0,EN500,East
2025-08-07,712.0,260.0,260.0,0.0,452.0,2461.0,0.0,0.0,EN500,East
2025-08-08,452.0,214.0,214.0,0.0,238.0,2247.0,0.0,0.0,EN500,East
2025-08-09,2247.0,263.0,263.0,0.0,1984.0,1984.0,0.0,2009.0,EN500,East
2025-08-10,1984.0,233.0,233.0,0.0,1751.0,1751.0,0.0,0.0,EN500,East
2025-08-11,1751.0,251.0,251.0,0.0,1500.0,1500.0,2001.0,0.0,EN500,East
2025-08-12,1500.0,221.0,221.0,0.0,1279.0,3280.0,0.0,0.0,EN500,East
2025-08-13,1279.0,223.0,223.0,0.0,1056.0,3057.0,0.0,0.0,EN500,East
2025-08-14,1056.0,247.0,247.0,0.0,809.0,2810.0,0.0,0.0,EN500,East
2025-08-15,809.0,324.0,324.0,0.0,485.0,2486.0,0.0,0.0,EN500,East
2025-08-16,485.0,303.0,303.0,0.0,182.0,2183.0,0.0,0.0,EN500,East
2025-08-17,2183.0,239.0,239.0,0.0,1944.0,1944.0,0.0,2001.0,EN500,East
2025-08-18,1944.0,274.0,274.0,0.0,1670.0,1670.0,1831.0,0.0,EN500,East
2025-08-19,1670.0,231.0,231.0,0.0,1439.0,3270.0,0.0,0.0,EN500,East
2025-08-20,1439.0,256.0,256.0,0.0,1183.0,3014.0,0.0,0.0,EN500,East
2025-08-21,1183.0,242.0,242.0,0.0,941.0,2772.0,0.0,0.0,EN500,East
2025-08-22,941.0,265.0,265.0,0.0,676.0,2507.0,0.0,0.0,EN500,East
2025-08-23,676.0,288.0,288.0,0.0,388.0,2219.0,0.0,0.0,EN500,East
2025-08-24,2219.0,321.0,321.0,0.0,1898.0,1898.0,0.0,1831.0,EN500,East
2025-08-25,1898.0,244.0,244.0,0.0,1654.0,1654.0,1847.0,0.0,EN500,East
2025-08-26,1654.0,235.0,235.0,0.0,1419.0,3266.0,0.0,0.0,EN500,East
2025-08-27,1419.0,274.0,274.0,0.0,1145.0,2992.0,0.0,0.0,EN500,East
2025-08-28,1145.0,193.0,193.0,0.0,952.0,2799.0,0.0,0.0,EN500,East
2025-08-29,952.0,260.0,260.0,0.0,692.0,2539.0,0.0,0.0,EN500,East
2025-08-30,692.0,241.0,241.0,0.0,451.0,2298.0,0.0,0.0,EN500,East
2025-08-31,2298.0,358.0,358.0,0.0,1940.0,1940.0,0.0,1847.0,EN500,East
2025-09-01,1940.0,261.0,261.0,0.0,1679.0,1679.0,0.0,0.0,EN500,East
2025-09-02,1679.0,244.0,244.0,0.0,1435.0,1435.0,2066.0,0.0,EN500,East
2025-09-03,1435.0,230.0,230.0,0.0,1205.0,3271.0,0.0,0.0,EN500,East
2025-09-04,1205.0,234.0,234.0,0.0,971.0,3037.0,0.0,0.0,EN500,East
2025-09-05,971.0,229.0,229.0,0.0,742.0,2808.0,0.0,0.0,EN500,East
2025-09-06,742.0,238.0,238.0,0.0,504.0,2570.0,0.0,0.0,EN500,East
2025-09-07,504.0,276.0,276.0,0.0,228.0,2294.0,0.0,0.0,EN500,East
2025-09-08,2294.0,230.0,230.0,0.0,2064.0,2064.0,0.0,2066.0,EN500,East
2025-09-09,2064.0,204.0,204.0,0.0,1860.0,1860.0,0.0,0.0,EN500,East
2025-09-10,1860.0,271.0,271.0,0.0,1589.0,1589.0,1912.0,0.0,EN500,East
2025-09-11,1589.0,240.0,240.0,0.0,1349.0,3261.0,0.0,0.0,EN500,East
2025-09-12,1349.0,265.0,265.0,0.0,1084.0,2996.0,0.0,0.0,EN500,East
2025-09-13,1084.0,288.0,288.0,0.0,796.0,2708.0,0.0,0.0,EN500,East
2025-09-14,796.0,253.0,253.0,0.0,543.0,2455.0,0.0,0.0,EN500,East
2025-09-15,543.0,224.0,224.0,0.0,319.0,2231.0,0.0,0.0,EN500,East
2025-09-16,2231.0,238.0,238.0,0.0,1993.0,1993.0,0.0,1912.0,EN500,East
2025-09-17,1993.0,248.0,248.0,0.0,1745.0,1745.0,0.0,0.0,EN500,East
2025-09-18,1745.0,251.0,251.0,0.0,1494.0,1494.0,2007.0,0.0,EN500,East
2025-09-19,1494.0,257.0,257.0,0.0,1237.0,3244.0,0.0,0.0,EN500,East
2025-09-20,1237.0,290.0,290.0,0.0,947.0,2954.0,0.0,0.0,EN500,East
2025-09-21,947.0,317.0,317.0,0.0,630.0,2637.0,0.0,0.0,EN500,East
2025-09-22,630.0,269.0,269.0,0.0,361.0,2368.0,0.0,0.0,EN500,East
2025-09-23,361.0,227.0,227.0,0.0,134.0,2141.0,0.0,0.0,EN500,East
2025-09-24,2141.0,247.0,247.0,0.0,1894.0,1894.0,0.0,2007.0,EN500,East
2025-09-25,1894.0,254.0,254.0,0.0,1640.0,1640.0,1861.0,0.0,EN500,East
2025-09-26,1640.0,236.0,236.0,0.0,1404.0,3265.0,0.0,0.0,EN500,East
2025-09-27,1404.0,270.0,270.0,0.0,1134.0,2995.0,0.0,0.0,EN500,East
2025-09-28,1134.0,325.0,325.0,0.0,809.0,2670.0,0.0,0.0,EN500,East
2025-09-29,809.0,280.0,280.0,0.0,529.0,2390.0,0.0,0.0,EN500,East
2025-09-30,529.0,236.0,236.0,0.0,293.0,2154.0,0.0,0.0,EN500,East
2025-10-01,2154.0,260.0,260.0,0.0,1894.0,1894.0,0.0,1861.0,EN500,East
2025-10-02,1894.0,387.0,387.0,0.0,1507.0,1507.0,1994.0,0.0,EN500,East
2025-10-03,1507.0,239.0,239.0,0.0,1268.0,3262.0,0.0,0.0,EN500,East
2025-10-04,1268.0,258.0,258.0,0.0,1010.0,3004.0,0.0,0.0,EN500,East
2025-10-05,1010.0,278.0,278.0,0.0,732.0,2726.0,0.0,0.0,EN500,East
2025-10-06,732.0,303.0,303.0,0.0,429.0,2423.0,0.0,0.0,EN500,East
2025-10-07,429.0,248.0,248.0,0.0,181.0,2175.0,0.0,0.0,EN500,East
2025-10-08,2175.0,288.0,288.0,0.0,1887.0,1887.0,0.0,1994.0,EN500,East
2025-10-09,1887.0,232.0,232.0,0.0,1655.0,1655.0,1846.0,0.0,EN500,East
2025-10-10,1655.0,241.0,241.0,0.0,1414.0,3260.0,0.0,0.0,EN500,East
2025-10-11,1414.0,346.0,346.0,0.0,1068.0,2914.0,0.0,0.0,EN500,East
2025-10-12,1068.0,299.0,299.0,0.0,769.0,2615.0,0.0,0.0,EN500,East
2025-10-13,769.0,215.0,215.0,0.0,554.0,2400.0,0.0,0.0,EN500,East
2025-10-14,554.0,211.0,211.0,0.0,343.0,2189.0,0.0,0.0,EN500,East
2025-10-15,2189.0,232.0,232.0,0.0,1957.0,1957.0,0.0,1846.0,EN500,East
2025-10-16,1957.0,208.0,208.0,0.0,1749.0,1749.0,0.0,0.0,EN500,East
2025-10-17,1749.0,227.0,227.0,0.0,1522.0,1522.0,1979.0,0.0,EN500,East
2025-10-18,1522.0,390.0,390.0,0.0,1132.0,3111.0,0.0,0.0,EN500,East
2025-10-19,1132.0,266.0,266.0,0.0,866.0,2845.0,0.0,0.0,EN500,East
2025-10-20,866.0,320.0,320.0,0.0,546.0,2525.0,0.0,0.0,EN500,East
2025-10-21,546.0,259.0,259.0,0.0,287.0,2266.0,0.0,0.0,EN500,East
2025-10-22,287.0,259.0,259.0,0.0,28.0,2007.0,0.0,0.0,EN500,East
2025-10-23,2007.0,214.0,214.0,0.0,1793.0,1793.0,0.0,1979.0,EN500,East
2025-10-24,1793.0,219.0,219.0,0.0,1574.0,1574.0,1927.0,0.0,EN500,East
2025-10-25,1574.0,221.0,221.0,0.0,1353.0,3280.0,0.0,0.0,EN500,East
2025-10-26,1353.0,274.0,274.0,0.0,1079.0,3006.0,0.0,0.0,EN500,East
2025-10-27,1079.0,286.0,286.0,0.0,793.0,2720.0,0.0,0.0,EN500,East
2025-10-28,793.0,253.0,253.0,0.0,540.0,2467.0,0.0,0.0,EN500,East
2025-10-29,540.0,238.0,238.0,0.0,302.0,2229.0,0.0,0.0,EN500,East
2025-10-30,2229.0,280.0,280.0,0.0,1949.0,1949.0,0.0,1927.0,EN500,East
2025-10-31,1949.0,300.0,300.0,0.0,1649.0,1649.0,1852.0,0.0,EN500,East
2025-11-01,1649.0,267.0,267.0,0.0,1382.0,3234.0,0.0,0.0,EN500,East
2025-11-02,1382.0,304.0,304.0,0.0,1078.0,2930.0,0.0,0.0,EN500,East
2025-11-03,1078.0,256.0,256.0,0.0,822.0,2674.0,0.0,0.0,EN500,East
2025-11-04,822.0,232.0,232.0,0.0,590.0,2442.0,0.0,0.0,EN500,East
2025-11-05,590.0,250.0,250.0,0.0,340.0,2192.0,0.0,0.0,EN500,East
2025-11-06,2192.0,247.0,247.0,0.0,1945.0,1945.0,0.0,1852.0,EN500,East
2025-11-07,1945.0,295.0,295.0,0.0,1650.0,1650.0,1851.0,0.0,EN500,East
2025-11-08,1650.0,297.0,297.0,0.0,1353.0,3204.0,0.0,0.0,EN500,East
2025-11-09,1353.0,268.0,268.0,0.0,1085.0,2936.0,0.0,0.0,EN500,East
2025-11-10,1085.0,248.0,248.0,0.0,837.0,2688.0,0.0,0.0,EN500,East
2025-11-11,837.0,244.0,244.0,0.0,593.0,2444.0,0.0,0.0,EN500,East
2025-11-12,593.0,247.0,247.0,0.0,346.0,2197.0,0.0,0.0,EN500,East
2025-11-13,2197.0,277.0,277.0,0.0,1920.0,1920.0,0.0,1851.0,EN500,East
2025-11-14,1920.0,216.0,216.0,0.0,1704.0,1704.0,0.0,0.0,EN500,East
2025-11-15,1704.0,321.0,321.0,0.0,1383.0,1383.0,2118.0,0.0,EN500,East
2025-11-16,1383.0,287.0,287.0,0.0,1096.0,3214.0,0.0,0.0,EN500,East
2025-11-17,1096.0,293.0,293.0,0.0,803.0,2921.0,0.0,0.0,EN500,East
2025-11-18,803.0,254.0,254.0,0.0,549.0,2667.0,0.0,0.0,EN500,East
2025-11-19,549.0,311.0,311.0,0.0,238.0,2356.0,0.0,0.0,EN500,East
2025-11-20,238.0,246.0,238.0,8.0,0.0,2118.0,0.0,0.0,EN500,East
2025-11-21,2118.0,243.0,243.0,0.0,1875.0,1875.0,0.0,2118.0,EN500,East
2025-11-22,1875.0,335.0,335.0,0.0,1540.0,1540.0,1961.0,0.0,EN500,East
2025-11-23,1540.0,350.0,350.0,0.0,1190.0,3151.0,0.0,0.0,EN500,East
2025-11-24,1190.0,255.0,255.0,0.0,935.0,2896.0,0.0,0.0,EN500,East
2025-11-25,935.0,232.0,232.0,0.0,703.0,2664.0,0.0,0.0,EN500,East
2025-11-26,703.0,227.0,227.0,0.0,476.0,2437.0,0.0,0.0,EN500,East
2025-11-27,476.0,267.0,267.0,0.0,209.0,2170.0,0.0,0.0,EN500,East
2025-11-28,2170.0,247.0,247.0,0.0,1923.0,1923.0,0.0,1961.0,EN500,East
2025-11-29,1923.0,327.0,327.0,0.0,1596.0,1596.0,1905.0,0.0,EN500,East
2025-11-30,1596.0,277.0,277.0,0.0,1319.0,3224.0,0.0,0.0,EN500,East
2025-12-01,1319.0,229.0,229.0,0.0,1090.0,2995.0,0.0,0.0,EN500,East
2025-12-02,1090.0,240.0,240.0,0.0,850.0,2755.0,0.0,0.0,EN500,East
2025-12-03,850.0,244.0,244.0,0.0,606.0,2511.0,0.0,0.0,EN500,East
2025-12-04,606.0,283.0,283.0,0.0,323.0,2228.0,0.0,0.0,EN500,East
2025-12-05,2228.0,275.0,275.0,0.0,1953.0,1953.0,0.0,1905.0,EN500,East
2025-12-06,1953.0,270.0,270.0,0.0,1683.0,1683.0,0.0,0.0,EN500,East
2025-12-07,1683.0,303.0,303.0,0.0,1380.0,1380.0,2121.0,0.0,EN500,East
2025-12-08,1380.0,242.0,242.0,0.0,1138.0,3259.0,0.0,0.0,EN500,East
2025-12-09,1138.0,247.0,247.0,0.0,891.0,3012.0,0.0,0.0,EN500,East
2025-12-10,891.0,223.0,223.0,0.0,668.0,2789.0,0.0,0.0,EN500,East
2025-12-11,668.0,256.0,256.0,0.0,412.0,2533.0,0.0,0.0,EN500,East
2025-12-12,412.0,245.0,245.0,0.0,167.0,2288.0,0.0,0.0,EN500,East
2025-12-13,2288.0,295.0,295.0,0.0,1993.0,1993.0,0.0,2121.0,EN500,East
2025-12-14,1993.0,327.0,327.0,0.0,1666.0,1666.0,1835.0,0.0,EN500,East
2025-12-15,1666.0,295.0,295.0,0.0,1371.0,3206.0,0.0,0.0,EN500,East
2025-12-16,1371.0,245.0,245.0,0.0,1126.0,2961.0,0.0,0.0,EN500,East
2025-12-17,1126.0,272.0,272.0,0.0,854.0,2689.0,0.0,0.0,EN500,East
2025-12-18,854.0,293.0,293.0,0.0,561.0,2396.0,0.0,0.0,EN500,East
2025-12-19,561.0,264.0,264.0,0.0,297.0,2132.0,0.0,0.0,EN500,East
2025-12-20,2132.0,274.0,274.0,0.0,1858.0,1858.0,0.0,1835.0,EN500,East
2025-12-21,1858.0,289.0,289.0,0.0,1569.0,1569.0,1932.0,0.0,EN500,East
2025-12-22,1569.0,234.0,234.0,0.0,1335.0,3267.0,0.0,0.0,EN500,East
2025-12-23,1335.0,233.0,233.0,0.0,1102.0,3034.0,0.0,0.0,EN500,East
2025-12-24,1102.0,259.0,259.0,0.0,843.0,2775.0,0.0,0.0,EN500,East
2025-12-25,843.0,285.0,285.0,0.0,558.0,2490.0,0.0,0.0,EN500,East
2025-12-26,558.0,334.0,334.0,0.0,224.0,2156.0,0.0,0.0,EN500,East
2025-12-27,2156.0,324.0,324.0,0.0,1832.0,1832.0,0.0,1932.0,EN500,East
2025-12-28,1832.0,249.0,249.0,0.0,1583.0,1583.0,1918.0,0.0,EN500,East
2025-12-29,1583.0,264.0,264.0,0.0,1319.0,3237.0,0.0,0.0,EN500,East
2025-12-30,1319.0,291.0,291.0,0.0,1028.0,2946.0,0.0,0.0,EN500,East
2025-12-31,1028.0,222.0,222.0,0.0,806.0,2724.0,0.0,0.0,EN500,East
2025-07-01,4077.0,296.0,296.0,0.0,3781.0,3781.0,0.0,0.0,EN500,North
2025-07-02,3781.0,270.0,270.0,0.0,3511.0,3511.0,0.0,0.0,EN500,North
2025-07-03,3511.0,296.0,296.0,0.0,3215.0,3215.0,0.0,0.0,EN500,North
2025-07-04,3215.0,295.0,295.0,0.0,2920.0,2920.0,0.0,0.0,EN500,North
2025-07-05,2920.0,370.0,370.0,0.0,2550.0,2550.0,0.0,0.0,EN500,North
2025-07-06,2550.0,370.0,370.0,0.0,2180.0,2180.0,0.0,0.0,EN500,North
2025-07-07,2180.0,308.0,308.0,0.0,1872.0,1872.0,2205.0,0.0,EN500,North
2025-07-08,1872.0,264.0,264.0,0.0,1608.0,3813.0,0.0,0.0,EN500,North
2025-07-09,1608.0,312.0,312.0,0.0,1296.0,3501.0,0.0,0.0,EN500,North
2025-07-10,1296.0,342.0,342.0,0.0,954.0,3159.0,0.0,0.0,EN500,North
2025-07-11,954.0,257.0,257.0,0.0,697.0,2902.0,0.0,0.0,EN500,North
2025-07-12,697.0,313.0,313.0,0.0,384.0,2589.0,0.0,0.0,EN500,North
2025-07-13,384.0,304.0,304.0,0.0,80.0,2285.0,0.0,0.0,EN500,North
2025-07-14,2285.0,331.0,331.0,0.0,1954.0,1954.0,2123.0,2205.0,EN500,North
2025-07-15,1954.0,322.0,322.0,0.0,1632.0,3755.0,0.0,0.0,EN500,North
2025-07-16,1632.0,269.0,269.0,0.0,1363.0,3486.0,0.0,0.0,EN500,North
2025-07-17,1363.0,278.0,278.0,0.0,1085.0,3208.0,0.0,0.0,EN500,North
2025-07-18,1085.0,338.0,338.0,0.0,747.0,2870.0,0.0,0.0,EN500,North
2025-07-19,747.0,324.0,324.0,0.0,423.0,2546.0,0.0,0.0,EN500,North
2025-07-20,423.0,324.0,324.0,0.0,99.0,2222.0,0.0,0.0,EN500,North
2025-07-21,2222.0,301.0,301.0,0.0,1921.0,1921.0,2156.0,2123.0,EN500,North
2025-07-22,1921.0,277.0,277.0,0.0,1644.0,3800.0,0.0,0.0,EN500,North
2025-07-23,1644.0,310.0,310.0,0.0,1334.0,3490.0,0.0,0.0,EN500,North
2025-07-24,1334.0,307.0,307.0,0.0,1027.0,3183.0,0.0,0.0,EN500,North
2025-07-25,1027.0,383.0,383.0,0.0,644.0,2800.0,0.0,0.0,EN500,North
2025-07-26,644.0,450.0,450.0,0.0,194.0,2350.0,0.0,0.0,EN500,North
2025-07-27,194.0,352.0,194.0,158.0,0.0,2156.0,0.0,0.0,EN500,North
2025-07-28,2156.0,292.0,292.0,0.0,1864.0,1864.0,2213.0,2156.0,EN500,North
2025-07-29,1864.0,304.0,304.0,0.0,1560.0,3773.0,0.0,0.0,EN500,North
2025-07-30,1560.0,272.0,272.0,0.0,1288.0,3501.0,0.0,0.0,EN500,North
2025-07-31,1288.0,341.0,341.0,0.0,947.0,3160.0,0.0,0.0,EN500,North
2025-08-01,947.0,282.0,282.0,0.0,665.0,2878.0,0.0,0.0,EN500,North
2025-08-02,665.0,358.0,358.0,0.0,307.0,2520.0,0.0,0.0,EN500,North
2025-08-03,307.0,269.0,269.0,0.0,38.0,2251.0,0.0,0.0,EN500,North
2025-08-04,2251.0,201.0,201.0,0.0,2050.0,2050.0,2027.0,2213.0,EN500,North
2025-08-05,2050.0,282.0,282.0,0.0,1768.0,3795.0,0.0,0.0,EN500,North
2025-08-06,1768.0,281.0,281.0,0.0,1487.0,3514.0,0.0,0.0,EN500,North
2025-08-07,1487.0,304.0,304.0,0.0,1183.0,3210.0,0.0,0.0,EN500,North
2025-08-08,1183.0,258.0,258.0,0.0,925.0,2952.0,0.0,0.0,EN500,North
2025-08-09,925.0,326.0,326.0,0.0,599.0,2626.0,0.0,0.0,EN500,North
2025-08-10,599.0,307.0,307.0,0.0,292.0,2319.0,0.0,0.0,EN500,North
2025-08-11,2319.0,266.0,266.0,0.0,2053.0,2053.0,2024.0,2027.0,EN500,North
2025-08-12,2053.0,232.0,232.0,0.0,1821.0,3845.0,0.0,0.0,EN500,North
2025-08-13,1821.0,229.0,229.0,0.0,1592.0,3616.0,0.0,0.0,EN500,North
2025-08-14,1592.0,259.0,259.0,0.0,1333.0,3357.0,0.0,0.0,EN500,North
2025-08-15,1333.0,343.0,343.0,0.0,990.0,3014.0,0.0,0.0,EN500,North
2025-08-16,990.0,293.0,293.0,0.0,697.0,2721.0,0.0,0.0,EN500,North
2025-08-17,697.0,296.0,296.0,0.0,401.0,2425.0,0.0,0.0,EN500,North
2025-08-18,2425.0,205.0,205.0,0.0,2220.0,2220.0,0.0,2024.0,EN500,North
2025-08-19,2220.0,254.0,254.0,0.0,1966.0,1966.0,2111.0,0.0,EN500,North
2025-08-20,1966.0,230.0,230.0,0.0,1736.0,3847.0,0.0,0.0,EN500,North
2025-08-21,1736.0,241.0,241.0,0.0,1495.0,3606.0,0.0,0.0,EN500,North
2025-08-22,1495.0,277.0,277.0,0.0,1218.0,3329.0,0.0,0.0,EN500,North
2025-08-23,1218.0,330.0,330.0,0.0,888.0,2999.0,0.0,0.0,EN500,North
2025-08-24,888.0,278.0,278.0,0.0,610.0,2721.0,0.0,0.0,EN500,North
2025-08-25,610.0,247.0,247.0,0.0,363.0,2474.0,0.0,0.0,EN500,North
2025-08-26,2474.0,284.0,284.0,0.0,2190.0,2190.0,0.0,2111.0,EN500,North
2025-08-27,2190.0,252.0,252.0,0.0,1938.0,1938.0,2139.0,0.0,EN500,North
2025-08-28,1938.0,287.0,287.0,0.0,1651.0,3790.0,0.0,0.0,EN500,North
2025-08-29,1651.0,277.0,277.0,0.0,1374.0,3513.0,0.0,0.0,EN500,North
2025-08-30,1374.0,340.0,340.0,0.0,1034.0,3173.0,0.0,0.0,EN500,North
2025-08-31,1034.0,321.0,321.0,0.0,713.0,2852.0,0.0,0.0,EN500,North
2025-09-01,713.0,246.0,246.0,0.0,467.0,2606.0,0.0,0.0,EN500,North
2025-09-02,467.0,272.0,272.0,0.0,195.0,2334.0,0.0,0.0,EN500,North
2025-09-03,2334.0,319.0,319.0,0.0,2015.0,2015.0,2062.0,2139.0,EN500,North
2025-09-04,2015.0,228.0,228.0,0.0,1787.0,3849.0,0.0,0.0,EN500,North
2025-09-05,1787.0,281.0,281.0,0.0,1506.0,3568.0,0.0,0.0,EN500,North
2025-09-06,1506.0,245.0,245.0,0.0,1261.0,3323.0,0.0,0.0,EN500,North
2025-09-07,1261.0,342.0,342.0,0.0,919.0,2981.0,0.0,0.0,EN500,North
2025-09-08,919.0,229.0,229.0,0.0,690.0,2752.0,0.0,0.0,EN500,North
2025-09-09,690.0,253.0,253.0,0.0,437.0,2499.0,0.0,0.0,EN500,North
2025-09-10,2499.0,212.0,212.0,0.0,2287.0,2287.0,0.0,2062.0,EN500,North
2025-09-11,2287.0,287.0,287.0,0.0,2000.0,2000.0,2077.0,0.0,EN500,North
2025-09-12,2000.0,341.0,341.0,0.0,1659.0,3736.0,0.0,0.0,EN500,North
2025-09-13,1659.0,261.0,261.0,0.0,1398.0,3475.0,0.0,0.0,EN500,North
2025-09-14,1398.0,250.0,250.0,0.0,1148.0,3225.0,0.0,0.0,EN500,North
2025-09-15,1148.0,261.0,261.0,0.0,887.0,2964.0,0.0,0.0,EN500,North
2025-09-16,887.0,275.0,275.0,0.0,612.0,2689.0,0.0,0.0,EN500,North
2025-09-17,612.0,245.0,245.0,0.0,367.0,2444.0,0.0,0.0,EN500,North
2025-09-18,2444.0,296.0,296.0,0.0,2148.0,2148.0,0.0,2077.0,EN500,North
2025-09-19,2148.0,262.0,262.0,0.0,1886.0,1886.0,2191.0,0.0,EN500,North
2025-09-20,1886.0,268.0,268.0,0.0,1618.0,3809.0,0.0,0.0,EN500,North
2025-09-21,1618.0,403.0,403.0,0.0,1215.0,3406.0,0.0,0.0,EN500,North
2025-09-22,1215.0,276.0,276.0,0.0,939.0,3130.0,0.0,0.0,EN500,North
2025-09-23,939.0,240.0,240.0,0.0,699.0,2890.0,0.0,0.0,EN500,North
2025-09-24,699.0,284.0,284.0,0.0,415.0,2606.0,0.0,0.0,EN500,North
2025-09-25,415.0,299.0,299.0,0.0,116.0,2307.0,0.0,0.0,EN500,North
2025-09-26,2307.0,293.0,293.0,0.0,2014.0,2014.0,2063.0,2191.0,EN500,North
2025-09-27,2014.0,309.0,309.0,0.0,1705.0,3768.0,0.0,0.0,EN500,North
2025-09-28,1705.0,308.0,308.0,0.0,1397.0,3460.0,0.0,0.0,EN500,North
2025-09-29,1397.0,252.0,252.0,0.0,1145.0,3208.0,0.0,0.0,EN500,North
2025-09-30,1145.0,280.0,280.0,0.0,865.0,2928.0,0.0,0.0,EN500,North
2025-10-01,865.0,239.0,239.0,0.0,626.0,2689.0,0.0,0.0,EN500,North
2025-10-02,626.0,312.0,312.0,0.0,314.0,2377.0,0.0,0.0,EN500,North
2025-10-03,2377.0,208.0,208.0,0.0,2169.0,2169.0,0.0,2063.0,EN500,North
2025-10-04,2169.0,311.0,311.0,0.0,1858.0,1858.0,2219.0,0.0,EN500,North
2025-10-05,1858.0,322.0,322.0,0.0,1536.0,3755.0,0.0,0.0,EN500,North
2025-10-06,1536.0,272.0,272.0,0.0,1264.0,3483.0,0.0,0.0,EN500,North
2025-10-07,1264.0,239.0,239.0,0.0,1025.0,3244.0,0.0,0.0,EN500,North
2025-10-08,1025.0,281.0,281.0,0.0,744.0,2963.0,0.0,0.0,EN500,North
2025-10-09,744.0,287.0,287.0,0.0,457.0,2676.0,0.0,0.0,EN500,North
2025-10-10,457.0,286.0,286.0,0.0,171.0,2390.0,0.0,0.0,EN500,North
2025-10-11,2390.0,299.0,299.0,0.0,2091.0,2091.0,1986.0,2219.0,EN500,North
2025-10-12,2091.0,310.0,310.0,0.0,1781.0,3767.0,0.0,0.0,EN500,North
2025-10-13,1781.0,300.0,300.0,0.0,1481.0,3467.0,0.0,0.0,EN500,North
2025-10-14,1481.0,295.0,295.0,0.0,1186.0,3172.0,0.0,0.0,EN500,North
2025-10-15,1186.0,253.0,253.0,0.0,933.0,2919.0,0.0,0.0,EN500,North
2025-10-16,933.0,269.0,269.0,0.0,664.0,2650.0,0.0,0.0,EN500,North
2025-10-17,664.0,279.0,279.0,0.0,385.0,2371.0,0.0,0.0,EN500,North
2025-10-18,2371.0,310.0,310.0,0.0,2061.0,2061.0,2016.0,1986.0,EN500,North
2025-10-19,2061.0,304.0,304.0,0.0,1757.0,3773.0,0.0,0.0,EN500,North
2025-10-20,1757.0,325.0,325.0,0.0,1432.0,3448.0,0.0,0.0,EN500,North
2025-10-21,1432.0,257.0,257.0,0.0,1175.0,3191.0,0.0,0.0,EN500,North
2025-10-22,1175.0,273.0,273.0,0.0,902.0,2918.0,0.0,0.0,EN500,North
2025-10-23,902.0,300.0,300.0,0.0,602.0,2618.0,0.0,0.0,EN500,North
2025-10-24,602.0,262.0,262.0,0.0,340.0,2356.0,0.0,0.0,EN500,North
2025-10-25,2356.0,275.0,275.0,0.0,2081.0,2081.0,1996.0,2016.0,EN500,North
2025-10-26,2081.0,325.0,325.0,0.0,1756.0,3752.0,0.0,0.0,EN500,North
2025-10-27,1756.0,266.0,266.0,0.0,1490.0,3486.0,0.0,0.0,EN500,North
2025-10-28,1490.0,288.0,288.0,0.0,1202.0,3198.0,0.0,0.0,EN500,North
2025-10-29,1202.0,383.0,383.0,0.0,819.0,2815.0,0.0,0.0,EN500,North
2025-10-30,819.0,275.0,275.0,0.0,544.0,2540.0,0.0,0.0,EN500,North
2025-10-31,544.0,347.0,347.0,0.0,197.0,2193.0,0.0,0.0,EN500,North
2025-11-01,2193.0,282.0,282.0,0.0,1911.0,1911.0,2166.0,1996.0,EN500,North
2025-11-02,1911.0,338.0,338.0,0.0,1573.0,3739.0,0.0,0.0,EN500,North
2025-11-03,1573.0,313.0,313.0,0.0,1260.0,3426.0,0.0,0.0,EN500,North
2025-11-04,1260.0,250.0,250.0,0.0,1010.0,3176.0,0.0,0.0,EN500,North
2025-11-05,1010.0,206.0,206.0,0.0,804.0,2970.0,0.0,0.0,EN500,North
2025-11-06,804.0,246.0,246.0,0.0,558.0,2724.0,0.0,0.0,EN500,North
2025-11-07,558.0,318.0,318.0,0.0,240.0,2406.0,0.0,0.0,EN500,North
2025-11-08,2406.0,352.0,352.0,0.0,2054.0,2054.0,2023.0,2166.0,EN500,North
2025-11-09,2054.0,266.0,266.0,0.0,1788.0,3811.0,0.0,0.0,EN500,North
2025-11-10,1788.0,267.0,267.0,0.0,1521.0,3544.0,0.0,0.0,EN500,North
2025-11-11,1521.0,258.0,258.0,0.0,1263.0,3286.0,0.0,0.0,EN500,North
2025-11-12,1263.0,293.0,293.0,0.0,970.0,2993.0,0.0,0.0,EN500,North
2025-11-13,970.0,263.0,263.0,0.0,707.0,2730.0,0.0,0.0,EN500,North
2025-11-14,707.0,224.0,224.0,0.0,483.0,2506.0,0.0,0.0,EN500,North
2025-11-15,2506.0,260.0,260.0,0.0,2246.0,2246.0,0.0,2023.0,EN500,North
2025-11-16,2246.0,280.0,280.0,0.0,1966.0,1966.0,2111.0,0.0,EN500,North
2025-11-17,1966.0,305.0,305.0,0.0,1661.0,3772.0,0.0,0.0,EN500,North
2025-11-18,1661.0,275.0,275.0,0.0,1386.0,3497.0,0.0,0.0,EN500,North
2025-11-19,1386.0,225.0,225.0,0.0,1161.0,3272.0,0.0,0.0,EN500,North
2025-11-20,1161.0,284.0,284.0,0.0,877.0,2988.0,0.0,0.0,EN500,North
2025-11-21,877.0,285.0,285.0,0.0,592.0,2703.0,0.0,0.0,EN500,North
2025-11-22,592.0,330.0,330.0,0.0,262.0,2373.0,0.0,0.0,EN500,North
2025-11-23,2373.0,239.0,239.0,0.0,2134.0,2134.0,0.0,2111.0,EN500,North
2025-11-24,2134.0,286.0,286.0,0.0,1848.0,1848.0,2229.0,0.0,EN500,North
2025-11-25,1848.0,262.0,262.0,0.0,1586.0,3815.0,0.0,0.0,EN500,North
2025-11-26,1586.0,232.0,232.0,0.0,1354.0,3583.0,0.0,0.0,EN500,North
2025-11-27,1354.0,217.0,217.0,0.0,1137.0,3366.0,0.0,0.0,EN500,North
2025-11-28,1137.0,262.0,262.0,0.0,875.0,3104.0,0.0,0.0,EN500,North
2025-11-29,875.0,251.0,251.0,0.0,624.0,2853.0,0.0,0.0,EN500,North
2025-11-30,624.0,254.0,254.0,0.0,370.0,2599.0,0.0,0.0,EN500,North
2025-12-01,2599.0,270.0,270.0,0.0,2329.0,2329.0,0.0,2229.0,EN500,North
2025-12-02,2329.0,260.0,260.0,0.0,2069.0,2069.0,2008.0,0.0,EN500,North
2025-12-03,2069.0,271.0,271.0,0.0,1798.0,3806.0,0.0,0.0,EN500,North
2025-12-04,1798.0,255.0,255.0,0.0,1543.0,3551.0,0.0,0.0,EN500,North
2025-12-05,1543.0,271.0,271.0,0.0,1272.0,3280.0,0.0,0.0,EN500,North
2025-12-06,1272.0,286.0,286.0,0.0,986.0,2994.0,0.0,0.0,EN500,North
2025-12-07,986.0,334.0,334.0,0.0,652.0,2660.0,0.0,0.0,EN500,North
2025-12-08,652.0,284.0,284.0,0.0,368.0,2376.0,0.0,0.0,EN500,North
2025-12-09,2376.0,235.0,235.0,0.0,2141.0,2141.0,0.0,2008.0,EN500,North
2025-12-10,2141.0,252.0,252.0,0.0,1889.0,1889.0,2188.0,0.0,EN500,North
2025-12-11,1889.0,322.0,322.0,0.0,1567.0,3755.0,0.0,0.0,EN500,North
2025-12-12,1567.0,252.0,252.0,0.0,1315.0,3503.0,0.0,0.0,EN500,North
2025-12-13,1315.0,348.0,348.0,0.0,967.0,3155.0,0.0,0.0,EN500,North
2025-12-14,967.0,336.0,336.0,0.0,631.0,2819.0,0.0,0.0,EN500,North
2025-12-15,631.0,310.0,310.0,0.0,321.0,2509.0,0.0,0.0,EN500,North
2025-12-16,321.0,257.0,257.0,0.0,64.0,2252.0,0.0,0.0,EN500,North
2025-12-17,2252.0,238.0,238.0,0.0,2014.0,2014.0,2063.0,2188.0,EN500,North
2025-12-18,2014.0,234.0,234.0,0.0,1780.0,3843.0,0.0,0.0,EN500,North
2025-12-19,1780.0,239.0,239.0,0.0,1541.0,3604.0,0.0,0.0,EN500,North
2025-12-20,1541.0,310.0,310.0,0.0,1231.0,3294.0,0.0,0.0,EN500,North
2025-12-21,1231.0,262.0,262.0,0.0,969.0,3032.0,0.0,0.0,EN500,North
2025-12-22,969.0,286.0,286.0,0.0,683.0,2746.0,0.0,0.0,EN500,North
2025-12-23,683.0,274.0,274.0,0.0,409.0,2472.0,0.0,0.0,EN500,North
2025-12-24,2472.0,220.0,220.0,0.0,2252.0,2252.0,0.0,2063.0,EN500,North
2025-12-25,2252.0,344.0,344.0,0.0,1908.0,1908.0,2169.0,0.0,EN500,North
2025-12-26,1908.0,243.0,243.0,0.0,1665.0,3834.0,0.0,0.0,EN500,North
2025-12-27,1665.0,332.0,332.0,0.0,1333.0,3502.0,0.0,0.0,EN500,North
2025-12-28,1333.0,413.0,413.0,0.0,920.0,3089.0,0.0,0.0,EN500,North
2025-12-29,920.0,238.0,238.0,0.0,682.0,2851.0,0.0,0.0,EN500,North
2025-12-30,682.0,359.0,359.0,0.0,323.0,2492.0,0.0,0.0,EN500,North
2025-12-31,323.0,294.0,294.0,0.0,29.0,2198.0,0.0,0.0,EN500,North
2025-07-01,5377.0,351.0,351.0,0.0,5026.0,5026.0,0.0,0.0,EN500,South
2025-07-02,5026.0,385.0,385.0,0.0,4641.0,4641.0,0.0,0.0,EN500,South
2025-07-03,4641.0,288.0,288.0,0.0,4353.0,4353.0,0.0,0.0,EN500,South
2025-07-04,4353.0,346.0,346.0,0.0,4007.0,4007.0,0.0,0.0,EN500,South
2025-07-05,4007.0,406.0,406.0,0.0,3601.0,3601.0,0.0,0.0,EN500,South
2025-07-06,3601.0,348.0,348.0,0.0,3253.0,3253.0,0.0,0.0,EN500,South
2025-07-07,3253.0,319.0,319.0,0.0,2934.0,2934.0,2443.0,0.0,EN500,South
2025-07-08,2934.0,306.0,306.0,0.0,2628.0,5071.0,0.0,0.0,EN500,South
2025-07-09,2628.0,290.0,290.0,0.0,2338.0,4781.0,0.0,0.0,EN500,South
2025-07-10,2338.0,349.0,349.0,0.0,1989.0,4432.0,0.0,0.0,EN500,South
2025-07-11,1989.0,295.0,295.0,0.0,1694.0,4137.0,0.0,0.0,EN500,South
2025-07-12,1694.0,365.0,365.0,0.0,1329.0,3772.0,0.0,0.0,EN500,South
2025-07-13,1329.0,364.0,364.0,0.0,965.0,3408.0,0.0,0.0,EN500,South
2025-07-14,965.0,365.0,365.0,0.0,600.0,3043.0,2334.0,0.0,EN500,South
2025-07-15,600.0,298.0,298.0,0.0,302.0,5079.0,0.0,0.0,EN500,South
2025-07-16,302.0,349.0,302.0,47.0,0.0,4777.0,0.0,0.0,EN500,South
2025-07-17,2443.0,292.0,292.0,0.0,2151.0,4485.0,0.0,2443.0,EN500,South
2025-07-18,2151.0,324.0,324.0,0.0,1827.0,4161.0,0.0,0.0,EN500,South
2025-07-19,1827.0,417.0,417.0,0.0,1410.0,3744.0,0.0,0.0,EN500,South
2025-07-20,1410.0,396.0,396.0,0.0,1014.0,3348.0,0.0,0.0,EN500,South
2025-07-21,1014.0,398.0,398.0,0.0,616.0,2950.0,2427.0,0.0,EN500,South
2025-07-22,616.0,353.0,353.0,0.0,263.0,5024.0,0.0,0.0,EN500,South
2025-07-23,263.0,323.0,263.0,60.0,0.0,4761.0,0.0,0.0,EN500,South
2025-07-24,2334.0,318.0,318.0,0.0,2016.0,4443.0,0.0,2334.0,EN500,South
2025-07-25,2016.0,336.0,336.0,0.0,1680.0,4107.0,0.0,0.0,EN500,South
2025-07-26,1680.0,353.0,353.0,0.0,1327.0,3754.0,0.0,0.0,EN500,South
2025-07-27,1327.0,435.0,435.0,0.0,892.0,3319.0,0.0,0.0,EN500,South
2025-07-28,892.0,368.0,368.0,0.0,524.0,2951.0,2426.0,0.0,EN500,South
2025-07-29,524.0,321.0,321.0,0.0,203.0,5056.0,0.0,0.0,EN500,South
2025-07-30,203.0,396.0,203.0,193.0,0.0,4853.0,0.0,0.0,EN500,South
2025-07-31,2427.0,313.0,313.0,0.0,2114.0,4540.0,0.0,2427.0,EN500,South
2025-08-01,2114.0,297.0,297.0,0.0,1817.0,4243.0,0.0,0.0,EN500,South
2025-08-02,1817.0,385.0,385.0,0.0,1432.0,3858.0,0.0,0.0,EN500,South
2025-08-03,1432.0,306.0,306.0,0.0,1126.0,3552.0,0.0,0.0,EN500,South
2025-08-04,1126.0,276.0,276.0,0.0,850.0,3276.0,0.0,0.0,EN500,South
2025-08-05,850.0,303.0,303.0,0.0,547.0,2973.0,2404.0,0.0,EN500,South
2025-08-06,547.0,318.0,318.0,0.0,229.0,5059.0,0.0,0.0,EN500,South
2025-08-07,2655.0,257.0,257.0,0.0,2398.0,4802.0,0.0,2426.0,EN500,South
2025-08-08,2398.0,265.0,265.0,0.0,2133.0,4537.0,0.0,0.0,EN500,South
2025-08-09,2133.0,321.0,321.0,0.0,1812.0,4216.0,0.0,0.0,EN500,South
2025-08-10,1812.0,327.0,327.0,0.0,1485.0,3889.0,0.0,0.0,EN500,South
2025-08-11,1485.0,288.0,288.0,0.0,1197.0,3601.0,0.0,0.0,EN500,South
2025-08-12,1197.0,243.0,243.0,0.0,954.0,3358.0,0.0,0.0,EN500,South
2025-08-13,954.0,306.0,306.0,0.0,648.0,3052.0,2325.0,0.0,EN500,South
2025-08-14,648.0,257.0,257.0,0.0,391.0,5120.0,0.0,0.0,EN500,South
2025-08-15,2795.0,480.0,480.0,0.0,2315.0,4640.0,0.0,2404.0,EN500,South
2025-08-16,2315.0,353.0,353.0,0.0,1962.0,4287.0,0.0,0.0,EN500,South
2025-08-17,1962.0,322.0,322.0,0.0,1640.0,3965.0,0.0,0.0,EN500,South
2025-08-18,1640.0,291.0,291.0,0.0,1349.0,3674.0,0.0,0.0,EN500,South
2025-08-19,1349.0,234.0,234.0,0.0,1115.0,3440.0,0.0,0.0,EN500,South
2025-08-20,1115.0,268.0,268.0,0.0,847.0,3172.0,2205.0,0.0,EN500,South
2025-08-21,847.0,217.0,217.0,0.0,630.0,5160.0,0.0,0.0,EN500,South
2025-08-22,630.0,344.0,344.0,0.0,286.0,4816.0,0.0,0.0,EN500,South
2025-08-23,2611.0,308.0,308.0,0.0,2303.0,4508.0,0.0,2325.0,EN500,South
2025-08-24,2303.0,378.0,378.0,0.0,1925.0,4130.0,0.0,0.0,EN500,South
2025-08-25,1925.0,314.0,314.0,0.0,1611.0,3816.0,0.0,0.0,EN500,South
2025-08-26,1611.0,273.0,273.0,0.0,1338.0,3543.0,0.0,0.0,EN500,South
2025-08-27,1338.0,234.0,234.0,0.0,1104.0,3309.0,0.0,0.0,EN500,South
2025-08-28,1104.0,249.0,249.0,0.0,855.0,3060.0,2317.0,0.0,EN500,South
2025-08-29,855.0,356.0,356.0,0.0,499.0,5021.0,0.0,0.0,EN500,South
2025-08-30,2704.0,327.0,327.0,0.0,2377.0,4694.0,0.0,2205.0,EN500,South
2025-08-31,2377.0,325.0,325.0,0.0,2052.0,4369.0,0.0,0.0,EN500,South
2025-09-01,2052.0,289.0,289.0,0.0,1763.0,4080.0,0.0,0.0,EN500,South
2025-09-02,1763.0,277.0,277.0,0.0,1486.0,3803.0,0.0,0.0,EN500,South
2025-09-03,1486.0,250.0,250.0,0.0,1236.0,3553.0,0.0,0.0,EN500,South
2025-09-04,1236.0,297.0,297.0,0.0,939.0,3256.0,0.0,0.0,EN500,South
2025-09-05,939.0,275.0,275.0,0.0,664.0,2981.0,2396.0,0.0,EN500,South
2025-09-06,664.0,281.0,281.0,0.0,383.0,5096.0,0.0,0.0,EN500,South
2025-09-07,2700.0,335.0,335.0,0.0,2365.0,4761.0,0.0,2317.0,EN500,South
2025-09-08,2365.0,236.0,236.0,0.0,2129.0,4525.0,0.0,0.0,EN500,South
2025-09-09,2129.0,320.0,320.0,0.0,1809.0,4205.0,0.0,0.0,EN500,South
2025-09-10,1809.0,319.0,319.0,0.0,1490.0,3886.0,0.0,0.0,EN500,South
2025-09-11,1490.0,309.0,309.0,0.0,1181.0,3577.0,0.0,0.0,EN500,South
2025-09-12,1181.0,272.0,272.0,0.0,909.0,3305.0,0.0,0.0,EN500,South
2025-09-13,909.0,332.0,332.0,0.0,577.0,2973.0,2404.0,0.0,EN500,South
2025-09-14,577.0,307.0,307.0,0.0,270.0,5070.0,0.0,0.0,EN500,South
2025-09-15,2666.0,334.0,334.0,0.0,2332.0,4736.0,0.0,2396.0,EN500,South
2025-09-16,2332.0,272.0,272.0,0.0,2060.0,4464.0,0.0,0.0,EN500,South
2025-09-17,2060.0,319.0,319.0,0.0,1741.0,4145.0,0.0,0.0,EN500,South
2025-09-18,1741.0,365.0,365.0,0.0,1376.0,3780.0,0.0,0.0,EN500,South
2025-09-19,1376.0,303.0,303.0,0.0,1073.0,3477.0,0.0,0.0,EN500,South
2025-09-20,1073.0,340.0,340.0,0.0,733.0,3137.0,2240.0,0.0,EN500,South
2025-09-21,733.0,408.0,408.0,0.0,325.0,4969.0,0.0,0.0,EN500,South
2025-09-22,325.0,284.0,284.0,0.0,41.0,4685.0,0.0,0.0,EN500,South
2025-09-23,2445.0,261.0,261.0,0.0,2184.0,4424.0,0.0,2404.0,EN500,South
2025-09-24,2184.0,265.0,265.0,0.0,1919.0,4159.0,0.0,0.0,EN500,South
2025-09-25,1919.0,304.0,304.0,0.0,1615.0,3855.0,0.0,0.0,EN500,South
2025-09-26,1615.0,260.0,260.0,0.0,1355.0,3595.0,0.0,0.0,EN500,South
2025-09-27,1355.0,367.0,367.0,0.0,988.0,3228.0,2149.0,0.0,EN500,South
2025-09-28,988.0,317.0,317.0,0.0,671.0,5060.0,0.0,0.0,EN500,South
2025-09-29,671.0,301.0,301.0,0.0,370.0,4759.0,0.0,0.0,EN500,South
2025-09-30,2610.0,262.0,262.0,0.0,2348.0,4497.0,0.0,2240.0,EN500,South
2025-10-01,2348.0,288.0,288.0,0.0,2060.0,4209.0,0.0,0.0,EN500,South
2025-10-02,2060.0,374.0,374.0,0.0,1686.0,3835.0,0.0,0.0,EN500,South
2025-10-03,1686.0,288.0,288.0,0.0,1398.0,3547.0,0.0,0.0,EN500,South
2025-10-04,1398.0,377.0,377.0,0.0,1021.0,3170.0,2207.0,0.0,EN500,South
2025-10-05,1021.0,311.0,311.0,0.0,710.0,5066.0,0.0,0.0,EN500,South
2025-10-06,710.0,333.0,333.0,0.0,377.0,4733.0,0.0,0.0,EN500,South
2025-10-07,2526.0,254.0,254.0,0.0,2272.0,4479.0,0.0,2149.0,EN500,South
2025-10-08,2272.0,293.0,293.0,0.0,1979.0,4186.0,0.0,0.0,EN500,South
2025-10-09,1979.0,249.0,249.0,0.0,1730.0,3937.0,0.0,0.0,EN500,South
2025-10-10,1730.0,239.0,239.0,0.0,1491.0,3698.0,0.0,0.0,EN500,South
2025-10-11,1491.0,333.0,333.0,0.0,1158.0,3365.0,0.0,0.0,EN500,South
2025-10-12,1158.0,339.0,339.0,0.0,819.0,3026.0,2351.0,0.0,EN500,South
2025-10-13,819.0,259.0,259.0,0.0,560.0,5118.0,0.0,0.0,EN500,South
2025-10-14,2767.0,289.0,289.0,0.0,2478.0,4829.0,0.0,2207.0,EN500,South
2025-10-15,2478.0,278.0,278.0,0.0,2200.0,4551.0,0.0,0.0,EN500,South
2025-10-16,2200.0,236.0,236.0,0.0,1964.0,4315.0,0.0,0.0,EN500,South
2025-10-17,1964.0,328.0,328.0,0.0,1636.0,3987.0,0.0,0.0,EN500,South
2025-10-18,1636.0,261.0,261.0,0.0,1375.0,3726.0,0.0,0.0,EN500,South
2025-10-19,1375.0,314.0,314.0,0.0,1061.0,3412.0,0.0,0.0,EN500,South
2025-10-20,1061.0,326.0,326.0,0.0,735.0,3086.0,2291.0,0.0,EN500,South
2025-10-21,735.0,303.0,303.0,0.0,432.0,5074.0,0.0,0.0,EN500,South
2025-10-22,2783.0,253.0,253.0,0.0,2530.0,4821.0,0.0,2351.0,EN500,South
2025-10-23,2530.0,340.0,340.0,0.0,2190.0,4481.0,0.0,0.0,EN500,South
2025-10-24,2190.0,262.0,262.0,0.0,1928.0,4219.0,0.0,0.0,EN500,South
2025-10-25,1928.0,325.0,325.0,0.0,1603.0,3894.0,0.0,0.0,EN500,South
2025-10-26,1603.0,297.0,297.0,0.0,1306.0,3597.0,0.0,0.0,EN500,South
2025-10-27,1306.0,282.0,282.0,0.0,1024.0,3315.0,0.0,0.0,EN500,South
2025-10-28,1024.0,295.0,295.0,0.0,729.0,3020.0,2357.0,0.0,EN500,South
2025-10-29,729.0,249.0,249.0,0.0,480.0,5128.0,0.0,0.0,EN500,South
2025-10-30,2771.0,241.0,241.0,0.0,2530.0,4887.0,0.0,2291.0,EN500,South
2025-10-31,2530.0,241.0,241.0,0.0,2289.0,4646.0,0.0,0.0,EN500,South
2025-11-01,2289.0,445.0,445.0,0.0,1844.0,4201.0,0.0,0.0,EN500,South
2025-11-02,1844.0,324.0,324.0,0.0,1520.0,3877.0,0.0,0.0,EN500,South
2025-11-03,1520.0,297.0,297.0,0.0,1223.0,3580.0,0.0,0.0,EN500,South
2025-11-04,1223.0,326.0,326.0,0.0,897.0,3254.0,0.0,0.0,EN500,South
2025-11-05,897.0,289.0,289.0,0.0,608.0,2965.0,2412.0,0.0,EN500,South
2025-11-06,608.0,313.0,313.0,0.0,295.0,5064.0,0.0,0.0,EN500,South
2025-11-07,2652.0,303.0,303.0,0.0,2349.0,4761.0,0.0,2357.0,EN500,South
2025-11-08,2349.0,269.0,269.0,0.0,2080.0,4492.0,0.0,0.0,EN500,South
2025-11-09,2080.0,324.0,324.0,0.0,1756.0,4168.0,0.0,0.0,EN500,South
2025-11-10,1756.0,316.0,316.0,0.0,1440.0,3852.0,0.0,0.0,EN500,South
2025-11-11,1440.0,267.0,267.0,0.0,1173.0,3585.0,0.0,0.0,EN500,South
2025-11-12,1173.0,384.0,384.0,0.0,789.0,3201.0,2176.0,0.0,EN500,South
2025-11-13,789.0,302.0,302.0,0.0,487.0,5075.0,0.0,0.0,EN500,South
2025-11-14,487.0,256.0,256.0,0.0,231.0,4819.0,0.0,0.0,EN500,South
2025-11-15,2643.0,310.0,310.0,0.0,2333.0,4509.0,0.0,2412.0,EN500,South
2025-11-16,2333.0,337.0,337.0,0.0,1996.0,4172.0,0.0,0.0,EN500,South
2025-11-17,1996.0,283.0,283.0,0.0,1713.0,3889.0,0.0,0.0,EN500,South
2025-11-18,1713.0,377.0,377.0,0.0,1336.0,3512.0,0.0,0.0,EN500,South
2025-11-19,1336.0,277.0,277.0,0.0,1059.0,3235.0,0.0,0.0,EN500,South
2025-11-20,1059.0,355.0,355.0,0.0,704.0,2880.0,2497.0,0.0,EN500,South
2025-11-21,704.0,314.0,314.0,0.0,390.0,5063.0,0.0,0.0,EN500,South
2025-11-22,2566.0,340.0,340.0,0.0,2226.0,4723.0,0.0,2176.0,EN500,South
2025-11-23,2226.0,354.0,354.0,0.0,1872.0,4369.0,0.0,0.0,EN500,South
2025-11-24,1872.0,320.0,320.0,0.0,1552.0,4049.0,0.0,0.0,EN500,South
2025-11-25,1552.0,331.0,331.0,0.0,1221.0,3718.0,0.0,0.0,EN500,South
2025-11-26,1221.0,260.0,260.0,0.0,961.0,3458.0,0.0,0.0,EN500,South
2025-11-27,961.0,304.0,304.0,0.0,657.0,3154.0,2223.0,0.0,EN500,South
2025-11-28,657.0,273.0,273.0,0.0,384.0,5104.0,0.0,0.0,EN500,South
2025-11-29,384.0,360.0,360.0,0.0,24.0,4744.0,0.0,0.0,EN500,South
2025-11-30,2521.0,362.0,362.0,0.0,2159.0,4382.0,0.0,2497.0,EN500,South
2025-12-01,2159.0,271.0,271.0,0.0,1888.0,4111.0,0.0,0.0,EN500,South
2025-12-02,1888.0,362.0,362.0,0.0,1526.0,3749.0,0.0,0.0,EN500,South
2025-12-03,1526.0,322.0,322.0,0.0,1204.0,3427.0,0.0,0.0,EN500,South
2025-12-04,1204.0,251.0,251.0,0.0,953.0,3176.0,2201.0,0.0,EN500,South
2025-12-05,953.0,266.0,266.0,0.0,687.0,5111.0,0.0,0.0,EN500,South
2025-12-06,687.0,328.0,328.0,0.0,359.0,4783.0,0.0,0.0,EN500,South
2025-12-07,2582.0,341.0,341.0,0.0,2241.0,4442.0,0.0,2223.0,EN500,South
2025-12-08,2241.0,257.0,257.0,0.0,1984.0,4185.0,0.0,0.0,EN500,South
2025-12-09,1984.0,305.0,305.0,0.0,1679.0,3880.0,0.0,0.0,EN500,South
2025-12-10,1679.0,324.0,324.0,0.0,1355.0,3556.0,0.0,0.0,EN500,South
2025-12-11,1355.0,313.0,313.0,0.0,1042.0,3243.0,0.0,0.0,EN500,South
2025-12-12,1042.0,289.0,289.0,0.0,753.0,2954.0,2423.0,0.0,EN500,South
2025-12-13,753.0,308.0,308.0,0.0,445.0,5069.0,0.0,0.0,EN500,South
2025-12-14,2646.0,342.0,342.0,0.0,2304.0,4727.0,0.0,2201.0,EN500,South
2025-12-15,2304.0,280.0,280.0,0.0,2024.0,4447.0,0.0,0.0,EN500,South
2025-12-16,2024.0,295.0,295.0,0.0,1729.0,4152.0,0.0,0.0,EN500,South
2025-12-17,1729.0,316.0,316.0,0.0,1413.0,3836.0,0.0,0.0,EN500,South
2025-12-18,1413.0,346.0,346.0,0.0,1067.0,3490.0,0.0,0.0,EN500,South
2025-12-19,1067.0,268.0,268.0,0.0,799.0,3222.0,2155.0,0.0,EN500,South
2025-12-20,799.0,353.0,353.0,0.0,446.0,5024.0,0.0,0.0,EN500,South
2025-12-21,446.0,352.0,352.0,0.0,94.0,4672.0,0.0,0.0,EN500,South
2025-12-22,2517.0,293.0,293.0,0.0,2224.0,4379.0,0.0,2423.0,EN500,South
2025-12-23,2224.0,315.0,315.0,0.0,1909.0,4064.0,0.0,0.0,EN500,South
2025-12-24,1909.0,294.0,294.0,0.0,1615.0,3770.0,0.0,0.0,EN500,South
2025-12-25,1615.0,361.0,361.0,0.0,1254.0,3409.0,0.0,0.0,EN500,South
2025-12-26,1254.0,327.0,327.0,0.0,927.0,3082.0,2295.0,0.0,EN500,South
2025-12-27,927.0,380.0,380.0,0.0,547.0,4997.0,0.0,0.0,EN500,South
2025-12-28,547.0,290.0,290.0,0.0,257.0,4707.0,0.0,0.0,EN500,South
2025-12-29,2412.0,260.0,260.0,0.0,2152.0,4447.0,0.0,2155.0,EN500,South
2025-12-30,2152.0,297.0,297.0,0.0,1855.0,4150.0,0.0,0.0,EN500,South
2025-12-31,1855.0,292.0,292.0,0.0,1563.0,3858.0,0.0,0.0,EN500,South
2025-07-01,5237.0,476.0,476.0,0.0,4761.0,4761.0,0.0,0.0,EN500,West
2025-07-02,4761.0,344.0,344.0,0.0,4417.0,4417.0,0.0,0.0,EN500,West
2025-07-03,4417.0,396.0,396.0,0.0,4021.0,4021.0,0.0,0.0,EN500,West
2025-07-04,4021.0,318.0,318.0,0.0,3703.0,3703.0,0.0,0.0,EN500,West
2025-07-05,3703.0,297.0,297.0,0.0,3406.0,3406.0,0.0,0.0,EN500,West
2025-07-06,3406.0,398.0,398.0,0.0,3008.0,3008.0,2229.0,0.0,EN500,West
2025-07-07,3008.0,328.0,328.0,0.0,2680.0,4909.0,0.0,0.0,EN500,West
2025-07-08,2680.0,268.0,268.0,0.0,2412.0,4641.0,0.0,0.0,EN500,West
2025-07-09,2412.0,448.0,448.0,0.0,1964.0,4193.0,0.0,0.0,EN500,West
2025-07-10,1964.0,348.0,348.0,0.0,1616.0,3845.0,0.0,0.0,EN500,West
2025-07-11,1616.0,332.0,332.0,0.0,1284.0,3513.0,0.0,0.0,EN500,West
2025-07-12,1284.0,413.0,413.0,0.0,871.0,3100.0,0.0,0.0,EN500,West
2025-07-13,871.0,388.0,388.0,0.0,483.0,2712.0,2525.0,0.0,EN500,West
2025-07-14,483.0,320.0,320.0,0.0,163.0,4917.0,0.0,0.0,EN500,West
2025-07-15,2392.0,333.0,333.0,0.0,2059.0,4584.0,0.0,2229.0,EN500,West
2025-07-16,2059.0,321.0,321.0,0.0,1738.0,4263.0,0.0,0.0,EN500,West
2025-07-17,1738.0,408.0,408.0,0.0,1330.0,3855.0,0.0,0.0,EN500,West
2025-07-18,1330.0,301.0,301.0,0.0,1029.0,3554.0,0.0,0.0,EN500,West
2025-07-19,1029.0,344.0,344.0,0.0,685.0,3210.0,0.0,0.0,EN500,West
2025-07-20,685.0,454.0,454.0,0.0,231.0,2756.0,2481.0,0.0,EN500,West
2025-07-21,231.0,371.0,231.0,140.0,0.0,5006.0,0.0,0.0,EN500,West
2025-07-22,2525.0,440.0,440.0,0.0,2085.0,4566.0,0.0,2525.0,EN500,West
2025-07-23,2085.0,334.0,334.0,0.0,1751.0,4232.0,0.0,0.0,EN500,West
2025-07-24,1751.0,422.0,422.0,0.0,1329.0,3810.0,0.0,0.0,EN500,West
2025-07-25,1329.0,383.0,383.0,0.0,946.0,3427.0,0.0,0.0,EN500,West
2025-07-26,946.0,399.0,399.0,0.0,547.0,3028.0,0.0,0.0,EN500,West
2025-07-27,547.0,410.0,410.0,0.0,137.0,2618.0,2619.0,0.0,EN500,West
2025-07-28,137.0,346.0,137.0,209.0,0.0,5100.0,0.0,0.0,EN500,West
2025-07-29,2481.0,292.0,292.0,0.0,2189.0,4808.0,0.0,2481.0,EN500,West
2025-07-30,2189.0,276.0,276.0,0.0,1913.0,4532.0,0.0,0.0,EN500,West
2025-07-31,1913.0,333.0,333.0,0.0,1580.0,4199.0,0.0,0.0,EN500,West
2025-08-01,1580.0,250.0,250.0,0.0,1330.0,3949.0,0.0,0.0,EN500,West
2025-08-02,1330.0,342.0,342.0,0.0,988.0,3607.0,0.0,0.0,EN500,West
2025-08-03,988.0,370.0,370.0,0.0,618.0,3237.0,0.0,0.0,EN500,West
2025-08-04,618.0,351.0,351.0,0.0,267.0,2886.0,2351.0,0.0,EN500,West
2025-08-05,2886.0,325.0,325.0,0.0,2561.0,4912.0,0.0,2619.0,EN500,West
2025-08-06,2561.0,269.0,269.0,0.0,2292.0,4643.0,0.0,0.0,EN500,West
2025-08-07,2292.0,247.0,247.0,0.0,2045.0,4396.0,0.0,0.0,EN500,West
2025-08-08,2045.0,255.0,255.0,0.0,1790.0,4141.0,0.0,0.0,EN500,West
2025-08-09,1790.0,332.0,332.0,0.0,1458.0,3809.0,0.0,0.0,EN500,West
2025-08-10,1458.0,385.0,385.0,0.0,1073.0,3424.0,0.0,0.0,EN500,West
2025-08-11,1073.0,288.0,288.0,0.0,785.0,3136.0,0.0,0.0,EN500,West
2025-08-12,785.0,272.0,272.0,0.0,513.0,2864.0,2373.0,0.0,EN500,West
2025-08-13,2864.0,320.0,320.0,0.0,2544.0,4917.0,0.0,2351.0,EN500,West
2025-08-14,2544.0,338.0,338.0,0.0,2206.0,4579.0,0.0,0.0,EN500,West
2025-08-15,2206.0,341.0,341.0,0.0,1865.0,4238.0,0.0,0.0,EN500,West
2025-08-16,1865.0,371.0,371.0,0.0,1494.0,3867.0,0.0,0.0,EN500,West
2025-08-17,1494.0,334.0,334.0,0.0,1160.0,3533.0,0.0,0.0,EN500,West
2025-08-18,1160.0,325.0,325.0,0.0,835.0,3208.0,0.0,0.0,EN500,West
2025-08-19,835.0,326.0,326.0,0.0,509.0,2882.0,2355.0,0.0,EN500,West
2025-08-20,509.0,287.0,287.0,0.0,222.0,4950.0,0.0,0.0,EN500,West
2025-08-21,2595.0,304.0,304.0,0.0,2291.0,4646.0,0.0,2373.0,EN500,West
2025-08-22,2291.0,302.0,302.0,0.0,1989.0,4344.0,0.0,0.0,EN500,West
2025-08-23,1989.0,354.0,354.0,0.0,1635.0,3990.0,0.0,0.0,EN500,West
2025-08-24,1635.0,302.0,302.0,0.0,1333.0,3688.0,0.0,0.0,EN500,West
2025-08-25,1333.0,313.0,313.0,0.0,1020.0,3375.0,0.0,0.0,EN500,West
2025-08-26,1020.0,307.0,307.0,0.0,713.0,3068.0,0.0,0.0,EN500,West
2025-08-27,713.0,278.0,278.0,0.0,435.0,2790.0,2447.0,0.0,EN500,West
2025-08-28,2790.0,282.0,282.0,0.0,2508.0,4955.0,0.0,2355.0,EN500,West
2025-08-29,2508.0,308.0,308.0,0.0,2200.0,4647.0,0.0,0.0,EN500,West
2025-08-30,2200.0,349.0,349.0,0.0,1851.0,4298.0,0.0,0.0,EN500,West
2025-08-31,1851.0,319.0,319.0,0.0,1532.0,3979.0,0.0,0.0,EN500,West
2025-09-01,1532.0,253.0,253.0,0.0,1279.0,3726.0,0.0,0.0,EN500,West
2025-09-02,1279.0,325.0,325.0,0.0,954.0,3401.0,0.0,0.0,EN500,West
2025-09-03,954.0,275.0,275.0,0.0,679.0,3126.0,0.0,0.0,EN500,West
2025-09-04,679.0,300.0,300.0,0.0,379.0,2826.0,2411.0,0.0,EN500,West
2025-09-05,2826.0,397.0,397.0,0.0,2429.0,4840.0,0.0,2447.0,EN500,West
2025-09-06,2429.0,318.0,318.0,0.0,2111.0,4522.0,0.0,0.0,EN500,West
2025-09-07,2111.0,333.0,333.0,0.0,1778.0,4189.0,0.0,0.0,EN500,West
2025-09-08,1778.0,318.0,318.0,0.0,1460.0,3871.0,0.0,0.0,EN500,West
2025-09-09,1460.0,240.0,240.0,0.0,1220.0,3631.0,0.0,0.0,EN500,West
2025-09-10,1220.0,276.0,276.0,0.0,944.0,3355.0,0.0,0.0,EN500,West
2025-09-11,944.0,291.0,291.0,0.0,653.0,3064.0,0.0,0.0,EN500,West
2025-09-12,653.0,239.0,239.0,0.0,414.0,2825.0,2412.0,0.0,EN500,West
2025-09-13,2825.0,375.0,375.0,0.0,2450.0,4862.0,0.0,2411.0,EN500,West
2025-09-14,2450.0,350.0,350.0,0.0,2100.0,4512.0,0.0,0.0,EN500,West
2025-09-15,2100.0,267.0,267.0,0.0,1833.0,4245.0,0.0,0.0,EN500,West
2025-09-16,1833.0,287.0,287.0,0.0,1546.0,3958.0,0.0,0.0,EN500,West
2025-09-17,1546.0,289.0,289.0,0.0,1257.0,3669.0,0.0,0.0,EN500,West
2025-09-18,1257.0,336.0,336.0,0.0,921.0,3333.0,0.0,0.0,EN500,West
2025-09-19,921.0,257.0,257.0,0.0,664.0,3076.0,0.0,0.0,EN500,West
2025-09-20,664.0,387.0,387.0,0.0,277.0,2689.0,2548.0,0.0,EN500,West
2025-09-21,2689.0,317.0,317.0,0.0,2372.0,4920.0,0.0,2412.0,EN500,West
2025-09-22,2372.0,323.0,323.0,0.0,2049.0,4597.0,0.0,0.0,EN500,West
2025-09-23,2049.0,320.0,320.0,0.0,1729.0,4277.0,0.0,0.0,EN500,West
2025-09-24,1729.0,290.0,290.0,0.0,1439.0,3987.0,0.0,0.0,EN500,West
2025-09-25,1439.0,262.0,262.0,0.0,1177.0,3725.0,0.0,0.0,EN500,West
2025-09-26,1177.0,315.0,315.0,0.0,862.0,3410.0,0.0,0.0,EN500,West
2025-09-27,862.0,300.0,300.0,0.0,562.0,3110.0,0.0,0.0,EN500,West
2025-09-28,562.0,349.0,349.0,0.0,213.0,2761.0,2476.0,0.0,EN500,West
2025-09-29,2761.0,303.0,303.0,0.0,2458.0,4934.0,0.0,2548.0,EN500,West
2025-09-30,2458.0,353.0,353.0,0.0,2105.0,4581.0,0.0,0.0,EN500,West
2025-10-01,2105.0,319.0,319.0,0.0,1786.0,4262.0,0.0,0.0,EN500,West
2025-10-02,1786.0,303.0,303.0,0.0,1483.0,3959.0,0.0,0.0,EN500,West
2025-10-03,1483.0,297.0,297.0,0.0,1186.0,3662.0,0.0,0.0,EN500,West
2025-10-04,1186.0,345.0,345.0,0.0,841.0,3317.0,0.0,0.0,EN500,West
2025-10-05,841.0,296.0,296.0,0.0,545.0,3021.0,2216.0,0.0,EN500,West
2025-10-06,545.0,320.0,320.0,0.0,225.0,4917.0,0.0,0.0,EN500,West
2025-10-07,2701.0,318.0,318.0,0.0,2383.0,4599.0,0.0,2476.0,EN500,West
2025-10-08,2383.0,293.0,293.0,0.0,2090.0,4306.0,0.0,0.0,EN500,West
2025-10-09,2090.0,302.0,302.0,0.0,1788.0,4004.0,0.0,0.0,EN500,West
2025-10-10,1788.0,285.0,285.0,0.0,1503.0,3719.0,0.0,0.0,EN500,West
2025-10-11,1503.0,405.0,405.0,0.0,1098.0,3314.0,0.0,0.0,EN500,West
2025-10-12,1098.0,368.0,368.0,0.0,730.0,2946.0,2291.0,0.0,EN500,West
2025-10-13,730.0,336.0,336.0,0.0,394.0,4901.0,0.0,0.0,EN500,West
2025-10-14,2610.0,323.0,323.0,0.0,2287.0,4578.0,0.0,2216.0,EN500,West
2025-10-15,2287.0,293.0,293.0,0.0,1994.0,4285.0,0.0,0.0,EN500,West
2025-10-16,1994.0,270.0,270.0,0.0,1724.0,4015.0,0.0,0.0,EN500,West
2025-10-17,1724.0,258.0,258.0,0.0,1466.0,3757.0,0.0,0.0,EN500,West
2025-10-18,1466.0,375.0,375.0,0.0,1091.0,3382.0,0.0,0.0,EN500,West
2025-10-19,1091.0,315.0,315.0,0.0,776.0,3067.0,0.0,0.0,EN500,West
2025-10-20,776.0,397.0,397.0,0.0,379.0,2670.0,2567.0,0.0,EN500,West
2025-10-21,2670.0,328.0,328.0,0.0,2342.0,4909.0,0.0,2291.0,EN500,West
2025-10-22,2342.0,251.0,251.0,0.0,2091.0,4658.0,0.0,0.0,EN500,West
2025-10-23,2091.0,296.0,296.0,0.0,1795.0,4362.0,0.0,0.0,EN500,West
2025-10-24,1795.0,278.0,278.0,0.0,1517.0,4084.0,0.0,0.0,EN500,West
2025-10-25,1517.0,311.0,311.0,0.0,1206.0,3773.0,0.0,0.0,EN500,West
2025-10-26,1206.0,416.0,416.0,0.0,790.0,3357.0,0.0,0.0,EN500,West
2025-10-27,790.0,294.0,294.0,0.0,496.0,3063.0,0.0,0.0,EN500,West
2025-10-28,496.0,309.0,309.0,0.0,187.0,2754.0,2483.0,0.0,EN500,West
2025-10-29,2754.0,272.0,272.0,0.0,2482.0,4965.0,0.0,2567.0,EN500,West
2025-10-30,2482.0,333.0,333.0,0.0,2149.0,4632.0,0.0,0.0,EN500,West
2025-10-31,2149.0,288.0,288.0,0.0,1861.0,4344.0,0.0,0.0,EN500,West
2025-11-01,1861.0,332.0,332.0,0.0,1529.0,4012.0,0.0,0.0,EN500,West
2025-11-02,1529.0,346.0,346.0,0.0,1183.0,3666.0,0.0,0.0,EN500,West
2025-11-03,1183.0,275.0,275.0,0.0,908.0,3391.0,0.0,0.0,EN500,West
2025-11-04,908.0,264.0,264.0,0.0,644.0,3127.0,0.0,0.0,EN500,West
2025-11-05,644.0,296.0,296.0,0.0,348.0,2831.0,2406.0,0.0,EN500,West
2025-11-06,2831.0,261.0,261.0,0.0,2570.0,4976.0,0.0,2483.0,EN500,West
2025-11-07,2570.0,292.0,292.0,0.0,2278.0,4684.0,0.0,0.0,EN500,West
2025-11-08,2278.0,378.0,378.0,0.0,1900.0,4306.0,0.0,0.0,EN500,West
2025-11-09,1900.0,366.0,366.0,0.0,1534.0,3940.0,0.0,0.0,EN500,West
2025-11-10,1534.0,329.0,329.0,0.0,1205.0,3611.0,0.0,0.0,EN500,West
2025-11-11,1205.0,291.0,291.0,0.0,914.0,3320.0,0.0,0.0,EN500,West
2025-11-12,914.0,274.0,274.0,0.0,640.0,3046.0,0.0,0.0,EN500,West
2025-11-13,640.0,345.0,345.0,0.0,295.0,2701.0,2536.0,0.0,EN500,West
2025-11-14,2701.0,308.0,308.0,0.0,2393.0,4929.0,0.0,2406.0,EN500,West
2025-11-15,2393.0,380.0,380.0,0.0,2013.0,4549.0,0.0,0.0,EN500,West
2025-11-16,2013.0,371.0,371.0,0.0,1642.0,4178.0,0.0,0.0,EN500,West
2025-11-17,1642.0,248.0,248.0,0.0,1394.0,3930.0,0.0,0.0,EN500,West
2025-11-18,1394.0,331.0,331.0,0.0,1063.0,3599.0,0.0,0.0,EN500,West
2025-11-19,1063.0,366.0,366.0,0.0,697.0,3233.0,0.0,0.0,EN500,West
2025-11-20,697.0,273.0,273.0,0.0,424.0,2960.0,2277.0,0.0,EN500,West
2025-11-21,424.0,236.0,236.0,0.0,188.0,5001.0,0.0,0.0,EN500,West
2025-11-22,2724.0,318.0,318.0,0.0,2406.0,4683.0,0.0,2536.0,EN500,West
2025-11-23,2406.0,336.0,336.0,0.0,2070.0,4347.0,0.0,0.0,EN500,West
2025-11-24,2070.0,333.0,333.0,0.0,1737.0,4014.0,0.0,0.0,EN500,West
2025-11-25,1737.0,259.0,259.0,0.0,1478.0,3755.0,0.0,0.0,EN500,West
2025-11-26,1478.0,244.0,244.0,0.0,1234.0,3511.0,0.0,0.0,EN500,West
2025-11-27,1234.0,372.0,372.0,0.0,862.0,3139.0,0.0,0.0,EN500,West
2025-11-28,862.0,340.0,340.0,0.0,522.0,2799.0,2438.0,0.0,EN500,West
2025-11-29,2799.0,394.0,394.0,0.0,2405.0,4843.0,0.0,2277.0,EN500,West
2025-11-30,2405.0,257.0,257.0,0.0,2148.0,4586.0,0.0,0.0,EN500,West
2025-12-01,2148.0,283.0,283.0,0.0,1865.0,4303.0,0.0,0.0,EN500,West
2025-12-02,1865.0,330.0,330.0,0.0,1535.0,3973.0,0.0,0.0,EN500,West
2025-12-03,1535.0,310.0,310.0,0.0,1225.0,3663.0,0.0,0.0,EN500,West
2025-12-04,1225.0,277.0,277.0,0.0,948.0,3386.0,0.0,0.0,EN500,West
2025-12-05,948.0,300.0,300.0,0.0,648.0,3086.0,0.0,0.0,EN500,West
2025-12-06,648.0,345.0,345.0,0.0,303.0,2741.0,2496.0,0.0,EN500,West
2025-12-07,2741.0,347.0,347.0,0.0,2394.0,4890.0,0.0,2438.0,EN500,West
2025-12-08,2394.0,306.0,306.0,0.0,2088.0,4584.0,0.0,0.0,EN500,West
2025-12-09,2088.0,290.0,290.0,0.0,1798.0,4294.0,0.0,0.0,EN500,West
2025-12-10,1798.0,288.0,288.0,0.0,1510.0,4006.0,0.0,0.0,EN500,West
2025-12-11,1510.0,359.0,359.0,0.0,1151.0,3647.0,0.0,0.0,EN500,West
2025-12-12,1151.0,322.0,322.0,0.0,829.0,3325.0,0.0,0.0,EN500,West
2025-12-13,829.0,368.0,368.0,0.0,461.0,2957.0,2280.0,0.0,EN500,West
2025-12-14,461.0,335.0,335.0,0.0,126.0,4902.0,0.0,0.0,EN500,West
2025-12-15,2622.0,322.0,322.0,0.0,2300.0,4580.0,0.0,2496.0,EN500,West
2025-12-16,2300.0,290.0,290.0,0.0,2010.0,4290.0,0.0,0.0,EN500,West
2025-12-17,2010.0,363.0,363.0,0.0,1647.0,3927.0,0.0,0.0,EN500,West
2025-12-18,1647.0,244.0,244.0,0.0,1403.0,3683.0,0.0,0.0,EN500,West
2025-12-19,1403.0,341.0,341.0,0.0,1062.0,3342.0,0.0,0.0,EN500,West
2025-12-20,1062.0,367.0,367.0,0.0,695.0,2975.0,2262.0,0.0,EN500,West
2025-12-21,695.0,354.0,354.0,0.0,341.0,4883.0,0.0,0.0,EN500,West
2025-12-22,2621.0,299.0,299.0,0.0,2322.0,4584.0,0.0,2280.0,EN500,West
2025-12-23,2322.0,290.0,290.0,0.0,2032.0,4294.0,0.0,0.0,EN500,West
2025-12-24,2032.0,280.0,280.0,0.0,1752.0,4014.0,0.0,0.0,EN500,West
2025-12-25,1752.0,489.0,489.0,0.0,1263.0,3525.0,0.0,0.0,EN500,West
2025-12-26,1263.0,329.0,329.0,0.0,934.0,3196.0,0.0,0.0,EN500,West
2025-12-27,934.0,375.0,375.0,0.0,559.0,2821.0,2416.0,0.0,EN500,West
2025-12-28,559.0,300.0,300.0,0.0,259.0,4937.0,0.0,0.0,EN500,West
2025-12-29,2521.0,400.0,400.0,0.0,2121.0,4537.0,0.0,2262.0,EN500,West
2025-12-30,2121.0,248.0,248.0,0.0,1873.0,4289.0,0.0,0.0,EN500,West
2025-12-31,1873.0,344.0,344.0,0.0,1529.0,3945.0,0.0,0.0,EN500,West
2025-07-01,6922.0,434.0,434.0,0.0,6488.0,6488.0,0.0,0.0,LM250,Central
2025-07-02,6488.0,473.0,473.0,0.0,6015.0,6015.0,0.0,0.0,LM250,Central
2025-07-03,6015.0,510.0,510.0,0.0,5505.0,5505.0,0.0,0.0,LM250,Central
2025-07-04,5505.0,593.0,593.0,0.0,4912.0,4912.0,0.0,0.0,LM250,Central
2025-07-05,4912.0,590.0,590.0,0.0,4322.0,4322.0,0.0,0.0,LM250,Central
2025-07-06,4322.0,389.0,389.0,0.0,3933.0,3933.0,0.0,0.0,LM250,Central
2025-07-07,3933.0,497.0,497.0,0.0,3436.0,3436.0,3486.0,0.0,LM250,Central
2025-07-08,3436.0,507.0,507.0,0.0,2929.0,6415.0,0.0,0.0,LM250,Central
2025-07-09,2929.0,423.0,423.0,0.0,2506.0,5992.0,0.0,0.0,LM250,Central
2025-07-10,2506.0,511.0,511.0,0.0,1995.0,5481.0,0.0,0.0,LM250,Central
2025-07-11,1995.0,430.0,430.0,0.0,1565.0,5051.0,0.0,0.0,LM250,Central
2025-07-12,1565.0,547.0,547.0,0.0,1018.0,4504.0,0.0,0.0,LM250,Central
2025-07-13,1018.0,523.0,523.0,0.0,495.0,3981.0,0.0,0.0,LM250,Central
2025-07-14,495.0,462.0,462.0,0.0,33.0,3519.0,3403.0,0.0,LM250,Central
2025-07-15,3519.0,519.0,519.0,0.0,3000.0,6403.0,0.0,3486.0,LM250,Central
2025-07-16,3000.0,432.0,432.0,0.0,2568.0,5971.0,0.0,0.0,LM250,Central
2025-07-17,2568.0,581.0,581.0,0.0,1987.0,5390.0,0.0,0.0,LM250,Central
2025-07-18,1987.0,580.0,580.0,0.0,1407.0,4810.0,0.0,0.0,LM250,Central
2025-07-19,1407.0,484.0,484.0,0.0,923.0,4326.0,0.0,0.0,LM250,Central
2025-07-20,923.0,586.0,586.0,0.0,337.0,3740.0,3182.0,0.0,LM250,Central
2025-07-21,337.0,426.0,337.0,89.0,0.0,6585.0,0.0,0.0,LM250,Central
2025-07-22,3403.0,475.0,475.0,0.0,2928.0,6110.0,0.0,3403.0,LM250,Central
2025-07-23,2928.0,589.0,589.0,0.0,2339.0,5521.0,0.0,0.0,LM250,Central
2025-07-24,2339.0,419.0,419.0,0.0,1920.0,5102.0,0.0,0.0,LM250,Central
2025-07-25,1920.0,420.0,420.0,0.0,1500.0,4682.0,0.0,0.0,LM250,Central
2025-07-26,1500.0,523.0,523.0,0.0,977.0,4159.0,0.0,0.0,LM250,Central
2025-07-27,977.0,527.0,527.0,0.0,450.0,3632.0,3290.0,0.0,LM250,Central
2025-07-28,3632.0,578.0,578.0,0.0,3054.0,6344.0,0.0,3182.0,LM250,Central
2025-07-29,3054.0,488.0,488.0,0.0,2566.0,5856.0,0.0,0.0,LM250,Central
2025-07-30,2566.0,520.0,520.0,0.0,2046.0,5336.0,0.0,0.0,LM250,Central
2025-07-31,2046.0,455.0,455.0,0.0,1591.0,4881.0,0.0,0.0,LM250,Central
2025-08-01,1591.0,380.0,380.0,0.0,1211.0,4501.0,0.0,0.0,LM250,Central
2025-08-02,1211.0,436.0,436.0,0.0,775.0,4065.0,0.0,0.0,LM250,Central
2025-08-03,775.0,425.0,425.0,0.0,350.0,3640.0,3282.0,0.0,LM250,Central
2025-08-04,3640.0,399.0,399.0,0.0,3241.0,6523.0,0.0,3290.0,LM250,Central
2025-08-05,3241.0,451.0,451.0,0.0,2790.0,6072.0,0.0,0.0,LM250,Central
2025-08-06,2790.0,380.0,380.0,0.0,2410.0,5692.0,0.0,0.0,LM250,Central
2025-08-07,2410.0,450.0,450.0,0.0,1960.0,5242.0,0.0,0.0,LM250,Central
2025-08-08,1960.0,432.0,432.0,0.0,1528.0,4810.0,0.0,0.0,LM250,Central
2025-08-09,1528.0,486.0,486.0,0.0,1042.0,4324.0,0.0,0.0,LM250,Central
2025-08-10,1042.0,541.0,541.0,0.0,501.0,3783.0,3139.0,0.0,LM250,Central
2025-08-11,3783.0,465.0,465.0,0.0,3318.0,6457.0,0.0,3282.0,LM250,Central
2025-08-12,3318.0,327.0,327.0,0.0,2991.0,6130.0,0.0,0.0,LM250,Central
2025-08-13,2991.0,447.0,447.0,0.0,2544.0,5683.0,0.0,0.0,LM250,Central
2025-08-14,2544.0,384.0,384.0,0.0,2160.0,5299.0,0.0,0.0,LM250,Central
2025-08-15,2160.0,535.0,535.0,0.0,1625.0,4764.0,0.0,0.0,LM250,Central
2025-08-16,1625.0,485.0,485.0,0.0,1140.0,4279.0,0.0,0.0,LM250,Central
2025-08-17,1140.0,516.0,516.0,0.0,624.0,3763.0,3159.0,0.0,LM250,Central
2025-08-18,3763.0,352.0,352.0,0.0,3411.0,6570.0,0.0,3139.0,LM250,Central
2025-08-19,3411.0,441.0,441.0,0.0,2970.0,6129.0,0.0,0.0,LM250,Central
2025-08-20,2970.0,450.0,450.0,0.0,2520.0,5679.0,0.0,0.0,LM250,Central
2025-08-21,2520.0,367.0,367.0,0.0,2153.0,5312.0,0.0,0.0,LM250,Central
2025-08-22,2153.0,421.0,421.0,0.0,1732.0,4891.0,0.0,0.0,LM250,Central
2025-08-23,1732.0,434.0,434.0,0.0,1298.0,4457.0,0.0,0.0,LM250,Central
2025-08-24,1298.0,483.0,483.0,0.0,815.0,3974.0,0.0,0.0,LM250,Central
2025-08-25,3974.0,384.0,384.0,0.0,3590.0,3590.0,3332.0,3159.0,LM250,Central
2025-08-26,3590.0,454.0,454.0,0.0,3136.0,6468.0,0.0,0.0,LM250,Central
2025-08-27,3136.0,310.0,310.0,0.0,2826.0,6158.0,0.0,0.0,LM250,Central
2025-08-28,2826.0,517.0,517.0,0.0,2309.0,5641.0,0.0,0.0,LM250,Central
2025-08-29,2309.0,361.0,361.0,0.0,1948.0,5280.0,0.0,0.0,LM250,Central
2025-08-30,1948.0,400.0,400.0,0.0,1548.0,4880.0,0.0,0.0,LM250,Central
2025-08-31,1548.0,461.0,461.0,0.0,1087.0,4419.0,0.0,0.0,LM250,Central
2025-09-01,1087.0,403.0,403.0,0.0,684.0,4016.0,0.0,0.0,LM250,Central
2025-09-02,4016.0,388.0,388.0,0.0,3628.0,3628.0,3294.0,3332.0,LM250,Central
2025-09-03,3628.0,387.0,387.0,0.0,3241.0,6535.0,0.0,0.0,LM250,Central
2025-09-04,3241.0,409.0,409.0,0.0,2832.0,6126.0,0.0,0.0,LM250,Central
2025-09-05,2832.0,440.0,440.0,0.0,2392.0,5686.0,0.0,0.0,LM250,Central
2025-09-06,2392.0,488.0,488.0,0.0,1904.0,5198.0,0.0,0.0,LM250,Central
2025-09-07,1904.0,541.0,541.0,0.0,1363.0,4657.0,0.0,0.0,LM250,Central
2025-09-08,1363.0,421.0,421.0,0.0,942.0,4236.0,0.0,0.0,LM250,Central
2025-09-09,942.0,375.0,375.0,0.0,567.0,3861.0,0.0,0.0,LM250,Central
2025-09-10,3861.0,474.0,474.0,0.0,3387.0,3387.0,3535.0,3294.0,LM250,Central
2025-09-11,3387.0,419.0,419.0,0.0,2968.0,6503.0,0.0,0.0,LM250,Central
2025-09-12,2968.0,362.0,362.0,0.0,2606.0,6141.0,0.0,0.0,LM250,Central
2025-09-13,2606.0,504.0,504.0,0.0,2102.0,5637.0,0.0,0.0,LM250,Central
2025-09-14,2102.0,521.0,521.0,0.0,1581.0,5116.0,0.0,0.0,LM250,Central
2025-09-15,1581.0,435.0,435.0,0.0,1146.0,4681.0,0.0,0.0,LM250,Central
2025-09-16,1146.0,341.0,341.0,0.0,805.0,4340.0,0.0,0.0,LM250,Central
2025-09-17,805.0,365.0,365.0,0.0,440.0,3975.0,0.0,0.0,LM250,Central
2025-09-18,3975.0,434.0,434.0,0.0,3541.0,3541.0,3381.0,3535.0,LM250,Central
2025-09-19,3541.0,424.0,424.0,0.0,3117.0,6498.0,0.0,0.0,LM250,Central
2025-09-20,3117.0,455.0,455.0,0.0,2662.0,6043.0,0.0,0.0,LM250,Central
2025-09-21,2662.0,447.0,447.0,0.0,2215.0,5596.0,0.0,0.0,LM250,Central
2025-09-22,2215.0,459.0,459.0,0.0,1756.0,5137.0,0.0,0.0,LM250,Central
2025-09-23,1756.0,556.0,556.0,0.0,1200.0,4581.0,0.0,0.0,LM250,Central
2025-09-24,1200.0,439.0,439.0,0.0,761.0,4142.0,0.0,0.0,LM250,Central
2025-09-25,761.0,403.0,403.0,0.0,358.0,3739.0,3183.0,0.0,LM250,Central
2025-09-26,3739.0,451.0,451.0,0.0,3288.0,6471.0,0.0,3381.0,LM250,Central
2025-09-27,3288.0,487.0,487.0,0.0,2801.0,5984.0,0.0,0.0,LM250,Central
2025-09-28,2801.0,490.0,490.0,0.0,2311.0,5494.0,0.0,0.0,LM250,Central
2025-09-29,2311.0,386.0,386.0,0.0,1925.0,5108.0,0.0,0.0,LM250,Central
2025-09-30,1925.0,494.0,494.0,0.0,1431.0,4614.0,0.0,0.0,LM250,Central
2025-10-01,1431.0,352.0,352.0,0.0,1079.0,4262.0,0.0,0.0,LM250,Central
2025-10-02,1079.0,490.0,490.0,0.0,589.0,3772.0,3150.0,0.0,LM250,Central
2025-10-03,3772.0,454.0,454.0,0.0,3318.0,6468.0,0.0,3183.0,LM250,Central
2025-10-04,3318.0,485.0,485.0,0.0,2833.0,5983.0,0.0,0.0,LM250,Central
2025-10-05,2833.0,507.0,507.0,0.0,2326.0,5476.0,0.0,0.0,LM250,Central
2025-10-06,2326.0,439.0,439.0,0.0,1887.0,5037.0,0.0,0.0,LM250,Central
2025-10-07,1887.0,420.0,420.0,0.0,1467.0,4617.0,0.0,0.0,LM250,Central
2025-10-08,1467.0,331.0,331.0,0.0,1136.0,4286.0,0.0,0.0,LM250,Central
2025-10-09,1136.0,342.0,342.0,0.0,794.0,3944.0,0.0,0.0,LM250,Central
2025-10-10,3944.0,401.0,401.0,0.0,3543.0,3543.0,3379.0,3150.0,LM250,Central
2025-10-11,3543.0,478.0,478.0,0.0,3065.0,6444.0,0.0,0.0,LM250,Central
2025-10-12,3065.0,469.0,469.0,0.0,2596.0,5975.0,0.0,0.0,LM250,Central
2025-10-13,2596.0,412.0,412.0,0.0,2184.0,5563.0,0.0,0.0,LM250,Central
2025-10-14,2184.0,400.0,400.0,0.0,1784.0,5163.0,0.0,0.0,LM250,Central
2025-10-15,1784.0,428.0,428.0,0.0,1356.0,4735.0,0.0,0.0,LM250,Central
2025-10-16,1356.0,473.0,473.0,0.0,883.0,4262.0,0.0,0.0,LM250,Central
2025-10-17,883.0,399.0,399.0,0.0,484.0,3863.0,0.0,0.0,LM250,Central
2025-10-18,3863.0,484.0,484.0,0.0,3379.0,3379.0,3543.0,3379.0,LM250,Central
2025-10-19,3379.0,575.0,575.0,0.0,2804.0,6347.0,0.0,0.0,LM250,Central
2025-10-20,2804.0,451.0,451.0,0.0,2353.0,5896.0,0.0,0.0,LM250,Central
2025-10-21,2353.0,396.0,396.0,0.0,1957.0,5500.0,0.0,0.0,LM250,Central
2025-10-22,1957.0,369.0,369.0,0.0,1588.0,5131.0,0.0,0.0,LM250,Central
2025-10-23,1588.0,395.0,395.0,0.0,1193.0,4736.0,0.0,0.0,LM250,Central
2025-10-24,1193.0,415.0,415.0,0.0,778.0,4321.0,0.0,0.0,LM250,Central
2025-10-25,778.0,523.0,523.0,0.0,255.0,3798.0,0.0,0.0,LM250,Central
2025-10-26,3798.0,412.0,412.0,0.0,3386.0,3386.0,3536.0,3543.0,LM250,Central
2025-10-27,3386.0,415.0,415.0,0.0,2971.0,6507.0,0.0,0.0,LM250,Central
2025-10-28,2971.0,552.0,552.0,0.0,2419.0,5955.0,0.0,0.0,LM250,Central
2025-10-29,2419.0,371.0,371.0,0.0,2048.0,5584.0,0.0,0.0,LM250,Central
2025-10-30,2048.0,434.0,434.0,0.0,1614.0,5150.0,0.0,0.0,LM250,Central
2025-10-31,1614.0,319.0,319.0,0.0,1295.0,4831.0,0.0,0.0,LM250,Central
2025-11-01,1295.0,403.0,403.0,0.0,892.0,4428.0,0.0,0.0,LM250,Central
2025-11-02,892.0,412.0,412.0,0.0,480.0,4016.0,0.0,0.0,LM250,Central
2025-11-03,4016.0,439.0,439.0,0.0,3577.0,3577.0,3345.0,3536.0,LM250,Central
2025-11-04,3577.0,357.0,357.0,0.0,3220.0,6565.0,0.0,0.0,LM250,Central
2025-11-05,3220.0,391.0,391.0,0.0,2829.0,6174.0,0.0,0.0,LM250,Central
2025-11-06,2829.0,447.0,447.0,0.0,2382.0,5727.0,0.0,0.0,LM250,Central
2025-11-07,2382.0,506.0,506.0,0.0,1876.0,5221.0,0.0,0.0,LM250,Central
2025-11-08,1876.0,502.0,502.0,0.0,1374.0,4719.0,0.0,0.0,LM250,Central
2025-11-09,1374.0,565.0,565.0,0.0,809.0,4154.0,0.0,0.0,LM250,Central
2025-11-10,809.0,449.0,449.0,0.0,360.0,3705.0,3217.0,0.0,LM250,Central
2025-11-11,3705.0,454.0,454.0,0.0,3251.0,6468.0,0.0,3345.0,LM250,Central
2025-11-12,3251.0,386.0,386.0,0.0,2865.0,6082.0,0.0,0.0,LM250,Central
2025-11-13,2865.0,518.0,518.0,0.0,2347.0,5564.0,0.0,0.0,LM250,Central
2025-11-14,2347.0,419.0,419.0,0.0,1928.0,5145.0,0.0,0.0,LM250,Central
2025-11-15,1928.0,488.0,488.0,0.0,1440.0,4657.0,0.0,0.0,LM250,Central
2025-11-16,1440.0,422.0,422.0,0.0,1018.0,4235.0,0.0,0.0,LM250,Central
2025-11-17,1018.0,464.0,464.0,0.0,554.0,3771.0,3151.0,0.0,LM250,Central
2025-11-18,3771.0,407.0,407.0,0.0,3364.0,6515.0,0.0,3217.0,LM250,Central
2025-11-19,3364.0,470.0,470.0,0.0,2894.0,6045.0,0.0,0.0,LM250,Central
2025-11-20,2894.0,448.0,448.0,0.0,2446.0,5597.0,0.0,0.0,LM250,Central
2025-11-21,2446.0,371.0,371.0,0.0,2075.0,5226.0,0.0,0.0,LM250,Central
2025-11-22,2075.0,455.0,455.0,0.0,1620.0,4771.0,0.0,0.0,LM250,Central
2025-11-23,1620.0,690.0,690.0,0.0,930.0,4081.0,0.0,0.0,LM250,Central
2025-11-24,930.0,407.0,407.0,0.0,523.0,3674.0,3248.0,0.0,LM250,Central
2025-11-25,3674.0,455.0,455.0,0.0,3219.0,6467.0,0.0,3151.0,LM250,Central
2025-11-26,3219.0,449.0,449.0,0.0,2770.0,6018.0,0.0,0.0,LM250,Central
2025-11-27,2770.0,397.0,397.0,0.0,2373.0,5621.0,0.0,0.0,LM250,Central
2025-11-28,2373.0,553.0,553.0,0.0,1820.0,5068.0,0.0,0.0,LM250,Central
2025-11-29,1820.0,539.0,539.0,0.0,1281.0,4529.0,0.0,0.0,LM250,Central
2025-11-30,1281.0,416.0,416.0,0.0,865.0,4113.0,0.0,0.0,LM250,Central
2025-12-01,865.0,368.0,368.0,0.0,497.0,3745.0,3177.0,0.0,LM250,Central
2025-12-02,3745.0,408.0,408.0,0.0,3337.0,6514.0,0.0,3248.0,LM250,Central
2025-12-03,3337.0,423.0,423.0,0.0,2914.0,6091.0,0.0,0.0,LM250,Central
2025-12-04,2914.0,462.0,462.0,0.0,2452.0,5629.0,0.0,0.0,LM250,Central
2025-12-05,2452.0,371.0,371.0,0.0,2081.0,5258.0,0.0,0.0,LM250,Central
2025-12-06,2081.0,543.0,543.0,0.0,1538.0,4715.0,0.0,0.0,LM250,Central
2025-12-07,1538.0,437.0,437.0,0.0,1101.0,4278.0,0.0,0.0,LM250,Central
2025-12-08,1101.0,394.0,394.0,0.0,707.0,3884.0,0.0,0.0,LM250,Central
2025-12-09,3884.0,396.0,396.0,0.0,3488.0,3488.0,3434.0,3177.0,LM250,Central
2025-12-10,3488.0,508.0,508.0,0.0,2980.0,6414.0,0.0,0.0,LM250,Central
2025-12-11,2980.0,504.0,504.0,0.0,2476.0,5910.0,0.0,0.0,LM250,Central
2025-12-12,2476.0,388.0,388.0,0.0,2088.0,5522.0,0.0,0.0,LM250,Central
2025-12-13,2088.0,436.0,436.0,0.0,1652.0,5086.0,0.0,0.0,LM250,Central
2025-12-14,1652.0,377.0,377.0,0.0,1275.0,4709.0,0.0,0.0,LM250,Central
2025-12-15,1275.0,396.0,396.0,0.0,879.0,4313.0,0.0,0.0,LM250,Central
2025-12-16,879.0,362.0,362.0,0.0,517.0,3951.0,0.0,0.0,LM250,Central
2025-12-17,3951.0,496.0,496.0,0.0,3455.0,3455.0,3467.0,3434.0,LM250,Central
2025-12-18,3455.0,498.0,498.0,0.0,2957.0,6424.0,0.0,0.0,LM250,Central
2025-12-19,2957.0,403.0,403.0,0.0,2554.0,6021.0,0.0,0.0,LM250,Central
2025-12-20,2554.0,489.0,489.0,0.0,2065.0,5532.0,0.0,0.0,LM250,Central
2025-12-21,2065.0,473.0,473.0,0.0,1592.0,5059.0,0.0,0.0,LM250,Central
2025-12-22,1592.0,439.0,439.0,0.0,1153.0,4620.0,0.0,0.0,LM250,Central
2025-12-23,1153.0,493.0,493.0,0.0,660.0,4127.0,0.0,0.0,LM250,Central
2025-12-24,660.0,409.0,409.0,0.0,251.0,3718.0,3204.0,0.0,LM250,Central
2025-12-25,3718.0,496.0,496.0,0.0,3222.0,6426.0,0.0,3467.0,LM250,Central
2025-12-26,3222.0,372.0,372.0,0.0,2850.0,6054.0,0.0,0.0,LM250,Central
2025-12-27,2850.0,466.0,466.0,0.0,2384.0,5588.0,0.0,0.0,LM250,Central
2025-12-28,2384.0,474.0,474.0,0.0,1910.0,5114.0,0.0,0.0,LM250,Central
2025-12-29,1910.0,503.0,503.0,0.0,1407.0,4611.0,0.0,0.0,LM250,Central
2025-12-30,1407.0,402.0,402.0,0.0,1005.0,4209.0,0.0,0.0,LM250,Central
2025-12-31,1005.0,460.0,460.0,0.0,545.0,3749.0,3173.0,0.0,LM250,Central
2025-07-01,6285.0,495.0,495.0,0.0,5790.0,5790.0,0.0,0.0,LM250,East
2025-07-02,5790.0,481.0,481.0,0.0,5309.0,5309.0,0.0,0.0,LM250,East
2025-07-03,5309.0,449.0,449.0,0.0,4860.0,4860.0,0.0,0.0,LM250,East
2025-07-04,4860.0,490.0,490.0,0.0,4370.0,4370.0,0.0,0.0,LM250,East
2025-07-05,4370.0,490.0,490.0,0.0,3880.0,3880.0,0.0,0.0,LM250,East
2025-07-06,3880.0,517.0,517.0,0.0,3363.0,3363.0,0.0,0.0,LM250,East
2025-07-07,3363.0,460.0,460.0,0.0,2903.0,2903.0,3382.0,0.0,LM250,East
2025-07-08,2903.0,491.0,491.0,0.0,2412.0,5794.0,0.0,0.0,LM250,East
2025-07-09,2412.0,504.0,504.0,0.0,1908.0,5290.0,0.0,0.0,LM250,East
2025-07-10,1908.0,445.0,445.0,0.0,1463.0,4845.0,0.0,0.0,LM250,East
2025-07-11,1463.0,471.0,471.0,0.0,992.0,4374.0,0.0,0.0,LM250,East
2025-07-12,992.0,505.0,505.0,0.0,487.0,3869.0,0.0,0.0,LM250,East
2025-07-13,3869.0,555.0,555.0,0.0,3314.0,3314.0,0.0,3382.0,LM250,East
2025-07-14,3314.0,570.0,570.0,0.0,2744.0,2744.0,3541.0,0.0,LM250,East
2025-07-15,2744.0,573.0,573.0,0.0,2171.0,5712.0,0.0,0.0,LM250,East
2025-07-16,2171.0,483.0,483.0,0.0,1688.0,5229.0,0.0,0.0,LM250,East
2025-07-17,1688.0,527.0,527.0,0.0,1161.0,4702.0,0.0,0.0,LM250,East
2025-07-18,1161.0,468.0,468.0,0.0,693.0,4234.0,0.0,0.0,LM250,East
2025-07-19,693.0,610.0,610.0,0.0,83.0,3624.0,0.0,0.0,LM250,East
2025-07-20,3624.0,545.0,545.0,0.0,3079.0,3079.0,0.0,3541.0,LM250,East
2025-07-21,3079.0,507.0,507.0,0.0,2572.0,2572.0,3713.0,0.0,LM250,East
2025-07-22,2572.0,524.0,524.0,0.0,2048.0,5761.0,0.0,0.0,LM250,East
2025-07-23,2048.0,523.0,523.0,0.0,1525.0,5238.0,0.0,0.0,LM250,East
2025-07-24,1525.0,462.0,462.0,0.0,1063.0,4776.0,0.0,0.0,LM250,East
2025-07-25,1063.0,503.0,503.0,0.0,560.0,4273.0,0.0,0.0,LM250,East
2025-07-26,560.0,588.0,560.0,28.0,0.0,3713.0,0.0,0.0,LM250,East
2025-07-27,3713.0,628.0,628.0,0.0,3085.0,3085.0,0.0,3713.0,LM250,East
2025-07-28,3085.0,678.0,678.0,0.0,2407.0,2407.0,3878.0,0.0,LM250,East
2025-07-29,2407.0,529.0,529.0,0.0,1878.0,5756.0,0.0,0.0,LM250,East
2025-07-30,1878.0,453.0,453.0,0.0,1425.0,5303.0,0.0,0.0,LM250,East
2025-07-31,1425.0,471.0,471.0,0.0,954.0,4832.0,0.0,0.0,LM250,East
2025-08-01,954.0,473.0,473.0,0.0,481.0,4359.0,0.0,0.0,LM250,East
2025-08-02,481.0,519.0,481.0,38.0,0.0,3878.0,0.0,0.0,LM250,East
2025-08-03,3878.0,480.0,480.0,0.0,3398.0,3398.0,0.0,3878.0,LM250,East
2025-08-04,3398.0,469.0,469.0,0.0,2929.0,2929.0,3356.0,0.0,LM250,East
2025-08-05,2929.0,357.0,357.0,0.0,2572.0,5928.0,0.0,0.0,LM250,East
2025-08-06,2572.0,402.0,402.0,0.0,2170.0,5526.0,0.0,0.0,LM250,East
2025-08-07,2170.0,408.0,408.0,0.0,1762.0,5118.0,0.0,0.0,LM250,East
2025-08-08,1762.0,501.0,501.0,0.0,1261.0,4617.0,0.0,0.0,LM250,East
2025-08-09,1261.0,526.0,526.0,0.0,735.0,4091.0,0.0,0.0,LM250,East
2025-08-10,4091.0,419.0,419.0,0.0,3672.0,3672.0,0.0,3356.0,LM250,East
2025-08-11,3672.0,402.0,402.0,0.0,3270.0,3270.0,0.0,0.0,LM250,East
2025-08-12,3270.0,431.0,431.0,0.0,2839.0,2839.0,3446.0,0.0,LM250,East
2025-08-13,2839.0,458.0,458.0,0.0,2381.0,5827.0,0.0,0.0,LM250,East
2025-08-14,2381.0,423.0,423.0,0.0,1958.0,5404.0,0.0,0.0,LM250,East
2025-08-15,1958.0,540.0,540.0,0.0,1418.0,4864.0,0.0,0.0,LM250,East
2025-08-16,1418.0,534.0,534.0,0.0,884.0,4330.0,0.0,0.0,LM250,East
2025-08-17,884.0,461.0,461.0,0.0,423.0,3869.0,0.0,0.0,LM250,East
2025-08-18,3869.0,483.0,483.0,0.0,3386.0,3386.0,0.0,3446.0,LM250,East
2025-08-19,3386.0,403.0,403.0,0.0,2983.0,2983.0,3302.0,0.0,LM250,East
2025-08-20,2983.0,492.0,492.0,0.0,2491.0,5793.0,0.0,0.0,LM250,East
2025-08-21,2491.0,363.0,363.0,0.0,2128.0,5430.0,0.0,0.0,LM250,East
2025-08-22,2128.0,462.0,462.0,0.0,1666.0,4968.0,0.0,0.0,LM250,East
2025-08-23,1666.0,527.0,527.0,0.0,1139.0,4441.0,0.0,0.0,LM250,East
2025-08-24,1139.0,451.0,451.0,0.0,688.0,3990.0,0.0,0.0,LM250,East
2025-08-25,3990.0,353.0,353.0,0.0,3637.0,3637.0,0.0,3302.0,LM250,East
2025-08-26,3637.0,449.0,449.0,0.0,3188.0,3188.0,0.0,0.0,LM250,East
2025-08-27,3188.0,461.0,461.0,0.0,2727.0,2727.0,3558.0,0.0,LM250,East
2025-08-28,2727.0,333.0,333.0,0.0,2394.0,5952.0,0.0,0.0,LM250,East
2025-08-29,2394.0,449.0,449.0,0.0,1945.0,5503.0,0.0,0.0,LM250,East
2025-08-30,1945.0,629.0,629.0,0.0,1316.0,4874.0,0.0,0.0,LM250,East
2025-08-31,1316.0,448.0,448.0,0.0,868.0,4426.0,0.0,0.0,LM250,East
2025-09-01,868.0,421.0,421.0,0.0,447.0,4005.0,0.0,0.0,LM250,East
2025-09-02,4005.0,476.0,476.0,0.0,3529.0,3529.0,0.0,3558.0,LM250,East
2025-09-03,3529.0,450.0,450.0,0.0,3079.0,3079.0,0.0,0.0,LM250,East
2025-09-04,3079.0,480.0,480.0,0.0,2599.0,2599.0,3686.0,0.0,LM250,East
2025-09-05,2599.0,386.0,386.0,0.0,2213.0,5899.0,0.0,0.0,LM250,East
2025-09-06,2213.0,395.0,395.0,0.0,1818.0,5504.0,0.0,0.0,LM250,East
2025-09-07,1818.0,417.0,417.0,0.0,1401.0,5087.0,0.0,0.0,LM250,East
2025-09-08,1401.0,451.0,451.0,0.0,950.0,4636.0,0.0,0.0,LM250,East
2025-09-09,950.0,358.0,358.0,0.0,592.0,4278.0,0.0,0.0,LM250,East
2025-09-10,4278.0,417.0,417.0,0.0,3861.0,3861.0,0.0,3686.0,LM250,East
2025-09-11,3861.0,480.0,480.0,0.0,3381.0,3381.0,0.0,0.0,LM250,East
2025-09-12,3381.0,476.0,476.0,0.0,2905.0,2905.0,3380.0,0.0,LM250,East
2025-09-13,2905.0,477.0,477.0,0.0,2428.0,5808.0,0.0,0.0,LM250,East
2025-09-14,2428.0,499.0,499.0,0.0,1929.0,5309.0,0.0,0.0,LM250,East
2025-09-15,1929.0,447.0,447.0,0.0,1482.0,4862.0,0.0,0.0,LM250,East
2025-09-16,1482.0,443.0,443.0,0.0,1039.0,4419.0,0.0,0.0,LM250,East
2025-09-17,1039.0,427.0,427.0,0.0,612.0,3992.0,0.0,0.0,LM250,East
2025-09-18,3992.0,410.0,410.0,0.0,3582.0,3582.0,0.0,3380.0,LM250,East
2025-09-19,3582.0,411.0,411.0,0.0,3171.0,3171.0,0.0,0.0,LM250,East
2025-09-20,3171.0,573.0,573.0,0.0,2598.0,2598.0,3687.0,0.0,LM250,East
2025-09-21,2598.0,551.0,551.0,0.0,2047.0,5734.0,0.0,0.0,LM250,East
2025-09-22,2047.0,418.0,418.0,0.0,1629.0,5316.0,0.0,0.0,LM250,East
2025-09-23,1629.0,372.0,372.0,0.0,1257.0,4944.0,0.0,0.0,LM250,East
2025-09-24,1257.0,565.0,565.0,0.0,692.0,4379.0,0.0,0.0,LM250,East
2025-09-25,692.0,431.0,431.0,0.0,261.0,3948.0,0.0,0.0,LM250,East
2025-09-26,3948.0,413.0,413.0,0.0,3535.0,3535.0,0.0,3687.0,LM250,East
2025-09-27,3535.0,508.0,508.0,0.0,3027.0,3027.0,0.0,0.0,LM250,East
2025-09-28,3027.0,545.0,545.0,0.0,2482.0,2482.0,3803.0,0.0,LM250,East
2025-09-29,2482.0,375.0,375.0,0.0,2107.0,5910.0,0.0,0.0,LM250,East
2025-09-30,2107.0,434.0,434.0,0.0,1673.0,5476.0,0.0,0.0,LM250,East
2025-10-01,1673.0,464.0,464.0,0.0,1209.0,5012.0,0.0,0.0,LM250,East
2025-10-02,1209.0,530.0,530.0,0.0,679.0,4482.0,0.0,0.0,LM250,East
2025-10-03,679.0,465.0,465.0,0.0,214.0,4017.0,0.0,0.0,LM250,East
2025-10-04,4017.0,480.0,480.0,0.0,3537.0,3537.0,0.0,3803.0,LM250,East
2025-10-05,3537.0,698.0,698.0,0.0,2839.0,2839.0,3446.0,0.0,LM250,East
2025-10-06,2839.0,379.0,379.0,0.0,2460.0,5906.0,0.0,0.0,LM250,East
2025-10-07,2460.0,449.0,449.0,0.0,2011.0,5457.0,0.0,0.0,LM250,East
2025-10-08,2011.0,385.0,385.0,0.0,1626.0,5072.0,0.0,0.0,LM250,East
2025-10-09,1626.0,401.0,401.0,0.0,1225.0,4671.0,0.0,0.0,LM250,East
2025-10-10,1225.0,454.0,454.0,0.0,771.0,4217.0,0.0,0.0,LM250,East
2025-10-11,4217.0,505.0,505.0,0.0,3712.0,3712.0,0.0,3446.0,LM250,East
2025-10-12,3712.0,561.0,561.0,0.0,3151.0,3151.0,0.0,0.0,LM250,East
2025-10-13,3151.0,408.0,408.0,0.0,2743.0,2743.0,3542.0,0.0,LM250,East
2025-10-14,2743.0,407.0,407.0,0.0,2336.0,5878.0,0.0,0.0,LM250,East
2025-10-15,2336.0,455.0,455.0,0.0,1881.0,5423.0,0.0,0.0,LM250,East
2025-10-16,1881.0,385.0,385.0,0.0,1496.0,5038.0,0.0,0.0,LM250,East
2025-10-17,1496.0,432.0,432.0,0.0,1064.0,4606.0,0.0,0.0,LM250,East
2025-10-18,1064.0,466.0,466.0,0.0,598.0,4140.0,0.0,0.0,LM250,East
2025-10-19,4140.0,430.0,430.0,0.0,3710.0,3710.0,0.0,3542.0,LM250,East
2025-10-20,3710.0,492.0,492.0,0.0,3218.0,3218.0,0.0,0.0,LM250,East
2025-10-21,3218.0,444.0,444.0,0.0,2774.0,2774.0,3511.0,0.0,LM250,East
2025-10-22,2774.0,442.0,442.0,0.0,2332.0,5843.0,0.0,0.0,LM250,East
2025-10-23,2332.0,450.0,450.0,0.0,1882.0,5393.0,0.0,0.0,LM250,East
2025-10-24,1882.0,480.0,480.0,0.0,1402.0,4913.0,0.0,0.0,LM250,East
2025-10-25,1402.0,517.0,517.0,0.0,885.0,4396.0,0.0,0.0,LM250,East
2025-10-26,885.0,534.0,534.0,0.0,351.0,3862.0,0.0,0.0,LM250,East
2025-10-27,3862.0,562.0,562.0,0.0,3300.0,3300.0,0.0,3511.0,LM250,East
2025-10-28,3300.0,421.0,421.0,0.0,2879.0,2879.0,3406.0,0.0,LM250,East
2025-10-29,2879.0,464.0,464.0,0.0,2415.0,5821.0,0.0,0.0,LM250,East
2025-10-30,2415.0,461.0,461.0,0.0,1954.0,5360.0,0.0,0.0,LM250,East
2025-10-31,1954.0,458.0,458.0,0.0,1496.0,4902.0,0.0,0.0,LM250,East
2025-11-01,1496.0,729.0,729.0,0.0,767.0,4173.0,0.0,0.0,LM250,East
2025-11-02,767.0,432.0,432.0,0.0,335.0,3741.0,0.0,0.0,LM250,East
2025-11-03,3741.0,396.0,396.0,0.0,3345.0,3345.0,0.0,3406.0,LM250,East
2025-11-04,3345.0,413.0,413.0,0.0,2932.0,2932.0,3353.0,0.0,LM250,East
2025-11-05,2932.0,483.0,483.0,0.0,2449.0,5802.0,0.0,0.0,LM250,East
2025-11-06,2449.0,444.0,444.0,0.0,2005.0,5358.0,0.0,0.0,LM250,East
2025-11-07,2005.0,464.0,464.0,0.0,1541.0,4894.0,0.0,0.0,LM250,East
2025-11-08,1541.0,563.0,563.0,0.0,978.0,4331.0,0.0,0.0,LM250,East
2025-11-09,978.0,562.0,562.0,0.0,416.0,3769.0,0.0,0.0,LM250,East
2025-11-10,3769.0,430.0,430.0,0.0,3339.0,3339.0,0.0,3353.0,LM250,East
2025-11-11,3339.0,343.0,343.0,0.0,2996.0,2996.0,3289.0,0.0,LM250,East
2025-11-12,2996.0,381.0,381.0,0.0,2615.0,5904.0,0.0,0.0,LM250,East
2025-11-13,2615.0,513.0,513.0,0.0,2102.0,5391.0,0.0,0.0,LM250,East
2025-11-14,2102.0,352.0,352.0,0.0,1750.0,5039.0,0.0,0.0,LM250,East
2025-11-15,1750.0,533.0,533.0,0.0,1217.0,4506.0,0.0,0.0,LM250,East
2025-11-16,1217.0,503.0,503.0,0.0,714.0,4003.0,0.0,0.0,LM250,East
2025-11-17,4003.0,485.0,485.0,0.0,3518.0,3518.0,0.0,3289.0,LM250,East
2025-11-18,3518.0,451.0,451.0,0.0,3067.0,3067.0,0.0,0.0,LM250,East
2025-11-19,3067.0,458.0,458.0,0.0,2609.0,2609.0,3676.0,0.0,LM250,East
2025-11-20,2609.0,503.0,503.0,0.0,2106.0,5782.0,0.0,0.0,LM250,East
2025-11-21,2106.0,429.0,429.0,0.0,1677.0,5353.0,0.0,0.0,LM250,East
2025-11-22,1677.0,523.0,523.0,0.0,1154.0,4830.0,0.0,0.0,LM250,East
2025-11-23,1154.0,472.0,472.0,0.0,682.0,4358.0,0.0,0.0,LM250,East
2025-11-24,682.0,426.0,426.0,0.0,256.0,3932.0,0.0,0.0,LM250,East
2025-11-25,3932.0,570.0,570.0,0.0,3362.0,3362.0,0.0,3676.0,LM250,East
2025-11-26,3362.0,466.0,466.0,0.0,2896.0,2896.0,3389.0,0.0,LM250,East
2025-11-27,2896.0,490.0,490.0,0.0,2406.0,5795.0,0.0,0.0,LM250,East
2025-11-28,2406.0,494.0,494.0,0.0,1912.0,5301.0,0.0,0.0,LM250,East
2025-11-29,1912.0,518.0,518.0,0.0,1394.0,4783.0,0.0,0.0,LM250,East
2025-11-30,1394.0,614.0,614.0,0.0,780.0,4169.0,0.0,0.0,LM250,East
2025-12-01,780.0,466.0,466.0,0.0,314.0,3703.0,0.0,0.0,LM250,East
2025-12-02,3703.0,542.0,542.0,0.0,3161.0,3161.0,0.0,3389.0,LM250,East
2025-12-03,3161.0,465.0,465.0,0.0,2696.0,2696.0,3589.0,0.0,LM250,East
2025-12-04,2696.0,502.0,502.0,0.0,2194.0,5783.0,0.0,0.0,LM250,East
2025-12-05,2194.0,396.0,396.0,0.0,1798.0,5387.0,0.0,0.0,LM250,East
2025-12-06,1798.0,522.0,522.0,0.0,1276.0,4865.0,0.0,0.0,LM250,East
2025-12-07,1276.0,445.0,445.0,0.0,831.0,4420.0,0.0,0.0,LM250,East
2025-12-08,831.0,515.0,515.0,0.0,316.0,3905.0,0.0,0.0,LM250,East
2025-12-09,3905.0,397.0,397.0,0.0,3508.0,3508.0,0.0,3589.0,LM250,East
2025-12-10,3508.0,427.0,427.0,0.0,3081.0,3081.0,0.0,0.0,LM250,East
2025-12-11,3081.0,476.0,476.0,0.0,2605.0,2605.0,3680.0,0.0,LM250,East
2025-12-12,2605.0,492.0,492.0,0.0,2113.0,5793.0,0.0,0.0,LM250,East
2025-12-13,2113.0,543.0,543.0,0.0,1570.0,5250.0,0.0,0.0,LM250,East
2025-12-14,1570.0,478.0,478.0,0.0,1092.0,4772.0,0.0,0.0,LM250,East
2025-12-15,1092.0,515.0,515.0,0.0,577.0,4257.0,0.0,0.0,LM250,East
2025-12-16,577.0,492.0,492.0,0.0,85.0,3765.0,0.0,0.0,LM250,East
2025-12-17,3765.0,473.0,473.0,0.0,3292.0,3292.0,0.0,3680.0,LM250,East
2025-12-18,3292.0,465.0,465.0,0.0,2827.0,2827.0,3458.0,0.0,LM250,East
2025-12-19,2827.0,554.0,554.0,0.0,2273.0,5731.0,0.0,0.0,LM250,East
2025-12-20,2273.0,521.0,521.0,0.0,1752.0,5210.0,0.0,0.0,LM250,East
2025-12-21,1752.0,382.0,382.0,0.0,1370.0,4828.0,0.0,0.0,LM250,East
2025-12-22,1370.0,472.0,472.0,0.0,898.0,4356.0,0.0,0.0,LM250,East
2025-12-23,898.0,367.0,367.0,0.0,531.0,3989.0,0.0,0.0,LM250,East
2025-12-24,3989.0,476.0,476.0,0.0,3513.0,3513.0,0.0,3458.0,LM250,East
2025-12-25,3513.0,608.0,608.0,0.0,2905.0,2905.0,3380.0,0.0,LM250,East
2025-12-26,2905.0,523.0,523.0,0.0,2382.0,5762.0,0.0,0.0,LM250,East
2025-12-27,2382.0,466.0,466.0,0.0,1916.0,5296.0,0.0,0.0,LM250,East
2025-12-28,1916.0,467.0,467.0,0.0,1449.0,4829.0,0.0,0.0,LM250,East
2025-12-29,1449.0,378.0,378.0,0.0,1071.0,4451.0,0.0,0.0,LM250,East
2025-12-30,1071.0,463.0,463.0,0.0,608.0,3988.0,0.0,0.0,LM250,East
2025-12-31,3988.0,482.0,482.0,0.0,3506.0,3506.0,0.0,3380.0,LM250,East
2025-07-01,7113.0,514.0,514.0,0.0,6599.0,6599.0,0.0,0.0,LM250,North
2025-07-02,6599.0,532.0,532.0,0.0,6067.0,6067.0,0.0,0.0,LM250,North
2025-07-03,6067.0,534.0,534.0,0.0,5533.0,5533.0,0.0,0.0,LM250,North
2025-07-04,5533.0,496.0,496.0,0.0,5037.0,5037.0,0.0,0.0,LM250,North
2025-07-05,5037.0,676.0,676.0,0.0,4361.0,4361.0,0.0,0.0,LM250,North
2025-07-06,4361.0,612.0,612.0,0.0,3749.0,3749.0,0.0,0.0,LM250,North
2025-07-07,3749.0,581.0,581.0,0.0,3168.0,3168.0,3945.0,0.0,LM250,North
2025-07-08,3168.0,522.0,522.0,0.0,2646.0,6591.0,0.0,0.0,LM250,North
2025-07-09,2646.0,544.0,544.0,0.0,2102.0,6047.0,0.0,0.0,LM250,North
2025-07-10,2102.0,660.0,660.0,0.0,1442.0,5387.0,0.0,0.0,LM250,North
2025-07-11,1442.0,445.0,445.0,0.0,997.0,4942.0,0.0,0.0,LM250,North
2025-07-12,997.0,597.0,597.0,0.0,400.0,4345.0,0.0,0.0,LM250,North
2025-07-13,400.0,603.0,400.0,203.0,0.0,3945.0,0.0,0.0,LM250,North
2025-07-14,3945.0,492.0,492.0,0.0,3453.0,3453.0,3660.0,3945.0,LM250,North
2025-07-15,3453.0,503.0,503.0,0.0,2950.0,6610.0,0.0,0.0,LM250,North
2025-07-16,2950.0,524.0,524.0,0.0,2426.0,6086.0,0.0,0.0,LM250,North
2025-07-17,2426.0,490.0,490.0,0.0,1936.0,5596.0,0.0,0.0,LM250,North
2025-07-18,1936.0,568.0,568.0,0.0,1368.0,5028.0,0.0,0.0,LM250,North
2025-07-19,1368.0,641.0,641.0,0.0,727.0,4387.0,0.0,0.0,LM250,North
2025-07-20,727.0,657.0,657.0,0.0,70.0,3730.0,0.0,0.0,LM250,North
2025-07-21,3730.0,517.0,517.0,0.0,3213.0,3213.0,3900.0,3660.0,LM250,North
2025-07-22,3213.0,528.0,528.0,0.0,2685.0,6585.0,0.0,0.0,LM250,North
2025-07-23,2685.0,590.0,590.0,0.0,2095.0,5995.0,0.0,0.0,LM250,North
2025-07-24,2095.0,453.0,453.0,0.0,1642.0,5542.0,0.0,0.0,LM250,North
2025-07-25,1642.0,558.0,558.0,0.0,1084.0,4984.0,0.0,0.0,LM250,North
2025-07-26,1084.0,646.0,646.0,0.0,438.0,4338.0,0.0,0.0,LM250,North
2025-07-27,438.0,576.0,438.0,138.0,0.0,3900.0,0.0,0.0,LM250,North
2025-07-28,3900.0,502.0,502.0,0.0,3398.0,3398.0,3715.0,3900.0,LM250,North
2025-07-29,3398.0,511.0,511.0,0.0,2887.0,6602.0,0.0,0.0,LM250,North
2025-07-30,2887.0,603.0,603.0,0.0,2284.0,5999.0,0.0,0.0,LM250,North
2025-07-31,2284.0,545.0,545.0,0.0,1739.0,5454.0,0.0,0.0,LM250,North
2025-08-01,1739.0,397.0,397.0,0.0,1342.0,5057.0,0.0,0.0,LM250,North
2025-08-02,1342.0,472.0,472.0,0.0,870.0,4585.0,0.0,0.0,LM250,North
2025-08-03,870.0,489.0,489.0,0.0,381.0,4096.0,0.0,0.0,LM250,North
2025-08-04,4096.0,440.0,440.0,0.0,3656.0,3656.0,3457.0,3715.0,LM250,North
2025-08-05,3656.0,378.0,378.0,0.0,3278.0,6735.0,0.0,0.0,LM250,North
2025-08-06,3278.0,626.0,626.0,0.0,2652.0,6109.0,0.0,0.0,LM250,North
2025-08-07,2652.0,516.0,516.0,0.0,2136.0,5593.0,0.0,0.0,LM250,North
2025-08-08,2136.0,409.0,409.0,0.0,1727.0,5184.0,0.0,0.0,LM250,North
2025-08-09,1727.0,479.0,479.0,0.0,1248.0,4705.0,0.0,0.0,LM250,North
2025-08-10,1248.0,531.0,531.0,0.0,717.0,4174.0,0.0,0.0,LM250,North
2025-08-11,4174.0,425.0,425.0,0.0,3749.0,3749.0,0.0,3457.0,LM250,North
2025-08-12,3749.0,417.0,417.0,0.0,3332.0,3332.0,3781.0,0.0,LM250,North
2025-08-13,3332.0,402.0,402.0,0.0,2930.0,6711.0,0.0,0.0,LM250,North
2025-08-14,2930.0,415.0,415.0,0.0,2515.0,6296.0,0.0,0.0,LM250,North
2025-08-15,2515.0,517.0,517.0,0.0,1998.0,5779.0,0.0,0.0,LM250,North
2025-08-16,1998.0,595.0,595.0,0.0,1403.0,5184.0,0.0,0.0,LM250,North
2025-08-17,1403.0,440.0,440.0,0.0,963.0,4744.0,0.0,0.0,LM250,North
2025-08-18,963.0,402.0,402.0,0.0,561.0,4342.0,0.0,0.0,LM250,North
2025-08-19,4342.0,399.0,399.0,0.0,3943.0,3943.0,0.0,3781.0,LM250,North
2025-08-20,3943.0,420.0,420.0,0.0,3523.0,3523.0,3590.0,0.0,LM250,North
2025-08-21,3523.0,504.0,504.0,0.0,3019.0,6609.0,0.0,0.0,LM250,North
2025-08-22,3019.0,404.0,404.0,0.0,2615.0,6205.0,0.0,0.0,LM250,North
2025-08-23,2615.0,474.0,474.0,0.0,2141.0,5731.0,0.0,0.0,LM250,North
2025-08-24,2141.0,480.0,480.0,0.0,1661.0,5251.0,0.0,0.0,LM250,North
2025-08-25,1661.0,503.0,503.0,0.0,1158.0,4748.0,0.0,0.0,LM250,North
2025-08-26,1158.0,301.0,301.0,0.0,857.0,4447.0,0.0,0.0,LM250,North
2025-08-27,4447.0,474.0,474.0,0.0,3973.0,3973.0,0.0,3590.0,LM250,North
2025-08-28,3973.0,462.0,462.0,0.0,3511.0,3511.0,3602.0,0.0,LM250,North
2025-08-29,3511.0,500.0,500.0,0.0,3011.0,6613.0,0.0,0.0,LM250,North
2025-08-30,3011.0,501.0,501.0,0.0,2510.0,6112.0,0.0,0.0,LM250,North
2025-08-31,2510.0,525.0,525.0,0.0,1985.0,5587.0,0.0,0.0,LM250,North
2025-09-01,1985.0,472.0,472.0,0.0,1513.0,5115.0,0.0,0.0,LM250,North
2025-09-02,1513.0,460.0,460.0,0.0,1053.0,4655.0,0.0,0.0,LM250,North
2025-09-03,1053.0,456.0,456.0,0.0,597.0,4199.0,0.0,0.0,LM250,North
2025-09-04,4199.0,510.0,510.0,0.0,3689.0,3689.0,0.0,3602.0,LM250,North
2025-09-05,3689.0,451.0,451.0,0.0,3238.0,3238.0,3875.0,0.0,LM250,North
2025-09-06,3238.0,504.0,504.0,0.0,2734.0,6609.0,0.0,0.0,LM250,North
2025-09-07,2734.0,491.0,491.0,0.0,2243.0,6118.0,0.0,0.0,LM250,North
2025-09-08,2243.0,501.0,501.0,0.0,1742.0,5617.0,0.0,0.0,LM250,North
2025-09-09,1742.0,416.0,416.0,0.0,1326.0,5201.0,0.0,0.0,LM250,North
2025-09-10,1326.0,443.0,443.0,0.0,883.0,4758.0,0.0,0.0,LM250,North
2025-09-11,883.0,464.0,464.0,0.0,419.0,4294.0,0.0,0.0,LM250,North
2025-09-12,4294.0,434.0,434.0,0.0,3860.0,3860.0,0.0,3875.0,LM250,North
2025-09-13,3860.0,531.0,531.0,0.0,3329.0,3329.0,3784.0,0.0,LM250,North
2025-09-14,3329.0,462.0,462.0,0.0,2867.0,6651.0,0.0,0.0,LM250,North
2025-09-15,2867.0,417.0,417.0,0.0,2450.0,6234.0,0.0,0.0,LM250,North
2025-09-16,2450.0,465.0,465.0,0.0,1985.0,5769.0,0.0,0.0,LM250,North
2025-09-17,1985.0,498.0,498.0,0.0,1487.0,5271.0,0.0,0.0,LM250,North
2025-09-18,1487.0,507.0,507.0,0.0,980.0,4764.0,0.0,0.0,LM250,North
2025-09-19,980.0,544.0,544.0,0.0,436.0,4220.0,0.0,0.0,LM250,North
2025-09-20,4220.0,411.0,411.0,0.0,3809.0,3809.0,0.0,3784.0,LM250,North
2025-09-21,3809.0,585.0,585.0,0.0,3224.0,3224.0,3889.0,0.0,LM250,North
2025-09-22,3224.0,476.0,476.0,0.0,2748.0,6637.0,0.0,0.0,LM250,North
2025-09-23,2748.0,415.0,415.0,0.0,2333.0,6222.0,0.0,0.0,LM250,North
2025-09-24,2333.0,471.0,471.0,0.0,1862.0,5751.0,0.0,0.0,LM250,North
2025-09-25,1862.0,504.0,504.0,0.0,1358.0,5247.0,0.0,0.0,LM250,North
2025-09-26,1358.0,406.0,406.0,0.0,952.0,4841.0,0.0,0.0,LM250,North
2025-09-27,952.0,563.0,563.0,0.0,389.0,4278.0,0.0,0.0,LM250,North
2025-09-28,4278.0,465.0,465.0,0.0,3813.0,3813.0,0.0,3889.0,LM250,North
2025-09-29,3813.0,432.0,432.0,0.0,3381.0,3381.0,3732.0,0.0,LM250,North
2025-09-30,3381.0,484.0,484.0,0.0,2897.0,6629.0,0.0,0.0,LM250,North
2025-10-01,2897.0,433.0,433.0,0.0,2464.0,6196.0,0.0,0.0,LM250,North
2025-10-02,2464.0,557.0,557.0,0.0,1907.0,5639.0,0.0,0.0,LM250,North
2025-10-03,1907.0,444.0,444.0,0.0,1463.0,5195.0,0.0,0.0,LM250,North
2025-10-04,1463.0,518.0,518.0,0.0,945.0,4677.0,0.0,0.0,LM250,North
2025-10-05,945.0,755.0,755.0,0.0,190.0,3922.0,0.0,0.0,LM250,North
2025-10-06,3922.0,376.0,376.0,0.0,3546.0,3546.0,3567.0,3732.0,LM250,North
2025-10-07,3546.0,474.0,474.0,0.0,3072.0,6639.0,0.0,0.0,LM250,North
2025-10-08,3072.0,505.0,505.0,0.0,2567.0,6134.0,0.0,0.0,LM250,North
2025-10-09,2567.0,425.0,425.0,0.0,2142.0,5709.0,0.0,0.0,LM250,North
2025-10-10,2142.0,456.0,456.0,0.0,1686.0,5253.0,0.0,0.0,LM250,North
2025-10-11,1686.0,514.0,514.0,0.0,1172.0,4739.0,0.0,0.0,LM250,North
2025-10-12,1172.0,517.0,517.0,0.0,655.0,4222.0,0.0,0.0,LM250,North
2025-10-13,4222.0,531.0,531.0,0.0,3691.0,3691.0,0.0,3567.0,LM250,North
2025-10-14,3691.0,480.0,480.0,0.0,3211.0,3211.0,3902.0,0.0,LM250,North
2025-10-15,3211.0,397.0,397.0,0.0,2814.0,6716.0,0.0,0.0,LM250,North
2025-10-16,2814.0,376.0,376.0,0.0,2438.0,6340.0,0.0,0.0,LM250,North
2025-10-17,2438.0,433.0,433.0,0.0,2005.0,5907.0,0.0,0.0,LM250,North
2025-10-18,2005.0,577.0,577.0,0.0,1428.0,5330.0,0.0,0.0,LM250,North
2025-10-19,1428.0,567.0,567.0,0.0,861.0,4763.0,0.0,0.0,LM250,North
2025-10-20,861.0,546.0,546.0,0.0,315.0,4217.0,0.0,0.0,LM250,North
2025-10-21,4217.0,416.0,416.0,0.0,3801.0,3801.0,0.0,3902.0,LM250,North
2025-10-22,3801.0,504.0,504.0,0.0,3297.0,3297.0,3816.0,0.0,LM250,North
2025-10-23,3297.0,369.0,369.0,0.0,2928.0,6744.0,0.0,0.0,LM250,North
2025-10-24,2928.0,429.0,429.0,0.0,2499.0,6315.0,0.0,0.0,LM250,North
2025-10-25,2499.0,439.0,439.0,0.0,2060.0,5876.0,0.0,0.0,LM250,North
2025-10-26,2060.0,473.0,473.0,0.0,1587.0,5403.0,0.0,0.0,LM250,North
2025-10-27,1587.0,400.0,400.0,0.0,1187.0,5003.0,0.0,0.0,LM250,North
2025-10-28,1187.0,522.0,522.0,0.0,665.0,4481.0,0.0,0.0,LM250,North
2025-10-29,4481.0,450.0,450.0,0.0,4031.0,4031.0,0.0,3816.0,LM250,North
2025-10-30,4031.0,430.0,430.0,0.0,3601.0,3601.0,3512.0,0.0,LM250,North
2025-10-31,3601.0,655.0,655.0,0.0,2946.0,6458.0,0.0,0.0,LM250,North
2025-11-01,2946.0,530.0,530.0,0.0,2416.0,5928.0,0.0,0.0,LM250,North
2025-11-02,2416.0,574.0,574.0,0.0,1842.0,5354.0,0.0,0.0,LM250,North
2025-11-03,1842.0,441.0,441.0,0.0,1401.0,4913.0,0.0,0.0,LM250,North
2025-11-04,1401.0,517.0,517.0,0.0,884.0,4396.0,0.0,0.0,LM250,North
2025-11-05,884.0,428.0,428.0,0.0,456.0,3968.0,0.0,0.0,LM250,North
2025-11-06,3968.0,593.0,593.0,0.0,3375.0,3375.0,3738.0,3512.0,LM250,North
2025-11-07,3375.0,554.0,554.0,0.0,2821.0,6559.0,0.0,0.0,LM250,North
2025-11-08,2821.0,563.0,563.0,0.0,2258.0,5996.0,0.0,0.0,LM250,North
2025-11-09,2258.0,551.0,551.0,0.0,1707.0,5445.0,0.0,0.0,LM250,North
2025-11-10,1707.0,533.0,533.0,0.0,1174.0,4912.0,0.0,0.0,LM250,North
2025-11-11,1174.0,379.0,379.0,0.0,795.0,4533.0,0.0,0.0,LM250,North
2025-11-12,795.0,478.0,478.0,0.0,317.0,4055.0,0.0,0.0,LM250,North
2025-11-13,4055.0,504.0,504.0,0.0,3551.0,3551.0,3562.0,3738.0,LM250,North
2025-11-14,3551.0,377.0,377.0,0.0,3174.0,6736.0,0.0,0.0,LM250,North
2025-11-15,3174.0,570.0,570.0,0.0,2604.0,6166.0,0.0,0.0,LM250,North
2025-11-16,2604.0,638.0,638.0,0.0,1966.0,5528.0,0.0,0.0,LM250,North
2025-11-17,1966.0,446.0,446.0,0.0,1520.0,5082.0,0.0,0.0,LM250,North
2025-11-18,1520.0,500.0,500.0,0.0,1020.0,4582.0,0.0,0.0,LM250,North
2025-11-19,1020.0,673.0,673.0,0.0,347.0,3909.0,0.0,0.0,LM250,North
2025-11-20,3909.0,499.0,499.0,0.0,3410.0,3410.0,3703.0,3562.0,LM250,North
2025-11-21,3410.0,409.0,409.0,0.0,3001.0,6704.0,0.0,0.0,LM250,North
2025-11-22,3001.0,471.0,471.0,0.0,2530.0,6233.0,0.0,0.0,LM250,North
2025-11-23,2530.0,570.0,570.0,0.0,1960.0,5663.0,0.0,0.0,LM250,North
2025-11-24,1960.0,526.0,526.0,0.0,1434.0,5137.0,0.0,0.0,LM250,North
2025-11-25,1434.0,577.0,577.0,0.0,857.0,4560.0,0.0,0.0,LM250,North
2025-11-26,857.0,513.0,513.0,0.0,344.0,4047.0,0.0,0.0,LM250,North
2025-11-27,4047.0,434.0,434.0,0.0,3613.0,3613.0,3500.0,3703.0,LM250,North
2025-11-28,3613.0,472.0,472.0,0.0,3141.0,6641.0,0.0,0.0,LM250,North
2025-11-29,3141.0,654.0,654.0,0.0,2487.0,5987.0,0.0,0.0,LM250,North
2025-11-30,2487.0,487.0,487.0,0.0,2000.0,5500.0,0.0,0.0,LM250,North
2025-12-01,2000.0,412.0,412.0,0.0,1588.0,5088.0,0.0,0.0,LM250,North
2025-12-02,1588.0,478.0,478.0,0.0,1110.0,4610.0,0.0,0.0,LM250,North
2025-12-03,1110.0,397.0,397.0,0.0,713.0,4213.0,0.0,0.0,LM250,North
2025-12-04,4213.0,445.0,445.0,0.0,3768.0,3768.0,0.0,3500.0,LM250,North
2025-12-05,3768.0,480.0,480.0,0.0,3288.0,3288.0,3825.0,0.0,LM250,North
2025-12-06,3288.0,630.0,630.0,0.0,2658.0,6483.0,0.0,0.0,LM250,North
2025-12-07,2658.0,557.0,557.0,0.0,2101.0,5926.0,0.0,0.0,LM250,North
2025-12-08,2101.0,456.0,456.0,0.0,1645.0,5470.0,0.0,0.0,LM250,North
2025-12-09,1645.0,468.0,468.0,0.0,1177.0,5002.0,0.0,0.0,LM250,North
2025-12-10,1177.0,404.0,404.0,0.0,773.0,4598.0,0.0,0.0,LM250,North
2025-12-11,773.0,467.0,467.0,0.0,306.0,4131.0,0.0,0.0,LM250,North
2025-12-12,4131.0,463.0,463.0,0.0,3668.0,3668.0,3445.0,3825.0,LM250,North
2025-12-13,3668.0,522.0,522.0,0.0,3146.0,6591.0,0.0,0.0,LM250,North
2025-12-14,3146.0,526.0,526.0,0.0,2620.0,6065.0,0.0,0.0,LM250,North
2025-12-15,2620.0,457.0,457.0,0.0,2163.0,5608.0,0.0,0.0,LM250,North
2025-12-16,2163.0,429.0,429.0,0.0,1734.0,5179.0,0.0,0.0,LM250,North
2025-12-17,1734.0,509.0,509.0,0.0,1225.0,4670.0,0.0,0.0,LM250,North
2025-12-18,1225.0,446.0,446.0,0.0,779.0,4224.0,0.0,0.0,LM250,North
2025-12-19,4224.0,478.0,478.0,0.0,3746.0,3746.0,0.0,3445.0,LM250,North
2025-12-20,3746.0,515.0,515.0,0.0,3231.0,3231.0,3882.0,0.0,LM250,North
2025-12-21,3231.0,514.0,514.0,0.0,2717.0,6599.0,0.0,0.0,LM250,North
2025-12-22,2717.0,585.0,585.0,0.0,2132.0,6014.0,0.0,0.0,LM250,North
2025-12-23,2132.0,412.0,412.0,0.0,1720.0,5602.0,0.0,0.0,LM250,North
2025-12-24,1720.0,619.0,619.0,0.0,1101.0,4983.0,0.0,0.0,LM250,North
2025-12-25,1101.0,467.0,467.0,0.0,634.0,4516.0,0.0,0.0,LM250,North
2025-12-26,634.0,448.0,448.0,0.0,186.0,4068.0,0.0,0.0,LM250,North
2025-12-27,4068.0,549.0,549.0,0.0,3519.0,3519.0,3594.0,3882.0,LM250,North
2025-12-28,3519.0,613.0,613.0,0.0,2906.0,6500.0,0.0,0.0,LM250,North
2025-12-29,2906.0,487.0,487.0,0.0,2419.0,6013.0,0.0,0.0,LM250,North
2025-12-30,2419.0,422.0,422.0,0.0,1997.0,5591.0,0.0,0.0,LM250,North
2025-12-31,1997.0,471.0,471.0,0.0,1526.0,5120.0,0.0,0.0,LM250,North
2025-07-01,9834.0,607.0,607.0,0.0,9227.0,9227.0,0.0,0.0,LM250,South
2025-07-02,9227.0,598.0,598.0,0.0,8629.0,8629.0,0.0,0.0,LM250,South
2025-07-03,8629.0,624.0,624.0,0.0,8005.0,8005.0,0.0,0.0,LM250,South
2025-07-04,8005.0,595.0,595.0,0.0,7410.0,7410.0,0.0,0.0,LM250,South
2025-07-05,7410.0,737.0,737.0,0.0,6673.0,6673.0,0.0,0.0,LM250,South
2025-07-06,6673.0,662.0,662.0,0.0,6011.0,6011.0,0.0,0.0,LM250,South
2025-07-07,6011.0,541.0,541.0,0.0,5470.0,5470.0,4364.0,0.0,LM250,South
2025-07-08,5470.0,660.0,660.0,0.0,4810.0,9174.0,0.0,0.0,LM250,South
2025-07-09,4810.0,609.0,609.0,0.0,4201.0,8565.0,0.0,0.0,LM250,South
2025-07-10,4201.0,589.0,589.0,0.0,3612.0,7976.0,0.0,0.0,LM250,South
2025-07-11,3612.0,621.0,621.0,0.0,2991.0,7355.0,0.0,0.0,LM250,South
2025-07-12,2991.0,574.0,574.0,0.0,2417.0,6781.0,0.0,0.0,LM250,South
2025-07-13,2417.0,657.0,657.0,0.0,1760.0,6124.0,0.0,0.0,LM250,South
2025-07-14,1760.0,527.0,527.0,0.0,1233.0,5597.0,4237.0,0.0,LM250,South
2025-07-15,1233.0,647.0,647.0,0.0,586.0,9187.0,0.0,0.0,LM250,South
2025-07-16,586.0,545.0,545.0,0.0,41.0,8642.0,0.0,0.0,LM250,South
2025-07-17,4405.0,605.0,605.0,0.0,3800.0,8037.0,0.0,4364.0,LM250,South
2025-07-18,3800.0,576.0,576.0,0.0,3224.0,7461.0,0.0,0.0,LM250,South
2025-07-19,3224.0,572.0,572.0,0.0,2652.0,6889.0,0.0,0.0,LM250,South
2025-07-20,2652.0,694.0,694.0,0.0,1958.0,6195.0,0.0,0.0,LM250,South
2025-07-21,1958.0,575.0,575.0,0.0,1383.0,5620.0,4214.0,0.0,LM250,South
2025-07-22,1383.0,585.0,585.0,0.0,798.0,9249.0,0.0,0.0,LM250,South
2025-07-23,798.0,613.0,613.0,0.0,185.0,8636.0,0.0,0.0,LM250,South
2025-07-24,4422.0,563.0,563.0,0.0,3859.0,8073.0,0.0,4237.0,LM250,South
2025-07-25,3859.0,606.0,606.0,0.0,3253.0,7467.0,0.0,0.0,LM250,South
2025-07-26,3253.0,591.0,591.0,0.0,2662.0,6876.0,0.0,0.0,LM250,South
2025-07-27,2662.0,556.0,556.0,0.0,2106.0,6320.0,0.0,0.0,LM250,South
2025-07-28,2106.0,653.0,653.0,0.0,1453.0,5667.0,4167.0,0.0,LM250,South
2025-07-29,1453.0,651.0,651.0,0.0,802.0,9183.0,0.0,0.0,LM250,South
2025-07-30,802.0,661.0,661.0,0.0,141.0,8522.0,0.0,0.0,LM250,South
2025-07-31,4355.0,593.0,593.0,0.0,3762.0,7929.0,0.0,4214.0,LM250,South
2025-08-01,3762.0,576.0,576.0,0.0,3186.0,7353.0,0.0,0.0,LM250,South
2025-08-02,3186.0,594.0,594.0,0.0,2592.0,6759.0,0.0,0.0,LM250,South
2025-08-03,2592.0,661.0,661.0,0.0,1931.0,6098.0,0.0,0.0,LM250,South
2025-08-04,1931.0,570.0,570.0,0.0,1361.0,5528.0,4306.0,0.0,LM250,South
2025-08-05,1361.0,510.0,510.0,0.0,851.0,9324.0,0.0,0.0,LM250,South
2025-08-06,851.0,388.0,388.0,0.0,463.0,8936.0,0.0,0.0,LM250,South
2025-08-07,4630.0,560.0,560.0,0.0,4070.0,8376.0,0.0,4167.0,LM250,South
2025-08-08,4070.0,544.0,544.0,0.0,3526.0,7832.0,0.0,0.0,LM250,South
2025-08-09,3526.0,460.0,460.0,0.0,3066.0,7372.0,0.0,0.0,LM250,South
2025-08-10,3066.0,560.0,560.0,0.0,2506.0,6812.0,0.0,0.0,LM250,South
2025-08-11,2506.0,527.0,527.0,0.0,1979.0,6285.0,0.0,0.0,LM250,South
2025-08-12,1979.0,561.0,561.0,0.0,1418.0,5724.0,4110.0,0.0,LM250,South
2025-08-13,1418.0,505.0,505.0,0.0,913.0,9329.0,0.0,0.0,LM250,South
2025-08-14,5219.0,481.0,481.0,0.0,4738.0,8848.0,0.0,4306.0,LM250,South
2025-08-15,4738.0,580.0,580.0,0.0,4158.0,8268.0,0.0,0.0,LM250,South
2025-08-16,4158.0,622.0,622.0,0.0,3536.0,7646.0,0.0,0.0,LM250,South
2025-08-17,3536.0,630.0,630.0,0.0,2906.0,7016.0,0.0,0.0,LM250,South
2025-08-18,2906.0,441.0,441.0,0.0,2465.0,6575.0,0.0,0.0,LM250,South
2025-08-19,2465.0,620.0,620.0,0.0,1845.0,5955.0,0.0,0.0,LM250,South
2025-08-20,1845.0,490.0,490.0,0.0,1355.0,5465.0,4369.0,0.0,LM250,South
2025-08-21,1355.0,432.0,432.0,0.0,923.0,9402.0,0.0,0.0,LM250,South
2025-08-22,5033.0,498.0,498.0,0.0,4535.0,8904.0,0.0,4110.0,LM250,South
2025-08-23,4535.0,597.0,597.0,0.0,3938.0,8307.0,0.0,0.0,LM250,South
2025-08-24,3938.0,554.0,554.0,0.0,3384.0,7753.0,0.0,0.0,LM250,South
2025-08-25,3384.0,505.0,505.0,0.0,2879.0,7248.0,0.0,0.0,LM250,South
2025-08-26,2879.0,516.0,516.0,0.0,2363.0,6732.0,0.0,0.0,LM250,South
2025-08-27,2363.0,605.0,605.0,0.0,1758.0,6127.0,0.0,0.0,LM250,South
2025-08-28,1758.0,516.0,516.0,0.0,1242.0,5611.0,4223.0,0.0,LM250,South
2025-08-29,1242.0,430.0,430.0,0.0,812.0,9404.0,0.0,0.0,LM250,South
2025-08-30,5181.0,771.0,771.0,0.0,4410.0,8633.0,0.0,4369.0,LM250,South
2025-08-31,4410.0,563.0,563.0,0.0,3847.0,8070.0,0.0,0.0,LM250,South
2025-09-01,3847.0,642.0,642.0,0.0,3205.0,7428.0,0.0,0.0,LM250,South
2025-09-02,3205.0,431.0,431.0,0.0,2774.0,6997.0,0.0,0.0,LM250,South
2025-09-03,2774.0,573.0,573.0,0.0,2201.0,6424.0,0.0,0.0,LM250,South
2025-09-04,2201.0,448.0,448.0,0.0,1753.0,5976.0,0.0,0.0,LM250,South
2025-09-05,1753.0,488.0,488.0,0.0,1265.0,5488.0,4346.0,0.0,LM250,South
2025-09-06,1265.0,500.0,500.0,0.0,765.0,9334.0,0.0,0.0,LM250,South
2025-09-07,4988.0,653.0,653.0,0.0,4335.0,8681.0,0.0,4223.0,LM250,South
2025-09-08,4335.0,593.0,593.0,0.0,3742.0,8088.0,0.0,0.0,LM250,South
2025-09-09,3742.0,451.0,451.0,0.0,3291.0,7637.0,0.0,0.0,LM250,South
2025-09-10,3291.0,565.0,565.0,0.0,2726.0,7072.0,0.0,0.0,LM250,South
2025-09-11,2726.0,677.0,677.0,0.0,2049.0,6395.0,0.0,0.0,LM250,South
2025-09-12,2049.0,702.0,702.0,0.0,1347.0,5693.0,4141.0,0.0,LM250,South
2025-09-13,1347.0,450.0,450.0,0.0,897.0,9384.0,0.0,0.0,LM250,South
2025-09-14,897.0,549.0,549.0,0.0,348.0,8835.0,0.0,0.0,LM250,South
2025-09-15,4694.0,569.0,569.0,0.0,4125.0,8266.0,0.0,4346.0,LM250,South
2025-09-16,4125.0,521.0,521.0,0.0,3604.0,7745.0,0.0,0.0,LM250,South
2025-09-17,3604.0,451.0,451.0,0.0,3153.0,7294.0,0.0,0.0,LM250,South
2025-09-18,3153.0,396.0,396.0,0.0,2757.0,6898.0,0.0,0.0,LM250,South
2025-09-19,2757.0,477.0,477.0,0.0,2280.0,6421.0,0.0,0.0,LM250,South
2025-09-20,2280.0,535.0,535.0,0.0,1745.0,5886.0,3948.0,0.0,LM250,South
2025-09-21,1745.0,660.0,660.0,0.0,1085.0,9174.0,0.0,0.0,LM250,South
2025-09-22,5226.0,484.0,484.0,0.0,4742.0,8690.0,0.0,4141.0,LM250,South
2025-09-23,4742.0,502.0,502.0,0.0,4240.0,8188.0,0.0,0.0,LM250,South
2025-09-24,4240.0,523.0,523.0,0.0,3717.0,7665.0,0.0,0.0,LM250,South
2025-09-25,3717.0,493.0,493.0,0.0,3224.0,7172.0,0.0,0.0,LM250,South
2025-09-26,3224.0,609.0,609.0,0.0,2615.0,6563.0,0.0,0.0,LM250,South
2025-09-27,2615.0,535.0,535.0,0.0,2080.0,6028.0,0.0,0.0,LM250,South
2025-09-28,2080.0,584.0,584.0,0.0,1496.0,5444.0,4390.0,0.0,LM250,South
2025-09-29,1496.0,548.0,548.0,0.0,948.0,9286.0,0.0,0.0,LM250,South
2025-09-30,4896.0,585.0,585.0,0.0,4311.0,8701.0,0.0,3948.0,LM250,South
2025-10-01,4311.0,491.0,491.0,0.0,3820.0,8210.0,0.0,0.0,LM250,South
2025-10-02,3820.0,555.0,555.0,0.0,3265.0,7655.0,0.0,0.0,LM250,South
2025-10-03,3265.0,478.0,478.0,0.0,2787.0,7177.0,0.0,0.0,LM250,South
2025-10-04,2787.0,657.0,657.0,0.0,2130.0,6520.0,0.0,0.0,LM250,South
2025-10-05,2130.0,646.0,646.0,0.0,1484.0,5874.0,3960.0,0.0,LM250,South
2025-10-06,1484.0,575.0,575.0,0.0,909.0,9259.0,0.0,0.0,LM250,South
2025-10-07,909.0,618.0,618.0,0.0,291.0,8641.0,0.0,0.0,LM250,South
2025-10-08,4681.0,465.0,465.0,0.0,4216.0,8176.0,0.0,4390.0,LM250,South
2025-10-09,4216.0,548.0,548.0,0.0,3668.0,7628.0,0.0,0.0,LM250,South
2025-10-10,3668.0,467.0,467.0,0.0,3201.0,7161.0,0.0,0.0,LM250,South
2025-10-11,3201.0,513.0,513.0,0.0,2688.0,6648.0,0.0,0.0,LM250,South
2025-10-12,2688.0,565.0,565.0,0.0,2123.0,6083.0,0.0,0.0,LM250,South
2025-10-13,2123.0,533.0,533.0,0.0,1590.0,5550.0,4284.0,0.0,LM250,South
2025-10-14,1590.0,453.0,453.0,0.0,1137.0,9381.0,0.0,0.0,LM250,South
2025-10-15,5097.0,482.0,482.0,0.0,4615.0,8899.0,0.0,3960.0,LM250,South
2025-10-16,4615.0,498.0,498.0,0.0,4117.0,8401.0,0.0,0.0,LM250,South
2025-10-17,4117.0,569.0,569.0,0.0,3548.0,7832.0,0.0,0.0,LM250,South
2025-10-18,3548.0,667.0,667.0,0.0,2881.0,7165.0,0.0,0.0,LM250,South
2025-10-19,2881.0,752.0,752.0,0.0,2129.0,6413.0,0.0,0.0,LM250,South
2025-10-20,2129.0,532.0,532.0,0.0,1597.0,5881.0,3953.0,0.0,LM250,South
2025-10-21,1597.0,576.0,576.0,0.0,1021.0,9258.0,0.0,0.0,LM250,South
2025-10-22,1021.0,454.0,454.0,0.0,567.0,8804.0,0.0,0.0,LM250,South
2025-10-23,4851.0,508.0,508.0,0.0,4343.0,8296.0,0.0,4284.0,LM250,South
2025-10-24,4343.0,542.0,542.0,0.0,3801.0,7754.0,0.0,0.0,LM250,South
2025-10-25,3801.0,579.0,579.0,0.0,3222.0,7175.0,0.0,0.0,LM250,South
2025-10-26,3222.0,728.0,728.0,0.0,2494.0,6447.0,0.0,0.0,LM250,South
2025-10-27,2494.0,647.0,647.0,0.0,1847.0,5800.0,4034.0,0.0,LM250,South
2025-10-28,1847.0,488.0,488.0,0.0,1359.0,9346.0,0.0,0.0,LM250,South
2025-10-29,1359.0,554.0,554.0,0.0,805.0,8792.0,0.0,0.0,LM250,South
2025-10-30,4758.0,511.0,511.0,0.0,4247.0,8281.0,0.0,3953.0,LM250,South
2025-10-31,4247.0,476.0,476.0,0.0,3771.0,7805.0,0.0,0.0,LM250,South
2025-11-01,3771.0,610.0,610.0,0.0,3161.0,7195.0,0.0,0.0,LM250,South
2025-11-02,3161.0,534.0,534.0,0.0,2627.0,6661.0,0.0,0.0,LM250,South
2025-11-03,2627.0,491.0,491.0,0.0,2136.0,6170.0,0.0,0.0,LM250,South
2025-11-04,2136.0,560.0,560.0,0.0,1576.0,5610.0,4224.0,0.0,LM250,South
2025-11-05,1576.0,502.0,502.0,0.0,1074.0,9332.0,0.0,0.0,LM250,South
2025-11-06,5108.0,524.0,524.0,0.0,4584.0,8808.0,0.0,4034.0,LM250,South
2025-11-07,4584.0,438.0,438.0,0.0,4146.0,8370.0,0.0,0.0,LM250,South
2025-11-08,4146.0,518.0,518.0,0.0,3628.0,7852.0,0.0,0.0,LM250,South
2025-11-09,3628.0,663.0,663.0,0.0,2965.0,7189.0,0.0,0.0,LM250,South
2025-11-10,2965.0,466.0,466.0,0.0,2499.0,6723.0,0.0,0.0,LM250,South
2025-11-11,2499.0,498.0,498.0,0.0,2001.0,6225.0,0.0,0.0,LM250,South
2025-11-12,2001.0,450.0,450.0,0.0,1551.0,5775.0,4059.0,0.0,LM250,South
2025-11-13,1551.0,430.0,430.0,0.0,1121.0,9404.0,0.0,0.0,LM250,South
2025-11-14,5345.0,550.0,550.0,0.0,4795.0,8854.0,0.0,4224.0,LM250,South
2025-11-15,4795.0,591.0,591.0,0.0,4204.0,8263.0,0.0,0.0,LM250,South
2025-11-16,4204.0,809.0,809.0,0.0,3395.0,7454.0,0.0,0.0,LM250,South
2025-11-17,3395.0,445.0,445.0,0.0,2950.0,7009.0,0.0,0.0,LM250,South
2025-11-18,2950.0,437.0,437.0,0.0,2513.0,6572.0,0.0,0.0,LM250,South
2025-11-19,2513.0,483.0,483.0,0.0,2030.0,6089.0,0.0,0.0,LM250,South
2025-11-20,2030.0,578.0,578.0,0.0,1452.0,5511.0,4323.0,0.0,LM250,South
2025-11-21,1452.0,482.0,482.0,0.0,970.0,9352.0,0.0,0.0,LM250,South
2025-11-22,5029.0,573.0,573.0,0.0,4456.0,8779.0,0.0,4059.0,LM250,South
2025-11-23,4456.0,470.0,470.0,0.0,3986.0,8309.0,0.0,0.0,LM250,South
2025-11-24,3986.0,486.0,486.0,0.0,3500.0,7823.0,0.0,0.0,LM250,South
2025-11-25,3500.0,530.0,530.0,0.0,2970.0,7293.0,0.0,0.0,LM250,South
2025-11-26,2970.0,601.0,601.0,0.0,2369.0,6692.0,0.0,0.0,LM250,South
2025-11-27,2369.0,470.0,470.0,0.0,1899.0,6222.0,0.0,0.0,LM250,South
2025-11-28,1899.0,535.0,535.0,0.0,1364.0,5687.0,4147.0,0.0,LM250,South
2025-11-29,1364.0,643.0,643.0,0.0,721.0,9191.0,0.0,0.0,LM250,South
2025-11-30,5044.0,675.0,675.0,0.0,4369.0,8516.0,0.0,4323.0,LM250,South
2025-12-01,4369.0,501.0,501.0,0.0,3868.0,8015.0,0.0,0.0,LM250,South
2025-12-02,3868.0,598.0,598.0,0.0,3270.0,7417.0,0.0,0.0,LM250,South
2025-12-03,3270.0,399.0,399.0,0.0,2871.0,7018.0,0.0,0.0,LM250,South
2025-12-04,2871.0,608.0,608.0,0.0,2263.0,6410.0,0.0,0.0,LM250,South
2025-12-05,2263.0,452.0,452.0,0.0,1811.0,5958.0,0.0,0.0,LM250,South
2025-12-06,1811.0,542.0,542.0,0.0,1269.0,5416.0,4418.0,0.0,LM250,South
2025-12-07,1269.0,586.0,586.0,0.0,683.0,9248.0,0.0,0.0,LM250,South
2025-12-08,4830.0,517.0,517.0,0.0,4313.0,8731.0,0.0,4147.0,LM250,South
2025-12-09,4313.0,524.0,524.0,0.0,3789.0,8207.0,0.0,0.0,LM250,South
2025-12-10,3789.0,545.0,545.0,0.0,3244.0,7662.0,0.0,0.0,LM250,South
2025-12-11,3244.0,581.0,581.0,0.0,2663.0,7081.0,0.0,0.0,LM250,South
2025-12-12,2663.0,490.0,490.0,0.0,2173.0,6591.0,0.0,0.0,LM250,South
2025-12-13,2173.0,572.0,572.0,0.0,1601.0,6019.0,0.0,0.0,LM250,South
2025-12-14,1601.0,633.0,633.0,0.0,968.0,5386.0,4448.0,0.0,LM250,South
2025-12-15,968.0,570.0,570.0,0.0,398.0,9264.0,0.0,0.0,LM250,South
2025-12-16,4816.0,642.0,642.0,0.0,4174.0,8622.0,0.0,4418.0,LM250,South
2025-12-17,4174.0,467.0,467.0,0.0,3707.0,8155.0,0.0,0.0,LM250,South
2025-12-18,3707.0,558.0,558.0,0.0,3149.0,7597.0,0.0,0.0,LM250,South
2025-12-19,3149.0,473.0,473.0,0.0,2676.0,7124.0,0.0,0.0,LM250,South
2025-12-20,2676.0,593.0,593.0,0.0,2083.0,6531.0,0.0,0.0,LM250,South
2025-12-21,2083.0,571.0,571.0,0.0,1512.0,5960.0,0.0,0.0,LM250,South
2025-12-22,1512.0,537.0,537.0,0.0,975.0,5423.0,4411.0,0.0,LM250,South
2025-12-23,975.0,531.0,531.0,0.0,444.0,9303.0,0.0,0.0,LM250,South
2025-12-24,4892.0,486.0,486.0,0.0,4406.0,8817.0,0.0,4448.0,LM250,South
2025-12-25,4406.0,601.0,601.0,0.0,3805.0,8216.0,0.0,0.0,LM250,South
2025-12-26,3805.0,465.0,465.0,0.0,3340.0,7751.0,0.0,0.0,LM250,South
2025-12-27,3340.0,642.0,642.0,0.0,2698.0,7109.0,0.0,0.0,LM250,South
2025-12-28,2698.0,556.0,556.0,0.0,2142.0,6553.0,0.0,0.0,LM250,South
2025-12-29,2142.0,659.0,659.0,0.0,1483.0,5894.0,3940.0,0.0,LM250,South
2025-12-30,1483.0,505.0,505.0,0.0,978.0,9329.0,0.0,0.0,LM250,South
2025-12-31,978.0,546.0,546.0,0.0,432.0,8783.0,0.0,0.0,LM250,South
2025-07-01,9525.0,556.0,556.0,0.0,8969.0,8969.0,0.0,0.0,LM250,West
2025-07-02,8969.0,730.0,730.0,0.0,8239.0,8239.0,0.0,0.0,LM250,West
2025-07-03,8239.0,626.0,626.0,0.0,7613.0,7613.0,0.0,0.0,LM250,West
2025-07-04,7613.0,621.0,621.0,0.0,6992.0,6992.0,0.0,0.0,LM250,West
2025-07-05,6992.0,668.0,668.0,0.0,6324.0,6324.0,0.0,0.0,LM250,West
2025-07-06,6324.0,678.0,678.0,0.0,5646.0,5646.0,0.0,0.0,LM250,West
2025-07-07,5646.0,698.0,698.0,0.0,4948.0,4948.0,4577.0,0.0,LM250,West
2025-07-08,4948.0,508.0,508.0,0.0,4440.0,9017.0,0.0,0.0,LM250,West
2025-07-09,4440.0,609.0,609.0,0.0,3831.0,8408.0,0.0,0.0,LM250,West
2025-07-10,3831.0,675.0,675.0,0.0,3156.0,7733.0,0.0,0.0,LM250,West
2025-07-11,3156.0,588.0,588.0,0.0,2568.0,7145.0,0.0,0.0,LM250,West
2025-07-12,2568.0,622.0,622.0,0.0,1946.0,6523.0,0.0,0.0,LM250,West
2025-07-13,1946.0,708.0,708.0,0.0,1238.0,5815.0,0.0,0.0,LM250,West
2025-07-14,1238.0,689.0,689.0,0.0,549.0,5126.0,4399.0,0.0,LM250,West
2025-07-15,549.0,596.0,549.0,47.0,0.0,8976.0,0.0,0.0,LM250,West
2025-07-16,4577.0,595.0,595.0,0.0,3982.0,8381.0,0.0,4577.0,LM250,West
2025-07-17,3982.0,523.0,523.0,0.0,3459.0,7858.0,0.0,0.0,LM250,West
2025-07-18,3459.0,612.0,612.0,0.0,2847.0,7246.0,0.0,0.0,LM250,West
2025-07-19,2847.0,630.0,630.0,0.0,2217.0,6616.0,0.0,0.0,LM250,West
2025-07-20,2217.0,739.0,739.0,0.0,1478.0,5877.0,0.0,0.0,LM250,West
2025-07-21,1478.0,489.0,489.0,0.0,989.0,5388.0,4137.0,0.0,LM250,West
2025-07-22,989.0,593.0,593.0,0.0,396.0,8932.0,0.0,0.0,LM250,West
2025-07-23,4795.0,570.0,570.0,0.0,4225.0,8362.0,0.0,4399.0,LM250,West
2025-07-24,4225.0,711.0,711.0,0.0,3514.0,7651.0,0.0,0.0,LM250,West
2025-07-25,3514.0,584.0,584.0,0.0,2930.0,7067.0,0.0,0.0,LM250,West
2025-07-26,2930.0,653.0,653.0,0.0,2277.0,6414.0,0.0,0.0,LM250,West
2025-07-27,2277.0,693.0,693.0,0.0,1584.0,5721.0,0.0,0.0,LM250,West
2025-07-28,1584.0,486.0,486.0,0.0,1098.0,5235.0,4290.0,0.0,LM250,West
2025-07-29,1098.0,610.0,610.0,0.0,488.0,8915.0,0.0,0.0,LM250,West
2025-07-30,4625.0,432.0,432.0,0.0,4193.0,8483.0,0.0,4137.0,LM250,West
2025-07-31,4193.0,711.0,711.0,0.0,3482.0,7772.0,0.0,0.0,LM250,West
2025-08-01,3482.0,509.0,509.0,0.0,2973.0,7263.0,0.0,0.0,LM250,West
2025-08-02,2973.0,554.0,554.0,0.0,2419.0,6709.0,0.0,0.0,LM250,West
2025-08-03,2419.0,615.0,615.0,0.0,1804.0,6094.0,0.0,0.0,LM250,West
2025-08-04,1804.0,581.0,581.0,0.0,1223.0,5513.0,0.0,0.0,LM250,West
2025-08-05,1223.0,481.0,481.0,0.0,742.0,5032.0,4493.0,0.0,LM250,West
2025-08-06,5032.0,553.0,553.0,0.0,4479.0,8972.0,0.0,4290.0,LM250,West
2025-08-07,4479.0,534.0,534.0,0.0,3945.0,8438.0,0.0,0.0,LM250,West
2025-08-08,3945.0,472.0,472.0,0.0,3473.0,7966.0,0.0,0.0,LM250,West
2025-08-09,3473.0,660.0,660.0,0.0,2813.0,7306.0,0.0,0.0,LM250,West
2025-08-10,2813.0,696.0,696.0,0.0,2117.0,6610.0,0.0,0.0,LM250,West
2025-08-11,2117.0,557.0,557.0,0.0,1560.0,6053.0,0.0,0.0,LM250,West
2025-08-12,1560.0,558.0,558.0,0.0,1002.0,5495.0,0.0,0.0,LM250,West
2025-08-13,1002.0,567.0,567.0,0.0,435.0,4928.0,4597.0,0.0,LM250,West
2025-08-14,4928.0,583.0,583.0,0.0,4345.0,8942.0,0.0,4493.0,LM250,West
2025-08-15,4345.0,720.0,720.0,0.0,3625.0,8222.0,0.0,0.0,LM250,West
2025-08-16,3625.0,665.0,665.0,0.0,2960.0,7557.0,0.0,0.0,LM250,West
2025-08-17,2960.0,600.0,600.0,0.0,2360.0,6957.0,0.0,0.0,LM250,West
2025-08-18,2360.0,600.0,600.0,0.0,1760.0,6357.0,0.0,0.0,LM250,West
2025-08-19,1760.0,504.0,504.0,0.0,1256.0,5853.0,0.0,0.0,LM250,West
2025-08-20,1256.0,572.0,572.0,0.0,684.0,5281.0,4244.0,0.0,LM250,West
2025-08-21,684.0,498.0,498.0,0.0,186.0,9027.0,0.0,0.0,LM250,West
2025-08-22,4783.0,564.0,564.0,0.0,4219.0,8463.0,0.0,4597.0,LM250,West
2025-08-23,4219.0,543.0,543.0,0.0,3676.0,7920.0,0.0,0.0,LM250,West
2025-08-24,3676.0,626.0,626.0,0.0,3050.0,7294.0,0.0,0.0,LM250,West
2025-08-25,3050.0,443.0,443.0,0.0,2607.0,6851.0,0.0,0.0,LM250,West
2025-08-26,2607.0,536.0,536.0,0.0,2071.0,6315.0,0.0,0.0,LM250,West
2025-08-27,2071.0,495.0,495.0,0.0,1576.0,5820.0,0.0,0.0,LM250,West
2025-08-28,1576.0,760.0,760.0,0.0,816.0,5060.0,4465.0,0.0,LM250,West
2025-08-29,5060.0,429.0,429.0,0.0,4631.0,9096.0,0.0,4244.0,LM250,West
2025-08-30,4631.0,673.0,673.0,0.0,3958.0,8423.0,0.0,0.0,LM250,West
2025-08-31,3958.0,605.0,605.0,0.0,3353.0,7818.0,0.0,0.0,LM250,West
2025-09-01,3353.0,563.0,563.0,0.0,2790.0,7255.0,0.0,0.0,LM250,West
2025-09-02,2790.0,559.0,559.0,0.0,2231.0,6696.0,0.0,0.0,LM250,West
2025-09-03,2231.0,460.0,460.0,0.0,1771.0,6236.0,0.0,0.0,LM250,West
2025-09-04,1771.0,612.0,612.0,0.0,1159.0,5624.0,0.0,0.0,LM250,West
2025-09-05,1159.0,500.0,500.0,0.0,659.0,5124.0,4401.0,0.0,LM250,West
2025-09-06,5124.0,799.0,799.0,0.0,4325.0,8726.0,0.0,4465.0,LM250,West
2025-09-07,4325.0,780.0,780.0,0.0,3545.0,7946.0,0.0,0.0,LM250,West
2025-09-08,3545.0,527.0,527.0,0.0,3018.0,7419.0,0.0,0.0,LM250,West
2025-09-09,3018.0,611.0,611.0,0.0,2407.0,6808.0,0.0,0.0,LM250,West
2025-09-10,2407.0,455.0,455.0,0.0,1952.0,6353.0,0.0,0.0,LM250,West
2025-09-11,1952.0,577.0,577.0,0.0,1375.0,5776.0,0.0,0.0,LM250,West
2025-09-12,1375.0,552.0,552.0,0.0,823.0,5224.0,4301.0,0.0,LM250,West
2025-09-13,823.0,643.0,643.0,0.0,180.0,8882.0,0.0,0.0,LM250,West
2025-09-14,4581.0,624.0,624.0,0.0,3957.0,8258.0,0.0,4401.0,LM250,West
2025-09-15,3957.0,472.0,472.0,0.0,3485.0,7786.0,0.0,0.0,LM250,West
2025-09-16,3485.0,461.0,461.0,0.0,3024.0,7325.0,0.0,0.0,LM250,West
2025-09-17,3024.0,478.0,478.0,0.0,2546.0,6847.0,0.0,0.0,LM250,West
2025-09-18,2546.0,586.0,586.0,0.0,1960.0,6261.0,0.0,0.0,LM250,West
2025-09-19,1960.0,502.0,502.0,0.0,1458.0,5759.0,0.0,0.0,LM250,West
2025-09-20,1458.0,578.0,578.0,0.0,880.0,5181.0,4344.0,0.0,LM250,West
2025-09-21,5181.0,616.0,616.0,0.0,4565.0,8909.0,0.0,4301.0,LM250,West
2025-09-22,4565.0,515.0,515.0,0.0,4050.0,8394.0,0.0,0.0,LM250,West
2025-09-23,4050.0,516.0,516.0,0.0,3534.0,7878.0,0.0,0.0,LM250,West
2025-09-24,3534.0,499.0,499.0,0.0,3035.0,7379.0,0.0,0.0,LM250,West
2025-09-25,3035.0,589.0,589.0,0.0,2446.0,6790.0,0.0,0.0,LM250,West
2025-09-26,2446.0,581.0,581.0,0.0,1865.0,6209.0,0.0,0.0,LM250,West
2025-09-27,1865.0,523.0,523.0,0.0,1342.0,5686.0,0.0,0.0,LM250,West
2025-09-28,1342.0,686.0,686.0,0.0,656.0,5000.0,4525.0,0.0,LM250,West
2025-09-29,5000.0,570.0,570.0,0.0,4430.0,8955.0,0.0,4344.0,LM250,West
2025-09-30,4430.0,563.0,563.0,0.0,3867.0,8392.0,0.0,0.0,LM250,West
2025-10-01,3867.0,569.0,569.0,0.0,3298.0,7823.0,0.0,0.0,LM250,West
2025-10-02,3298.0,647.0,647.0,0.0,2651.0,7176.0,0.0,0.0,LM250,West
2025-10-03,2651.0,701.0,701.0,0.0,1950.0,6475.0,0.0,0.0,LM250,West
2025-10-04,1950.0,712.0,712.0,0.0,1238.0,5763.0,0.0,0.0,LM250,West
2025-10-05,1238.0,640.0,640.0,0.0,598.0,5123.0,4402.0,0.0,LM250,West
2025-10-06,598.0,520.0,520.0,0.0,78.0,9005.0,0.0,0.0,LM250,West
2025-10-07,4603.0,609.0,609.0,0.0,3994.0,8396.0,0.0,4525.0,LM250,West
2025-10-08,3994.0,431.0,431.0,0.0,3563.0,7965.0,0.0,0.0,LM250,West
2025-10-09,3563.0,624.0,624.0,0.0,2939.0,7341.0,0.0,0.0,LM250,West
2025-10-10,2939.0,535.0,535.0,0.0,2404.0,6806.0,0.0,0.0,LM250,West
2025-10-11,2404.0,592.0,592.0,0.0,1812.0,6214.0,0.0,0.0,LM250,West
2025-10-12,1812.0,719.0,719.0,0.0,1093.0,5495.0,0.0,0.0,LM250,West
2025-10-13,1093.0,580.0,580.0,0.0,513.0,4915.0,4610.0,0.0,LM250,West
2025-10-14,4915.0,509.0,509.0,0.0,4406.0,9016.0,0.0,4402.0,LM250,West
2025-10-15,4406.0,526.0,526.0,0.0,3880.0,8490.0,0.0,0.0,LM250,West
2025-10-16,3880.0,596.0,596.0,0.0,3284.0,7894.0,0.0,0.0,LM250,West
2025-10-17,3284.0,575.0,575.0,0.0,2709.0,7319.0,0.0,0.0,LM250,West
2025-10-18,2709.0,639.0,639.0,0.0,2070.0,6680.0,0.0,0.0,LM250,West
2025-10-19,2070.0,676.0,676.0,0.0,1394.0,6004.0,0.0,0.0,LM250,West
2025-10-20,1394.0,670.0,670.0,0.0,724.0,5334.0,4191.0,0.0,LM250,West
2025-10-21,724.0,755.0,724.0,31.0,0.0,8801.0,0.0,0.0,LM250,West
2025-10-22,4610.0,590.0,590.0,0.0,4020.0,8211.0,0.0,4610.0,LM250,West
2025-10-23,4020.0,567.0,567.0,0.0,3453.0,7644.0,0.0,0.0,LM250,West
2025-10-24,3453.0,514.0,514.0,0.0,2939.0,7130.0,0.0,0.0,LM250,West
2025-10-25,2939.0,567.0,567.0,0.0,2372.0,6563.0,0.0,0.0,LM250,West
2025-10-26,2372.0,644.0,644.0,0.0,1728.0,5919.0,0.0,0.0,LM250,West
2025-10-27,1728.0,656.0,656.0,0.0,1072.0,5263.0,4262.0,0.0,LM250,West
2025-10-28,1072.0,524.0,524.0,0.0,548.0,9001.0,0.0,0.0,LM250,West
2025-10-29,4739.0,575.0,575.0,0.0,4164.0,8426.0,0.0,4191.0,LM250,West
2025-10-30,4164.0,496.0,496.0,0.0,3668.0,7930.0,0.0,0.0,LM250,West
2025-10-31,3668.0,681.0,681.0,0.0,2987.0,7249.0,0.0,0.0,LM250,West
2025-11-01,2987.0,620.0,620.0,0.0,2367.0,6629.0,0.0,0.0,LM250,West
2025-11-02,2367.0,594.0,594.0,0.0,1773.0,6035.0,0.0,0.0,LM250,West
2025-11-03,1773.0,569.0,569.0,0.0,1204.0,5466.0,4059.0,0.0,LM250,West
2025-11-04,1204.0,512.0,512.0,0.0,692.0,9013.0,0.0,0.0,LM250,West
2025-11-05,4954.0,644.0,644.0,0.0,4310.0,8369.0,0.0,4262.0,LM250,West
2025-11-06,4310.0,525.0,525.0,0.0,3785.0,7844.0,0.0,0.0,LM250,West
2025-11-07,3785.0,452.0,452.0,0.0,3333.0,7392.0,0.0,0.0,LM250,West
2025-11-08,3333.0,564.0,564.0,0.0,2769.0,6828.0,0.0,0.0,LM250,West
2025-11-09,2769.0,556.0,556.0,0.0,2213.0,6272.0,0.0,0.0,LM250,West
2025-11-10,2213.0,593.0,593.0,0.0,1620.0,5679.0,0.0,0.0,LM250,West
2025-11-11,1620.0,507.0,507.0,0.0,1113.0,5172.0,4353.0,0.0,LM250,West
2025-11-12,5172.0,727.0,727.0,0.0,4445.0,8798.0,0.0,4059.0,LM250,West
2025-11-13,4445.0,586.0,586.0,0.0,3859.0,8212.0,0.0,0.0,LM250,West
2025-11-14,3859.0,630.0,630.0,0.0,3229.0,7582.0,0.0,0.0,LM250,West
2025-11-15,3229.0,617.0,617.0,0.0,2612.0,6965.0,0.0,0.0,LM250,West
2025-11-16,2612.0,682.0,682.0,0.0,1930.0,6283.0,0.0,0.0,LM250,West
2025-11-17,1930.0,500.0,500.0,0.0,1430.0,5783.0,0.0,0.0,LM250,West
2025-11-18,1430.0,450.0,450.0,0.0,980.0,5333.0,4192.0,0.0,LM250,West
2025-11-19,980.0,764.0,764.0,0.0,216.0,8761.0,0.0,0.0,LM250,West
2025-11-20,4569.0,580.0,580.0,0.0,3989.0,8181.0,0.0,4353.0,LM250,West
2025-11-21,3989.0,506.0,506.0,0.0,3483.0,7675.0,0.0,0.0,LM250,West
2025-11-22,3483.0,737.0,737.0,0.0,2746.0,6938.0,0.0,0.0,LM250,West
2025-11-23,2746.0,566.0,566.0,0.0,2180.0,6372.0,0.0,0.0,LM250,West
2025-11-24,2180.0,631.0,631.0,0.0,1549.0,5741.0,0.0,0.0,LM250,West
2025-11-25,1549.0,485.0,485.0,0.0,1064.0,5256.0,4269.0,0.0,LM250,West
2025-11-26,1064.0,540.0,540.0,0.0,524.0,8985.0,0.0,0.0,LM250,West
2025-11-27,4716.0,525.0,525.0,0.0,4191.0,8460.0,0.0,4192.0,LM250,West
2025-11-28,4191.0,578.0,578.0,0.0,3613.0,7882.0,0.0,0.0,LM250,West
2025-11-29,3613.0,624.0,624.0,0.0,2989.0,7258.0,0.0,0.0,LM250,West
2025-11-30,2989.0,573.0,573.0,0.0,2416.0,6685.0,0.0,0.0,LM250,West
2025-12-01,2416.0,566.0,566.0,0.0,1850.0,6119.0,0.0,0.0,LM250,West
2025-12-02,1850.0,521.0,521.0,0.0,1329.0,5598.0,0.0,0.0,LM250,West
2025-12-03,1329.0,478.0,478.0,0.0,851.0,5120.0,4405.0,0.0,LM250,West
2025-12-04,5120.0,581.0,581.0,0.0,4539.0,8944.0,0.0,4269.0,LM250,West
2025-12-05,4539.0,592.0,592.0,0.0,3947.0,8352.0,0.0,0.0,LM250,West
2025-12-06,3947.0,609.0,609.0,0.0,3338.0,7743.0,0.0,0.0,LM250,West
2025-12-07,3338.0,585.0,585.0,0.0,2753.0,7158.0,0.0,0.0,LM250,West
2025-12-08,2753.0,483.0,483.0,0.0,2270.0,6675.0,0.0,0.0,LM250,West
2025-12-09,2270.0,564.0,564.0,0.0,1706.0,6111.0,0.0,0.0,LM250,West
2025-12-10,1706.0,586.0,586.0,0.0,1120.0,5525.0,0.0,0.0,LM250,West
2025-12-11,1120.0,496.0,496.0,0.0,624.0,5029.0,4496.0,0.0,LM250,West
2025-12-12,5029.0,577.0,577.0,0.0,4452.0,8948.0,0.0,4405.0,LM250,West
2025-12-13,4452.0,621.0,621.0,0.0,3831.0,8327.0,0.0,0.0,LM250,West
2025-12-14,3831.0,618.0,618.0,0.0,3213.0,7709.0,0.0,0.0,LM250,West
2025-12-15,3213.0,552.0,552.0,0.0,2661.0,7157.0,0.0,0.0,LM250,West
2025-12-16,2661.0,550.0,550.0,0.0,2111.0,6607.0,0.0,0.0,LM250,West
2025-12-17,2111.0,454.0,454.0,0.0,1657.0,6153.0,0.0,0.0,LM250,West
2025-12-18,1657.0,514.0,514.0,0.0,1143.0,5639.0,0.0,0.0,LM250,West
2025-12-19,1143.0,419.0,419.0,0.0,724.0,5220.0,4305.0,0.0,LM250,West
2025-12-20,5220.0,646.0,646.0,0.0,4574.0,8879.0,0.0,4496.0,LM250,West
2025-12-21,4574.0,709.0,709.0,0.0,3865.0,8170.0,0.0,0.0,LM250,West
2025-12-22,3865.0,514.0,514.0,0.0,3351.0,7656.0,0.0,0.0,LM250,West
2025-12-23,3351.0,461.0,461.0,0.0,2890.0,7195.0,0.0,0.0,LM250,West
2025-12-24,2890.0,487.0,487.0,0.0,2403.0,6708.0,0.0,0.0,LM250,West
2025-12-25,2403.0,622.0,622.0,0.0,1781.0,6086.0,0.0,0.0,LM250,West
2025-12-26,1781.0,541.0,541.0,0.0,1240.0,5545.0,0.0,0.0,LM250,West
2025-12-27,1240.0,675.0,675.0,0.0,565.0,4870.0,4655.0,0.0,LM250,West
2025-12-28,4870.0,686.0,686.0,0.0,4184.0,8839.0,0.0,4305.0,LM250,West
2025-12-29,4184.0,588.0,588.0,0.0,3596.0,8251.0,0.0,0.0,LM250,West
2025-12-30,3596.0,606.0,606.0,0.0,2990.0,7645.0,0.0,0.0,LM250,West
2025-12-31,2990.0,575.0,575.0,0.0,2415.0,7070.0,0.0,0.0,LM250,West
2025-07-01,9699.0,565.0,565.0,0.0,9134.0,9134.0,0.0,0.0,LM500,Central
2025-07-02,9134.0,603.0,603.0,0.0,8531.0,8531.0,0.0,0.0,LM500,Central
2025-07-03,8531.0,750.0,750.0,0.0,7781.0,7781.0,0.0,0.0,LM500,Central
2025-07-04,7781.0,667.0,667.0,0.0,7114.0,7114.0,0.0,0.0,LM500,Central
2025-07-05,7114.0,730.0,730.0,0.0,6384.0,6384.0,0.0,0.0,LM500,Central
2025-07-06,6384.0,813.0,813.0,0.0,5571.0,5571.0,0.0,0.0,LM500,Central
2025-07-07,5571.0,644.0,644.0,0.0,4927.0,4927.0,4772.0,0.0,LM500,Central
2025-07-08,4927.0,620.0,620.0,0.0,4307.0,9079.0,0.0,0.0,LM500,Central
2025-07-09,4307.0,526.0,526.0,0.0,3781.0,8553.0,0.0,0.0,LM500,Central
2025-07-10,3781.0,807.0,807.0,0.0,2974.0,7746.0,0.0,0.0,LM500,Central
2025-07-11,2974.0,697.0,697.0,0.0,2277.0,7049.0,0.0,0.0,LM500,Central
2025-07-12,2277.0,771.0,771.0,0.0,1506.0,6278.0,0.0,0.0,LM500,Central
2025-07-13,1506.0,656.0,656.0,0.0,850.0,5622.0,0.0,0.0,LM500,Central
2025-07-14,850.0,599.0,599.0,0.0,251.0,5023.0,4676.0,0.0,LM500,Central
2025-07-15,5023.0,666.0,666.0,0.0,4357.0,9033.0,0.0,4772.0,LM500,Central
2025-07-16,4357.0,809.0,809.0,0.0,3548.0,8224.0,0.0,0.0,LM500,Central
2025-07-17,3548.0,683.0,683.0,0.0,2865.0,7541.0,0.0,0.0,LM500,Central
2025-07-18,2865.0,592.0,592.0,0.0,2273.0,6949.0,0.0,0.0,LM500,Central
2025-07-19,2273.0,739.0,739.0,0.0,1534.0,6210.0,0.0,0.0,LM500,Central
2025-07-20,1534.0,779.0,779.0,0.0,755.0,5431.0,0.0,0.0,LM500,Central
2025-07-21,755.0,738.0,738.0,0.0,17.0,4693.0,5006.0,0.0,LM500,Central
2025-07-22,4693.0,540.0,540.0,0.0,4153.0,9159.0,0.0,4676.0,LM500,Central
2025-07-23,4153.0,667.0,667.0,0.0,3486.0,8492.0,0.0,0.0,LM500,Central
2025-07-24,3486.0,647.0,647.0,0.0,2839.0,7845.0,0.0,0.0,LM500,Central
2025-07-25,2839.0,710.0,710.0,0.0,2129.0,7135.0,0.0,0.0,LM500,Central
2025-07-26,2129.0,883.0,883.0,0.0,1246.0,6252.0,0.0,0.0,LM500,Central
2025-07-27,1246.0,995.0,995.0,0.0,251.0,5257.0,4442.0,0.0,LM500,Central
2025-07-28,251.0,691.0,251.0,440.0,0.0,9448.0,0.0,0.0,LM500,Central
2025-07-29,5006.0,723.0,723.0,0.0,4283.0,8725.0,0.0,5006.0,LM500,Central
2025-07-30,4283.0,694.0,694.0,0.0,3589.0,8031.0,0.0,0.0,LM500,Central
2025-07-31,3589.0,630.0,630.0,0.0,2959.0,7401.0,0.0,0.0,LM500,Central
2025-08-01,2959.0,665.0,665.0,0.0,2294.0,6736.0,0.0,0.0,LM500,Central
2025-08-02,2294.0,656.0,656.0,0.0,1638.0,6080.0,0.0,0.0,LM500,Central
2025-08-03,1638.0,628.0,628.0,0.0,1010.0,5452.0,0.0,0.0,LM500,Central
2025-08-04,5452.0,544.0,544.0,0.0,4908.0,4908.0,4791.0,4442.0,LM500,Central
2025-08-05,4908.0,559.0,559.0,0.0,4349.0,9140.0,0.0,0.0,LM500,Central
2025-08-06,4349.0,677.0,677.0,0.0,3672.0,8463.0,0.0,0.0,LM500,Central
2025-08-07,3672.0,548.0,548.0,0.0,3124.0,7915.0,0.0,0.0,LM500,Central
2025-08-08,3124.0,718.0,718.0,0.0,2406.0,7197.0,0.0,0.0,LM500,Central
2025-08-09,2406.0,719.0,719.0,0.0,1687.0,6478.0,0.0,0.0,LM500,Central
2025-08-10,1687.0,725.0,725.0,0.0,962.0,5753.0,0.0,0.0,LM500,Central
2025-08-11,962.0,574.0,574.0,0.0,388.0,5179.0,4520.0,0.0,LM500,Central
2025-08-12,5179.0,536.0,536.0,0.0,4643.0,9163.0,0.0,4791.0,LM500,Central
2025-08-13,4643.0,538.0,538.0,0.0,4105.0,8625.0,0.0,0.0,LM500,Central
2025-08-14,4105.0,599.0,599.0,0.0,3506.0,8026.0,0.0,0.0,LM500,Central
2025-08-15,3506.0,624.0,624.0,0.0,2882.0,7402.0,0.0,0.0,LM500,Central
2025-08-16,2882.0,557.0,557.0,0.0,2325.0,6845.0,0.0,0.0,LM500,Central
2025-08-17,2325.0,627.0,627.0,0.0,1698.0,6218.0,0.0,0.0,LM500,Central
2025-08-18,1698.0,579.0,579.0,0.0,1119.0,5639.0,0.0,0.0,LM500,Central
2025-08-19,5639.0,542.0,542.0,0.0,5097.0,5097.0,4602.0,4520.0,LM500,Central
2025-08-20,5097.0,656.0,656.0,0.0,4441.0,9043.0,0.0,0.0,LM500,Central
2025-08-21,4441.0,614.0,614.0,0.0,3827.0,8429.0,0.0,0.0,LM500,Central
2025-08-22,3827.0,724.0,724.0,0.0,3103.0,7705.0,0.0,0.0,LM500,Central
2025-08-23,3103.0,524.0,524.0,0.0,2579.0,7181.0,0.0,0.0,LM500,Central
2025-08-24,2579.0,556.0,556.0,0.0,2023.0,6625.0,0.0,0.0,LM500,Central
2025-08-25,2023.0,510.0,510.0,0.0,1513.0,6115.0,0.0,0.0,LM500,Central
2025-08-26,1513.0,572.0,572.0,0.0,941.0,5543.0,0.0,0.0,LM500,Central
2025-08-27,5543.0,639.0,639.0,0.0,4904.0,4904.0,4795.0,4602.0,LM500,Central
2025-08-28,4904.0,533.0,533.0,0.0,4371.0,9166.0,0.0,0.0,LM500,Central
2025-08-29,4371.0,573.0,573.0,0.0,3798.0,8593.0,0.0,0.0,LM500,Central
2025-08-30,3798.0,751.0,751.0,0.0,3047.0,7842.0,0.0,0.0,LM500,Central
2025-08-31,3047.0,600.0,600.0,0.0,2447.0,7242.0,0.0,0.0,LM500,Central
2025-09-01,2447.0,610.0,610.0,0.0,1837.0,6632.0,0.0,0.0,LM500,Central
2025-09-02,1837.0,472.0,472.0,0.0,1365.0,6160.0,0.0,0.0,LM500,Central
2025-09-03,1365.0,564.0,564.0,0.0,801.0,5596.0,0.0,0.0,LM500,Central
2025-09-04,5596.0,602.0,602.0,0.0,4994.0,4994.0,4705.0,4795.0,LM500,Central
2025-09-05,4994.0,568.0,568.0,0.0,4426.0,9131.0,0.0,0.0,LM500,Central
2025-09-06,4426.0,701.0,701.0,0.0,3725.0,8430.0,0.0,0.0,LM500,Central
2025-09-07,3725.0,651.0,651.0,0.0,3074.0,7779.0,0.0,0.0,LM500,Central
2025-09-08,3074.0,620.0,620.0,0.0,2454.0,7159.0,0.0,0.0,LM500,Central
2025-09-09,2454.0,524.0,524.0,0.0,1930.0,6635.0,0.0,0.0,LM500,Central
2025-09-10,1930.0,532.0,532.0,0.0,1398.0,6103.0,0.0,0.0,LM500,Central
2025-09-11,1398.0,525.0,525.0,0.0,873.0,5578.0,0.0,0.0,LM500,Central
2025-09-12,5578.0,583.0,583.0,0.0,4995.0,4995.0,4704.0,4705.0,LM500,Central
2025-09-13,4995.0,724.0,724.0,0.0,4271.0,8975.0,0.0,0.0,LM500,Central
2025-09-14,4271.0,542.0,542.0,0.0,3729.0,8433.0,0.0,0.0,LM500,Central
2025-09-15,3729.0,569.0,569.0,0.0,3160.0,7864.0,0.0,0.0,LM500,Central
2025-09-16,3160.0,661.0,661.0,0.0,2499.0,7203.0,0.0,0.0,LM500,Central
2025-09-17,2499.0,573.0,573.0,0.0,1926.0,6630.0,0.0,0.0,LM500,Central
2025-09-18,1926.0,554.0,554.0,0.0,1372.0,6076.0,0.0,0.0,LM500,Central
2025-09-19,1372.0,533.0,533.0,0.0,839.0,5543.0,0.0,0.0,LM500,Central
2025-09-20,5543.0,623.0,623.0,0.0,4920.0,4920.0,4779.0,4704.0,LM500,Central
2025-09-21,4920.0,674.0,674.0,0.0,4246.0,9025.0,0.0,0.0,LM500,Central
2025-09-22,4246.0,742.0,742.0,0.0,3504.0,8283.0,0.0,0.0,LM500,Central
2025-09-23,3504.0,534.0,534.0,0.0,2970.0,7749.0,0.0,0.0,LM500,Central
2025-09-24,2970.0,529.0,529.0,0.0,2441.0,7220.0,0.0,0.0,LM500,Central
2025-09-25,2441.0,655.0,655.0,0.0,1786.0,6565.0,0.0,0.0,LM500,Central
2025-09-26,1786.0,576.0,576.0,0.0,1210.0,5989.0,0.0,0.0,LM500,Central
2025-09-27,1210.0,677.0,677.0,0.0,533.0,5312.0,4387.0,0.0,LM500,Central
2025-09-28,5312.0,564.0,564.0,0.0,4748.0,9135.0,0.0,4779.0,LM500,Central
2025-09-29,4748.0,469.0,469.0,0.0,4279.0,8666.0,0.0,0.0,LM500,Central
2025-09-30,4279.0,584.0,584.0,0.0,3695.0,8082.0,0.0,0.0,LM500,Central
2025-10-01,3695.0,757.0,757.0,0.0,2938.0,7325.0,0.0,0.0,LM500,Central
2025-10-02,2938.0,623.0,623.0,0.0,2315.0,6702.0,0.0,0.0,LM500,Central
2025-10-03,2315.0,491.0,491.0,0.0,1824.0,6211.0,0.0,0.0,LM500,Central
2025-10-04,1824.0,630.0,630.0,0.0,1194.0,5581.0,0.0,0.0,LM500,Central
2025-10-05,5581.0,662.0,662.0,0.0,4919.0,4919.0,4780.0,4387.0,LM500,Central
2025-10-06,4919.0,570.0,570.0,0.0,4349.0,9129.0,0.0,0.0,LM500,Central
2025-10-07,4349.0,789.0,789.0,0.0,3560.0,8340.0,0.0,0.0,LM500,Central
2025-10-08,3560.0,506.0,506.0,0.0,3054.0,7834.0,0.0,0.0,LM500,Central
2025-10-09,3054.0,531.0,531.0,0.0,2523.0,7303.0,0.0,0.0,LM500,Central
2025-10-10,2523.0,619.0,619.0,0.0,1904.0,6684.0,0.0,0.0,LM500,Central
2025-10-11,1904.0,683.0,683.0,0.0,1221.0,6001.0,0.0,0.0,LM500,Central
2025-10-12,1221.0,705.0,705.0,0.0,516.0,5296.0,4403.0,0.0,LM500,Central
2025-10-13,5296.0,523.0,523.0,0.0,4773.0,9176.0,0.0,4780.0,LM500,Central
2025-10-14,4773.0,642.0,642.0,0.0,4131.0,8534.0,0.0,0.0,LM500,Central
2025-10-15,4131.0,578.0,578.0,0.0,3553.0,7956.0,0.0,0.0,LM500,Central
2025-10-16,3553.0,527.0,527.0,0.0,3026.0,7429.0,0.0,0.0,LM500,Central
2025-10-17,3026.0,580.0,580.0,0.0,2446.0,6849.0,0.0,0.0,LM500,Central
2025-10-18,2446.0,740.0,740.0,0.0,1706.0,6109.0,0.0,0.0,LM500,Central
2025-10-19,1706.0,727.0,727.0,0.0,979.0,5382.0,0.0,0.0,LM500,Central
2025-10-20,5382.0,607.0,607.0,0.0,4775.0,4775.0,4924.0,4403.0,LM500,Central
2025-10-21,4775.0,607.0,607.0,0.0,4168.0,9092.0,0.0,0.0,LM500,Central
2025-10-22,4168.0,464.0,464.0,0.0,3704.0,8628.0,0.0,0.0,LM500,Central
2025-10-23,3704.0,590.0,590.0,0.0,3114.0,8038.0,0.0,0.0,LM500,Central
2025-10-24,3114.0,494.0,494.0,0.0,2620.0,7544.0,0.0,0.0,LM500,Central
2025-10-25,2620.0,588.0,588.0,0.0,2032.0,6956.0,0.0,0.0,LM500,Central
2025-10-26,2032.0,673.0,673.0,0.0,1359.0,6283.0,0.0,0.0,LM500,Central
2025-10-27,1359.0,645.0,645.0,0.0,714.0,5638.0,0.0,0.0,LM500,Central
2025-10-28,5638.0,593.0,593.0,0.0,5045.0,5045.0,4654.0,4924.0,LM500,Central
2025-10-29,5045.0,589.0,589.0,0.0,4456.0,9110.0,0.0,0.0,LM500,Central
2025-10-30,4456.0,499.0,499.0,0.0,3957.0,8611.0,0.0,0.0,LM500,Central
2025-10-31,3957.0,552.0,552.0,0.0,3405.0,8059.0,0.0,0.0,LM500,Central
2025-11-01,3405.0,654.0,654.0,0.0,2751.0,7405.0,0.0,0.0,LM500,Central
2025-11-02,2751.0,757.0,757.0,0.0,1994.0,6648.0,0.0,0.0,LM500,Central
2025-11-03,1994.0,619.0,619.0,0.0,1375.0,6029.0,0.0,0.0,LM500,Central
2025-11-04,1375.0,562.0,562.0,0.0,813.0,5467.0,0.0,0.0,LM500,Central
2025-11-05,5467.0,619.0,619.0,0.0,4848.0,4848.0,4851.0,4654.0,LM500,Central
2025-11-06,4848.0,585.0,585.0,0.0,4263.0,9114.0,0.0,0.0,LM500,Central
2025-11-07,4263.0,587.0,587.0,0.0,3676.0,8527.0,0.0,0.0,LM500,Central
2025-11-08,3676.0,667.0,667.0,0.0,3009.0,7860.0,0.0,0.0,LM500,Central
2025-11-09,3009.0,656.0,656.0,0.0,2353.0,7204.0,0.0,0.0,LM500,Central
2025-11-10,2353.0,564.0,564.0,0.0,1789.0,6640.0,0.0,0.0,LM500,Central
2025-11-11,1789.0,594.0,594.0,0.0,1195.0,6046.0,0.0,0.0,LM500,Central
2025-11-12,1195.0,673.0,673.0,0.0,522.0,5373.0,0.0,0.0,LM500,Central
2025-11-13,5373.0,636.0,636.0,0.0,4737.0,4737.0,4962.0,4851.0,LM500,Central
2025-11-14,4737.0,715.0,715.0,0.0,4022.0,8984.0,0.0,0.0,LM500,Central
2025-11-15,4022.0,712.0,712.0,0.0,3310.0,8272.0,0.0,0.0,LM500,Central
2025-11-16,3310.0,951.0,951.0,0.0,2359.0,7321.0,0.0,0.0,LM500,Central
2025-11-17,2359.0,599.0,599.0,0.0,1760.0,6722.0,0.0,0.0,LM500,Central
2025-11-18,1760.0,534.0,534.0,0.0,1226.0,6188.0,0.0,0.0,LM500,Central
2025-11-19,1226.0,560.0,560.0,0.0,666.0,5628.0,0.0,0.0,LM500,Central
2025-11-20,666.0,649.0,649.0,0.0,17.0,4979.0,4720.0,0.0,LM500,Central
2025-11-21,4979.0,690.0,690.0,0.0,4289.0,9009.0,0.0,4962.0,LM500,Central
2025-11-22,4289.0,638.0,638.0,0.0,3651.0,8371.0,0.0,0.0,LM500,Central
2025-11-23,3651.0,929.0,929.0,0.0,2722.0,7442.0,0.0,0.0,LM500,Central
2025-11-24,2722.0,528.0,528.0,0.0,2194.0,6914.0,0.0,0.0,LM500,Central
2025-11-25,2194.0,535.0,535.0,0.0,1659.0,6379.0,0.0,0.0,LM500,Central
2025-11-26,1659.0,617.0,617.0,0.0,1042.0,5762.0,0.0,0.0,LM500,Central
2025-11-27,1042.0,573.0,573.0,0.0,469.0,5189.0,4510.0,0.0,LM500,Central
2025-11-28,5189.0,593.0,593.0,0.0,4596.0,9106.0,0.0,4720.0,LM500,Central
2025-11-29,4596.0,497.0,497.0,0.0,4099.0,8609.0,0.0,0.0,LM500,Central
2025-11-30,4099.0,732.0,732.0,0.0,3367.0,7877.0,0.0,0.0,LM500,Central
2025-12-01,3367.0,760.0,760.0,0.0,2607.0,7117.0,0.0,0.0,LM500,Central
2025-12-02,2607.0,618.0,618.0,0.0,1989.0,6499.0,0.0,0.0,LM500,Central
2025-12-03,1989.0,595.0,595.0,0.0,1394.0,5904.0,0.0,0.0,LM500,Central
2025-12-04,1394.0,578.0,578.0,0.0,816.0,5326.0,0.0,0.0,LM500,Central
2025-12-05,5326.0,596.0,596.0,0.0,4730.0,4730.0,4969.0,4510.0,LM500,Central
2025-12-06,4730.0,691.0,691.0,0.0,4039.0,9008.0,0.0,0.0,LM500,Central
2025-12-07,4039.0,553.0,553.0,0.0,3486.0,8455.0,0.0,0.0,LM500,Central
2025-12-08,3486.0,607.0,607.0,0.0,2879.0,7848.0,0.0,0.0,LM500,Central
2025-12-09,2879.0,625.0,625.0,0.0,2254.0,7223.0,0.0,0.0,LM500,Central
2025-12-10,2254.0,569.0,569.0,0.0,1685.0,6654.0,0.0,0.0,LM500,Central
2025-12-11,1685.0,624.0,624.0,0.0,1061.0,6030.0,0.0,0.0,LM500,Central
2025-12-12,1061.0,767.0,767.0,0.0,294.0,5263.0,4436.0,0.0,LM500,Central
2025-12-13,5263.0,604.0,604.0,0.0,4659.0,9095.0,0.0,4969.0,LM500,Central
2025-12-14,4659.0,885.0,885.0,0.0,3774.0,8210.0,0.0,0.0,LM500,Central
2025-12-15,3774.0,547.0,547.0,0.0,3227.0,7663.0,0.0,0.0,LM500,Central
2025-12-16,3227.0,660.0,660.0,0.0,2567.0,7003.0,0.0,0.0,LM500,Central
2025-12-17,2567.0,617.0,617.0,0.0,1950.0,6386.0,0.0,0.0,LM500,Central
2025-12-18,1950.0,587.0,587.0,0.0,1363.0,5799.0,0.0,0.0,LM500,Central
2025-12-19,1363.0,599.0,599.0,0.0,764.0,5200.0,4499.0,0.0,LM500,Central
2025-12-20,5200.0,656.0,656.0,0.0,4544.0,9043.0,0.0,4436.0,LM500,Central
2025-12-21,4544.0,596.0,596.0,0.0,3948.0,8447.0,0.0,0.0,LM500,Central
2025-12-22,3948.0,545.0,545.0,0.0,3403.0,7902.0,0.0,0.0,LM500,Central
2025-12-23,3403.0,549.0,549.0,0.0,2854.0,7353.0,0.0,0.0,LM500,Central
2025-12-24,2854.0,540.0,540.0,0.0,2314.0,6813.0,0.0,0.0,LM500,Central
2025-12-25,2314.0,899.0,899.0,0.0,1415.0,5914.0,0.0,0.0,LM500,Central
2025-12-26,1415.0,538.0,538.0,0.0,877.0,5376.0,0.0,0.0,LM500,Central
2025-12-27,5376.0,598.0,598.0,0.0,4778.0,4778.0,4921.0,4499.0,LM500,Central
2025-12-28,4778.0,765.0,765.0,0.0,4013.0,8934.0,0.0,0.0,LM500,Central
2025-12-29,4013.0,632.0,632.0,0.0,3381.0,8302.0,0.0,0.0,LM500,Central
2025-12-30,3381.0,590.0,590.0,0.0,2791.0,7712.0,0.0,0.0,LM500,Central
2025-12-31,2791.0,581.0,581.0,0.0,2210.0,7131.0,0.0,0.0,LM500,Central
2025-07-01,8942.0,580.0,580.0,0.0,8362.0,8362.0,0.0,0.0,LM500,East
2025-07-02,8362.0,605.0,605.0,0.0,7757.0,7757.0,0.0,0.0,LM500,East
2025-07-03,7757.0,664.0,664.0,0.0,7093.0,7093.0,0.0,0.0,LM500,East
2025-07-04,7093.0,829.0,829.0,0.0,6264.0,6264.0,0.0,0.0,LM500,East
2025-07-05,6264.0,709.0,709.0,0.0,5555.0,5555.0,0.0,0.0,LM500,East
2025-07-06,5555.0,797.0,797.0,0.0,4758.0,4758.0,0.0,0.0,LM500,East
2025-07-07,4758.0,685.0,685.0,0.0,4073.0,4073.0,4869.0,0.0,LM500,East
2025-07-08,4073.0,788.0,788.0,0.0,3285.0,8154.0,0.0,0.0,LM500,East
2025-07-09,3285.0,645.0,645.0,0.0,2640.0,7509.0,0.0,0.0,LM500,East
2025-07-10,2640.0,800.0,800.0,0.0,1840.0,6709.0,0.0,0.0,LM500,East
2025-07-11,1840.0,662.0,662.0,0.0,1178.0,6047.0,0.0,0.0,LM500,East
2025-07-12,1178.0,646.0,646.0,0.0,532.0,5401.0,0.0,0.0,LM500,East
2025-07-13,5401.0,763.0,763.0,0.0,4638.0,4638.0,0.0,4869.0,LM500,East
2025-07-14,4638.0,665.0,665.0,0.0,3973.0,3973.0,4969.0,0.0,LM500,East
2025-07-15,3973.0,798.0,798.0,0.0,3175.0,8144.0,0.0,0.0,LM500,East
2025-07-16,3175.0,740.0,740.0,0.0,2435.0,7404.0,0.0,0.0,LM500,East
2025-07-17,2435.0,576.0,576.0,0.0,1859.0,6828.0,0.0,0.0,LM500,East
2025-07-18,1859.0,727.0,727.0,0.0,1132.0,6101.0,0.0,0.0,LM500,East
2025-07-19,1132.0,858.0,858.0,0.0,274.0,5243.0,0.0,0.0,LM500,East
2025-07-20,5243.0,755.0,755.0,0.0,4488.0,4488.0,0.0,4969.0,LM500,East
2025-07-21,4488.0,678.0,678.0,0.0,3810.0,3810.0,5132.0,0.0,LM500,East
2025-07-22,3810.0,609.0,609.0,0.0,3201.0,8333.0,0.0,0.0,LM500,East
2025-07-23,3201.0,734.0,734.0,0.0,2467.0,7599.0,0.0,0.0,LM500,East
2025-07-24,2467.0,698.0,698.0,0.0,1769.0,6901.0,0.0,0.0,LM500,East
2025-07-25,1769.0,708.0,708.0,0.0,1061.0,6193.0,0.0,0.0,LM500,East
2025-07-26,1061.0,706.0,706.0,0.0,355.0,5487.0,0.0,0.0,LM500,East
2025-07-27,5487.0,839.0,839.0,0.0,4648.0,4648.0,0.0,5132.0,LM500,East
2025-07-28,4648.0,853.0,853.0,0.0,3795.0,3795.0,5147.0,0.0,LM500,East
2025-07-29,3795.0,750.0,750.0,0.0,3045.0,8192.0,0.0,0.0,LM500,East
2025-07-30,3045.0,768.0,768.0,0.0,2277.0,7424.0,0.0,0.0,LM500,East
2025-07-31,2277.0,854.0,854.0,0.0,1423.0,6570.0,0.0,0.0,LM500,East
2025-08-01,1423.0,614.0,614.0,0.0,809.0,5956.0,0.0,0.0,LM500,East
2025-08-02,809.0,838.0,809.0,29.0,0.0,5147.0,0.0,0.0,LM500,East
2025-08-03,5147.0,622.0,622.0,0.0,4525.0,4525.0,0.0,5147.0,LM500,East
2025-08-04,4525.0,579.0,579.0,0.0,3946.0,3946.0,4996.0,0.0,LM500,East
2025-08-05,3946.0,671.0,671.0,0.0,3275.0,8271.0,0.0,0.0,LM500,East
2025-08-06,3275.0,574.0,574.0,0.0,2701.0,7697.0,0.0,0.0,LM500,East
2025-08-07,2701.0,590.0,590.0,0.0,2111.0,7107.0,0.0,0.0,LM500,East
2025-08-08,2111.0,599.0,599.0,0.0,1512.0,6508.0,0.0,0.0,LM500,East
2025-08-09,1512.0,710.0,710.0,0.0,802.0,5798.0,0.0,0.0,LM500,East
2025-08-10,5798.0,879.0,879.0,0.0,4919.0,4919.0,0.0,4996.0,LM500,East
2025-08-11,4919.0,612.0,612.0,0.0,4307.0,4307.0,0.0,0.0,LM500,East
2025-08-12,4307.0,539.0,539.0,0.0,3768.0,3768.0,5174.0,0.0,LM500,East
2025-08-13,3768.0,422.0,422.0,0.0,3346.0,8520.0,0.0,0.0,LM500,East
2025-08-14,3346.0,521.0,521.0,0.0,2825.0,7999.0,0.0,0.0,LM500,East
2025-08-15,2825.0,741.0,741.0,0.0,2084.0,7258.0,0.0,0.0,LM500,East
2025-08-16,2084.0,787.0,787.0,0.0,1297.0,6471.0,0.0,0.0,LM500,East
2025-08-17,1297.0,613.0,613.0,0.0,684.0,5858.0,0.0,0.0,LM500,East
2025-08-18,5858.0,628.0,628.0,0.0,5230.0,5230.0,0.0,5174.0,LM500,East
2025-08-19,5230.0,558.0,558.0,0.0,4672.0,4672.0,0.0,0.0,LM500,East
2025-08-20,4672.0,652.0,652.0,0.0,4020.0,4020.0,4922.0,0.0,LM500,East
2025-08-21,4020.0,676.0,676.0,0.0,3344.0,8266.0,0.0,0.0,LM500,East
2025-08-22,3344.0,525.0,525.0,0.0,2819.0,7741.0,0.0,0.0,LM500,East
2025-08-23,2819.0,773.0,773.0,0.0,2046.0,6968.0,0.0,0.0,LM500,East
2025-08-24,2046.0,697.0,697.0,0.0,1349.0,6271.0,0.0,0.0,LM500,East
2025-08-25,1349.0,599.0,599.0,0.0,750.0,5672.0,0.0,0.0,LM500,East
2025-08-26,5672.0,500.0,500.0,0.0,5172.0,5172.0,0.0,4922.0,LM500,East
2025-08-27,5172.0,746.0,746.0,0.0,4426.0,4426.0,0.0,0.0,LM500,East
2025-08-28,4426.0,559.0,559.0,0.0,3867.0,3867.0,5075.0,0.0,LM500,East
2025-08-29,3867.0,660.0,660.0,0.0,3207.0,8282.0,0.0,0.0,LM500,East
2025-08-30,3207.0,551.0,551.0,0.0,2656.0,7731.0,0.0,0.0,LM500,East
2025-08-31,2656.0,655.0,655.0,0.0,2001.0,7076.0,0.0,0.0,LM500,East
2025-09-01,2001.0,655.0,655.0,0.0,1346.0,6421.0,0.0,0.0,LM500,East
2025-09-02,1346.0,434.0,434.0,0.0,912.0,5987.0,0.0,0.0,LM500,East
2025-09-03,5987.0,701.0,701.0,0.0,5286.0,5286.0,0.0,5075.0,LM500,East
2025-09-04,5286.0,667.0,667.0,0.0,4619.0,4619.0,0.0,0.0,LM500,East
2025-09-05,4619.0,572.0,572.0,0.0,4047.0,4047.0,4895.0,0.0,LM500,East
2025-09-06,4047.0,779.0,779.0,0.0,3268.0,8163.0,0.0,0.0,LM500,East
2025-09-07,3268.0,616.0,616.0,0.0,2652.0,7547.0,0.0,0.0,LM500,East
2025-09-08,2652.0,553.0,553.0,0.0,2099.0,6994.0,0.0,0.0,LM500,East
2025-09-09,2099.0,596.0,596.0,0.0,1503.0,6398.0,0.0,0.0,LM500,East
2025-09-10,1503.0,572.0,572.0,0.0,931.0,5826.0,0.0,0.0,LM500,East
2025-09-11,5826.0,651.0,651.0,0.0,5175.0,5175.0,0.0,4895.0,LM500,East
2025-09-12,5175.0,650.0,650.0,0.0,4525.0,4525.0,0.0,0.0,LM500,East
2025-09-13,4525.0,776.0,776.0,0.0,3749.0,3749.0,5193.0,0.0,LM500,East
2025-09-14,3749.0,769.0,769.0,0.0,2980.0,8173.0,0.0,0.0,LM500,East
2025-09-15,2980.0,618.0,618.0,0.0,2362.0,7555.0,0.0,0.0,LM500,East
2025-09-16,2362.0,712.0,712.0,0.0,1650.0,6843.0,0.0,0.0,LM500,East
2025-09-17,1650.0,691.0,691.0,0.0,959.0,6152.0,0.0,0.0,LM500,East
2025-09-18,959.0,607.0,607.0,0.0,352.0,5545.0,0.0,0.0,LM500,East
2025-09-19,5545.0,594.0,594.0,0.0,4951.0,4951.0,0.0,5193.0,LM500,East
2025-09-20,4951.0,601.0,601.0,0.0,4350.0,4350.0,0.0,0.0,LM500,East
2025-09-21,4350.0,705.0,705.0,0.0,3645.0,3645.0,5297.0,0.0,LM500,East
2025-09-22,3645.0,513.0,513.0,0.0,3132.0,8429.0,0.0,0.0,LM500,East
2025-09-23,3132.0,690.0,690.0,0.0,2442.0,7739.0,0.0,0.0,LM500,East
2025-09-24,2442.0,614.0,614.0,0.0,1828.0,7125.0,0.0,0.0,LM500,East
2025-09-25,1828.0,679.0,679.0,0.0,1149.0,6446.0,0.0,0.0,LM500,East
2025-09-26,1149.0,637.0,637.0,0.0,512.0,5809.0,0.0,0.0,LM500,East
2025-09-27,5809.0,733.0,733.0,0.0,5076.0,5076.0,0.0,5297.0,LM500,East
2025-09-28,5076.0,910.0,910.0,0.0,4166.0,4166.0,4776.0,0.0,LM500,East
2025-09-29,4166.0,662.0,662.0,0.0,3504.0,8280.0,0.0,0.0,LM500,East
2025-09-30,3504.0,593.0,593.0,0.0,2911.0,7687.0,0.0,0.0,LM500,East
2025-10-01,2911.0,707.0,707.0,0.0,2204.0,6980.0,0.0,0.0,LM500,East
2025-10-02,2204.0,862.0,862.0,0.0,1342.0,6118.0,0.0,0.0,LM500,East
2025-10-03,1342.0,650.0,650.0,0.0,692.0,5468.0,0.0,0.0,LM500,East
2025-10-04,5468.0,719.0,719.0,0.0,4749.0,4749.0,0.0,4776.0,LM500,East
2025-10-05,4749.0,704.0,704.0,0.0,4045.0,4045.0,4897.0,0.0,LM500,East
2025-10-06,4045.0,574.0,574.0,0.0,3471.0,8368.0,0.0,0.0,LM500,East
2025-10-07,3471.0,657.0,657.0,0.0,2814.0,7711.0,0.0,0.0,LM500,East
2025-10-08,2814.0,775.0,775.0,0.0,2039.0,6936.0,0.0,0.0,LM500,East
2025-10-09,2039.0,615.0,615.0,0.0,1424.0,6321.0,0.0,0.0,LM500,East
2025-10-10,1424.0,612.0,612.0,0.0,812.0,5709.0,0.0,0.0,LM500,East
2025-10-11,5709.0,771.0,771.0,0.0,4938.0,4938.0,0.0,4897.0,LM500,East
2025-10-12,4938.0,756.0,756.0,0.0,4182.0,4182.0,4760.0,0.0,LM500,East
2025-10-13,4182.0,640.0,640.0,0.0,3542.0,8302.0,0.0,0.0,LM500,East
2025-10-14,3542.0,569.0,569.0,0.0,2973.0,7733.0,0.0,0.0,LM500,East
2025-10-15,2973.0,584.0,584.0,0.0,2389.0,7149.0,0.0,0.0,LM500,East
2025-10-16,2389.0,647.0,647.0,0.0,1742.0,6502.0,0.0,0.0,LM500,East
2025-10-17,1742.0,686.0,686.0,0.0,1056.0,5816.0,0.0,0.0,LM500,East
2025-10-18,5816.0,805.0,805.0,0.0,5011.0,5011.0,0.0,4760.0,LM500,East
2025-10-19,5011.0,683.0,683.0,0.0,4328.0,4328.0,0.0,0.0,LM500,East
2025-10-20,4328.0,957.0,957.0,0.0,3371.0,3371.0,5571.0,0.0,LM500,East
2025-10-21,3371.0,654.0,654.0,0.0,2717.0,8288.0,0.0,0.0,LM500,East
2025-10-22,2717.0,751.0,751.0,0.0,1966.0,7537.0,0.0,0.0,LM500,East
2025-10-23,1966.0,619.0,619.0,0.0,1347.0,6918.0,0.0,0.0,LM500,East
2025-10-24,1347.0,713.0,713.0,0.0,634.0,6205.0,0.0,0.0,LM500,East
2025-10-25,634.0,709.0,634.0,75.0,0.0,5571.0,0.0,0.0,LM500,East
2025-10-26,5571.0,797.0,797.0,0.0,4774.0,4774.0,0.0,5571.0,LM500,East
2025-10-27,4774.0,729.0,729.0,0.0,4045.0,4045.0,4897.0,0.0,LM500,East
2025-10-28,4045.0,631.0,631.0,0.0,3414.0,8311.0,0.0,0.0,LM500,East
2025-10-29,3414.0,612.0,612.0,0.0,2802.0,7699.0,0.0,0.0,LM500,East
2025-10-30,2802.0,724.0,724.0,0.0,2078.0,6975.0,0.0,0.0,LM500,East
2025-10-31,2078.0,522.0,522.0,0.0,1556.0,6453.0,0.0,0.0,LM500,East
2025-11-01,1556.0,722.0,722.0,0.0,834.0,5731.0,0.0,0.0,LM500,East
2025-11-02,5731.0,899.0,899.0,0.0,4832.0,4832.0,0.0,4897.0,LM500,East
2025-11-03,4832.0,593.0,593.0,0.0,4239.0,4239.0,4703.0,0.0,LM500,East
2025-11-04,4239.0,562.0,562.0,0.0,3677.0,8380.0,0.0,0.0,LM500,East
2025-11-05,3677.0,678.0,678.0,0.0,2999.0,7702.0,0.0,0.0,LM500,East
2025-11-06,2999.0,641.0,641.0,0.0,2358.0,7061.0,0.0,0.0,LM500,East
2025-11-07,2358.0,630.0,630.0,0.0,1728.0,6431.0,0.0,0.0,LM500,East
2025-11-08,1728.0,725.0,725.0,0.0,1003.0,5706.0,0.0,0.0,LM500,East
2025-11-09,5706.0,717.0,717.0,0.0,4989.0,4989.0,0.0,4703.0,LM500,East
2025-11-10,4989.0,635.0,635.0,0.0,4354.0,4354.0,0.0,0.0,LM500,East
2025-11-11,4354.0,644.0,644.0,0.0,3710.0,3710.0,5232.0,0.0,LM500,East
2025-11-12,3710.0,618.0,618.0,0.0,3092.0,8324.0,0.0,0.0,LM500,East
2025-11-13,3092.0,716.0,716.0,0.0,2376.0,7608.0,0.0,0.0,LM500,East
2025-11-14,2376.0,540.0,540.0,0.0,1836.0,7068.0,0.0,0.0,LM500,East
2025-11-15,1836.0,747.0,747.0,0.0,1089.0,6321.0,0.0,0.0,LM500,East
2025-11-16,1089.0,784.0,784.0,0.0,305.0,5537.0,0.0,0.0,LM500,East
2025-11-17,5537.0,700.0,700.0,0.0,4837.0,4837.0,0.0,5232.0,LM500,East
2025-11-18,4837.0,587.0,587.0,0.0,4250.0,4250.0,4692.0,0.0,LM500,East
2025-11-19,4250.0,536.0,536.0,0.0,3714.0,8406.0,0.0,0.0,LM500,East
2025-11-20,3714.0,668.0,668.0,0.0,3046.0,7738.0,0.0,0.0,LM500,East
2025-11-21,3046.0,637.0,637.0,0.0,2409.0,7101.0,0.0,0.0,LM500,East
2025-11-22,2409.0,846.0,846.0,0.0,1563.0,6255.0,0.0,0.0,LM500,East
2025-11-23,1563.0,721.0,721.0,0.0,842.0,5534.0,0.0,0.0,LM500,East
2025-11-24,5534.0,663.0,663.0,0.0,4871.0,4871.0,0.0,4692.0,LM500,East
2025-11-25,4871.0,680.0,680.0,0.0,4191.0,4191.0,4751.0,0.0,LM500,East
2025-11-26,4191.0,498.0,498.0,0.0,3693.0,8444.0,0.0,0.0,LM500,East
2025-11-27,3693.0,573.0,573.0,0.0,3120.0,7871.0,0.0,0.0,LM500,East
2025-11-28,3120.0,557.0,557.0,0.0,2563.0,7314.0,0.0,0.0,LM500,East
2025-11-29,2563.0,769.0,769.0,0.0,1794.0,6545.0,0.0,0.0,LM500,East
2025-11-30,1794.0,684.0,684.0,0.0,1110.0,5861.0,0.0,0.0,LM500,East
2025-12-01,5861.0,698.0,698.0,0.0,5163.0,5163.0,0.0,4751.0,LM500,East
2025-12-02,5163.0,689.0,689.0,0.0,4474.0,4474.0,0.0,0.0,LM500,East
2025-12-03,4474.0,645.0,645.0,0.0,3829.0,3829.0,5113.0,0.0,LM500,East
2025-12-04,3829.0,588.0,588.0,0.0,3241.0,8354.0,0.0,0.0,LM500,East
2025-12-05,3241.0,708.0,708.0,0.0,2533.0,7646.0,0.0,0.0,LM500,East
2025-12-06,2533.0,731.0,731.0,0.0,1802.0,6915.0,0.0,0.0,LM500,East
2025-12-07,1802.0,638.0,638.0,0.0,1164.0,6277.0,0.0,0.0,LM500,East
2025-12-08,1164.0,609.0,609.0,0.0,555.0,5668.0,0.0,0.0,LM500,East
2025-12-09,5668.0,573.0,573.0,0.0,5095.0,5095.0,0.0,5113.0,LM500,East
2025-12-10,5095.0,537.0,537.0,0.0,4558.0,4558.0,0.0,0.0,LM500,East
2025-12-11,4558.0,780.0,780.0,0.0,3778.0,3778.0,5164.0,0.0,LM500,East
2025-12-12,3778.0,649.0,649.0,0.0,3129.0,8293.0,0.0,0.0,LM500,East
2025-12-13,3129.0,730.0,730.0,0.0,2399.0,7563.0,0.0,0.0,LM500,East
2025-12-14,2399.0,768.0,768.0,0.0,1631.0,6795.0,0.0,0.0,LM500,East
2025-12-15,1631.0,679.0,679.0,0.0,952.0,6116.0,0.0,0.0,LM500,East
2025-12-16,952.0,675.0,675.0,0.0,277.0,5441.0,0.0,0.0,LM500,East
2025-12-17,5441.0,558.0,558.0,0.0,4883.0,4883.0,0.0,5164.0,LM500,East
2025-12-18,4883.0,708.0,708.0,0.0,4175.0,4175.0,4767.0,0.0,LM500,East
2025-12-19,4175.0,698.0,698.0,0.0,3477.0,8244.0,0.0,0.0,LM500,East
2025-12-20,3477.0,890.0,890.0,0.0,2587.0,7354.0,0.0,0.0,LM500,East
2025-12-21,2587.0,805.0,805.0,0.0,1782.0,6549.0,0.0,0.0,LM500,East
2025-12-22,1782.0,793.0,793.0,0.0,989.0,5756.0,0.0,0.0,LM500,East
2025-12-23,989.0,632.0,632.0,0.0,357.0,5124.0,0.0,0.0,LM500,East
2025-12-24,5124.0,670.0,670.0,0.0,4454.0,4454.0,0.0,4767.0,LM500,East
2025-12-25,4454.0,690.0,690.0,0.0,3764.0,3764.0,5178.0,0.0,LM500,East
2025-12-26,3764.0,634.0,634.0,0.0,3130.0,8308.0,0.0,0.0,LM500,East
2025-12-27,3130.0,679.0,679.0,0.0,2451.0,7629.0,0.0,0.0,LM500,East
2025-12-28,2451.0,708.0,708.0,0.0,1743.0,6921.0,0.0,0.0,LM500,East
2025-12-29,1743.0,491.0,491.0,0.0,1252.0,6430.0,0.0,0.0,LM500,East
2025-12-30,1252.0,520.0,520.0,0.0,732.0,5910.0,0.0,0.0,LM500,East
2025-12-31,5910.0,585.0,585.0,0.0,5325.0,5325.0,0.0,5178.0,LM500,East
2025-07-01,10481.0,708.0,708.0,0.0,9773.0,9773.0,0.0,0.0,LM500,North
2025-07-02,9773.0,859.0,859.0,0.0,8914.0,8914.0,0.0,0.0,LM500,North
2025-07-03,8914.0,796.0,796.0,0.0,8118.0,8118.0,0.0,0.0,LM500,North
2025-07-04,8118.0,581.0,581.0,0.0,7537.0,7537.0,0.0,0.0,LM500,North
2025-07-05,7537.0,802.0,802.0,0.0,6735.0,6735.0,0.0,0.0,LM500,North
2025-07-06,6735.0,934.0,934.0,0.0,5801.0,5801.0,0.0,0.0,LM500,North
2025-07-07,5801.0,725.0,725.0,0.0,5076.0,5076.0,5405.0,0.0,LM500,North
2025-07-08,5076.0,711.0,711.0,0.0,4365.0,9770.0,0.0,0.0,LM500,North
2025-07-09,4365.0,709.0,709.0,0.0,3656.0,9061.0,0.0,0.0,LM500,North
2025-07-10,3656.0,703.0,703.0,0.0,2953.0,8358.0,0.0,0.0,LM500,North
2025-07-11,2953.0,884.0,884.0,0.0,2069.0,7474.0,0.0,0.0,LM500,North
2025-07-12,2069.0,927.0,927.0,0.0,1142.0,6547.0,0.0,0.0,LM500,North
2025-07-13,1142.0,806.0,806.0,0.0,336.0,5741.0,0.0,0.0,LM500,North
2025-07-14,5741.0,993.0,993.0,0.0,4748.0,4748.0,5733.0,5405.0,LM500,North
2025-07-15,4748.0,792.0,792.0,0.0,3956.0,9689.0,0.0,0.0,LM500,North
2025-07-16,3956.0,752.0,752.0,0.0,3204.0,8937.0,0.0,0.0,LM500,North
2025-07-17,3204.0,656.0,656.0,0.0,2548.0,8281.0,0.0,0.0,LM500,North
2025-07-18,2548.0,900.0,900.0,0.0,1648.0,7381.0,0.0,0.0,LM500,North
2025-07-19,1648.0,878.0,878.0,0.0,770.0,6503.0,0.0,0.0,LM500,North
2025-07-20,770.0,795.0,770.0,25.0,0.0,5733.0,0.0,0.0,LM500,North
2025-07-21,5733.0,746.0,746.0,0.0,4987.0,4987.0,5494.0,5733.0,LM500,North
2025-07-22,4987.0,787.0,787.0,0.0,4200.0,9694.0,0.0,0.0,LM500,North
2025-07-23,4200.0,695.0,695.0,0.0,3505.0,8999.0,0.0,0.0,LM500,North
2025-07-24,3505.0,880.0,880.0,0.0,2625.0,8119.0,0.0,0.0,LM500,North
2025-07-25,2625.0,660.0,660.0,0.0,1965.0,7459.0,0.0,0.0,LM500,North
2025-07-26,1965.0,935.0,935.0,0.0,1030.0,6524.0,0.0,0.0,LM500,North
2025-07-27,1030.0,714.0,714.0,0.0,316.0,5810.0,0.0,0.0,LM500,North
2025-07-28,5810.0,643.0,643.0,0.0,5167.0,5167.0,5314.0,5494.0,LM500,North
2025-07-29,5167.0,835.0,835.0,0.0,4332.0,9646.0,0.0,0.0,LM500,North
2025-07-30,4332.0,822.0,822.0,0.0,3510.0,8824.0,0.0,0.0,LM500,North
2025-07-31,3510.0,762.0,762.0,0.0,2748.0,8062.0,0.0,0.0,LM500,North
2025-08-01,2748.0,649.0,649.0,0.0,2099.0,7413.0,0.0,0.0,LM500,North
2025-08-02,2099.0,672.0,672.0,0.0,1427.0,6741.0,0.0,0.0,LM500,North
2025-08-03,1427.0,765.0,765.0,0.0,662.0,5976.0,0.0,0.0,LM500,North
2025-08-04,5976.0,656.0,656.0,0.0,5320.0,5320.0,5161.0,5314.0,LM500,North
2025-08-05,5320.0,603.0,603.0,0.0,4717.0,9878.0,0.0,0.0,LM500,North
2025-08-06,4717.0,605.0,605.0,0.0,4112.0,9273.0,0.0,0.0,LM500,North
2025-08-07,4112.0,690.0,690.0,0.0,3422.0,8583.0,0.0,0.0,LM500,North
2025-08-08,3422.0,581.0,581.0,0.0,2841.0,8002.0,0.0,0.0,LM500,North
2025-08-09,2841.0,903.0,903.0,0.0,1938.0,7099.0,0.0,0.0,LM500,North
2025-08-10,1938.0,705.0,705.0,0.0,1233.0,6394.0,0.0,0.0,LM500,North
2025-08-11,6394.0,760.0,760.0,0.0,5634.0,5634.0,0.0,5161.0,LM500,North
2025-08-12,5634.0,646.0,646.0,0.0,4988.0,4988.0,5493.0,0.0,LM500,North
2025-08-13,4988.0,701.0,701.0,0.0,4287.0,9780.0,0.0,0.0,LM500,North
2025-08-14,4287.0,653.0,653.0,0.0,3634.0,9127.0,0.0,0.0,LM500,North
2025-08-15,3634.0,687.0,687.0,0.0,2947.0,8440.0,0.0,0.0,LM500,North
2025-08-16,2947.0,752.0,752.0,0.0,2195.0,7688.0,0.0,0.0,LM500,North
2025-08-17,2195.0,805.0,805.0,0.0,1390.0,6883.0,0.0,0.0,LM500,North
2025-08-18,1390.0,693.0,693.0,0.0,697.0,6190.0,0.0,0.0,LM500,North
2025-08-19,6190.0,660.0,660.0,0.0,5530.0,5530.0,0.0,5493.0,LM500,North
2025-08-20,5530.0,691.0,691.0,0.0,4839.0,4839.0,5642.0,0.0,LM500,North
2025-08-21,4839.0,676.0,676.0,0.0,4163.0,9805.0,0.0,0.0,LM500,North
2025-08-22,4163.0,625.0,625.0,0.0,3538.0,9180.0,0.0,0.0,LM500,North
2025-08-23,3538.0,716.0,716.0,0.0,2822.0,8464.0,0.0,0.0,LM500,North
2025-08-24,2822.0,722.0,722.0,0.0,2100.0,7742.0,0.0,0.0,LM500,North
2025-08-25,2100.0,761.0,761.0,0.0,1339.0,6981.0,0.0,0.0,LM500,North
2025-08-26,1339.0,591.0,591.0,0.0,748.0,6390.0,0.0,0.0,LM500,North
2025-08-27,6390.0,714.0,714.0,0.0,5676.0,5676.0,0.0,5642.0,LM500,North
2025-08-28,5676.0,799.0,799.0,0.0,4877.0,4877.0,5604.0,0.0,LM500,North
2025-08-29,4877.0,676.0,676.0,0.0,4201.0,9805.0,0.0,0.0,LM500,North
2025-08-30,4201.0,671.0,671.0,0.0,3530.0,9134.0,0.0,0.0,LM500,North
2025-08-31,3530.0,786.0,786.0,0.0,2744.0,8348.0,0.0,0.0,LM500,North
2025-09-01,2744.0,546.0,546.0,0.0,2198.0,7802.0,0.0,0.0,LM500,North
2025-09-02,2198.0,614.0,614.0,0.0,1584.0,7188.0,0.0,0.0,LM500,North
2025-09-03,1584.0,677.0,677.0,0.0,907.0,6511.0,0.0,0.0,LM500,North
2025-09-04,6511.0,745.0,745.0,0.0,5766.0,5766.0,0.0,5604.0,LM500,North
2025-09-05,5766.0,670.0,670.0,0.0,5096.0,5096.0,5385.0,0.0,LM500,North
2025-09-06,5096.0,821.0,821.0,0.0,4275.0,9660.0,0.0,0.0,LM500,North
2025-09-07,4275.0,670.0,670.0,0.0,3605.0,8990.0,0.0,0.0,LM500,North
2025-09-08,3605.0,517.0,517.0,0.0,3088.0,8473.0,0.0,0.0,LM500,North
2025-09-09,3088.0,671.0,671.0,0.0,2417.0,7802.0,0.0,0.0,LM500,North
2025-09-10,2417.0,697.0,697.0,0.0,1720.0,7105.0,0.0,0.0,LM500,North
2025-09-11,1720.0,642.0,642.0,0.0,1078.0,6463.0,0.0,0.0,LM500,North
2025-09-12,6463.0,530.0,530.0,0.0,5933.0,5933.0,0.0,5385.0,LM500,North
2025-09-13,5933.0,710.0,710.0,0.0,5223.0,5223.0,5258.0,0.0,LM500,North
2025-09-14,5223.0,794.0,794.0,0.0,4429.0,9687.0,0.0,0.0,LM500,North
2025-09-15,4429.0,711.0,711.0,0.0,3718.0,8976.0,0.0,0.0,LM500,North
2025-09-16,3718.0,766.0,766.0,0.0,2952.0,8210.0,0.0,0.0,LM500,North
2025-09-17,2952.0,723.0,723.0,0.0,2229.0,7487.0,0.0,0.0,LM500,North
2025-09-18,2229.0,757.0,757.0,0.0,1472.0,6730.0,0.0,0.0,LM500,North
2025-09-19,1472.0,691.0,691.0,0.0,781.0,6039.0,0.0,0.0,LM500,North
2025-09-20,6039.0,694.0,694.0,0.0,5345.0,5345.0,5136.0,5258.0,LM500,North
2025-09-21,5345.0,754.0,754.0,0.0,4591.0,9727.0,0.0,0.0,LM500,North
2025-09-22,4591.0,702.0,702.0,0.0,3889.0,9025.0,0.0,0.0,LM500,North
2025-09-23,3889.0,719.0,719.0,0.0,3170.0,8306.0,0.0,0.0,LM500,North
2025-09-24,3170.0,610.0,610.0,0.0,2560.0,7696.0,0.0,0.0,LM500,North
2025-09-25,2560.0,663.0,663.0,0.0,1897.0,7033.0,0.0,0.0,LM500,North
2025-09-26,1897.0,661.0,661.0,0.0,1236.0,6372.0,0.0,0.0,LM500,North
2025-09-27,6372.0,650.0,650.0,0.0,5722.0,5722.0,0.0,5136.0,LM500,North
2025-09-28,5722.0,703.0,703.0,0.0,5019.0,5019.0,5462.0,0.0,LM500,North
2025-09-29,5019.0,599.0,599.0,0.0,4420.0,9882.0,0.0,0.0,LM500,North
2025-09-30,4420.0,753.0,753.0,0.0,3667.0,9129.0,0.0,0.0,LM500,North
2025-10-01,3667.0,577.0,577.0,0.0,3090.0,8552.0,0.0,0.0,LM500,North
2025-10-02,3090.0,705.0,705.0,0.0,2385.0,7847.0,0.0,0.0,LM500,North
2025-10-03,2385.0,574.0,574.0,0.0,1811.0,7273.0,0.0,0.0,LM500,North
2025-10-04,1811.0,659.0,659.0,0.0,1152.0,6614.0,0.0,0.0,LM500,North
2025-10-05,6614.0,682.0,682.0,0.0,5932.0,5932.0,0.0,5462.0,LM500,North
2025-10-06,5932.0,856.0,856.0,0.0,5076.0,5076.0,5405.0,0.0,LM500,North
2025-10-07,5076.0,670.0,670.0,0.0,4406.0,9811.0,0.0,0.0,LM500,North
2025-10-08,4406.0,616.0,616.0,0.0,3790.0,9195.0,0.0,0.0,LM500,North
2025-10-09,3790.0,774.0,774.0,0.0,3016.0,8421.0,0.0,0.0,LM500,North
2025-10-10,3016.0,761.0,761.0,0.0,2255.0,7660.0,0.0,0.0,LM500,North
2025-10-11,2255.0,693.0,693.0,0.0,1562.0,6967.0,0.0,0.0,LM500,North
2025-10-12,1562.0,702.0,702.0,0.0,860.0,6265.0,0.0,0.0,LM500,North
2025-10-13,6265.0,693.0,693.0,0.0,5572.0,5572.0,0.0,5405.0,LM500,North
2025-10-14,5572.0,777.0,777.0,0.0,4795.0,4795.0,5686.0,0.0,LM500,North
2025-10-15,4795.0,673.0,673.0,0.0,4122.0,9808.0,0.0,0.0,LM500,North
2025-10-16,4122.0,807.0,807.0,0.0,3315.0,9001.0,0.0,0.0,LM500,North
2025-10-17,3315.0,666.0,666.0,0.0,2649.0,8335.0,0.0,0.0,LM500,North
2025-10-18,2649.0,716.0,716.0,0.0,1933.0,7619.0,0.0,0.0,LM500,North
2025-10-19,1933.0,824.0,824.0,0.0,1109.0,6795.0,0.0,0.0,LM500,North
2025-10-20,1109.0,907.0,907.0,0.0,202.0,5888.0,0.0,0.0,LM500,North
2025-10-21,5888.0,679.0,679.0,0.0,5209.0,5209.0,5272.0,5686.0,LM500,North
2025-10-22,5209.0,666.0,666.0,0.0,4543.0,9815.0,0.0,0.0,LM500,North
2025-10-23,4543.0,537.0,537.0,0.0,4006.0,9278.0,0.0,0.0,LM500,North
2025-10-24,4006.0,711.0,711.0,0.0,3295.0,8567.0,0.0,0.0,LM500,North
2025-10-25,3295.0,674.0,674.0,0.0,2621.0,7893.0,0.0,0.0,LM500,North
2025-10-26,2621.0,629.0,629.0,0.0,1992.0,7264.0,0.0,0.0,LM500,North
2025-10-27,1992.0,555.0,555.0,0.0,1437.0,6709.0,0.0,0.0,LM500,North
2025-10-28,6709.0,629.0,629.0,0.0,6080.0,6080.0,0.0,5272.0,LM500,North
2025-10-29,6080.0,743.0,743.0,0.0,5337.0,5337.0,5144.0,0.0,LM500,North
2025-10-30,5337.0,694.0,694.0,0.0,4643.0,9787.0,0.0,0.0,LM500,North
2025-10-31,4643.0,640.0,640.0,0.0,4003.0,9147.0,0.0,0.0,LM500,North
2025-11-01,4003.0,621.0,621.0,0.0,3382.0,8526.0,0.0,0.0,LM500,North
2025-11-02,3382.0,616.0,616.0,0.0,2766.0,7910.0,0.0,0.0,LM500,North
2025-11-03,2766.0,753.0,753.0,0.0,2013.0,7157.0,0.0,0.0,LM500,North
2025-11-04,2013.0,780.0,780.0,0.0,1233.0,6377.0,0.0,0.0,LM500,North
2025-11-05,6377.0,726.0,726.0,0.0,5651.0,5651.0,0.0,5144.0,LM500,North
2025-11-06,5651.0,588.0,588.0,0.0,5063.0,5063.0,5418.0,0.0,LM500,North
2025-11-07,5063.0,674.0,674.0,0.0,4389.0,9807.0,0.0,0.0,LM500,North
2025-11-08,4389.0,708.0,708.0,0.0,3681.0,9099.0,0.0,0.0,LM500,North
2025-11-09,3681.0,680.0,680.0,0.0,3001.0,8419.0,0.0,0.0,LM500,North
2025-11-10,3001.0,624.0,624.0,0.0,2377.0,7795.0,0.0,0.0,LM500,North
2025-11-11,2377.0,602.0,602.0,0.0,1775.0,7193.0,0.0,0.0,LM500,North
2025-11-12,1775.0,686.0,686.0,0.0,1089.0,6507.0,0.0,0.0,LM500,North
2025-11-13,6507.0,657.0,657.0,0.0,5850.0,5850.0,0.0,5418.0,LM500,North
2025-11-14,5850.0,636.0,636.0,0.0,5214.0,5214.0,5267.0,0.0,LM500,North
2025-11-15,5214.0,845.0,845.0,0.0,4369.0,9636.0,0.0,0.0,LM500,North
2025-11-16,4369.0,1008.0,1008.0,0.0,3361.0,8628.0,0.0,0.0,LM500,North
2025-11-17,3361.0,746.0,746.0,0.0,2615.0,7882.0,0.0,0.0,LM500,North
2025-11-18,2615.0,597.0,597.0,0.0,2018.0,7285.0,0.0,0.0,LM500,North
2025-11-19,2018.0,691.0,691.0,0.0,1327.0,6594.0,0.0,0.0,LM500,North
2025-11-20,1327.0,699.0,699.0,0.0,628.0,5895.0,0.0,0.0,LM500,North
2025-11-21,5895.0,774.0,774.0,0.0,5121.0,5121.0,5360.0,5267.0,LM500,North
2025-11-22,5121.0,936.0,936.0,0.0,4185.0,9545.0,0.0,0.0,LM500,North
2025-11-23,4185.0,709.0,709.0,0.0,3476.0,8836.0,0.0,0.0,LM500,North
2025-11-24,3476.0,625.0,625.0,0.0,2851.0,8211.0,0.0,0.0,LM500,North
2025-11-25,2851.0,842.0,842.0,0.0,2009.0,7369.0,0.0,0.0,LM500,North
2025-11-26,2009.0,753.0,753.0,0.0,1256.0,6616.0,0.0,0.0,LM500,North
2025-11-27,1256.0,557.0,557.0,0.0,699.0,6059.0,0.0,0.0,LM500,North
2025-11-28,6059.0,543.0,543.0,0.0,5516.0,5516.0,0.0,5360.0,LM500,North
2025-11-29,5516.0,809.0,809.0,0.0,4707.0,4707.0,5774.0,0.0,LM500,North
2025-11-30,4707.0,733.0,733.0,0.0,3974.0,9748.0,0.0,0.0,LM500,North
2025-12-01,3974.0,711.0,711.0,0.0,3263.0,9037.0,0.0,0.0,LM500,North
2025-12-02,3263.0,660.0,660.0,0.0,2603.0,8377.0,0.0,0.0,LM500,North
2025-12-03,2603.0,769.0,769.0,0.0,1834.0,7608.0,0.0,0.0,LM500,North
2025-12-04,1834.0,699.0,699.0,0.0,1135.0,6909.0,0.0,0.0,LM500,North
2025-12-05,1135.0,584.0,584.0,0.0,551.0,6325.0,0.0,0.0,LM500,North
2025-12-06,6325.0,697.0,697.0,0.0,5628.0,5628.0,0.0,5774.0,LM500,North
2025-12-07,5628.0,719.0,719.0,0.0,4909.0,4909.0,5572.0,0.0,LM500,North
2025-12-08,4909.0,689.0,689.0,0.0,4220.0,9792.0,0.0,0.0,LM500,North
2025-12-09,4220.0,655.0,655.0,0.0,3565.0,9137.0,0.0,0.0,LM500,North
2025-12-10,3565.0,697.0,697.0,0.0,2868.0,8440.0,0.0,0.0,LM500,North
2025-12-11,2868.0,665.0,665.0,0.0,2203.0,7775.0,0.0,0.0,LM500,North
2025-12-12,2203.0,739.0,739.0,0.0,1464.0,7036.0,0.0,0.0,LM500,North
2025-12-13,1464.0,937.0,937.0,0.0,527.0,6099.0,0.0,0.0,LM500,North
2025-12-14,6099.0,745.0,745.0,0.0,5354.0,5354.0,5127.0,5572.0,LM500,North
2025-12-15,5354.0,771.0,771.0,0.0,4583.0,9710.0,0.0,0.0,LM500,North
2025-12-16,4583.0,696.0,696.0,0.0,3887.0,9014.0,0.0,0.0,LM500,North
2025-12-17,3887.0,666.0,666.0,0.0,3221.0,8348.0,0.0,0.0,LM500,North
2025-12-18,3221.0,820.0,820.0,0.0,2401.0,7528.0,0.0,0.0,LM500,North
2025-12-19,2401.0,617.0,617.0,0.0,1784.0,6911.0,0.0,0.0,LM500,North
2025-12-20,1784.0,1020.0,1020.0,0.0,764.0,5891.0,0.0,0.0,LM500,North
2025-12-21,5891.0,696.0,696.0,0.0,5195.0,5195.0,5286.0,5127.0,LM500,North
2025-12-22,5195.0,594.0,594.0,0.0,4601.0,9887.0,0.0,0.0,LM500,North
2025-12-23,4601.0,832.0,832.0,0.0,3769.0,9055.0,0.0,0.0,LM500,North
2025-12-24,3769.0,555.0,555.0,0.0,3214.0,8500.0,0.0,0.0,LM500,North
2025-12-25,3214.0,878.0,878.0,0.0,2336.0,7622.0,0.0,0.0,LM500,North
2025-12-26,2336.0,566.0,566.0,0.0,1770.0,7056.0,0.0,0.0,LM500,North
2025-12-27,1770.0,858.0,858.0,0.0,912.0,6198.0,0.0,0.0,LM500,North
2025-12-28,6198.0,870.0,870.0,0.0,5328.0,5328.0,5153.0,5286.0,LM500,North
2025-12-29,5328.0,692.0,692.0,0.0,4636.0,9789.0,0.0,0.0,LM500,North
2025-12-30,4636.0,709.0,709.0,0.0,3927.0,9080.0,0.0,0.0,LM500,North
2025-12-31,3927.0,770.0,770.0,0.0,3157.0,8310.0,0.0,0.0,LM500,North
2025-07-01,13683.0,840.0,840.0,0.0,12843.0,12843.0,0.0,0.0,LM500,South
2025-07-02,12843.0,792.0,792.0,0.0,12051.0,12051.0,0.0,0.0,LM500,South
2025-07-03,12051.0,762.0,762.0,0.0,11289.0,11289.0,0.0,0.0,LM500,South
2025-07-04,11289.0,807.0,807.0,0.0,10482.0,10482.0,0.0,0.0,LM500,South
2025-07-05,10482.0,897.0,897.0,0.0,9585.0,9585.0,0.0,0.0,LM500,South
2025-07-06,9585.0,1203.0,1203.0,0.0,8382.0,8382.0,0.0,0.0,LM500,South
2025-07-07,8382.0,786.0,786.0,0.0,7596.0,7596.0,6087.0,0.0,LM500,South
2025-07-08,7596.0,951.0,951.0,0.0,6645.0,12732.0,0.0,0.0,LM500,South
2025-07-09,6645.0,859.0,859.0,0.0,5786.0,11873.0,0.0,0.0,LM500,South
2025-07-10,5786.0,825.0,825.0,0.0,4961.0,11048.0,0.0,0.0,LM500,South
2025-07-11,4961.0,936.0,936.0,0.0,4025.0,10112.0,0.0,0.0,LM500,South
2025-07-12,4025.0,968.0,968.0,0.0,3057.0,9144.0,0.0,0.0,LM500,South
2025-07-13,3057.0,864.0,864.0,0.0,2193.0,8280.0,0.0,0.0,LM500,South
2025-07-14,2193.0,788.0,788.0,0.0,1405.0,7492.0,6191.0,0.0,LM500,South
2025-07-15,1405.0,674.0,674.0,0.0,731.0,13009.0,0.0,0.0,LM500,South
2025-07-16,731.0,848.0,731.0,117.0,0.0,12278.0,0.0,0.0,LM500,South
2025-07-17,6087.0,783.0,783.0,0.0,5304.0,11495.0,0.0,6087.0,LM500,South
2025-07-18,5304.0,831.0,831.0,0.0,4473.0,10664.0,0.0,0.0,LM500,South
2025-07-19,4473.0,952.0,952.0,0.0,3521.0,9712.0,0.0,0.0,LM500,South
2025-07-20,3521.0,1002.0,1002.0,0.0,2519.0,8710.0,0.0,0.0,LM500,South
2025-07-21,2519.0,916.0,916.0,0.0,1603.0,7794.0,5889.0,0.0,LM500,South
2025-07-22,1603.0,1004.0,1004.0,0.0,599.0,12679.0,0.0,0.0,LM500,South
2025-07-23,599.0,824.0,599.0,225.0,0.0,12080.0,0.0,0.0,LM500,South
2025-07-24,6191.0,868.0,868.0,0.0,5323.0,11212.0,0.0,6191.0,LM500,South
2025-07-25,5323.0,730.0,730.0,0.0,4593.0,10482.0,0.0,0.0,LM500,South
2025-07-26,4593.0,820.0,820.0,0.0,3773.0,9662.0,0.0,0.0,LM500,South
2025-07-27,3773.0,744.0,744.0,0.0,3029.0,8918.0,0.0,0.0,LM500,South
2025-07-28,3029.0,837.0,837.0,0.0,2192.0,8081.0,5602.0,0.0,LM500,South
2025-07-29,2192.0,864.0,864.0,0.0,1328.0,12819.0,0.0,0.0,LM500,South
2025-07-30,1328.0,787.0,787.0,0.0,541.0,12032.0,0.0,0.0,LM500,South
2025-07-31,6430.0,801.0,801.0,0.0,5629.0,11231.0,0.0,5889.0,LM500,South
2025-08-01,5629.0,721.0,721.0,0.0,4908.0,10510.0,0.0,0.0,LM500,South
2025-08-02,4908.0,915.0,915.0,0.0,3993.0,9595.0,0.0,0.0,LM500,South
2025-08-03,3993.0,729.0,729.0,0.0,3264.0,8866.0,0.0,0.0,LM500,South
2025-08-04,3264.0,735.0,735.0,0.0,2529.0,8131.0,5552.0,0.0,LM500,South
2025-08-05,2529.0,702.0,702.0,0.0,1827.0,12981.0,0.0,0.0,LM500,South
2025-08-06,1827.0,613.0,613.0,0.0,1214.0,12368.0,0.0,0.0,LM500,South
2025-08-07,6816.0,696.0,696.0,0.0,6120.0,11672.0,0.0,5602.0,LM500,South
2025-08-08,6120.0,705.0,705.0,0.0,5415.0,10967.0,0.0,0.0,LM500,South
2025-08-09,5415.0,897.0,897.0,0.0,4518.0,10070.0,0.0,0.0,LM500,South
2025-08-10,4518.0,781.0,781.0,0.0,3737.0,9289.0,0.0,0.0,LM500,South
2025-08-11,3737.0,623.0,623.0,0.0,3114.0,8666.0,0.0,0.0,LM500,South
2025-08-12,3114.0,673.0,673.0,0.0,2441.0,7993.0,5690.0,0.0,LM500,South
2025-08-13,2441.0,695.0,695.0,0.0,1746.0,12988.0,0.0,0.0,LM500,South
2025-08-14,7298.0,792.0,792.0,0.0,6506.0,12196.0,0.0,5552.0,LM500,South
2025-08-15,6506.0,816.0,816.0,0.0,5690.0,11380.0,0.0,0.0,LM500,South
2025-08-16,5690.0,759.0,759.0,0.0,4931.0,10621.0,0.0,0.0,LM500,South
2025-08-17,4931.0,857.0,857.0,0.0,4074.0,9764.0,0.0,0.0,LM500,South
2025-08-18,4074.0,821.0,821.0,0.0,3253.0,8943.0,0.0,0.0,LM500,South
2025-08-19,3253.0,670.0,670.0,0.0,2583.0,8273.0,0.0,0.0,LM500,South
2025-08-20,2583.0,696.0,696.0,0.0,1887.0,7577.0,6106.0,0.0,LM500,South
2025-08-21,1887.0,704.0,704.0,0.0,1183.0,12979.0,0.0,0.0,LM500,South
2025-08-22,6873.0,688.0,688.0,0.0,6185.0,12291.0,0.0,5690.0,LM500,South
2025-08-23,6185.0,733.0,733.0,0.0,5452.0,11558.0,0.0,0.0,LM500,South
2025-08-24,5452.0,756.0,756.0,0.0,4696.0,10802.0,0.0,0.0,LM500,South
2025-08-25,4696.0,580.0,580.0,0.0,4116.0,10222.0,0.0,0.0,LM500,South
2025-08-26,4116.0,621.0,621.0,0.0,3495.0,9601.0,0.0,0.0,LM500,South
2025-08-27,3495.0,672.0,672.0,0.0,2823.0,8929.0,0.0,0.0,LM500,South
2025-08-28,2823.0,833.0,833.0,0.0,1990.0,8096.0,5587.0,0.0,LM500,South
2025-08-29,1990.0,643.0,643.0,0.0,1347.0,13040.0,0.0,0.0,LM500,South
2025-08-30,7453.0,1148.0,1148.0,0.0,6305.0,11892.0,0.0,6106.0,LM500,South
2025-08-31,6305.0,780.0,780.0,0.0,5525.0,11112.0,0.0,0.0,LM500,South
2025-09-01,5525.0,867.0,867.0,0.0,4658.0,10245.0,0.0,0.0,LM500,South
2025-09-02,4658.0,749.0,749.0,0.0,3909.0,9496.0,0.0,0.0,LM500,South
2025-09-03,3909.0,635.0,635.0,0.0,3274.0,8861.0,0.0,0.0,LM500,South
2025-09-04,3274.0,630.0,630.0,0.0,2644.0,8231.0,5452.0,0.0,LM500,South
2025-09-05,2644.0,758.0,758.0,0.0,1886.0,12925.0,0.0,0.0,LM500,South
2025-09-06,1886.0,678.0,678.0,0.0,1208.0,12247.0,0.0,0.0,LM500,South
2025-09-07,6795.0,864.0,864.0,0.0,5931.0,11383.0,0.0,5587.0,LM500,South
2025-09-08,5931.0,711.0,711.0,0.0,5220.0,10672.0,0.0,0.0,LM500,South
2025-09-09,5220.0,1044.0,1044.0,0.0,4176.0,9628.0,0.0,0.0,LM500,South
2025-09-10,4176.0,706.0,706.0,0.0,3470.0,8922.0,0.0,0.0,LM500,South
2025-09-11,3470.0,735.0,735.0,0.0,2735.0,8187.0,5496.0,0.0,LM500,South
2025-09-12,2735.0,734.0,734.0,0.0,2001.0,12949.0,0.0,0.0,LM500,South
2025-09-13,2001.0,797.0,797.0,0.0,1204.0,12152.0,0.0,0.0,LM500,South
2025-09-14,6656.0,752.0,752.0,0.0,5904.0,11400.0,0.0,5452.0,LM500,South
2025-09-15,5904.0,771.0,771.0,0.0,5133.0,10629.0,0.0,0.0,LM500,South
2025-09-16,5133.0,736.0,736.0,0.0,4397.0,9893.0,0.0,0.0,LM500,South
2025-09-17,4397.0,580.0,580.0,0.0,3817.0,9313.0,0.0,0.0,LM500,South
2025-09-18,3817.0,717.0,717.0,0.0,3100.0,8596.0,0.0,0.0,LM500,South
2025-09-19,3100.0,802.0,802.0,0.0,2298.0,7794.0,5889.0,0.0,LM500,South
2025-09-20,2298.0,814.0,814.0,0.0,1484.0,12869.0,0.0,0.0,LM500,South
2025-09-21,6980.0,1098.0,1098.0,0.0,5882.0,11771.0,0.0,5496.0,LM500,South
2025-09-22,5882.0,721.0,721.0,0.0,5161.0,11050.0,0.0,0.0,LM500,South
2025-09-23,5161.0,789.0,789.0,0.0,4372.0,10261.0,0.0,0.0,LM500,South
2025-09-24,4372.0,710.0,710.0,0.0,3662.0,9551.0,0.0,0.0,LM500,South
2025-09-25,3662.0,673.0,673.0,0.0,2989.0,8878.0,0.0,0.0,LM500,South
2025-09-26,2989.0,573.0,573.0,0.0,2416.0,8305.0,0.0,0.0,LM500,South
2025-09-27,2416.0,913.0,913.0,0.0,1503.0,7392.0,6291.0,0.0,LM500,South
2025-09-28,1503.0,799.0,799.0,0.0,704.0,12884.0,0.0,0.0,LM500,South
2025-09-29,6593.0,683.0,683.0,0.0,5910.0,12201.0,0.0,5889.0,LM500,South
2025-09-30,5910.0,739.0,739.0,0.0,5171.0,11462.0,0.0,0.0,LM500,South
2025-10-01,5171.0,765.0,765.0,0.0,4406.0,10697.0,0.0,0.0,LM500,South
2025-10-02,4406.0,957.0,957.0,0.0,3449.0,9740.0,0.0,0.0,LM500,South
2025-10-03,3449.0,705.0,705.0,0.0,2744.0,9035.0,0.0,0.0,LM500,South
2025-10-04,2744.0,991.0,991.0,0.0,1753.0,8044.0,5639.0,0.0,LM500,South
2025-10-05,1753.0,735.0,735.0,0.0,1018.0,12948.0,0.0,0.0,LM500,South
2025-10-06,1018.0,658.0,658.0,0.0,360.0,12290.0,0.0,0.0,LM500,South
2025-10-07,6651.0,717.0,717.0,0.0,5934.0,11573.0,0.0,6291.0,LM500,South
2025-10-08,5934.0,523.0,523.0,0.0,5411.0,11050.0,0.0,0.0,LM500,South
2025-10-09,5411.0,751.0,751.0,0.0,4660.0,10299.0,0.0,0.0,LM500,South
2025-10-10,4660.0,852.0,852.0,0.0,3808.0,9447.0,0.0,0.0,LM500,South
2025-10-11,3808.0,767.0,767.0,0.0,3041.0,8680.0,0.0,0.0,LM500,South
2025-10-12,3041.0,784.0,784.0,0.0,2257.0,7896.0,5787.0,0.0,LM500,South
2025-10-13,2257.0,761.0,761.0,0.0,1496.0,12922.0,0.0,0.0,LM500,South
2025-10-14,7135.0,759.0,759.0,0.0,6376.0,12163.0,0.0,5639.0,LM500,South
2025-10-15,6376.0,705.0,705.0,0.0,5671.0,11458.0,0.0,0.0,LM500,South
2025-10-16,5671.0,772.0,772.0,0.0,4899.0,10686.0,0.0,0.0,LM500,South
2025-10-17,4899.0,875.0,875.0,0.0,4024.0,9811.0,0.0,0.0,LM500,South
2025-10-18,4024.0,738.0,738.0,0.0,3286.0,9073.0,0.0,0.0,LM500,South
2025-10-19,3286.0,791.0,791.0,0.0,2495.0,8282.0,0.0,0.0,LM500,South
2025-10-20,2495.0,824.0,824.0,0.0,1671.0,7458.0,6225.0,0.0,LM500,South
2025-10-21,1671.0,928.0,928.0,0.0,743.0,12755.0,0.0,0.0,LM500,South
2025-10-22,6530.0,862.0,862.0,0.0,5668.0,11893.0,0.0,5787.0,LM500,South
2025-10-23,5668.0,660.0,660.0,0.0,5008.0,11233.0,0.0,0.0,LM500,South
2025-10-24,5008.0,743.0,743.0,0.0,4265.0,10490.0,0.0,0.0,LM500,South
2025-10-25,4265.0,850.0,850.0,0.0,3415.0,9640.0,0.0,0.0,LM500,South
2025-10-26,3415.0,787.0,787.0,0.0,2628.0,8853.0,0.0,0.0,LM500,South
2025-10-27,2628.0,678.0,678.0,0.0,1950.0,8175.0,5508.0,0.0,LM500,South
2025-10-28,1950.0,769.0,769.0,0.0,1181.0,12914.0,0.0,0.0,LM500,South
2025-10-29,1181.0,782.0,782.0,0.0,399.0,12132.0,0.0,0.0,LM500,South
2025-10-30,6624.0,689.0,689.0,0.0,5935.0,11443.0,0.0,6225.0,LM500,South
2025-10-31,5935.0,676.0,676.0,0.0,5259.0,10767.0,0.0,0.0,LM500,South
2025-11-01,5259.0,762.0,762.0,0.0,4497.0,10005.0,0.0,0.0,LM500,South
2025-11-02,4497.0,870.0,870.0,0.0,3627.0,9135.0,0.0,0.0,LM500,South
2025-11-03,3627.0,685.0,685.0,0.0,2942.0,8450.0,0.0,0.0,LM500,South
2025-11-04,2942.0,621.0,621.0,0.0,2321.0,7829.0,5854.0,0.0,LM500,South
2025-11-05,2321.0,648.0,648.0,0.0,1673.0,13035.0,0.0,0.0,LM500,South
2025-11-06,7181.0,816.0,816.0,0.0,6365.0,12219.0,0.0,5508.0,LM500,South
2025-11-07,6365.0,692.0,692.0,0.0,5673.0,11527.0,0.0,0.0,LM500,South
2025-11-08,5673.0,943.0,943.0,0.0,4730.0,10584.0,0.0,0.0,LM500,South
2025-11-09,4730.0,735.0,735.0,0.0,3995.0,9849.0,0.0,0.0,LM500,South
2025-11-10,3995.0,810.0,810.0,0.0,3185.0,9039.0,0.0,0.0,LM500,South
2025-11-11,3185.0,676.0,676.0,0.0,2509.0,8363.0,0.0,0.0,LM500,South
2025-11-12,2509.0,745.0,745.0,0.0,1764.0,7618.0,6065.0,0.0,LM500,South
2025-11-13,1764.0,773.0,773.0,0.0,991.0,12910.0,0.0,0.0,LM500,South
2025-11-14,6845.0,576.0,576.0,0.0,6269.0,12334.0,0.0,5854.0,LM500,South
2025-11-15,6269.0,814.0,814.0,0.0,5455.0,11520.0,0.0,0.0,LM500,South
2025-11-16,5455.0,829.0,829.0,0.0,4626.0,10691.0,0.0,0.0,LM500,South
2025-11-17,4626.0,773.0,773.0,0.0,3853.0,9918.0,0.0,0.0,LM500,South
2025-11-18,3853.0,704.0,704.0,0.0,3149.0,9214.0,0.0,0.0,LM500,South
2025-11-19,3149.0,761.0,761.0,0.0,2388.0,8453.0,0.0,0.0,LM500,South
2025-11-20,2388.0,659.0,659.0,0.0,1729.0,7794.0,5889.0,0.0,LM500,South
2025-11-21,1729.0,633.0,633.0,0.0,1096.0,13050.0,0.0,0.0,LM500,South
2025-11-22,7161.0,840.0,840.0,0.0,6321.0,12210.0,0.0,6065.0,LM500,South
2025-11-23,6321.0,837.0,837.0,0.0,5484.0,11373.0,0.0,0.0,LM500,South
2025-11-24,5484.0,910.0,910.0,0.0,4574.0,10463.0,0.0,0.0,LM500,South
2025-11-25,4574.0,706.0,706.0,0.0,3868.0,9757.0,0.0,0.0,LM500,South
2025-11-26,3868.0,729.0,729.0,0.0,3139.0,9028.0,0.0,0.0,LM500,South
2025-11-27,3139.0,662.0,662.0,0.0,2477.0,8366.0,0.0,0.0,LM500,South
2025-11-28,2477.0,736.0,736.0,0.0,1741.0,7630.0,6053.0,0.0,LM500,South
2025-11-29,1741.0,981.0,981.0,0.0,760.0,12702.0,0.0,0.0,LM500,South
2025-11-30,6649.0,1009.0,1009.0,0.0,5640.0,11693.0,0.0,5889.0,LM500,South
2025-12-01,5640.0,597.0,597.0,0.0,5043.0,11096.0,0.0,0.0,LM500,South
2025-12-02,5043.0,840.0,840.0,0.0,4203.0,10256.0,0.0,0.0,LM500,South
2025-12-03,4203.0,723.0,723.0,0.0,3480.0,9533.0,0.0,0.0,LM500,South
2025-12-04,3480.0,670.0,670.0,0.0,2810.0,8863.0,0.0,0.0,LM500,South
2025-12-05,2810.0,654.0,654.0,0.0,2156.0,8209.0,5474.0,0.0,LM500,South
2025-12-06,2156.0,906.0,906.0,0.0,1250.0,12777.0,0.0,0.0,LM500,South
2025-12-07,1250.0,792.0,792.0,0.0,458.0,11985.0,0.0,0.0,LM500,South
2025-12-08,6511.0,718.0,718.0,0.0,5793.0,11267.0,0.0,6053.0,LM500,South
2025-12-09,5793.0,633.0,633.0,0.0,5160.0,10634.0,0.0,0.0,LM500,South
2025-12-10,5160.0,678.0,678.0,0.0,4482.0,9956.0,0.0,0.0,LM500,South
2025-12-11,4482.0,682.0,682.0,0.0,3800.0,9274.0,0.0,0.0,LM500,South
2025-12-12,3800.0,700.0,700.0,0.0,3100.0,8574.0,0.0,0.0,LM500,South
2025-12-13,3100.0,876.0,876.0,0.0,2224.0,7698.0,5985.0,0.0,LM500,South
2025-12-14,2224.0,871.0,871.0,0.0,1353.0,12812.0,0.0,0.0,LM500,South
2025-12-15,6827.0,780.0,780.0,0.0,6047.0,12032.0,0.0,5474.0,LM500,South
2025-12-16,6047.0,597.0,597.0,0.0,5450.0,11435.0,0.0,0.0,LM500,South
2025-12-17,5450.0,696.0,696.0,0.0,4754.0,10739.0,0.0,0.0,LM500,South
2025-12-18,4754.0,806.0,806.0,0.0,3948.0,9933.0,0.0,0.0,LM500,South
2025-12-19,3948.0,692.0,692.0,0.0,3256.0,9241.0,0.0,0.0,LM500,South
2025-12-20,3256.0,889.0,889.0,0.0,2367.0,8352.0,0.0,0.0,LM500,South
2025-12-21,2367.0,872.0,872.0,0.0,1495.0,7480.0,6203.0,0.0,LM500,South
2025-12-22,1495.0,779.0,779.0,0.0,716.0,12904.0,0.0,0.0,LM500,South
2025-12-23,6701.0,742.0,742.0,0.0,5959.0,12162.0,0.0,5985.0,LM500,South
2025-12-24,5959.0,770.0,770.0,0.0,5189.0,11392.0,0.0,0.0,LM500,South
2025-12-25,5189.0,852.0,852.0,0.0,4337.0,10540.0,0.0,0.0,LM500,South
2025-12-26,4337.0,694.0,694.0,0.0,3643.0,9846.0,0.0,0.0,LM500,South
2025-12-27,3643.0,986.0,986.0,0.0,2657.0,8860.0,0.0,0.0,LM500,South
2025-12-28,2657.0,1061.0,1061.0,0.0,1596.0,7799.0,5884.0,0.0,LM500,South
2025-12-29,1596.0,649.0,649.0,0.0,947.0,13034.0,0.0,0.0,LM500,South
2025-12-30,947.0,1084.0,947.0,137.0,0.0,12087.0,0.0,0.0,LM500,South
2025-12-31,6203.0,625.0,625.0,0.0,5578.0,11462.0,0.0,6203.0,LM500,South
2025-07-01,13469.0,687.0,687.0,0.0,12782.0,12782.0,0.0,0.0,LM500,West
2025-07-02,12782.0,774.0,774.0,0.0,12008.0,12008.0,0.0,0.0,LM500,West
2025-07-03,12008.0,718.0,718.0,0.0,11290.0,11290.0,0.0,0.0,LM500,West
2025-07-04,11290.0,825.0,825.0,0.0,10465.0,10465.0,0.0,0.0,LM500,West
2025-07-05,10465.0,896.0,896.0,0.0,9569.0,9569.0,0.0,0.0,LM500,West
2025-07-06,9569.0,968.0,968.0,0.0,8601.0,8601.0,0.0,0.0,LM500,West
2025-07-07,8601.0,967.0,967.0,0.0,7634.0,7634.0,5835.0,0.0,LM500,West
2025-07-08,7634.0,890.0,890.0,0.0,6744.0,12579.0,0.0,0.0,LM500,West
2025-07-09,6744.0,830.0,830.0,0.0,5914.0,11749.0,0.0,0.0,LM500,West
2025-07-10,5914.0,878.0,878.0,0.0,5036.0,10871.0,0.0,0.0,LM500,West
2025-07-11,5036.0,751.0,751.0,0.0,4285.0,10120.0,0.0,0.0,LM500,West
2025-07-12,4285.0,997.0,997.0,0.0,3288.0,9123.0,0.0,0.0,LM500,West
2025-07-13,3288.0,993.0,993.0,0.0,2295.0,8130.0,0.0,0.0,LM500,West
2025-07-14,2295.0,1066.0,1066.0,0.0,1229.0,7064.0,6405.0,0.0,LM500,West
2025-07-15,1229.0,895.0,895.0,0.0,334.0,12574.0,0.0,0.0,LM500,West
2025-07-16,6169.0,954.0,954.0,0.0,5215.0,11620.0,0.0,5835.0,LM500,West
2025-07-17,5215.0,801.0,801.0,0.0,4414.0,10819.0,0.0,0.0,LM500,West
2025-07-18,4414.0,717.0,717.0,0.0,3697.0,10102.0,0.0,0.0,LM500,West
2025-07-19,3697.0,978.0,978.0,0.0,2719.0,9124.0,0.0,0.0,LM500,West
2025-07-20,2719.0,901.0,901.0,0.0,1818.0,8223.0,0.0,0.0,LM500,West
2025-07-21,1818.0,996.0,996.0,0.0,822.0,7227.0,6242.0,0.0,LM500,West
2025-07-22,822.0,997.0,822.0,175.0,0.0,12647.0,0.0,0.0,LM500,West
2025-07-23,6405.0,912.0,912.0,0.0,5493.0,11735.0,0.0,6405.0,LM500,West
2025-07-24,5493.0,771.0,771.0,0.0,4722.0,10964.0,0.0,0.0,LM500,West
2025-07-25,4722.0,1167.0,1167.0,0.0,3555.0,9797.0,0.0,0.0,LM500,West
2025-07-26,3555.0,837.0,837.0,0.0,2718.0,8960.0,0.0,0.0,LM500,West
2025-07-27,2718.0,1249.0,1249.0,0.0,1469.0,7711.0,5758.0,0.0,LM500,West
2025-07-28,1469.0,912.0,912.0,0.0,557.0,12557.0,0.0,0.0,LM500,West
2025-07-29,557.0,709.0,557.0,152.0,0.0,12000.0,0.0,0.0,LM500,West
2025-07-30,6242.0,867.0,867.0,0.0,5375.0,11133.0,0.0,6242.0,LM500,West
2025-07-31,5375.0,781.0,781.0,0.0,4594.0,10352.0,0.0,0.0,LM500,West
2025-08-01,4594.0,628.0,628.0,0.0,3966.0,9724.0,0.0,0.0,LM500,West
2025-08-02,3966.0,928.0,928.0,0.0,3038.0,8796.0,0.0,0.0,LM500,West
2025-08-03,3038.0,925.0,925.0,0.0,2113.0,7871.0,0.0,0.0,LM500,West
2025-08-04,2113.0,644.0,644.0,0.0,1469.0,7227.0,6242.0,0.0,LM500,West
2025-08-05,7227.0,712.0,712.0,0.0,6515.0,12757.0,0.0,5758.0,LM500,West
2025-08-06,6515.0,728.0,728.0,0.0,5787.0,12029.0,0.0,0.0,LM500,West
2025-08-07,5787.0,600.0,600.0,0.0,5187.0,11429.0,0.0,0.0,LM500,West
2025-08-08,5187.0,872.0,872.0,0.0,4315.0,10557.0,0.0,0.0,LM500,West
2025-08-09,4315.0,1033.0,1033.0,0.0,3282.0,9524.0,0.0,0.0,LM500,West
2025-08-10,3282.0,1008.0,1008.0,0.0,2274.0,8516.0,0.0,0.0,LM500,West
2025-08-11,2274.0,818.0,818.0,0.0,1456.0,7698.0,5771.0,0.0,LM500,West
2025-08-12,1456.0,762.0,762.0,0.0,694.0,12707.0,0.0,0.0,LM500,West
2025-08-13,6936.0,818.0,818.0,0.0,6118.0,11889.0,0.0,6242.0,LM500,West
2025-08-14,6118.0,767.0,767.0,0.0,5351.0,11122.0,0.0,0.0,LM500,West
2025-08-15,5351.0,879.0,879.0,0.0,4472.0,10243.0,0.0,0.0,LM500,West
2025-08-16,4472.0,992.0,992.0,0.0,3480.0,9251.0,0.0,0.0,LM500,West
2025-08-17,3480.0,894.0,894.0,0.0,2586.0,8357.0,0.0,0.0,LM500,West
2025-08-18,2586.0,603.0,603.0,0.0,1983.0,7754.0,5715.0,0.0,LM500,West
2025-08-19,1983.0,613.0,613.0,0.0,1370.0,12856.0,0.0,0.0,LM500,West
2025-08-20,7141.0,768.0,768.0,0.0,6373.0,12088.0,0.0,5771.0,LM500,West
2025-08-21,6373.0,784.0,784.0,0.0,5589.0,11304.0,0.0,0.0,LM500,West
2025-08-22,5589.0,722.0,722.0,0.0,4867.0,10582.0,0.0,0.0,LM500,West
2025-08-23,4867.0,1024.0,1024.0,0.0,3843.0,9558.0,0.0,0.0,LM500,West
2025-08-24,3843.0,1045.0,1045.0,0.0,2798.0,8513.0,0.0,0.0,LM500,West
2025-08-25,2798.0,830.0,830.0,0.0,1968.0,7683.0,5786.0,0.0,LM500,West
2025-08-26,1968.0,781.0,781.0,0.0,1187.0,12688.0,0.0,0.0,LM500,West
2025-08-27,6902.0,651.0,651.0,0.0,6251.0,12037.0,0.0,5715.0,LM500,West
2025-08-28,6251.0,953.0,953.0,0.0,5298.0,11084.0,0.0,0.0,LM500,West
2025-08-29,5298.0,824.0,824.0,0.0,4474.0,10260.0,0.0,0.0,LM500,West
2025-08-30,4474.0,720.0,720.0,0.0,3754.0,9540.0,0.0,0.0,LM500,West
2025-08-31,3754.0,797.0,797.0,0.0,2957.0,8743.0,0.0,0.0,LM500,West
2025-09-01,2957.0,773.0,773.0,0.0,2184.0,7970.0,0.0,0.0,LM500,West
2025-09-02,2184.0,709.0,709.0,0.0,1475.0,7261.0,6208.0,0.0,LM500,West
2025-09-03,7261.0,819.0,819.0,0.0,6442.0,12650.0,0.0,5786.0,LM500,West
2025-09-04,6442.0,707.0,707.0,0.0,5735.0,11943.0,0.0,0.0,LM500,West
2025-09-05,5735.0,779.0,779.0,0.0,4956.0,11164.0,0.0,0.0,LM500,West
2025-09-06,4956.0,843.0,843.0,0.0,4113.0,10321.0,0.0,0.0,LM500,West
2025-09-07,4113.0,1001.0,1001.0,0.0,3112.0,9320.0,0.0,0.0,LM500,West
2025-09-08,3112.0,765.0,765.0,0.0,2347.0,8555.0,0.0,0.0,LM500,West
2025-09-09,2347.0,634.0,634.0,0.0,1713.0,7921.0,0.0,0.0,LM500,West
2025-09-10,1713.0,678.0,678.0,0.0,1035.0,7243.0,6226.0,0.0,LM500,West
2025-09-11,7243.0,805.0,805.0,0.0,6438.0,12664.0,0.0,6208.0,LM500,West
2025-09-12,6438.0,744.0,744.0,0.0,5694.0,11920.0,0.0,0.0,LM500,West
2025-09-13,5694.0,819.0,819.0,0.0,4875.0,11101.0,0.0,0.0,LM500,West
2025-09-14,4875.0,834.0,834.0,0.0,4041.0,10267.0,0.0,0.0,LM500,West
2025-09-15,4041.0,731.0,731.0,0.0,3310.0,9536.0,0.0,0.0,LM500,West
2025-09-16,3310.0,694.0,694.0,0.0,2616.0,8842.0,0.0,0.0,LM500,West
2025-09-17,2616.0,625.0,625.0,0.0,1991.0,8217.0,0.0,0.0,LM500,West
2025-09-18,1991.0,760.0,760.0,0.0,1231.0,7457.0,6012.0,0.0,LM500,West
2025-09-19,7457.0,800.0,800.0,0.0,6657.0,12669.0,0.0,6226.0,LM500,West
2025-09-20,6657.0,1187.0,1187.0,0.0,5470.0,11482.0,0.0,0.0,LM500,West
2025-09-21,5470.0,893.0,893.0,0.0,4577.0,10589.0,0.0,0.0,LM500,West
2025-09-22,4577.0,837.0,837.0,0.0,3740.0,9752.0,0.0,0.0,LM500,West
2025-09-23,3740.0,636.0,636.0,0.0,3104.0,9116.0,0.0,0.0,LM500,West
2025-09-24,3104.0,794.0,794.0,0.0,2310.0,8322.0,0.0,0.0,LM500,West
2025-09-25,2310.0,532.0,532.0,0.0,1778.0,7790.0,0.0,0.0,LM500,West
2025-09-26,1778.0,823.0,823.0,0.0,955.0,6967.0,6502.0,0.0,LM500,West
2025-09-27,6967.0,841.0,841.0,0.0,6126.0,12628.0,0.0,6012.0,LM500,West
2025-09-28,6126.0,869.0,869.0,0.0,5257.0,11759.0,0.0,0.0,LM500,West
2025-09-29,5257.0,718.0,718.0,0.0,4539.0,11041.0,0.0,0.0,LM500,West
2025-09-30,4539.0,817.0,817.0,0.0,3722.0,10224.0,0.0,0.0,LM500,West
2025-10-01,3722.0,732.0,732.0,0.0,2990.0,9492.0,0.0,0.0,LM500,West
2025-10-02,2990.0,977.0,977.0,0.0,2013.0,8515.0,0.0,0.0,LM500,West
2025-10-03,2013.0,822.0,822.0,0.0,1191.0,7693.0,5776.0,0.0,LM500,West
2025-10-04,1191.0,1045.0,1045.0,0.0,146.0,12424.0,0.0,0.0,LM500,West
2025-10-05,6648.0,783.0,783.0,0.0,5865.0,11641.0,0.0,6502.0,LM500,West
2025-10-06,5865.0,797.0,797.0,0.0,5068.0,10844.0,0.0,0.0,LM500,West
2025-10-07,5068.0,667.0,667.0,0.0,4401.0,10177.0,0.0,0.0,LM500,West
2025-10-08,4401.0,789.0,789.0,0.0,3612.0,9388.0,0.0,0.0,LM500,West
2025-10-09,3612.0,656.0,656.0,0.0,2956.0,8732.0,0.0,0.0,LM500,West
2025-10-10,2956.0,854.0,854.0,0.0,2102.0,7878.0,0.0,0.0,LM500,West
2025-10-11,2102.0,819.0,819.0,0.0,1283.0,7059.0,6410.0,0.0,LM500,West
2025-10-12,7059.0,872.0,872.0,0.0,6187.0,12597.0,0.0,5776.0,LM500,West
2025-10-13,6187.0,787.0,787.0,0.0,5400.0,11810.0,0.0,0.0,LM500,West
2025-10-14,5400.0,669.0,669.0,0.0,4731.0,11141.0,0.0,0.0,LM500,West
2025-10-15,4731.0,818.0,818.0,0.0,3913.0,10323.0,0.0,0.0,LM500,West
2025-10-16,3913.0,770.0,770.0,0.0,3143.0,9553.0,0.0,0.0,LM500,West
2025-10-17,3143.0,767.0,767.0,0.0,2376.0,8786.0,0.0,0.0,LM500,West
2025-10-18,2376.0,982.0,982.0,0.0,1394.0,7804.0,0.0,0.0,LM500,West
2025-10-19,1394.0,1040.0,1040.0,0.0,354.0,6764.0,6705.0,0.0,LM500,West
2025-10-20,6764.0,1064.0,1064.0,0.0,5700.0,12405.0,0.0,6410.0,LM500,West
2025-10-21,5700.0,710.0,710.0,0.0,4990.0,11695.0,0.0,0.0,LM500,West
2025-10-22,4990.0,948.0,948.0,0.0,4042.0,10747.0,0.0,0.0,LM500,West
2025-10-23,4042.0,765.0,765.0,0.0,3277.0,9982.0,0.0,0.0,LM500,West
2025-10-24,3277.0,753.0,753.0,0.0,2524.0,9229.0,0.0,0.0,LM500,West
2025-10-25,2524.0,798.0,798.0,0.0,1726.0,8431.0,0.0,0.0,LM500,West
2025-10-26,1726.0,841.0,841.0,0.0,885.0,7590.0,5879.0,0.0,LM500,West
2025-10-27,885.0,793.0,793.0,0.0,92.0,12676.0,0.0,0.0,LM500,West
2025-10-28,6797.0,612.0,612.0,0.0,6185.0,12064.0,0.0,6705.0,LM500,West
2025-10-29,6185.0,699.0,699.0,0.0,5486.0,11365.0,0.0,0.0,LM500,West
2025-10-30,5486.0,660.0,660.0,0.0,4826.0,10705.0,0.0,0.0,LM500,West
2025-10-31,4826.0,743.0,743.0,0.0,4083.0,9962.0,0.0,0.0,LM500,West
2025-11-01,4083.0,955.0,955.0,0.0,3128.0,9007.0,0.0,0.0,LM500,West
2025-11-02,3128.0,783.0,783.0,0.0,2345.0,8224.0,0.0,0.0,LM500,West
2025-11-03,2345.0,706.0,706.0,0.0,1639.0,7518.0,5951.0,0.0,LM500,West
2025-11-04,7518.0,786.0,786.0,0.0,6732.0,12683.0,0.0,5879.0,LM500,West
2025-11-05,6732.0,1027.0,1027.0,0.0,5705.0,11656.0,0.0,0.0,LM500,West
2025-11-06,5705.0,797.0,797.0,0.0,4908.0,10859.0,0.0,0.0,LM500,West
2025-11-07,4908.0,608.0,608.0,0.0,4300.0,10251.0,0.0,0.0,LM500,West
2025-11-08,4300.0,1126.0,1126.0,0.0,3174.0,9125.0,0.0,0.0,LM500,West
2025-11-09,3174.0,779.0,779.0,0.0,2395.0,8346.0,0.0,0.0,LM500,West
2025-11-10,2395.0,808.0,808.0,0.0,1587.0,7538.0,5931.0,0.0,LM500,West
2025-11-11,1587.0,819.0,819.0,0.0,768.0,12650.0,0.0,0.0,LM500,West
2025-11-12,6719.0,800.0,800.0,0.0,5919.0,11850.0,0.0,5951.0,LM500,West
2025-11-13,5919.0,735.0,735.0,0.0,5184.0,11115.0,0.0,0.0,LM500,West
2025-11-14,5184.0,786.0,786.0,0.0,4398.0,10329.0,0.0,0.0,LM500,West
2025-11-15,4398.0,731.0,731.0,0.0,3667.0,9598.0,0.0,0.0,LM500,West
2025-11-16,3667.0,1006.0,1006.0,0.0,2661.0,8592.0,0.0,0.0,LM500,West
2025-11-17,2661.0,771.0,771.0,0.0,1890.0,7821.0,0.0,0.0,LM500,West
2025-11-18,1890.0,727.0,727.0,0.0,1163.0,7094.0,6375.0,0.0,LM500,West
2025-11-19,7094.0,814.0,814.0,0.0,6280.0,12655.0,0.0,5931.0,LM500,West
2025-11-20,6280.0,667.0,667.0,0.0,5613.0,11988.0,0.0,0.0,LM500,West
2025-11-21,5613.0,1079.0,1079.0,0.0,4534.0,10909.0,0.0,0.0,LM500,West
2025-11-22,4534.0,758.0,758.0,0.0,3776.0,10151.0,0.0,0.0,LM500,West
2025-11-23,3776.0,877.0,877.0,0.0,2899.0,9274.0,0.0,0.0,LM500,West
2025-11-24,2899.0,773.0,773.0,0.0,2126.0,8501.0,0.0,0.0,LM500,West
2025-11-25,2126.0,740.0,740.0,0.0,1386.0,7761.0,5708.0,0.0,LM500,West
2025-11-26,1386.0,786.0,786.0,0.0,600.0,12683.0,0.0,0.0,LM500,West
2025-11-27,6975.0,819.0,819.0,0.0,6156.0,11864.0,0.0,6375.0,LM500,West
2025-11-28,6156.0,826.0,826.0,0.0,5330.0,11038.0,0.0,0.0,LM500,West
2025-11-29,5330.0,805.0,805.0,0.0,4525.0,10233.0,0.0,0.0,LM500,West
2025-11-30,4525.0,758.0,758.0,0.0,3767.0,9475.0,0.0,0.0,LM500,West
2025-12-01,3767.0,643.0,643.0,0.0,3124.0,8832.0,0.0,0.0,LM500,West
2025-12-02,3124.0,727.0,727.0,0.0,2397.0,8105.0,0.0,0.0,LM500,West
2025-12-03,2397.0,745.0,745.0,0.0,1652.0,7360.0,6109.0,0.0,LM500,West
2025-12-04,7360.0,884.0,884.0,0.0,6476.0,12585.0,0.0,5708.0,LM500,West
2025-12-05,6476.0,712.0,712.0,0.0,5764.0,11873.0,0.0,0.0,LM500,West
2025-12-06,5764.0,895.0,895.0,0.0,4869.0,10978.0,0.0,0.0,LM500,West
2025-12-07,4869.0,842.0,842.0,0.0,4027.0,10136.0,0.0,0.0,LM500,West
2025-12-08,4027.0,819.0,819.0,0.0,3208.0,9317.0,0.0,0.0,LM500,West
2025-12-09,3208.0,689.0,689.0,0.0,2519.0,8628.0,0.0,0.0,LM500,West
2025-12-10,2519.0,640.0,640.0,0.0,1879.0,7988.0,0.0,0.0,LM500,West
2025-12-11,1879.0,910.0,910.0,0.0,969.0,7078.0,6391.0,0.0,LM500,West
2025-12-12,7078.0,740.0,740.0,0.0,6338.0,12729.0,0.0,6109.0,LM500,West
2025-12-13,6338.0,924.0,924.0,0.0,5414.0,11805.0,0.0,0.0,LM500,West
2025-12-14,5414.0,945.0,945.0,0.0,4469.0,10860.0,0.0,0.0,LM500,West
2025-12-15,4469.0,679.0,679.0,0.0,3790.0,10181.0,0.0,0.0,LM500,West
2025-12-16,3790.0,716.0,716.0,0.0,3074.0,9465.0,0.0,0.0,LM500,West
2025-12-17,3074.0,799.0,799.0,0.0,2275.0,8666.0,0.0,0.0,LM500,West
2025-12-18,2275.0,801.0,801.0,0.0,1474.0,7865.0,0.0,0.0,LM500,West
2025-12-19,1474.0,825.0,825.0,0.0,649.0,7040.0,6429.0,0.0,LM500,West
2025-12-20,7040.0,829.0,829.0,0.0,6211.0,12640.0,0.0,6391.0,LM500,West
2025-12-21,6211.0,829.0,829.0,0.0,5382.0,11811.0,0.0,0.0,LM500,West
2025-12-22,5382.0,753.0,753.0,0.0,4629.0,11058.0,0.0,0.0,LM500,West
2025-12-23,4629.0,666.0,666.0,0.0,3963.0,10392.0,0.0,0.0,LM500,West
2025-12-24,3963.0,830.0,830.0,0.0,3133.0,9562.0,0.0,0.0,LM500,West
2025-12-25,3133.0,744.0,744.0,0.0,2389.0,8818.0,0.0,0.0,LM500,West
2025-12-26,2389.0,847.0,847.0,0.0,1542.0,7971.0,0.0,0.0,LM500,West
2025-12-27,1542.0,825.0,825.0,0.0,717.0,7146.0,6323.0,0.0,LM500,West
2025-12-28,7146.0,938.0,938.0,0.0,6208.0,12531.0,0.0,6429.0,LM500,West
2025-12-29,6208.0,730.0,730.0,0.0,5478.0,11801.0,0.0,0.0,LM500,West
2025-12-30,5478.0,774.0,774.0,0.0,4704.0,11027.0,0.0,0.0,LM500,West
2025-12-31,4704.0,765.0,765.0,0.0,3939.0,10262.0,0.0,0.0,LM500,West
2025-07-01,5845.0,399.0,399.0,0.0,5446.0,5446.0,0.0,0.0,OR1000,Central
2025-07-02,5446.0,364.0,364.0,0.0,5082.0,5082.0,0.0,0.0,OR1000,Central
2025-07-03,5082.0,322.0,322.0,0.0,4760.0,4760.0,0.0,0.0,OR1000,Central
2025-07-04,4760.0,359.0,359.0,0.0,4401.0,4401.0,0.0,0.0,OR1000,Central
2025-07-05,4401.0,480.0,480.0,0.0,3921.0,3921.0,0.0,0.0,OR1000,Central
2025-07-06,3921.0,422.0,422.0,0.0,3499.0,3499.0,0.0,0.0,OR1000,Central
2025-07-07,3499.0,388.0,388.0,0.0,3111.0,3111.0,2734.0,0.0,OR1000,Central
2025-07-08,3111.0,410.0,410.0,0.0,2701.0,5435.0,0.0,0.0,OR1000,Central
2025-07-09,2701.0,350.0,350.0,0.0,2351.0,5085.0,0.0,0.0,OR1000,Central
2025-07-10,2351.0,290.0,290.0,0.0,2061.0,4795.0,0.0,0.0,OR1000,Central
2025-07-11,2061.0,424.0,424.0,0.0,1637.0,4371.0,0.0,0.0,OR1000,Central
2025-07-12,1637.0,424.0,424.0,0.0,1213.0,3947.0,0.0,0.0,OR1000,Central
2025-07-13,1213.0,408.0,408.0,0.0,805.0,3539.0,0.0,0.0,OR1000,Central
2025-07-14,805.0,410.0,410.0,0.0,395.0,3129.0,2716.0,0.0,OR1000,Central
2025-07-15,3129.0,423.0,423.0,0.0,2706.0,5422.0,0.0,2734.0,OR1000,Central
2025-07-16,2706.0,443.0,443.0,0.0,2263.0,4979.0,0.0,0.0,OR1000,Central
2025-07-17,2263.0,320.0,320.0,0.0,1943.0,4659.0,0.0,0.0,OR1000,Central
2025-07-18,1943.0,500.0,500.0,0.0,1443.0,4159.0,0.0,0.0,OR1000,Central
2025-07-19,1443.0,680.0,680.0,0.0,763.0,3479.0,0.0,0.0,OR1000,Central
2025-07-20,763.0,494.0,494.0,0.0,269.0,2985.0,2860.0,0.0,OR1000,Central
2025-07-21,269.0,343.0,269.0,74.0,0.0,5576.0,0.0,0.0,OR1000,Central
2025-07-22,2716.0,404.0,404.0,0.0,2312.0,5172.0,0.0,2716.0,OR1000,Central
2025-07-23,2312.0,404.0,404.0,0.0,1908.0,4768.0,0.0,0.0,OR1000,Central
2025-07-24,1908.0,444.0,444.0,0.0,1464.0,4324.0,0.0,0.0,OR1000,Central
2025-07-25,1464.0,399.0,399.0,0.0,1065.0,3925.0,0.0,0.0,OR1000,Central
2025-07-26,1065.0,429.0,429.0,0.0,636.0,3496.0,0.0,0.0,OR1000,Central
2025-07-27,636.0,414.0,414.0,0.0,222.0,3082.0,2763.0,0.0,OR1000,Central
2025-07-28,3082.0,400.0,400.0,0.0,2682.0,5445.0,0.0,2860.0,OR1000,Central
2025-07-29,2682.0,409.0,409.0,0.0,2273.0,5036.0,0.0,0.0,OR1000,Central
2025-07-30,2273.0,552.0,552.0,0.0,1721.0,4484.0,0.0,0.0,OR1000,Central
2025-07-31,1721.0,361.0,361.0,0.0,1360.0,4123.0,0.0,0.0,OR1000,Central
2025-08-01,1360.0,373.0,373.0,0.0,987.0,3750.0,0.0,0.0,OR1000,Central
2025-08-02,987.0,542.0,542.0,0.0,445.0,3208.0,0.0,0.0,OR1000,Central
2025-08-03,445.0,487.0,445.0,42.0,0.0,2763.0,3082.0,0.0,OR1000,Central
2025-08-04,2763.0,329.0,329.0,0.0,2434.0,5516.0,0.0,2763.0,OR1000,Central
2025-08-05,2434.0,350.0,350.0,0.0,2084.0,5166.0,0.0,0.0,OR1000,Central
2025-08-06,2084.0,277.0,277.0,0.0,1807.0,4889.0,0.0,0.0,OR1000,Central
2025-08-07,1807.0,363.0,363.0,0.0,1444.0,4526.0,0.0,0.0,OR1000,Central
2025-08-08,1444.0,369.0,369.0,0.0,1075.0,4157.0,0.0,0.0,OR1000,Central
2025-08-09,1075.0,489.0,489.0,0.0,586.0,3668.0,0.0,0.0,OR1000,Central
2025-08-10,586.0,384.0,384.0,0.0,202.0,3284.0,0.0,0.0,OR1000,Central
2025-08-11,3284.0,358.0,358.0,0.0,2926.0,2926.0,2919.0,3082.0,OR1000,Central
2025-08-12,2926.0,370.0,370.0,0.0,2556.0,5475.0,0.0,0.0,OR1000,Central
2025-08-13,2556.0,312.0,312.0,0.0,2244.0,5163.0,0.0,0.0,OR1000,Central
2025-08-14,2244.0,410.0,410.0,0.0,1834.0,4753.0,0.0,0.0,OR1000,Central
2025-08-15,1834.0,416.0,416.0,0.0,1418.0,4337.0,0.0,0.0,OR1000,Central
2025-08-16,1418.0,355.0,355.0,0.0,1063.0,3982.0,0.0,0.0,OR1000,Central
2025-08-17,1063.0,384.0,384.0,0.0,679.0,3598.0,0.0,0.0,OR1000,Central
2025-08-18,679.0,313.0,313.0,0.0,366.0,3285.0,0.0,0.0,OR1000,Central
2025-08-19,3285.0,345.0,345.0,0.0,2940.0,2940.0,2905.0,2919.0,OR1000,Central
2025-08-20,2940.0,330.0,330.0,0.0,2610.0,5515.0,0.0,0.0,OR1000,Central
2025-08-21,2610.0,354.0,354.0,0.0,2256.0,5161.0,0.0,0.0,OR1000,Central
2025-08-22,2256.0,394.0,394.0,0.0,1862.0,4767.0,0.0,0.0,OR1000,Central
2025-08-23,1862.0,473.0,473.0,0.0,1389.0,4294.0,0.0,0.0,OR1000,Central
2025-08-24,1389.0,520.0,520.0,0.0,869.0,3774.0,0.0,0.0,OR1000,Central
2025-08-25,869.0,372.0,372.0,0.0,497.0,3402.0,0.0,0.0,OR1000,Central
2025-08-26,497.0,347.0,347.0,0.0,150.0,3055.0,2790.0,0.0,OR1000,Central
2025-08-27,3055.0,319.0,319.0,0.0,2736.0,5526.0,0.0,2905.0,OR1000,Central
2025-08-28,2736.0,289.0,289.0,0.0,2447.0,5237.0,0.0,0.0,OR1000,Central
2025-08-29,2447.0,344.0,344.0,0.0,2103.0,4893.0,0.0,0.0,OR1000,Central
2025-08-30,2103.0,367.0,367.0,0.0,1736.0,4526.0,0.0,0.0,OR1000,Central
2025-08-31,1736.0,372.0,372.0,0.0,1364.0,4154.0,0.0,0.0,OR1000,Central
2025-09-01,1364.0,339.0,339.0,0.0,1025.0,3815.0,0.0,0.0,OR1000,Central
2025-09-02,1025.0,343.0,343.0,0.0,682.0,3472.0,0.0,0.0,OR1000,Central
2025-09-03,3472.0,391.0,391.0,0.0,3081.0,3081.0,2764.0,2790.0,OR1000,Central
2025-09-04,3081.0,317.0,317.0,0.0,2764.0,5528.0,0.0,0.0,OR1000,Central
2025-09-05,2764.0,316.0,316.0,0.0,2448.0,5212.0,0.0,0.0,OR1000,Central
2025-09-06,2448.0,334.0,334.0,0.0,2114.0,4878.0,0.0,0.0,OR1000,Central
2025-09-07,2114.0,331.0,331.0,0.0,1783.0,4547.0,0.0,0.0,OR1000,Central
2025-09-08,1783.0,348.0,348.0,0.0,1435.0,4199.0,0.0,0.0,OR1000,Central
2025-09-09,1435.0,348.0,348.0,0.0,1087.0,3851.0,0.0,0.0,OR1000,Central
2025-09-10,1087.0,280.0,280.0,0.0,807.0,3571.0,0.0,0.0,OR1000,Central
2025-09-11,3571.0,394.0,394.0,0.0,3177.0,3177.0,2668.0,2764.0,OR1000,Central
2025-09-12,3177.0,379.0,379.0,0.0,2798.0,5466.0,0.0,0.0,OR1000,Central
2025-09-13,2798.0,465.0,465.0,0.0,2333.0,5001.0,0.0,0.0,OR1000,Central
2025-09-14,2333.0,503.0,503.0,0.0,1830.0,4498.0,0.0,0.0,OR1000,Central
2025-09-15,1830.0,376.0,376.0,0.0,1454.0,4122.0,0.0,0.0,OR1000,Central
2025-09-16,1454.0,401.0,401.0,0.0,1053.0,3721.0,0.0,0.0,OR1000,Central
2025-09-17,1053.0,401.0,401.0,0.0,652.0,3320.0,0.0,0.0,OR1000,Central
2025-09-18,652.0,403.0,403.0,0.0,249.0,2917.0,2928.0,0.0,OR1000,Central
2025-09-19,2917.0,366.0,366.0,0.0,2551.0,5479.0,0.0,2668.0,OR1000,Central
2025-09-20,2551.0,446.0,446.0,0.0,2105.0,5033.0,0.0,0.0,OR1000,Central
2025-09-21,2105.0,405.0,405.0,0.0,1700.0,4628.0,0.0,0.0,OR1000,Central
2025-09-22,1700.0,433.0,433.0,0.0,1267.0,4195.0,0.0,0.0,OR1000,Central
2025-09-23,1267.0,340.0,340.0,0.0,927.0,3855.0,0.0,0.0,OR1000,Central
2025-09-24,927.0,350.0,350.0,0.0,577.0,3505.0,0.0,0.0,OR1000,Central
2025-09-25,577.0,312.0,312.0,0.0,265.0,3193.0,2652.0,0.0,OR1000,Central
2025-09-26,3193.0,310.0,310.0,0.0,2883.0,5535.0,0.0,2928.0,OR1000,Central
2025-09-27,2883.0,411.0,411.0,0.0,2472.0,5124.0,0.0,0.0,OR1000,Central
2025-09-28,2472.0,444.0,444.0,0.0,2028.0,4680.0,0.0,0.0,OR1000,Central
2025-09-29,2028.0,392.0,392.0,0.0,1636.0,4288.0,0.0,0.0,OR1000,Central
2025-09-30,1636.0,409.0,409.0,0.0,1227.0,3879.0,0.0,0.0,OR1000,Central
2025-10-01,1227.0,397.0,397.0,0.0,830.0,3482.0,0.0,0.0,OR1000,Central
2025-10-02,830.0,379.0,379.0,0.0,451.0,3103.0,2742.0,0.0,OR1000,Central
2025-10-03,3103.0,363.0,363.0,0.0,2740.0,5482.0,0.0,2652.0,OR1000,Central
2025-10-04,2740.0,402.0,402.0,0.0,2338.0,5080.0,0.0,0.0,OR1000,Central
2025-10-05,2338.0,308.0,308.0,0.0,2030.0,4772.0,0.0,0.0,OR1000,Central
2025-10-06,2030.0,354.0,354.0,0.0,1676.0,4418.0,0.0,0.0,OR1000,Central
2025-10-07,1676.0,284.0,284.0,0.0,1392.0,4134.0,0.0,0.0,OR1000,Central
2025-10-08,1392.0,374.0,374.0,0.0,1018.0,3760.0,0.0,0.0,OR1000,Central
2025-10-09,1018.0,388.0,388.0,0.0,630.0,3372.0,0.0,0.0,OR1000,Central
2025-10-10,3372.0,317.0,317.0,0.0,3055.0,3055.0,2790.0,2742.0,OR1000,Central
2025-10-11,3055.0,430.0,430.0,0.0,2625.0,5415.0,0.0,0.0,OR1000,Central
2025-10-12,2625.0,385.0,385.0,0.0,2240.0,5030.0,0.0,0.0,OR1000,Central
2025-10-13,2240.0,359.0,359.0,0.0,1881.0,4671.0,0.0,0.0,OR1000,Central
2025-10-14,1881.0,357.0,357.0,0.0,1524.0,4314.0,0.0,0.0,OR1000,Central
2025-10-15,1524.0,392.0,392.0,0.0,1132.0,3922.0,0.0,0.0,OR1000,Central
2025-10-16,1132.0,277.0,277.0,0.0,855.0,3645.0,0.0,0.0,OR1000,Central
2025-10-17,855.0,353.0,353.0,0.0,502.0,3292.0,0.0,0.0,OR1000,Central
2025-10-18,3292.0,523.0,523.0,0.0,2769.0,2769.0,3076.0,2790.0,OR1000,Central
2025-10-19,2769.0,497.0,497.0,0.0,2272.0,5348.0,0.0,0.0,OR1000,Central
2025-10-20,2272.0,428.0,428.0,0.0,1844.0,4920.0,0.0,0.0,OR1000,Central
2025-10-21,1844.0,328.0,328.0,0.0,1516.0,4592.0,0.0,0.0,OR1000,Central
2025-10-22,1516.0,355.0,355.0,0.0,1161.0,4237.0,0.0,0.0,OR1000,Central
2025-10-23,1161.0,434.0,434.0,0.0,727.0,3803.0,0.0,0.0,OR1000,Central
2025-10-24,727.0,308.0,308.0,0.0,419.0,3495.0,0.0,0.0,OR1000,Central
2025-10-25,419.0,363.0,363.0,0.0,56.0,3132.0,2713.0,0.0,OR1000,Central
2025-10-26,3132.0,417.0,417.0,0.0,2715.0,5428.0,0.0,3076.0,OR1000,Central
2025-10-27,2715.0,390.0,390.0,0.0,2325.0,5038.0,0.0,0.0,OR1000,Central
2025-10-28,2325.0,332.0,332.0,0.0,1993.0,4706.0,0.0,0.0,OR1000,Central
2025-10-29,1993.0,369.0,369.0,0.0,1624.0,4337.0,0.0,0.0,OR1000,Central
2025-10-30,1624.0,335.0,335.0,0.0,1289.0,4002.0,0.0,0.0,OR1000,Central
2025-10-31,1289.0,352.0,352.0,0.0,937.0,3650.0,0.0,0.0,OR1000,Central
2025-11-01,937.0,333.0,333.0,0.0,604.0,3317.0,0.0,0.0,OR1000,Central
2025-11-02,3317.0,364.0,364.0,0.0,2953.0,2953.0,2892.0,2713.0,OR1000,Central
2025-11-03,2953.0,347.0,347.0,0.0,2606.0,5498.0,0.0,0.0,OR1000,Central
2025-11-04,2606.0,356.0,356.0,0.0,2250.0,5142.0,0.0,0.0,OR1000,Central
2025-11-05,2250.0,338.0,338.0,0.0,1912.0,4804.0,0.0,0.0,OR1000,Central
2025-11-06,1912.0,333.0,333.0,0.0,1579.0,4471.0,0.0,0.0,OR1000,Central
2025-11-07,1579.0,339.0,339.0,0.0,1240.0,4132.0,0.0,0.0,OR1000,Central
2025-11-08,1240.0,370.0,370.0,0.0,870.0,3762.0,0.0,0.0,OR1000,Central
2025-11-09,870.0,429.0,429.0,0.0,441.0,3333.0,0.0,0.0,OR1000,Central
2025-11-10,3333.0,406.0,406.0,0.0,2927.0,2927.0,2918.0,2892.0,OR1000,Central
2025-11-11,2927.0,340.0,340.0,0.0,2587.0,5505.0,0.0,0.0,OR1000,Central
2025-11-12,2587.0,319.0,319.0,0.0,2268.0,5186.0,0.0,0.0,OR1000,Central
2025-11-13,2268.0,313.0,313.0,0.0,1955.0,4873.0,0.0,0.0,OR1000,Central
2025-11-14,1955.0,387.0,387.0,0.0,1568.0,4486.0,0.0,0.0,OR1000,Central
2025-11-15,1568.0,365.0,365.0,0.0,1203.0,4121.0,0.0,0.0,OR1000,Central
2025-11-16,1203.0,353.0,353.0,0.0,850.0,3768.0,0.0,0.0,OR1000,Central
2025-11-17,850.0,303.0,303.0,0.0,547.0,3465.0,0.0,0.0,OR1000,Central
2025-11-18,3465.0,489.0,489.0,0.0,2976.0,2976.0,2869.0,2918.0,OR1000,Central
2025-11-19,2976.0,396.0,396.0,0.0,2580.0,5449.0,0.0,0.0,OR1000,Central
2025-11-20,2580.0,361.0,361.0,0.0,2219.0,5088.0,0.0,0.0,OR1000,Central
2025-11-21,2219.0,330.0,330.0,0.0,1889.0,4758.0,0.0,0.0,OR1000,Central
2025-11-22,1889.0,420.0,420.0,0.0,1469.0,4338.0,0.0,0.0,OR1000,Central
2025-11-23,1469.0,344.0,344.0,0.0,1125.0,3994.0,0.0,0.0,OR1000,Central
2025-11-24,1125.0,368.0,368.0,0.0,757.0,3626.0,0.0,0.0,OR1000,Central
2025-11-25,757.0,333.0,333.0,0.0,424.0,3293.0,0.0,0.0,OR1000,Central
2025-11-26,3293.0,423.0,423.0,0.0,2870.0,2870.0,2975.0,2869.0,OR1000,Central
2025-11-27,2870.0,315.0,315.0,0.0,2555.0,5530.0,0.0,0.0,OR1000,Central
2025-11-28,2555.0,377.0,377.0,0.0,2178.0,5153.0,0.0,0.0,OR1000,Central
2025-11-29,2178.0,452.0,452.0,0.0,1726.0,4701.0,0.0,0.0,OR1000,Central
2025-11-30,1726.0,438.0,438.0,0.0,1288.0,4263.0,0.0,0.0,OR1000,Central
2025-12-01,1288.0,347.0,347.0,0.0,941.0,3916.0,0.0,0.0,OR1000,Central
2025-12-02,941.0,374.0,374.0,0.0,567.0,3542.0,0.0,0.0,OR1000,Central
2025-12-03,567.0,385.0,385.0,0.0,182.0,3157.0,2688.0,0.0,OR1000,Central
2025-12-04,3157.0,350.0,350.0,0.0,2807.0,5495.0,0.0,2975.0,OR1000,Central
2025-12-05,2807.0,425.0,425.0,0.0,2382.0,5070.0,0.0,0.0,OR1000,Central
2025-12-06,2382.0,409.0,409.0,0.0,1973.0,4661.0,0.0,0.0,OR1000,Central
2025-12-07,1973.0,529.0,529.0,0.0,1444.0,4132.0,0.0,0.0,OR1000,Central
2025-12-08,1444.0,362.0,362.0,0.0,1082.0,3770.0,0.0,0.0,OR1000,Central
2025-12-09,1082.0,344.0,344.0,0.0,738.0,3426.0,0.0,0.0,OR1000,Central
2025-12-10,738.0,368.0,368.0,0.0,370.0,3058.0,2787.0,0.0,OR1000,Central
2025-12-11,3058.0,302.0,302.0,0.0,2756.0,5543.0,0.0,2688.0,OR1000,Central
2025-12-12,2756.0,380.0,380.0,0.0,2376.0,5163.0,0.0,0.0,OR1000,Central
2025-12-13,2376.0,405.0,405.0,0.0,1971.0,4758.0,0.0,0.0,OR1000,Central
2025-12-14,1971.0,341.0,341.0,0.0,1630.0,4417.0,0.0,0.0,OR1000,Central
2025-12-15,1630.0,355.0,355.0,0.0,1275.0,4062.0,0.0,0.0,OR1000,Central
2025-12-16,1275.0,322.0,322.0,0.0,953.0,3740.0,0.0,0.0,OR1000,Central
2025-12-17,953.0,377.0,377.0,0.0,576.0,3363.0,0.0,0.0,OR1000,Central
2025-12-18,3363.0,334.0,334.0,0.0,3029.0,3029.0,2816.0,2787.0,OR1000,Central
2025-12-19,3029.0,399.0,399.0,0.0,2630.0,5446.0,0.0,0.0,OR1000,Central
2025-12-20,2630.0,364.0,364.0,0.0,2266.0,5082.0,0.0,0.0,OR1000,Central
2025-12-21,2266.0,398.0,398.0,0.0,1868.0,4684.0,0.0,0.0,OR1000,Central
2025-12-22,1868.0,284.0,284.0,0.0,1584.0,4400.0,0.0,0.0,OR1000,Central
2025-12-23,1584.0,343.0,343.0,0.0,1241.0,4057.0,0.0,0.0,OR1000,Central
2025-12-24,1241.0,325.0,325.0,0.0,916.0,3732.0,0.0,0.0,OR1000,Central
2025-12-25,916.0,659.0,659.0,0.0,257.0,3073.0,2772.0,0.0,OR1000,Central
2025-12-26,3073.0,405.0,405.0,0.0,2668.0,5440.0,0.0,2816.0,OR1000,Central
2025-12-27,2668.0,472.0,472.0,0.0,2196.0,4968.0,0.0,0.0,OR1000,Central
2025-12-28,2196.0,363.0,363.0,0.0,1833.0,4605.0,0.0,0.0,OR1000,Central
2025-12-29,1833.0,404.0,404.0,0.0,1429.0,4201.0,0.0,0.0,OR1000,Central
2025-12-30,1429.0,362.0,362.0,0.0,1067.0,3839.0,0.0,0.0,OR1000,Central
2025-12-31,1067.0,360.0,360.0,0.0,707.0,3479.0,0.0,0.0,OR1000,Central
2025-07-01,5388.0,366.0,366.0,0.0,5022.0,5022.0,0.0,0.0,OR1000,East
2025-07-02,5022.0,393.0,393.0,0.0,4629.0,4629.0,0.0,0.0,OR1000,East
2025-07-03,4629.0,386.0,386.0,0.0,4243.0,4243.0,0.0,0.0,OR1000,East
2025-07-04,4243.0,464.0,464.0,0.0,3779.0,3779.0,0.0,0.0,OR1000,East
2025-07-05,3779.0,463.0,463.0,0.0,3316.0,3316.0,0.0,0.0,OR1000,East
2025-07-06,3316.0,482.0,482.0,0.0,2834.0,2834.0,0.0,0.0,OR1000,East
2025-07-07,2834.0,426.0,426.0,0.0,2408.0,2408.0,2980.0,0.0,OR1000,East
2025-07-08,2408.0,448.0,448.0,0.0,1960.0,4940.0,0.0,0.0,OR1000,East
2025-07-09,1960.0,404.0,404.0,0.0,1556.0,4536.0,0.0,0.0,OR1000,East
2025-07-10,1556.0,453.0,453.0,0.0,1103.0,4083.0,0.0,0.0,OR1000,East
2025-07-11,1103.0,383.0,383.0,0.0,720.0,3700.0,0.0,0.0,OR1000,East
2025-07-12,720.0,571.0,571.0,0.0,149.0,3129.0,0.0,0.0,OR1000,East
2025-07-13,3129.0,393.0,393.0,0.0,2736.0,2736.0,0.0,2980.0,OR1000,East
2025-07-14,2736.0,390.0,390.0,0.0,2346.0,2346.0,3042.0,0.0,OR1000,East
2025-07-15,2346.0,502.0,502.0,0.0,1844.0,4886.0,0.0,0.0,OR1000,East
2025-07-16,1844.0,439.0,439.0,0.0,1405.0,4447.0,0.0,0.0,OR1000,East
2025-07-17,1405.0,497.0,497.0,0.0,908.0,3950.0,0.0,0.0,OR1000,East
2025-07-18,908.0,390.0,390.0,0.0,518.0,3560.0,0.0,0.0,OR1000,East
2025-07-19,518.0,419.0,419.0,0.0,99.0,3141.0,0.0,0.0,OR1000,East
2025-07-20,3141.0,570.0,570.0,0.0,2571.0,2571.0,2817.0,3042.0,OR1000,East
2025-07-21,2571.0,435.0,435.0,0.0,2136.0,4953.0,0.0,0.0,OR1000,East
2025-07-22,2136.0,393.0,393.0,0.0,1743.0,4560.0,0.0,0.0,OR1000,East
2025-07-23,1743.0,374.0,374.0,0.0,1369.0,4186.0,0.0,0.0,OR1000,East
2025-07-24,1369.0,345.0,345.0,0.0,1024.0,3841.0,0.0,0.0,OR1000,East
2025-07-25,1024.0,444.0,444.0,0.0,580.0,3397.0,0.0,0.0,OR1000,East
2025-07-26,3397.0,671.0,671.0,0.0,2726.0,2726.0,0.0,2817.0,OR1000,East
2025-07-27,2726.0,504.0,504.0,0.0,2222.0,2222.0,3166.0,0.0,OR1000,East
2025-07-28,2222.0,408.0,408.0,0.0,1814.0,4980.0,0.0,0.0,OR1000,East
2025-07-29,1814.0,386.0,386.0,0.0,1428.0,4594.0,0.0,0.0,OR1000,East
2025-07-30,1428.0,465.0,465.0,0.0,963.0,4129.0,0.0,0.0,OR1000,East
2025-07-31,963.0,436.0,436.0,0.0,527.0,3693.0,0.0,0.0,OR1000,East
2025-08-01,527.0,368.0,368.0,0.0,159.0,3325.0,0.0,0.0,OR1000,East
2025-08-02,3325.0,454.0,454.0,0.0,2871.0,2871.0,0.0,3166.0,OR1000,East
2025-08-03,2871.0,418.0,418.0,0.0,2453.0,2453.0,2935.0,0.0,OR1000,East
2025-08-04,2453.0,402.0,402.0,0.0,2051.0,4986.0,0.0,0.0,OR1000,East
2025-08-05,2051.0,339.0,339.0,0.0,1712.0,4647.0,0.0,0.0,OR1000,East
2025-08-06,1712.0,391.0,391.0,0.0,1321.0,4256.0,0.0,0.0,OR1000,East
2025-08-07,1321.0,342.0,342.0,0.0,979.0,3914.0,0.0,0.0,OR1000,East
2025-08-08,979.0,364.0,364.0,0.0,615.0,3550.0,0.0,0.0,OR1000,East
2025-08-09,3550.0,446.0,446.0,0.0,3104.0,3104.0,0.0,2935.0,OR1000,East
2025-08-10,3104.0,414.0,414.0,0.0,2690.0,2690.0,0.0,0.0,OR1000,East
2025-08-11,2690.0,433.0,433.0,0.0,2257.0,2257.0,3131.0,0.0,OR1000,East
2025-08-12,2257.0,350.0,350.0,0.0,1907.0,5038.0,0.0,0.0,OR1000,East
2025-08-13,1907.0,417.0,417.0,0.0,1490.0,4621.0,0.0,0.0,OR1000,East
2025-08-14,1490.0,349.0,349.0,0.0,1141.0,4272.0,0.0,0.0,OR1000,East
2025-08-15,1141.0,439.0,439.0,0.0,702.0,3833.0,0.0,0.0,OR1000,East
2025-08-16,702.0,414.0,414.0,0.0,288.0,3419.0,0.0,0.0,OR1000,East
2025-08-17,3419.0,416.0,416.0,0.0,3003.0,3003.0,0.0,3131.0,OR1000,East
2025-08-18,3003.0,419.0,419.0,0.0,2584.0,2584.0,0.0,0.0,OR1000,East
2025-08-19,2584.0,366.0,366.0,0.0,2218.0,2218.0,3170.0,0.0,OR1000,East
2025-08-20,2218.0,398.0,398.0,0.0,1820.0,4990.0,0.0,0.0,OR1000,East
2025-08-21,1820.0,355.0,355.0,0.0,1465.0,4635.0,0.0,0.0,OR1000,East
2025-08-22,1465.0,350.0,350.0,0.0,1115.0,4285.0,0.0,0.0,OR1000,East
2025-08-23,1115.0,471.0,471.0,0.0,644.0,3814.0,0.0,0.0,OR1000,East
2025-08-24,644.0,421.0,421.0,0.0,223.0,3393.0,0.0,0.0,OR1000,East
2025-08-25,3393.0,311.0,311.0,0.0,3082.0,3082.0,0.0,3170.0,OR1000,East
2025-08-26,3082.0,362.0,362.0,0.0,2720.0,2720.0,0.0,0.0,OR1000,East
2025-08-27,2720.0,372.0,372.0,0.0,2348.0,2348.0,3040.0,0.0,OR1000,East
2025-08-28,2348.0,367.0,367.0,0.0,1981.0,5021.0,0.0,0.0,OR1000,East
2025-08-29,1981.0,344.0,344.0,0.0,1637.0,4677.0,0.0,0.0,OR1000,East
2025-08-30,1637.0,408.0,408.0,0.0,1229.0,4269.0,0.0,0.0,OR1000,East
2025-08-31,1229.0,452.0,452.0,0.0,777.0,3817.0,0.0,0.0,OR1000,East
2025-09-01,777.0,324.0,324.0,0.0,453.0,3493.0,0.0,0.0,OR1000,East
2025-09-02,3493.0,350.0,350.0,0.0,3143.0,3143.0,0.0,3040.0,OR1000,East
2025-09-03,3143.0,375.0,375.0,0.0,2768.0,2768.0,0.0,0.0,OR1000,East
2025-09-04,2768.0,356.0,356.0,0.0,2412.0,2412.0,2976.0,0.0,OR1000,East
2025-09-05,2412.0,340.0,340.0,0.0,2072.0,5048.0,0.0,0.0,OR1000,East
2025-09-06,2072.0,357.0,357.0,0.0,1715.0,4691.0,0.0,0.0,OR1000,East
2025-09-07,1715.0,488.0,488.0,0.0,1227.0,4203.0,0.0,0.0,OR1000,East
2025-09-08,1227.0,371.0,371.0,0.0,856.0,3832.0,0.0,0.0,OR1000,East
2025-09-09,856.0,375.0,375.0,0.0,481.0,3457.0,0.0,0.0,OR1000,East
2025-09-10,3457.0,356.0,356.0,0.0,3101.0,3101.0,0.0,2976.0,OR1000,East
2025-09-11,3101.0,380.0,380.0,0.0,2721.0,2721.0,0.0,0.0,OR1000,East
2025-09-12,2721.0,362.0,362.0,0.0,2359.0,2359.0,3029.0,0.0,OR1000,East
2025-09-13,2359.0,413.0,413.0,0.0,1946.0,4975.0,0.0,0.0,OR1000,East
2025-09-14,1946.0,469.0,469.0,0.0,1477.0,4506.0,0.0,0.0,OR1000,East
2025-09-15,1477.0,527.0,527.0,0.0,950.0,3979.0,0.0,0.0,OR1000,East
2025-09-16,950.0,379.0,379.0,0.0,571.0,3600.0,0.0,0.0,OR1000,East
2025-09-17,571.0,424.0,424.0,0.0,147.0,3176.0,0.0,0.0,OR1000,East
2025-09-18,3176.0,284.0,284.0,0.0,2892.0,2892.0,0.0,3029.0,OR1000,East
2025-09-19,2892.0,371.0,371.0,0.0,2521.0,2521.0,2867.0,0.0,OR1000,East
2025-09-20,2521.0,467.0,467.0,0.0,2054.0,4921.0,0.0,0.0,OR1000,East
2025-09-21,2054.0,518.0,518.0,0.0,1536.0,4403.0,0.0,0.0,OR1000,East
2025-09-22,1536.0,382.0,382.0,0.0,1154.0,4021.0,0.0,0.0,OR1000,East
2025-09-23,1154.0,395.0,395.0,0.0,759.0,3626.0,0.0,0.0,OR1000,East
2025-09-24,759.0,478.0,478.0,0.0,281.0,3148.0,0.0,0.0,OR1000,East
2025-09-25,3148.0,334.0,334.0,0.0,2814.0,2814.0,0.0,2867.0,OR1000,East
2025-09-26,2814.0,332.0,332.0,0.0,2482.0,2482.0,2906.0,0.0,OR1000,East
2025-09-27,2482.0,454.0,454.0,0.0,2028.0,4934.0,0.0,0.0,OR1000,East
2025-09-28,2028.0,443.0,443.0,0.0,1585.0,4491.0,0.0,0.0,OR1000,East
2025-09-29,1585.0,411.0,411.0,0.0,1174.0,4080.0,0.0,0.0,OR1000,East
2025-09-30,1174.0,294.0,294.0,0.0,880.0,3786.0,0.0,0.0,OR1000,East
2025-10-01,880.0,362.0,362.0,0.0,518.0,3424.0,0.0,0.0,OR1000,East
2025-10-02,3424.0,487.0,487.0,0.0,2937.0,2937.0,0.0,2906.0,OR1000,East
2025-10-03,2937.0,394.0,394.0,0.0,2543.0,2543.0,2845.0,0.0,OR1000,East
2025-10-04,2543.0,394.0,394.0,0.0,2149.0,4994.0,0.0,0.0,OR1000,East
2025-10-05,2149.0,354.0,354.0,0.0,1795.0,4640.0,0.0,0.0,OR1000,East
2025-10-06,1795.0,371.0,371.0,0.0,1424.0,4269.0,0.0,0.0,OR1000,East
2025-10-07,1424.0,312.0,312.0,0.0,1112.0,3957.0,0.0,0.0,OR1000,East
2025-10-08,1112.0,414.0,414.0,0.0,698.0,3543.0,0.0,0.0,OR1000,East
2025-10-09,3543.0,398.0,398.0,0.0,3145.0,3145.0,0.0,2845.0,OR1000,East
2025-10-10,3145.0,422.0,422.0,0.0,2723.0,2723.0,0.0,0.0,OR1000,East
2025-10-11,2723.0,392.0,392.0,0.0,2331.0,2331.0,3057.0,0.0,OR1000,East
2025-10-12,2331.0,393.0,393.0,0.0,1938.0,4995.0,0.0,0.0,OR1000,East
2025-10-13,1938.0,367.0,367.0,0.0,1571.0,4628.0,0.0,0.0,OR1000,East
2025-10-14,1571.0,316.0,316.0,0.0,1255.0,4312.0,0.0,0.0,OR1000,East
2025-10-15,1255.0,383.0,383.0,0.0,872.0,3929.0,0.0,0.0,OR1000,East
2025-10-16,872.0,372.0,372.0,0.0,500.0,3557.0,0.0,0.0,OR1000,East
2025-10-17,3557.0,343.0,343.0,0.0,3214.0,3214.0,0.0,3057.0,OR1000,East
2025-10-18,3214.0,459.0,459.0,0.0,2755.0,2755.0,0.0,0.0,OR1000,East
2025-10-19,2755.0,362.0,362.0,0.0,2393.0,2393.0,2995.0,0.0,OR1000,East
2025-10-20,2393.0,491.0,491.0,0.0,1902.0,4897.0,0.0,0.0,OR1000,East
2025-10-21,1902.0,407.0,407.0,0.0,1495.0,4490.0,0.0,0.0,OR1000,East
2025-10-22,1495.0,382.0,382.0,0.0,1113.0,4108.0,0.0,0.0,OR1000,East
2025-10-23,1113.0,305.0,305.0,0.0,808.0,3803.0,0.0,0.0,OR1000,East
2025-10-24,808.0,336.0,336.0,0.0,472.0,3467.0,0.0,0.0,OR1000,East
2025-10-25,3467.0,422.0,422.0,0.0,3045.0,3045.0,0.0,2995.0,OR1000,East
2025-10-26,3045.0,639.0,639.0,0.0,2406.0,2406.0,2982.0,0.0,OR1000,East
2025-10-27,2406.0,323.0,323.0,0.0,2083.0,5065.0,0.0,0.0,OR1000,East
2025-10-28,2083.0,336.0,336.0,0.0,1747.0,4729.0,0.0,0.0,OR1000,East
2025-10-29,1747.0,300.0,300.0,0.0,1447.0,4429.0,0.0,0.0,OR1000,East
2025-10-30,1447.0,371.0,371.0,0.0,1076.0,4058.0,0.0,0.0,OR1000,East
2025-10-31,1076.0,363.0,363.0,0.0,713.0,3695.0,0.0,0.0,OR1000,East
2025-11-01,3695.0,408.0,408.0,0.0,3287.0,3287.0,0.0,2982.0,OR1000,East
2025-11-02,3287.0,499.0,499.0,0.0,2788.0,2788.0,0.0,0.0,OR1000,East
2025-11-03,2788.0,314.0,314.0,0.0,2474.0,2474.0,2914.0,0.0,OR1000,East
2025-11-04,2474.0,325.0,325.0,0.0,2149.0,5063.0,0.0,0.0,OR1000,East
2025-11-05,2149.0,478.0,478.0,0.0,1671.0,4585.0,0.0,0.0,OR1000,East
2025-11-06,1671.0,469.0,469.0,0.0,1202.0,4116.0,0.0,0.0,OR1000,East
2025-11-07,1202.0,421.0,421.0,0.0,781.0,3695.0,0.0,0.0,OR1000,East
2025-11-08,781.0,519.0,519.0,0.0,262.0,3176.0,0.0,0.0,OR1000,East
2025-11-09,3176.0,369.0,369.0,0.0,2807.0,2807.0,0.0,2914.0,OR1000,East
2025-11-10,2807.0,304.0,304.0,0.0,2503.0,2503.0,2885.0,0.0,OR1000,East
2025-11-11,2503.0,465.0,465.0,0.0,2038.0,4923.0,0.0,0.0,OR1000,East
2025-11-12,2038.0,352.0,352.0,0.0,1686.0,4571.0,0.0,0.0,OR1000,East
2025-11-13,1686.0,347.0,347.0,0.0,1339.0,4224.0,0.0,0.0,OR1000,East
2025-11-14,1339.0,367.0,367.0,0.0,972.0,3857.0,0.0,0.0,OR1000,East
2025-11-15,972.0,493.0,493.0,0.0,479.0,3364.0,0.0,0.0,OR1000,East
2025-11-16,3364.0,517.0,517.0,0.0,2847.0,2847.0,0.0,2885.0,OR1000,East
2025-11-17,2847.0,285.0,285.0,0.0,2562.0,2562.0,2826.0,0.0,OR1000,East
2025-11-18,2562.0,383.0,383.0,0.0,2179.0,5005.0,0.0,0.0,OR1000,East
2025-11-19,2179.0,291.0,291.0,0.0,1888.0,4714.0,0.0,0.0,OR1000,East
2025-11-20,1888.0,384.0,384.0,0.0,1504.0,4330.0,0.0,0.0,OR1000,East
2025-11-21,1504.0,358.0,358.0,0.0,1146.0,3972.0,0.0,0.0,OR1000,East
2025-11-22,1146.0,513.0,513.0,0.0,633.0,3459.0,0.0,0.0,OR1000,East
2025-11-23,3459.0,472.0,472.0,0.0,2987.0,2987.0,0.0,2826.0,OR1000,East
2025-11-24,2987.0,377.0,377.0,0.0,2610.0,2610.0,0.0,0.0,OR1000,East
2025-11-25,2610.0,416.0,416.0,0.0,2194.0,2194.0,3194.0,0.0,OR1000,East
2025-11-26,2194.0,424.0,424.0,0.0,1770.0,4964.0,0.0,0.0,OR1000,East
2025-11-27,1770.0,345.0,345.0,0.0,1425.0,4619.0,0.0,0.0,OR1000,East
2025-11-28,1425.0,376.0,376.0,0.0,1049.0,4243.0,0.0,0.0,OR1000,East
2025-11-29,1049.0,352.0,352.0,0.0,697.0,3891.0,0.0,0.0,OR1000,East
2025-11-30,697.0,500.0,500.0,0.0,197.0,3391.0,0.0,0.0,OR1000,East
2025-12-01,3391.0,446.0,446.0,0.0,2945.0,2945.0,0.0,3194.0,OR1000,East
2025-12-02,2945.0,391.0,391.0,0.0,2554.0,2554.0,2834.0,0.0,OR1000,East
2025-12-03,2554.0,328.0,328.0,0.0,2226.0,5060.0,0.0,0.0,OR1000,East
2025-12-04,2226.0,486.0,486.0,0.0,1740.0,4574.0,0.0,0.0,OR1000,East
2025-12-05,1740.0,337.0,337.0,0.0,1403.0,4237.0,0.0,0.0,OR1000,East
2025-12-06,1403.0,435.0,435.0,0.0,968.0,3802.0,0.0,0.0,OR1000,East
2025-12-07,968.0,416.0,416.0,0.0,552.0,3386.0,0.0,0.0,OR1000,East
2025-12-08,3386.0,417.0,417.0,0.0,2969.0,2969.0,0.0,2834.0,OR1000,East
2025-12-09,2969.0,362.0,362.0,0.0,2607.0,2607.0,0.0,0.0,OR1000,East
2025-12-10,2607.0,445.0,445.0,0.0,2162.0,2162.0,3226.0,0.0,OR1000,East
2025-12-11,2162.0,376.0,376.0,0.0,1786.0,5012.0,0.0,0.0,OR1000,East
2025-12-12,1786.0,355.0,355.0,0.0,1431.0,4657.0,0.0,0.0,OR1000,East
2025-12-13,1431.0,368.0,368.0,0.0,1063.0,4289.0,0.0,0.0,OR1000,East
2025-12-14,1063.0,455.0,455.0,0.0,608.0,3834.0,0.0,0.0,OR1000,East
2025-12-15,608.0,373.0,373.0,0.0,235.0,3461.0,0.0,0.0,OR1000,East
2025-12-16,3461.0,297.0,297.0,0.0,3164.0,3164.0,0.0,3226.0,OR1000,East
2025-12-17,3164.0,341.0,341.0,0.0,2823.0,2823.0,0.0,0.0,OR1000,East
2025-12-18,2823.0,351.0,351.0,0.0,2472.0,2472.0,2916.0,0.0,OR1000,East
2025-12-19,2472.0,421.0,421.0,0.0,2051.0,4967.0,0.0,0.0,OR1000,East
2025-12-20,2051.0,458.0,458.0,0.0,1593.0,4509.0,0.0,0.0,OR1000,East
2025-12-21,1593.0,428.0,428.0,0.0,1165.0,4081.0,0.0,0.0,OR1000,East
2025-12-22,1165.0,336.0,336.0,0.0,829.0,3745.0,0.0,0.0,OR1000,East
2025-12-23,829.0,318.0,318.0,0.0,511.0,3427.0,0.0,0.0,OR1000,East
2025-12-24,3427.0,412.0,412.0,0.0,3015.0,3015.0,0.0,2916.0,OR1000,East
2025-12-25,3015.0,373.0,373.0,0.0,2642.0,2642.0,0.0,0.0,OR1000,East
2025-12-26,2642.0,355.0,355.0,0.0,2287.0,2287.0,3101.0,0.0,OR1000,East
2025-12-27,2287.0,401.0,401.0,0.0,1886.0,4987.0,0.0,0.0,OR1000,East
2025-12-28,1886.0,514.0,514.0,0.0,1372.0,4473.0,0.0,0.0,OR1000,East
2025-12-29,1372.0,417.0,417.0,0.0,955.0,4056.0,0.0,0.0,OR1000,East
2025-12-30,955.0,440.0,440.0,0.0,515.0,3616.0,0.0,0.0,OR1000,East
2025-12-31,515.0,379.0,379.0,0.0,136.0,3237.0,0.0,0.0,OR1000,East
2025-07-01,6104.0,443.0,443.0,0.0,5661.0,5661.0,0.0,0.0,OR1000,North
2025-07-02,5661.0,494.0,494.0,0.0,5167.0,5167.0,0.0,0.0,OR1000,North
2025-07-03,5167.0,459.0,459.0,0.0,4708.0,4708.0,0.0,0.0,OR1000,North
2025-07-04,4708.0,403.0,403.0,0.0,4305.0,4305.0,0.0,0.0,OR1000,North
2025-07-05,4305.0,508.0,508.0,0.0,3797.0,3797.0,0.0,0.0,OR1000,North
2025-07-06,3797.0,477.0,477.0,0.0,3320.0,3320.0,0.0,0.0,OR1000,North
2025-07-07,3320.0,417.0,417.0,0.0,2903.0,2903.0,3201.0,0.0,OR1000,North
2025-07-08,2903.0,420.0,420.0,0.0,2483.0,5684.0,0.0,0.0,OR1000,North
2025-07-09,2483.0,441.0,441.0,0.0,2042.0,5243.0,0.0,0.0,OR1000,North
2025-07-10,2042.0,479.0,479.0,0.0,1563.0,4764.0,0.0,0.0,OR1000,North
2025-07-11,1563.0,410.0,410.0,0.0,1153.0,4354.0,0.0,0.0,OR1000,North
2025-07-12,1153.0,599.0,599.0,0.0,554.0,3755.0,0.0,0.0,OR1000,North
2025-07-13,554.0,486.0,486.0,0.0,68.0,3269.0,0.0,0.0,OR1000,North
2025-07-14,3269.0,422.0,422.0,0.0,2847.0,2847.0,3257.0,3201.0,OR1000,North
2025-07-15,2847.0,473.0,473.0,0.0,2374.0,5631.0,0.0,0.0,OR1000,North
2025-07-16,2374.0,450.0,450.0,0.0,1924.0,5181.0,0.0,0.0,OR1000,North
2025-07-17,1924.0,382.0,382.0,0.0,1542.0,4799.0,0.0,0.0,OR1000,North
2025-07-18,1542.0,439.0,439.0,0.0,1103.0,4360.0,0.0,0.0,OR1000,North
2025-07-19,1103.0,485.0,485.0,0.0,618.0,3875.0,0.0,0.0,OR1000,North
2025-07-20,618.0,618.0,618.0,0.0,0.0,3257.0,0.0,0.0,OR1000,North
2025-07-21,3257.0,385.0,385.0,0.0,2872.0,2872.0,3232.0,3257.0,OR1000,North
2025-07-22,2872.0,382.0,382.0,0.0,2490.0,5722.0,0.0,0.0,OR1000,North
2025-07-23,2490.0,519.0,519.0,0.0,1971.0,5203.0,0.0,0.0,OR1000,North
2025-07-24,1971.0,502.0,502.0,0.0,1469.0,4701.0,0.0,0.0,OR1000,North
2025-07-25,1469.0,505.0,505.0,0.0,964.0,4196.0,0.0,0.0,OR1000,North
2025-07-26,964.0,484.0,484.0,0.0,480.0,3712.0,0.0,0.0,OR1000,North
2025-07-27,480.0,529.0,480.0,49.0,0.0,3232.0,0.0,0.0,OR1000,North
2025-07-28,3232.0,576.0,576.0,0.0,2656.0,2656.0,3448.0,3232.0,OR1000,North
2025-07-29,2656.0,493.0,493.0,0.0,2163.0,5611.0,0.0,0.0,OR1000,North
2025-07-30,2163.0,473.0,473.0,0.0,1690.0,5138.0,0.0,0.0,OR1000,North
2025-07-31,1690.0,409.0,409.0,0.0,1281.0,4729.0,0.0,0.0,OR1000,North
2025-08-01,1281.0,365.0,365.0,0.0,916.0,4364.0,0.0,0.0,OR1000,North
2025-08-02,916.0,407.0,407.0,0.0,509.0,3957.0,0.0,0.0,OR1000,North
2025-08-03,509.0,483.0,483.0,0.0,26.0,3474.0,0.0,0.0,OR1000,North
2025-08-04,3474.0,392.0,392.0,0.0,3082.0,3082.0,3022.0,3448.0,OR1000,North
2025-08-05,3082.0,357.0,357.0,0.0,2725.0,5747.0,0.0,0.0,OR1000,North
2025-08-06,2725.0,404.0,404.0,0.0,2321.0,5343.0,0.0,0.0,OR1000,North
2025-08-07,2321.0,396.0,396.0,0.0,1925.0,4947.0,0.0,0.0,OR1000,North
2025-08-08,1925.0,370.0,370.0,0.0,1555.0,4577.0,0.0,0.0,OR1000,North
2025-08-09,1555.0,437.0,437.0,0.0,1118.0,4140.0,0.0,0.0,OR1000,North
2025-08-10,1118.0,439.0,439.0,0.0,679.0,3701.0,0.0,0.0,OR1000,North
2025-08-11,3701.0,390.0,390.0,0.0,3311.0,3311.0,0.0,3022.0,OR1000,North
2025-08-12,3311.0,361.0,361.0,0.0,2950.0,2950.0,3154.0,0.0,OR1000,North
2025-08-13,2950.0,353.0,353.0,0.0,2597.0,5751.0,0.0,0.0,OR1000,North
2025-08-14,2597.0,388.0,388.0,0.0,2209.0,5363.0,0.0,0.0,OR1000,North
2025-08-15,2209.0,517.0,517.0,0.0,1692.0,4846.0,0.0,0.0,OR1000,North
2025-08-16,1692.0,517.0,517.0,0.0,1175.0,4329.0,0.0,0.0,OR1000,North
2025-08-17,1175.0,443.0,443.0,0.0,732.0,3886.0,0.0,0.0,OR1000,North
2025-08-18,732.0,328.0,328.0,0.0,404.0,3558.0,0.0,0.0,OR1000,North
2025-08-19,3558.0,430.0,430.0,0.0,3128.0,3128.0,2976.0,3154.0,OR1000,North
2025-08-20,3128.0,381.0,381.0,0.0,2747.0,5723.0,0.0,0.0,OR1000,North
2025-08-21,2747.0,407.0,407.0,0.0,2340.0,5316.0,0.0,0.0,OR1000,North
2025-08-22,2340.0,462.0,462.0,0.0,1878.0,4854.0,0.0,0.0,OR1000,North
2025-08-23,1878.0,473.0,473.0,0.0,1405.0,4381.0,0.0,0.0,OR1000,North
2025-08-24,1405.0,415.0,415.0,0.0,990.0,3966.0,0.0,0.0,OR1000,North
2025-08-25,990.0,428.0,428.0,0.0,562.0,3538.0,0.0,0.0,OR1000,North
2025-08-26,3538.0,337.0,337.0,0.0,3201.0,3201.0,0.0,2976.0,OR1000,North
2025-08-27,3201.0,459.0,459.0,0.0,2742.0,2742.0,3362.0,0.0,OR1000,North
2025-08-28,2742.0,386.0,386.0,0.0,2356.0,5718.0,0.0,0.0,OR1000,North
2025-08-29,2356.0,381.0,381.0,0.0,1975.0,5337.0,0.0,0.0,OR1000,North
2025-08-30,1975.0,476.0,476.0,0.0,1499.0,4861.0,0.0,0.0,OR1000,North
2025-08-31,1499.0,416.0,416.0,0.0,1083.0,4445.0,0.0,0.0,OR1000,North
2025-09-01,1083.0,385.0,385.0,0.0,698.0,4060.0,0.0,0.0,OR1000,North
2025-09-02,698.0,391.0,391.0,0.0,307.0,3669.0,0.0,0.0,OR1000,North
2025-09-03,3669.0,359.0,359.0,0.0,3310.0,3310.0,0.0,3362.0,OR1000,North
2025-09-04,3310.0,315.0,315.0,0.0,2995.0,2995.0,3109.0,0.0,OR1000,North
2025-09-05,2995.0,352.0,352.0,0.0,2643.0,5752.0,0.0,0.0,OR1000,North
2025-09-06,2643.0,404.0,404.0,0.0,2239.0,5348.0,0.0,0.0,OR1000,North
2025-09-07,2239.0,482.0,482.0,0.0,1757.0,4866.0,0.0,0.0,OR1000,North
2025-09-08,1757.0,429.0,429.0,0.0,1328.0,4437.0,0.0,0.0,OR1000,North
2025-09-09,1328.0,528.0,528.0,0.0,800.0,3909.0,0.0,0.0,OR1000,North
2025-09-10,800.0,332.0,332.0,0.0,468.0,3577.0,0.0,0.0,OR1000,North
2025-09-11,3577.0,382.0,382.0,0.0,3195.0,3195.0,0.0,3109.0,OR1000,North
2025-09-12,3195.0,362.0,362.0,0.0,2833.0,2833.0,3271.0,0.0,OR1000,North
2025-09-13,2833.0,476.0,476.0,0.0,2357.0,5628.0,0.0,0.0,OR1000,North
2025-09-14,2357.0,561.0,561.0,0.0,1796.0,5067.0,0.0,0.0,OR1000,North
2025-09-15,1796.0,328.0,328.0,0.0,1468.0,4739.0,0.0,0.0,OR1000,North
2025-09-16,1468.0,434.0,434.0,0.0,1034.0,4305.0,0.0,0.0,OR1000,North
2025-09-17,1034.0,458.0,458.0,0.0,576.0,3847.0,0.0,0.0,OR1000,North
2025-09-18,576.0,344.0,344.0,0.0,232.0,3503.0,0.0,0.0,OR1000,North
2025-09-19,3503.0,374.0,374.0,0.0,3129.0,3129.0,2975.0,3271.0,OR1000,North
2025-09-20,3129.0,519.0,519.0,0.0,2610.0,5585.0,0.0,0.0,OR1000,North
2025-09-21,2610.0,474.0,474.0,0.0,2136.0,5111.0,0.0,0.0,OR1000,North
2025-09-22,2136.0,449.0,449.0,0.0,1687.0,4662.0,0.0,0.0,OR1000,North
2025-09-23,1687.0,438.0,438.0,0.0,1249.0,4224.0,0.0,0.0,OR1000,North
2025-09-24,1249.0,510.0,510.0,0.0,739.0,3714.0,0.0,0.0,OR1000,North
2025-09-25,739.0,406.0,406.0,0.0,333.0,3308.0,0.0,0.0,OR1000,North
2025-09-26,3308.0,444.0,444.0,0.0,2864.0,2864.0,3240.0,2975.0,OR1000,North
2025-09-27,2864.0,485.0,485.0,0.0,2379.0,5619.0,0.0,0.0,OR1000,North
2025-09-28,2379.0,596.0,596.0,0.0,1783.0,5023.0,0.0,0.0,OR1000,North
2025-09-29,1783.0,421.0,421.0,0.0,1362.0,4602.0,0.0,0.0,OR1000,North
2025-09-30,1362.0,369.0,369.0,0.0,993.0,4233.0,0.0,0.0,OR1000,North
2025-10-01,993.0,439.0,439.0,0.0,554.0,3794.0,0.0,0.0,OR1000,North
2025-10-02,554.0,464.0,464.0,0.0,90.0,3330.0,0.0,0.0,OR1000,North
2025-10-03,3330.0,386.0,386.0,0.0,2944.0,2944.0,3160.0,3240.0,OR1000,North
2025-10-04,2944.0,424.0,424.0,0.0,2520.0,5680.0,0.0,0.0,OR1000,North
2025-10-05,2520.0,422.0,422.0,0.0,2098.0,5258.0,0.0,0.0,OR1000,North
2025-10-06,2098.0,374.0,374.0,0.0,1724.0,4884.0,0.0,0.0,OR1000,North
2025-10-07,1724.0,410.0,410.0,0.0,1314.0,4474.0,0.0,0.0,OR1000,North
2025-10-08,1314.0,414.0,414.0,0.0,900.0,4060.0,0.0,0.0,OR1000,North
2025-10-09,900.0,442.0,442.0,0.0,458.0,3618.0,0.0,0.0,OR1000,North
2025-10-10,3618.0,378.0,378.0,0.0,3240.0,3240.0,0.0,3160.0,OR1000,North
2025-10-11,3240.0,438.0,438.0,0.0,2802.0,2802.0,3302.0,0.0,OR1000,North
2025-10-12,2802.0,489.0,489.0,0.0,2313.0,5615.0,0.0,0.0,OR1000,North
2025-10-13,2313.0,390.0,390.0,0.0,1923.0,5225.0,0.0,0.0,OR1000,North
2025-10-14,1923.0,445.0,445.0,0.0,1478.0,4780.0,0.0,0.0,OR1000,North
2025-10-15,1478.0,402.0,402.0,0.0,1076.0,4378.0,0.0,0.0,OR1000,North
2025-10-16,1076.0,322.0,322.0,0.0,754.0,4056.0,0.0,0.0,OR1000,North
2025-10-17,754.0,354.0,354.0,0.0,400.0,3702.0,0.0,0.0,OR1000,North
2025-10-18,3702.0,490.0,490.0,0.0,3212.0,3212.0,0.0,3302.0,OR1000,North
2025-10-19,3212.0,379.0,379.0,0.0,2833.0,2833.0,3271.0,0.0,OR1000,North
2025-10-20,2833.0,492.0,492.0,0.0,2341.0,5612.0,0.0,0.0,OR1000,North
2025-10-21,2341.0,348.0,348.0,0.0,1993.0,5264.0,0.0,0.0,OR1000,North
2025-10-22,1993.0,418.0,418.0,0.0,1575.0,4846.0,0.0,0.0,OR1000,North
2025-10-23,1575.0,351.0,351.0,0.0,1224.0,4495.0,0.0,0.0,OR1000,North
2025-10-24,1224.0,368.0,368.0,0.0,856.0,4127.0,0.0,0.0,OR1000,North
2025-10-25,856.0,403.0,403.0,0.0,453.0,3724.0,0.0,0.0,OR1000,North
2025-10-26,3724.0,479.0,479.0,0.0,3245.0,3245.0,0.0,3271.0,OR1000,North
2025-10-27,3245.0,450.0,450.0,0.0,2795.0,2795.0,3309.0,0.0,OR1000,North
2025-10-28,2795.0,358.0,358.0,0.0,2437.0,5746.0,0.0,0.0,OR1000,North
2025-10-29,2437.0,358.0,358.0,0.0,2079.0,5388.0,0.0,0.0,OR1000,North
2025-10-30,2079.0,366.0,366.0,0.0,1713.0,5022.0,0.0,0.0,OR1000,North
2025-10-31,1713.0,508.0,508.0,0.0,1205.0,4514.0,0.0,0.0,OR1000,North
2025-11-01,1205.0,496.0,496.0,0.0,709.0,4018.0,0.0,0.0,OR1000,North
2025-11-02,709.0,429.0,429.0,0.0,280.0,3589.0,0.0,0.0,OR1000,North
2025-11-03,3589.0,367.0,367.0,0.0,3222.0,3222.0,0.0,3309.0,OR1000,North
2025-11-04,3222.0,376.0,376.0,0.0,2846.0,2846.0,3258.0,0.0,OR1000,North
2025-11-05,2846.0,384.0,384.0,0.0,2462.0,5720.0,0.0,0.0,OR1000,North
2025-11-06,2462.0,352.0,352.0,0.0,2110.0,5368.0,0.0,0.0,OR1000,North
2025-11-07,2110.0,360.0,360.0,0.0,1750.0,5008.0,0.0,0.0,OR1000,North
2025-11-08,1750.0,384.0,384.0,0.0,1366.0,4624.0,0.0,0.0,OR1000,North
2025-11-09,1366.0,378.0,378.0,0.0,988.0,4246.0,0.0,0.0,OR1000,North
2025-11-10,988.0,393.0,393.0,0.0,595.0,3853.0,0.0,0.0,OR1000,North
2025-11-11,3853.0,484.0,484.0,0.0,3369.0,3369.0,0.0,3258.0,OR1000,North
2025-11-12,3369.0,402.0,402.0,0.0,2967.0,2967.0,3137.0,0.0,OR1000,North
2025-11-13,2967.0,372.0,372.0,0.0,2595.0,5732.0,0.0,0.0,OR1000,North
2025-11-14,2595.0,449.0,449.0,0.0,2146.0,5283.0,0.0,0.0,OR1000,North
2025-11-15,2146.0,418.0,418.0,0.0,1728.0,4865.0,0.0,0.0,OR1000,North
2025-11-16,1728.0,484.0,484.0,0.0,1244.0,4381.0,0.0,0.0,OR1000,North
2025-11-17,1244.0,449.0,449.0,0.0,795.0,3932.0,0.0,0.0,OR1000,North
2025-11-18,795.0,312.0,312.0,0.0,483.0,3620.0,0.0,0.0,OR1000,North
2025-11-19,3620.0,343.0,343.0,0.0,3277.0,3277.0,0.0,3137.0,OR1000,North
2025-11-20,3277.0,428.0,428.0,0.0,2849.0,2849.0,3255.0,0.0,OR1000,North
2025-11-21,2849.0,529.0,529.0,0.0,2320.0,5575.0,0.0,0.0,OR1000,North
2025-11-22,2320.0,434.0,434.0,0.0,1886.0,5141.0,0.0,0.0,OR1000,North
2025-11-23,1886.0,427.0,427.0,0.0,1459.0,4714.0,0.0,0.0,OR1000,North
2025-11-24,1459.0,438.0,438.0,0.0,1021.0,4276.0,0.0,0.0,OR1000,North
2025-11-25,1021.0,437.0,437.0,0.0,584.0,3839.0,0.0,0.0,OR1000,North
2025-11-26,584.0,401.0,401.0,0.0,183.0,3438.0,0.0,0.0,OR1000,North
2025-11-27,3438.0,523.0,523.0,0.0,2915.0,2915.0,3189.0,3255.0,OR1000,North
2025-11-28,2915.0,366.0,366.0,0.0,2549.0,5738.0,0.0,0.0,OR1000,North
2025-11-29,2549.0,447.0,447.0,0.0,2102.0,5291.0,0.0,0.0,OR1000,North
2025-11-30,2102.0,482.0,482.0,0.0,1620.0,4809.0,0.0,0.0,OR1000,North
2025-12-01,1620.0,363.0,363.0,0.0,1257.0,4446.0,0.0,0.0,OR1000,North
2025-12-02,1257.0,384.0,384.0,0.0,873.0,4062.0,0.0,0.0,OR1000,North
2025-12-03,873.0,431.0,431.0,0.0,442.0,3631.0,0.0,0.0,OR1000,North
2025-12-04,3631.0,350.0,350.0,0.0,3281.0,3281.0,0.0,3189.0,OR1000,North
2025-12-05,3281.0,375.0,375.0,0.0,2906.0,2906.0,3198.0,0.0,OR1000,North
2025-12-06,2906.0,486.0,486.0,0.0,2420.0,5618.0,0.0,0.0,OR1000,North
2025-12-07,2420.0,538.0,538.0,0.0,1882.0,5080.0,0.0,0.0,OR1000,North
2025-12-08,1882.0,409.0,409.0,0.0,1473.0,4671.0,0.0,0.0,OR1000,North
2025-12-09,1473.0,332.0,332.0,0.0,1141.0,4339.0,0.0,0.0,OR1000,North
2025-12-10,1141.0,346.0,346.0,0.0,795.0,3993.0,0.0,0.0,OR1000,North
2025-12-11,795.0,388.0,388.0,0.0,407.0,3605.0,0.0,0.0,OR1000,North
2025-12-12,3605.0,404.0,404.0,0.0,3201.0,3201.0,0.0,3198.0,OR1000,North
2025-12-13,3201.0,467.0,467.0,0.0,2734.0,2734.0,3370.0,0.0,OR1000,North
2025-12-14,2734.0,499.0,499.0,0.0,2235.0,5605.0,0.0,0.0,OR1000,North
2025-12-15,2235.0,353.0,353.0,0.0,1882.0,5252.0,0.0,0.0,OR1000,North
2025-12-16,1882.0,417.0,417.0,0.0,1465.0,4835.0,0.0,0.0,OR1000,North
2025-12-17,1465.0,458.0,458.0,0.0,1007.0,4377.0,0.0,0.0,OR1000,North
2025-12-18,1007.0,384.0,384.0,0.0,623.0,3993.0,0.0,0.0,OR1000,North
2025-12-19,623.0,455.0,455.0,0.0,168.0,3538.0,0.0,0.0,OR1000,North
2025-12-20,3538.0,455.0,455.0,0.0,3083.0,3083.0,3021.0,3370.0,OR1000,North
2025-12-21,3083.0,490.0,490.0,0.0,2593.0,5614.0,0.0,0.0,OR1000,North
2025-12-22,2593.0,366.0,366.0,0.0,2227.0,5248.0,0.0,0.0,OR1000,North
2025-12-23,2227.0,329.0,329.0,0.0,1898.0,4919.0,0.0,0.0,OR1000,North
2025-12-24,1898.0,448.0,448.0,0.0,1450.0,4471.0,0.0,0.0,OR1000,North
2025-12-25,1450.0,425.0,425.0,0.0,1025.0,4046.0,0.0,0.0,OR1000,North
2025-12-26,1025.0,386.0,386.0,0.0,639.0,3660.0,0.0,0.0,OR1000,North
2025-12-27,3660.0,345.0,345.0,0.0,3315.0,3315.0,0.0,3021.0,OR1000,North
2025-12-28,3315.0,403.0,403.0,0.0,2912.0,2912.0,3192.0,0.0,OR1000,North
2025-12-29,2912.0,476.0,476.0,0.0,2436.0,5628.0,0.0,0.0,OR1000,North
2025-12-30,2436.0,536.0,536.0,0.0,1900.0,5092.0,0.0,0.0,OR1000,North
2025-12-31,1900.0,402.0,402.0,0.0,1498.0,4690.0,0.0,0.0,OR1000,North
2025-07-01,8458.0,625.0,625.0,0.0,7833.0,7833.0,0.0,0.0,OR1000,South
2025-07-02,7833.0,525.0,525.0,0.0,7308.0,7308.0,0.0,0.0,OR1000,South
2025-07-03,7308.0,461.0,461.0,0.0,6847.0,6847.0,0.0,0.0,OR1000,South
2025-07-04,6847.0,522.0,522.0,0.0,6325.0,6325.0,0.0,0.0,OR1000,South
2025-07-05,6325.0,542.0,542.0,0.0,5783.0,5783.0,0.0,0.0,OR1000,South
2025-07-06,5783.0,674.0,674.0,0.0,5109.0,5109.0,0.0,0.0,OR1000,South
2025-07-07,5109.0,610.0,610.0,0.0,4499.0,4499.0,3959.0,0.0,OR1000,South
2025-07-08,4499.0,493.0,493.0,0.0,4006.0,7965.0,0.0,0.0,OR1000,South
2025-07-09,4006.0,495.0,495.0,0.0,3511.0,7470.0,0.0,0.0,OR1000,South
2025-07-10,3511.0,448.0,448.0,0.0,3063.0,7022.0,0.0,0.0,OR1000,South
2025-07-11,3063.0,578.0,578.0,0.0,2485.0,6444.0,0.0,0.0,OR1000,South
2025-07-12,2485.0,531.0,531.0,0.0,1954.0,5913.0,0.0,0.0,OR1000,South
2025-07-13,1954.0,752.0,752.0,0.0,1202.0,5161.0,0.0,0.0,OR1000,South
2025-07-14,1202.0,471.0,471.0,0.0,731.0,4690.0,3768.0,0.0,OR1000,South
2025-07-15,731.0,478.0,478.0,0.0,253.0,7980.0,0.0,0.0,OR1000,South
2025-07-16,253.0,543.0,253.0,290.0,0.0,7727.0,0.0,0.0,OR1000,South
2025-07-17,3959.0,420.0,420.0,0.0,3539.0,7307.0,0.0,3959.0,OR1000,South
2025-07-18,3539.0,521.0,521.0,0.0,3018.0,6786.0,0.0,0.0,OR1000,South
2025-07-19,3018.0,774.0,774.0,0.0,2244.0,6012.0,0.0,0.0,OR1000,South
2025-07-20,2244.0,500.0,500.0,0.0,1744.0,5512.0,0.0,0.0,OR1000,South
2025-07-21,1744.0,434.0,434.0,0.0,1310.0,5078.0,3380.0,0.0,OR1000,South
2025-07-22,1310.0,536.0,536.0,0.0,774.0,7922.0,0.0,0.0,OR1000,South
2025-07-23,774.0,517.0,517.0,0.0,257.0,7405.0,0.0,0.0,OR1000,South
2025-07-24,4025.0,484.0,484.0,0.0,3541.0,6921.0,0.0,3768.0,OR1000,South
2025-07-25,3541.0,620.0,620.0,0.0,2921.0,6301.0,0.0,0.0,OR1000,South
2025-07-26,2921.0,538.0,538.0,0.0,2383.0,5763.0,0.0,0.0,OR1000,South
2025-07-27,2383.0,675.0,675.0,0.0,1708.0,5088.0,3370.0,0.0,OR1000,South
2025-07-28,1708.0,398.0,398.0,0.0,1310.0,8060.0,0.0,0.0,OR1000,South
2025-07-29,1310.0,453.0,453.0,0.0,857.0,7607.0,0.0,0.0,OR1000,South
2025-07-30,857.0,499.0,499.0,0.0,358.0,7108.0,0.0,0.0,OR1000,South
2025-07-31,3738.0,496.0,496.0,0.0,3242.0,6612.0,0.0,3380.0,OR1000,South
2025-08-01,3242.0,408.0,408.0,0.0,2834.0,6204.0,0.0,0.0,OR1000,South
2025-08-02,2834.0,614.0,614.0,0.0,2220.0,5590.0,0.0,0.0,OR1000,South
2025-08-03,2220.0,489.0,489.0,0.0,1731.0,5101.0,0.0,0.0,OR1000,South
2025-08-04,1731.0,505.0,505.0,0.0,1226.0,4596.0,3862.0,0.0,OR1000,South
2025-08-05,1226.0,437.0,437.0,0.0,789.0,8021.0,0.0,0.0,OR1000,South
2025-08-06,4159.0,417.0,417.0,0.0,3742.0,7604.0,0.0,3370.0,OR1000,South
2025-08-07,3742.0,460.0,460.0,0.0,3282.0,7144.0,0.0,0.0,OR1000,South
2025-08-08,3282.0,446.0,446.0,0.0,2836.0,6698.0,0.0,0.0,OR1000,South
2025-08-09,2836.0,546.0,546.0,0.0,2290.0,6152.0,0.0,0.0,OR1000,South
2025-08-10,2290.0,549.0,549.0,0.0,1741.0,5603.0,0.0,0.0,OR1000,South
2025-08-11,1741.0,409.0,409.0,0.0,1332.0,5194.0,0.0,0.0,OR1000,South
2025-08-12,1332.0,507.0,507.0,0.0,825.0,4687.0,3771.0,0.0,OR1000,South
2025-08-13,825.0,441.0,441.0,0.0,384.0,8017.0,0.0,0.0,OR1000,South
2025-08-14,4246.0,425.0,425.0,0.0,3821.0,7592.0,0.0,3862.0,OR1000,South
2025-08-15,3821.0,475.0,475.0,0.0,3346.0,7117.0,0.0,0.0,OR1000,South
2025-08-16,3346.0,428.0,428.0,0.0,2918.0,6689.0,0.0,0.0,OR1000,South
2025-08-17,2918.0,550.0,550.0,0.0,2368.0,6139.0,0.0,0.0,OR1000,South
2025-08-18,2368.0,428.0,428.0,0.0,1940.0,5711.0,0.0,0.0,OR1000,South
2025-08-19,1940.0,427.0,427.0,0.0,1513.0,5284.0,0.0,0.0,OR1000,South
2025-08-20,1513.0,584.0,584.0,0.0,929.0,4700.0,3758.0,0.0,OR1000,South
2025-08-21,929.0,359.0,359.0,0.0,570.0,8099.0,0.0,0.0,OR1000,South
2025-08-22,4341.0,452.0,452.0,0.0,3889.0,7647.0,0.0,3771.0,OR1000,South
2025-08-23,3889.0,567.0,567.0,0.0,3322.0,7080.0,0.0,0.0,OR1000,South
2025-08-24,3322.0,463.0,463.0,0.0,2859.0,6617.0,0.0,0.0,OR1000,South
2025-08-25,2859.0,428.0,428.0,0.0,2431.0,6189.0,0.0,0.0,OR1000,South
2025-08-26,2431.0,394.0,394.0,0.0,2037.0,5795.0,0.0,0.0,OR1000,South
2025-08-27,2037.0,408.0,408.0,0.0,1629.0,5387.0,0.0,0.0,OR1000,South
2025-08-28,1629.0,386.0,386.0,0.0,1243.0,5001.0,3457.0,0.0,OR1000,South
2025-08-29,1243.0,431.0,431.0,0.0,812.0,8027.0,0.0,0.0,OR1000,South
2025-08-30,4570.0,550.0,550.0,0.0,4020.0,7477.0,0.0,3758.0,OR1000,South
2025-08-31,4020.0,506.0,506.0,0.0,3514.0,6971.0,0.0,0.0,OR1000,South
2025-09-01,3514.0,539.0,539.0,0.0,2975.0,6432.0,0.0,0.0,OR1000,South
2025-09-02,2975.0,426.0,426.0,0.0,2549.0,6006.0,0.0,0.0,OR1000,South
2025-09-03,2549.0,399.0,399.0,0.0,2150.0,5607.0,0.0,0.0,OR1000,South
2025-09-04,2150.0,446.0,446.0,0.0,1704.0,5161.0,0.0,0.0,OR1000,South
2025-09-05,1704.0,383.0,383.0,0.0,1321.0,4778.0,3680.0,0.0,OR1000,South
2025-09-06,1321.0,420.0,420.0,0.0,901.0,8038.0,0.0,0.0,OR1000,South
2025-09-07,4358.0,451.0,451.0,0.0,3907.0,7587.0,0.0,3457.0,OR1000,South
2025-09-08,3907.0,433.0,433.0,0.0,3474.0,7154.0,0.0,0.0,OR1000,South
2025-09-09,3474.0,363.0,363.0,0.0,3111.0,6791.0,0.0,0.0,OR1000,South
2025-09-10,3111.0,414.0,414.0,0.0,2697.0,6377.0,0.0,0.0,OR1000,South
2025-09-11,2697.0,366.0,366.0,0.0,2331.0,6011.0,0.0,0.0,OR1000,South
2025-09-12,2331.0,433.0,433.0,0.0,1898.0,5578.0,0.0,0.0,OR1000,South
2025-09-13,1898.0,515.0,515.0,0.0,1383.0,5063.0,3395.0,0.0,OR1000,South
2025-09-14,1383.0,446.0,446.0,0.0,937.0,8012.0,0.0,0.0,OR1000,South
2025-09-15,4617.0,442.0,442.0,0.0,4175.0,7570.0,0.0,3680.0,OR1000,South
2025-09-16,4175.0,405.0,405.0,0.0,3770.0,7165.0,0.0,0.0,OR1000,South
2025-09-17,3770.0,440.0,440.0,0.0,3330.0,6725.0,0.0,0.0,OR1000,South
2025-09-18,3330.0,459.0,459.0,0.0,2871.0,6266.0,0.0,0.0,OR1000,South
2025-09-19,2871.0,433.0,433.0,0.0,2438.0,5833.0,0.0,0.0,OR1000,South
2025-09-20,2438.0,499.0,499.0,0.0,1939.0,5334.0,0.0,0.0,OR1000,South
2025-09-21,1939.0,584.0,584.0,0.0,1355.0,4750.0,3708.0,0.0,OR1000,South
2025-09-22,1355.0,422.0,422.0,0.0,933.0,8036.0,0.0,0.0,OR1000,South
2025-09-23,4328.0,453.0,453.0,0.0,3875.0,7583.0,0.0,3395.0,OR1000,South
2025-09-24,3875.0,455.0,455.0,0.0,3420.0,7128.0,0.0,0.0,OR1000,South
2025-09-25,3420.0,472.0,472.0,0.0,2948.0,6656.0,0.0,0.0,OR1000,South
2025-09-26,2948.0,441.0,441.0,0.0,2507.0,6215.0,0.0,0.0,OR1000,South
2025-09-27,2507.0,471.0,471.0,0.0,2036.0,5744.0,0.0,0.0,OR1000,South
2025-09-28,2036.0,531.0,531.0,0.0,1505.0,5213.0,0.0,0.0,OR1000,South
2025-09-29,1505.0,546.0,546.0,0.0,959.0,4667.0,3791.0,0.0,OR1000,South
2025-09-30,959.0,443.0,443.0,0.0,516.0,8015.0,0.0,0.0,OR1000,South
2025-10-01,4224.0,496.0,496.0,0.0,3728.0,7519.0,0.0,3708.0,OR1000,South
2025-10-02,3728.0,618.0,618.0,0.0,3110.0,6901.0,0.0,0.0,OR1000,South
2025-10-03,3110.0,422.0,422.0,0.0,2688.0,6479.0,0.0,0.0,OR1000,South
2025-10-04,2688.0,549.0,549.0,0.0,2139.0,5930.0,0.0,0.0,OR1000,South
2025-10-05,2139.0,529.0,529.0,0.0,1610.0,5401.0,0.0,0.0,OR1000,South
2025-10-06,1610.0,536.0,536.0,0.0,1074.0,4865.0,3593.0,0.0,OR1000,South
2025-10-07,1074.0,457.0,457.0,0.0,617.0,8001.0,0.0,0.0,OR1000,South
2025-10-08,617.0,395.0,395.0,0.0,222.0,7606.0,0.0,0.0,OR1000,South
2025-10-09,4013.0,461.0,461.0,0.0,3552.0,7145.0,0.0,3791.0,OR1000,South
2025-10-10,3552.0,453.0,453.0,0.0,3099.0,6692.0,0.0,0.0,OR1000,South
2025-10-11,3099.0,543.0,543.0,0.0,2556.0,6149.0,0.0,0.0,OR1000,South
2025-10-12,2556.0,411.0,411.0,0.0,2145.0,5738.0,0.0,0.0,OR1000,South
2025-10-13,2145.0,436.0,436.0,0.0,1709.0,5302.0,0.0,0.0,OR1000,South
2025-10-14,1709.0,391.0,391.0,0.0,1318.0,4911.0,3547.0,0.0,OR1000,South
2025-10-15,1318.0,480.0,480.0,0.0,838.0,7978.0,0.0,0.0,OR1000,South
2025-10-16,4431.0,423.0,423.0,0.0,4008.0,7555.0,0.0,3593.0,OR1000,South
2025-10-17,4008.0,470.0,470.0,0.0,3538.0,7085.0,0.0,0.0,OR1000,South
2025-10-18,3538.0,445.0,445.0,0.0,3093.0,6640.0,0.0,0.0,OR1000,South
2025-10-19,3093.0,406.0,406.0,0.0,2687.0,6234.0,0.0,0.0,OR1000,South
2025-10-20,2687.0,538.0,538.0,0.0,2149.0,5696.0,0.0,0.0,OR1000,South
2025-10-21,2149.0,502.0,502.0,0.0,1647.0,5194.0,0.0,0.0,OR1000,South
2025-10-22,1647.0,411.0,411.0,0.0,1236.0,4783.0,3675.0,0.0,OR1000,South
2025-10-23,1236.0,482.0,482.0,0.0,754.0,7976.0,0.0,0.0,OR1000,South
2025-10-24,4301.0,445.0,445.0,0.0,3856.0,7531.0,0.0,3547.0,OR1000,South
2025-10-25,3856.0,471.0,471.0,0.0,3385.0,7060.0,0.0,0.0,OR1000,South
2025-10-26,3385.0,608.0,608.0,0.0,2777.0,6452.0,0.0,0.0,OR1000,South
2025-10-27,2777.0,443.0,443.0,0.0,2334.0,6009.0,0.0,0.0,OR1000,South
2025-10-28,2334.0,483.0,483.0,0.0,1851.0,5526.0,0.0,0.0,OR1000,South
2025-10-29,1851.0,436.0,436.0,0.0,1415.0,5090.0,3368.0,0.0,OR1000,South
2025-10-30,1415.0,427.0,427.0,0.0,988.0,8031.0,0.0,0.0,OR1000,South
2025-10-31,988.0,356.0,356.0,0.0,632.0,7675.0,0.0,0.0,OR1000,South
2025-11-01,4307.0,466.0,466.0,0.0,3841.0,7209.0,0.0,3675.0,OR1000,South
2025-11-02,3841.0,456.0,456.0,0.0,3385.0,6753.0,0.0,0.0,OR1000,South
2025-11-03,3385.0,407.0,407.0,0.0,2978.0,6346.0,0.0,0.0,OR1000,South
2025-11-04,2978.0,377.0,377.0,0.0,2601.0,5969.0,0.0,0.0,OR1000,South
2025-11-05,2601.0,536.0,536.0,0.0,2065.0,5433.0,0.0,0.0,OR1000,South
2025-11-06,2065.0,543.0,543.0,0.0,1522.0,4890.0,3568.0,0.0,OR1000,South
2025-11-07,1522.0,435.0,435.0,0.0,1087.0,8023.0,0.0,0.0,OR1000,South
2025-11-08,4455.0,646.0,646.0,0.0,3809.0,7377.0,0.0,3368.0,OR1000,South
2025-11-09,3809.0,570.0,570.0,0.0,3239.0,6807.0,0.0,0.0,OR1000,South
2025-11-10,3239.0,427.0,427.0,0.0,2812.0,6380.0,0.0,0.0,OR1000,South
2025-11-11,2812.0,428.0,428.0,0.0,2384.0,5952.0,0.0,0.0,OR1000,South
2025-11-12,2384.0,441.0,441.0,0.0,1943.0,5511.0,0.0,0.0,OR1000,South
2025-11-13,1943.0,377.0,377.0,0.0,1566.0,5134.0,0.0,0.0,OR1000,South
2025-11-14,1566.0,548.0,548.0,0.0,1018.0,4586.0,3872.0,0.0,OR1000,South
2025-11-15,1018.0,446.0,446.0,0.0,572.0,8012.0,0.0,0.0,OR1000,South
2025-11-16,4140.0,506.0,506.0,0.0,3634.0,7506.0,0.0,3568.0,OR1000,South
2025-11-17,3634.0,414.0,414.0,0.0,3220.0,7092.0,0.0,0.0,OR1000,South
2025-11-18,3220.0,461.0,461.0,0.0,2759.0,6631.0,0.0,0.0,OR1000,South
2025-11-19,2759.0,387.0,387.0,0.0,2372.0,6244.0,0.0,0.0,OR1000,South
2025-11-20,2372.0,489.0,489.0,0.0,1883.0,5755.0,0.0,0.0,OR1000,South
2025-11-21,1883.0,424.0,424.0,0.0,1459.0,5331.0,0.0,0.0,OR1000,South
2025-11-22,1459.0,512.0,512.0,0.0,947.0,4819.0,3639.0,0.0,OR1000,South
2025-11-23,947.0,479.0,479.0,0.0,468.0,7979.0,0.0,0.0,OR1000,South
2025-11-24,4340.0,552.0,552.0,0.0,3788.0,7427.0,0.0,3872.0,OR1000,South
2025-11-25,3788.0,384.0,384.0,0.0,3404.0,7043.0,0.0,0.0,OR1000,South
2025-11-26,3404.0,465.0,465.0,0.0,2939.0,6578.0,0.0,0.0,OR1000,South
2025-11-27,2939.0,439.0,439.0,0.0,2500.0,6139.0,0.0,0.0,OR1000,South
2025-11-28,2500.0,456.0,456.0,0.0,2044.0,5683.0,0.0,0.0,OR1000,South
2025-11-29,2044.0,547.0,547.0,0.0,1497.0,5136.0,0.0,0.0,OR1000,South
2025-11-30,1497.0,549.0,549.0,0.0,948.0,4587.0,3871.0,0.0,OR1000,South
2025-12-01,948.0,457.0,457.0,0.0,491.0,8001.0,0.0,0.0,OR1000,South
2025-12-02,4130.0,441.0,441.0,0.0,3689.0,7560.0,0.0,3639.0,OR1000,South
2025-12-03,3689.0,428.0,428.0,0.0,3261.0,7132.0,0.0,0.0,OR1000,South
2025-12-04,3261.0,467.0,467.0,0.0,2794.0,6665.0,0.0,0.0,OR1000,South
2025-12-05,2794.0,364.0,364.0,0.0,2430.0,6301.0,0.0,0.0,OR1000,South
2025-12-06,2430.0,506.0,506.0,0.0,1924.0,5795.0,0.0,0.0,OR1000,South
2025-12-07,1924.0,488.0,488.0,0.0,1436.0,5307.0,0.0,0.0,OR1000,South
2025-12-08,1436.0,468.0,468.0,0.0,968.0,4839.0,3619.0,0.0,OR1000,South
2025-12-09,968.0,476.0,476.0,0.0,492.0,7982.0,0.0,0.0,OR1000,South
2025-12-10,4363.0,467.0,467.0,0.0,3896.0,7515.0,0.0,3871.0,OR1000,South
2025-12-11,3896.0,477.0,477.0,0.0,3419.0,7038.0,0.0,0.0,OR1000,South
2025-12-12,3419.0,425.0,425.0,0.0,2994.0,6613.0,0.0,0.0,OR1000,South
2025-12-13,2994.0,538.0,538.0,0.0,2456.0,6075.0,0.0,0.0,OR1000,South
2025-12-14,2456.0,453.0,453.0,0.0,2003.0,5622.0,0.0,0.0,OR1000,South
2025-12-15,2003.0,491.0,491.0,0.0,1512.0,5131.0,0.0,0.0,OR1000,South
2025-12-16,1512.0,443.0,443.0,0.0,1069.0,4688.0,3770.0,0.0,OR1000,South
2025-12-17,1069.0,439.0,439.0,0.0,630.0,8019.0,0.0,0.0,OR1000,South
2025-12-18,4249.0,480.0,480.0,0.0,3769.0,7539.0,0.0,3619.0,OR1000,South
2025-12-19,3769.0,402.0,402.0,0.0,3367.0,7137.0,0.0,0.0,OR1000,South
2025-12-20,3367.0,538.0,538.0,0.0,2829.0,6599.0,0.0,0.0,OR1000,South
2025-12-21,2829.0,523.0,523.0,0.0,2306.0,6076.0,0.0,0.0,OR1000,South
2025-12-22,2306.0,421.0,421.0,0.0,1885.0,5655.0,0.0,0.0,OR1000,South
2025-12-23,1885.0,377.0,377.0,0.0,1508.0,5278.0,0.0,0.0,OR1000,South
2025-12-24,1508.0,451.0,451.0,0.0,1057.0,4827.0,3631.0,0.0,OR1000,South
2025-12-25,1057.0,754.0,754.0,0.0,303.0,7704.0,0.0,0.0,OR1000,South
2025-12-26,4073.0,458.0,458.0,0.0,3615.0,7246.0,0.0,3770.0,OR1000,South
2025-12-27,3615.0,500.0,500.0,0.0,3115.0,6746.0,0.0,0.0,OR1000,South
2025-12-28,3115.0,516.0,516.0,0.0,2599.0,6230.0,0.0,0.0,OR1000,South
2025-12-29,2599.0,473.0,473.0,0.0,2126.0,5757.0,0.0,0.0,OR1000,South
2025-12-30,2126.0,486.0,486.0,0.0,1640.0,5271.0,0.0,0.0,OR1000,South
2025-12-31,1640.0,554.0,554.0,0.0,1086.0,4717.0,3741.0,0.0,OR1000,South
2025-07-01,8150.0,639.0,639.0,0.0,7511.0,7511.0,0.0,0.0,OR1000,West
2025-07-02,7511.0,572.0,572.0,0.0,6939.0,6939.0,0.0,0.0,OR1000,West
2025-07-03,6939.0,460.0,460.0,0.0,6479.0,6479.0,0.0,0.0,OR1000,West
2025-07-04,6479.0,563.0,563.0,0.0,5916.0,5916.0,0.0,0.0,OR1000,West
2025-07-05,5916.0,700.0,700.0,0.0,5216.0,5216.0,0.0,0.0,OR1000,West
2025-07-06,5216.0,560.0,560.0,0.0,4656.0,4656.0,3494.0,0.0,OR1000,West
2025-07-07,4656.0,535.0,535.0,0.0,4121.0,7615.0,0.0,0.0,OR1000,West
2025-07-08,4121.0,479.0,479.0,0.0,3642.0,7136.0,0.0,0.0,OR1000,West
2025-07-09,3642.0,528.0,528.0,0.0,3114.0,6608.0,0.0,0.0,OR1000,West
2025-07-10,3114.0,522.0,522.0,0.0,2592.0,6086.0,0.0,0.0,OR1000,West
2025-07-11,2592.0,478.0,478.0,0.0,2114.0,5608.0,0.0,0.0,OR1000,West
2025-07-12,2114.0,584.0,584.0,0.0,1530.0,5024.0,0.0,0.0,OR1000,West
2025-07-13,1530.0,629.0,629.0,0.0,901.0,4395.0,3755.0,0.0,OR1000,West
2025-07-14,901.0,514.0,514.0,0.0,387.0,7636.0,0.0,0.0,OR1000,West
2025-07-15,3881.0,450.0,450.0,0.0,3431.0,7186.0,0.0,3494.0,OR1000,West
2025-07-16,3431.0,569.0,569.0,0.0,2862.0,6617.0,0.0,0.0,OR1000,West
2025-07-17,2862.0,445.0,445.0,0.0,2417.0,6172.0,0.0,0.0,OR1000,West
2025-07-18,2417.0,593.0,593.0,0.0,1824.0,5579.0,0.0,0.0,OR1000,West
2025-07-19,1824.0,753.0,753.0,0.0,1071.0,4826.0,0.0,0.0,OR1000,West
2025-07-20,1071.0,544.0,544.0,0.0,527.0,4282.0,3868.0,0.0,OR1000,West
2025-07-21,527.0,539.0,527.0,12.0,0.0,7623.0,0.0,0.0,OR1000,West
2025-07-22,3755.0,573.0,573.0,0.0,3182.0,7050.0,0.0,3755.0,OR1000,West
2025-07-23,3182.0,564.0,564.0,0.0,2618.0,6486.0,0.0,0.0,OR1000,West
2025-07-24,2618.0,491.0,491.0,0.0,2127.0,5995.0,0.0,0.0,OR1000,West
2025-07-25,2127.0,458.0,458.0,0.0,1669.0,5537.0,0.0,0.0,OR1000,West
2025-07-26,1669.0,506.0,506.0,0.0,1163.0,5031.0,0.0,0.0,OR1000,West
2025-07-27,1163.0,654.0,654.0,0.0,509.0,4377.0,3773.0,0.0,OR1000,West
2025-07-28,509.0,495.0,495.0,0.0,14.0,7655.0,0.0,0.0,OR1000,West
2025-07-29,3882.0,489.0,489.0,0.0,3393.0,7166.0,0.0,3868.0,OR1000,West
2025-07-30,3393.0,516.0,516.0,0.0,2877.0,6650.0,0.0,0.0,OR1000,West
2025-07-31,2877.0,447.0,447.0,0.0,2430.0,6203.0,0.0,0.0,OR1000,West
2025-08-01,2430.0,434.0,434.0,0.0,1996.0,5769.0,0.0,0.0,OR1000,West
2025-08-02,1996.0,510.0,510.0,0.0,1486.0,5259.0,0.0,0.0,OR1000,West
2025-08-03,1486.0,481.0,481.0,0.0,1005.0,4778.0,0.0,0.0,OR1000,West
2025-08-04,1005.0,423.0,423.0,0.0,582.0,4355.0,3795.0,0.0,OR1000,West
2025-08-05,4355.0,508.0,508.0,0.0,3847.0,7642.0,0.0,3773.0,OR1000,West
2025-08-06,3847.0,554.0,554.0,0.0,3293.0,7088.0,0.0,0.0,OR1000,West
2025-08-07,3293.0,468.0,468.0,0.0,2825.0,6620.0,0.0,0.0,OR1000,West
2025-08-08,2825.0,450.0,450.0,0.0,2375.0,6170.0,0.0,0.0,OR1000,West
2025-08-09,2375.0,524.0,524.0,0.0,1851.0,5646.0,0.0,0.0,OR1000,West
2025-08-10,1851.0,533.0,533.0,0.0,1318.0,5113.0,0.0,0.0,OR1000,West
2025-08-11,1318.0,407.0,407.0,0.0,911.0,4706.0,3444.0,0.0,OR1000,West
2025-08-12,911.0,505.0,505.0,0.0,406.0,7645.0,0.0,0.0,OR1000,West
2025-08-13,4201.0,473.0,473.0,0.0,3728.0,7172.0,0.0,3795.0,OR1000,West
2025-08-14,3728.0,415.0,415.0,0.0,3313.0,6757.0,0.0,0.0,OR1000,West
2025-08-15,3313.0,528.0,528.0,0.0,2785.0,6229.0,0.0,0.0,OR1000,West
2025-08-16,2785.0,528.0,528.0,0.0,2257.0,5701.0,0.0,0.0,OR1000,West
2025-08-17,2257.0,486.0,486.0,0.0,1771.0,5215.0,0.0,0.0,OR1000,West
2025-08-18,1771.0,402.0,402.0,0.0,1369.0,4813.0,0.0,0.0,OR1000,West
2025-08-19,1369.0,517.0,517.0,0.0,852.0,4296.0,3854.0,0.0,OR1000,West
2025-08-20,4296.0,545.0,545.0,0.0,3751.0,7605.0,0.0,3444.0,OR1000,West
2025-08-21,3751.0,398.0,398.0,0.0,3353.0,7207.0,0.0,0.0,OR1000,West
2025-08-22,3353.0,418.0,418.0,0.0,2935.0,6789.0,0.0,0.0,OR1000,West
2025-08-23,2935.0,428.0,428.0,0.0,2507.0,6361.0,0.0,0.0,OR1000,West
2025-08-24,2507.0,502.0,502.0,0.0,2005.0,5859.0,0.0,0.0,OR1000,West
2025-08-25,2005.0,439.0,439.0,0.0,1566.0,5420.0,0.0,0.0,OR1000,West
2025-08-26,1566.0,448.0,448.0,0.0,1118.0,4972.0,0.0,0.0,OR1000,West
2025-08-27,1118.0,402.0,402.0,0.0,716.0,4570.0,3580.0,0.0,OR1000,West
2025-08-28,4570.0,423.0,423.0,0.0,4147.0,7727.0,0.0,3854.0,OR1000,West
2025-08-29,4147.0,532.0,532.0,0.0,3615.0,7195.0,0.0,0.0,OR1000,West
2025-08-30,3615.0,564.0,564.0,0.0,3051.0,6631.0,0.0,0.0,OR1000,West
2025-08-31,3051.0,492.0,492.0,0.0,2559.0,6139.0,0.0,0.0,OR1000,West
2025-09-01,2559.0,465.0,465.0,0.0,2094.0,5674.0,0.0,0.0,OR1000,West
2025-09-02,2094.0,428.0,428.0,0.0,1666.0,5246.0,0.0,0.0,OR1000,West
2025-09-03,1666.0,445.0,445.0,0.0,1221.0,4801.0,0.0,0.0,OR1000,West
2025-09-04,1221.0,455.0,455.0,0.0,766.0,4346.0,3804.0,0.0,OR1000,West
2025-09-05,4346.0,495.0,495.0,0.0,3851.0,7655.0,0.0,3580.0,OR1000,West
2025-09-06,3851.0,570.0,570.0,0.0,3281.0,7085.0,0.0,0.0,OR1000,West
2025-09-07,3281.0,470.0,470.0,0.0,2811.0,6615.0,0.0,0.0,OR1000,West
2025-09-08,2811.0,448.0,448.0,0.0,2363.0,6167.0,0.0,0.0,OR1000,West
2025-09-09,2363.0,474.0,474.0,0.0,1889.0,5693.0,0.0,0.0,OR1000,West
2025-09-10,1889.0,452.0,452.0,0.0,1437.0,5241.0,0.0,0.0,OR1000,West
2025-09-11,1437.0,410.0,410.0,0.0,1027.0,4831.0,0.0,0.0,OR1000,West
2025-09-12,1027.0,463.0,463.0,0.0,564.0,4368.0,3782.0,0.0,OR1000,West
2025-09-13,4368.0,561.0,561.0,0.0,3807.0,7589.0,0.0,3804.0,OR1000,West
2025-09-14,3807.0,523.0,523.0,0.0,3284.0,7066.0,0.0,0.0,OR1000,West
2025-09-15,3284.0,433.0,433.0,0.0,2851.0,6633.0,0.0,0.0,OR1000,West
2025-09-16,2851.0,512.0,512.0,0.0,2339.0,6121.0,0.0,0.0,OR1000,West
2025-09-17,2339.0,469.0,469.0,0.0,1870.0,5652.0,0.0,0.0,OR1000,West
2025-09-18,1870.0,455.0,455.0,0.0,1415.0,5197.0,0.0,0.0,OR1000,West
2025-09-19,1415.0,419.0,419.0,0.0,996.0,4778.0,0.0,0.0,OR1000,West
2025-09-20,996.0,582.0,582.0,0.0,414.0,4196.0,3954.0,0.0,OR1000,West
2025-09-21,4196.0,498.0,498.0,0.0,3698.0,7652.0,0.0,3782.0,OR1000,West
2025-09-22,3698.0,414.0,414.0,0.0,3284.0,7238.0,0.0,0.0,OR1000,West
2025-09-23,3284.0,477.0,477.0,0.0,2807.0,6761.0,0.0,0.0,OR1000,West
2025-09-24,2807.0,492.0,492.0,0.0,2315.0,6269.0,0.0,0.0,OR1000,West
2025-09-25,2315.0,447.0,447.0,0.0,1868.0,5822.0,0.0,0.0,OR1000,West
2025-09-26,1868.0,542.0,542.0,0.0,1326.0,5280.0,0.0,0.0,OR1000,West
2025-09-27,1326.0,570.0,570.0,0.0,756.0,4710.0,0.0,0.0,OR1000,West
2025-09-28,756.0,470.0,470.0,0.0,286.0,4240.0,3910.0,0.0,OR1000,West
2025-09-29,4240.0,432.0,432.0,0.0,3808.0,7718.0,0.0,3954.0,OR1000,West
2025-09-30,3808.0,396.0,396.0,0.0,3412.0,7322.0,0.0,0.0,OR1000,West
2025-10-01,3412.0,493.0,493.0,0.0,2919.0,6829.0,0.0,0.0,OR1000,West
2025-10-02,2919.0,595.0,595.0,0.0,2324.0,6234.0,0.0,0.0,OR1000,West
2025-10-03,2324.0,423.0,423.0,0.0,1901.0,5811.0,0.0,0.0,OR1000,West
2025-10-04,1901.0,557.0,557.0,0.0,1344.0,5254.0,0.0,0.0,OR1000,West
2025-10-05,1344.0,533.0,533.0,0.0,811.0,4721.0,0.0,0.0,OR1000,West
2025-10-06,811.0,462.0,462.0,0.0,349.0,4259.0,3891.0,0.0,OR1000,West
2025-10-07,4259.0,440.0,440.0,0.0,3819.0,7710.0,0.0,3910.0,OR1000,West
2025-10-08,3819.0,450.0,450.0,0.0,3369.0,7260.0,0.0,0.0,OR1000,West
2025-10-09,3369.0,565.0,565.0,0.0,2804.0,6695.0,0.0,0.0,OR1000,West
2025-10-10,2804.0,437.0,437.0,0.0,2367.0,6258.0,0.0,0.0,OR1000,West
2025-10-11,2367.0,560.0,560.0,0.0,1807.0,5698.0,0.0,0.0,OR1000,West
2025-10-12,1807.0,480.0,480.0,0.0,1327.0,5218.0,0.0,0.0,OR1000,West
2025-10-13,1327.0,414.0,414.0,0.0,913.0,4804.0,0.0,0.0,OR1000,West
2025-10-14,913.0,450.0,450.0,0.0,463.0,4354.0,3796.0,0.0,OR1000,West
2025-10-15,4354.0,439.0,439.0,0.0,3915.0,7711.0,0.0,3891.0,OR1000,West
2025-10-16,3915.0,472.0,472.0,0.0,3443.0,7239.0,0.0,0.0,OR1000,West
2025-10-17,3443.0,431.0,431.0,0.0,3012.0,6808.0,0.0,0.0,OR1000,West
2025-10-18,3012.0,433.0,433.0,0.0,2579.0,6375.0,0.0,0.0,OR1000,West
2025-10-19,2579.0,530.0,530.0,0.0,2049.0,5845.0,0.0,0.0,OR1000,West
2025-10-20,2049.0,565.0,565.0,0.0,1484.0,5280.0,0.0,0.0,OR1000,West
2025-10-21,1484.0,483.0,483.0,0.0,1001.0,4797.0,0.0,0.0,OR1000,West
2025-10-22,1001.0,508.0,508.0,0.0,493.0,4289.0,3861.0,0.0,OR1000,West
2025-10-23,4289.0,457.0,457.0,0.0,3832.0,7693.0,0.0,3796.0,OR1000,West
2025-10-24,3832.0,427.0,427.0,0.0,3405.0,7266.0,0.0,0.0,OR1000,West
2025-10-25,3405.0,559.0,559.0,0.0,2846.0,6707.0,0.0,0.0,OR1000,West
2025-10-26,2846.0,483.0,483.0,0.0,2363.0,6224.0,0.0,0.0,OR1000,West
2025-10-27,2363.0,437.0,437.0,0.0,1926.0,5787.0,0.0,0.0,OR1000,West
2025-10-28,1926.0,476.0,476.0,0.0,1450.0,5311.0,0.0,0.0,OR1000,West
2025-10-29,1450.0,583.0,583.0,0.0,867.0,4728.0,0.0,0.0,OR1000,West
2025-10-30,867.0,387.0,387.0,0.0,480.0,4341.0,3809.0,0.0,OR1000,West
2025-10-31,4341.0,467.0,467.0,0.0,3874.0,7683.0,0.0,3861.0,OR1000,West
2025-11-01,3874.0,532.0,532.0,0.0,3342.0,7151.0,0.0,0.0,OR1000,West
2025-11-02,3342.0,546.0,546.0,0.0,2796.0,6605.0,0.0,0.0,OR1000,West
2025-11-03,2796.0,394.0,394.0,0.0,2402.0,6211.0,0.0,0.0,OR1000,West
2025-11-04,2402.0,459.0,459.0,0.0,1943.0,5752.0,0.0,0.0,OR1000,West
2025-11-05,1943.0,460.0,460.0,0.0,1483.0,5292.0,0.0,0.0,OR1000,West
2025-11-06,1483.0,478.0,478.0,0.0,1005.0,4814.0,0.0,0.0,OR1000,West
2025-11-07,1005.0,424.0,424.0,0.0,581.0,4390.0,3760.0,0.0,OR1000,West
2025-11-08,4390.0,525.0,525.0,0.0,3865.0,7625.0,0.0,3809.0,OR1000,West
2025-11-09,3865.0,578.0,578.0,0.0,3287.0,7047.0,0.0,0.0,OR1000,West
2025-11-10,3287.0,453.0,453.0,0.0,2834.0,6594.0,0.0,0.0,OR1000,West
2025-11-11,2834.0,499.0,499.0,0.0,2335.0,6095.0,0.0,0.0,OR1000,West
2025-11-12,2335.0,458.0,458.0,0.0,1877.0,5637.0,0.0,0.0,OR1000,West
2025-11-13,1877.0,381.0,381.0,0.0,1496.0,5256.0,0.0,0.0,OR1000,West
2025-11-14,1496.0,524.0,524.0,0.0,972.0,4732.0,0.0,0.0,OR1000,West
2025-11-15,972.0,570.0,570.0,0.0,402.0,4162.0,3988.0,0.0,OR1000,West
2025-11-16,4162.0,591.0,591.0,0.0,3571.0,7559.0,0.0,3760.0,OR1000,West
2025-11-17,3571.0,512.0,512.0,0.0,3059.0,7047.0,0.0,0.0,OR1000,West
2025-11-18,3059.0,325.0,325.0,0.0,2734.0,6722.0,0.0,0.0,OR1000,West
2025-11-19,2734.0,376.0,376.0,0.0,2358.0,6346.0,0.0,0.0,OR1000,West
2025-11-20,2358.0,429.0,429.0,0.0,1929.0,5917.0,0.0,0.0,OR1000,West
2025-11-21,1929.0,579.0,579.0,0.0,1350.0,5338.0,0.0,0.0,OR1000,West
2025-11-22,1350.0,548.0,548.0,0.0,802.0,4790.0,0.0,0.0,OR1000,West
2025-11-23,802.0,432.0,432.0,0.0,370.0,4358.0,3792.0,0.0,OR1000,West
2025-11-24,4358.0,446.0,446.0,0.0,3912.0,7704.0,0.0,3988.0,OR1000,West
2025-11-25,3912.0,421.0,421.0,0.0,3491.0,7283.0,0.0,0.0,OR1000,West
2025-11-26,3491.0,477.0,477.0,0.0,3014.0,6806.0,0.0,0.0,OR1000,West
2025-11-27,3014.0,486.0,486.0,0.0,2528.0,6320.0,0.0,0.0,OR1000,West
2025-11-28,2528.0,430.0,430.0,0.0,2098.0,5890.0,0.0,0.0,OR1000,West
2025-11-29,2098.0,598.0,598.0,0.0,1500.0,5292.0,0.0,0.0,OR1000,West
2025-11-30,1500.0,525.0,525.0,0.0,975.0,4767.0,0.0,0.0,OR1000,West
2025-12-01,975.0,555.0,555.0,0.0,420.0,4212.0,3938.0,0.0,OR1000,West
2025-12-02,4212.0,386.0,386.0,0.0,3826.0,7764.0,0.0,3792.0,OR1000,West
2025-12-03,3826.0,438.0,438.0,0.0,3388.0,7326.0,0.0,0.0,OR1000,West
2025-12-04,3388.0,453.0,453.0,0.0,2935.0,6873.0,0.0,0.0,OR1000,West
2025-12-05,2935.0,498.0,498.0,0.0,2437.0,6375.0,0.0,0.0,OR1000,West
2025-12-06,2437.0,469.0,469.0,0.0,1968.0,5906.0,0.0,0.0,OR1000,West
2025-12-07,1968.0,482.0,482.0,0.0,1486.0,5424.0,0.0,0.0,OR1000,West
2025-12-08,1486.0,578.0,578.0,0.0,908.0,4846.0,0.0,0.0,OR1000,West
2025-12-09,908.0,491.0,491.0,0.0,417.0,4355.0,3795.0,0.0,OR1000,West
2025-12-10,4355.0,477.0,477.0,0.0,3878.0,7673.0,0.0,3938.0,OR1000,West
2025-12-11,3878.0,502.0,502.0,0.0,3376.0,7171.0,0.0,0.0,OR1000,West
2025-12-12,3376.0,543.0,543.0,0.0,2833.0,6628.0,0.0,0.0,OR1000,West
2025-12-13,2833.0,519.0,519.0,0.0,2314.0,6109.0,0.0,0.0,OR1000,West
2025-12-14,2314.0,519.0,519.0,0.0,1795.0,5590.0,0.0,0.0,OR1000,West
2025-12-15,1795.0,393.0,393.0,0.0,1402.0,5197.0,0.0,0.0,OR1000,West
2025-12-16,1402.0,467.0,467.0,0.0,935.0,4730.0,0.0,0.0,OR1000,West
2025-12-17,935.0,423.0,423.0,0.0,512.0,4307.0,3843.0,0.0,OR1000,West
2025-12-18,4307.0,430.0,430.0,0.0,3877.0,7720.0,0.0,3795.0,OR1000,West
2025-12-19,3877.0,402.0,402.0,0.0,3475.0,7318.0,0.0,0.0,OR1000,West
2025-12-20,3475.0,491.0,491.0,0.0,2984.0,6827.0,0.0,0.0,OR1000,West
2025-12-21,2984.0,542.0,542.0,0.0,2442.0,6285.0,0.0,0.0,OR1000,West
2025-12-22,2442.0,587.0,587.0,0.0,1855.0,5698.0,0.0,0.0,OR1000,West
2025-12-23,1855.0,339.0,339.0,0.0,1516.0,5359.0,0.0,0.0,OR1000,West
2025-12-24,1516.0,431.0,431.0,0.0,1085.0,4928.0,0.0,0.0,OR1000,West
2025-12-25,1085.0,513.0,513.0,0.0,572.0,4415.0,3735.0,0.0,OR1000,West
2025-12-26,4415.0,484.0,484.0,0.0,3931.0,7666.0,0.0,3843.0,OR1000,West
2025-12-27,3931.0,548.0,548.0,0.0,3383.0,7118.0,0.0,0.0,OR1000,West
2025-12-28,3383.0,537.0,537.0,0.0,2846.0,6581.0,0.0,0.0,OR1000,West
2025-12-29,2846.0,449.0,449.0,0.0,2397.0,6132.0,0.0,0.0,OR1000,West
2025-12-30,2397.0,465.0,465.0,0.0,1932.0,5667.0,0.0,0.0,OR1000,West
2025-12-31,1932.0,482.0,482.0,0.0,1450.0,5185.0,0.0,0.0,OR1000,West
2025-07-01,8203.0,626.0,626.0,0.0,7577.0,7577.0,0.0,0.0,OR500,Central
2025-07-02,7577.0,575.0,575.0,0.0,7002.0,7002.0,0.0,0.0,OR500,Central
2025-07-03,7002.0,469.0,469.0,0.0,6533.0,6533.0,0.0,0.0,OR500,Central
2025-07-04,6533.0,524.0,524.0,0.0,6009.0,6009.0,0.0,0.0,OR500,Central
2025-07-05,6009.0,781.0,781.0,0.0,5228.0,5228.0,0.0,0.0,OR500,Central
2025-07-06,5228.0,571.0,571.0,0.0,4657.0,4657.0,0.0,0.0,OR500,Central
2025-07-07,4657.0,538.0,538.0,0.0,4119.0,4119.0,4084.0,0.0,OR500,Central
2025-07-08,4119.0,474.0,474.0,0.0,3645.0,7729.0,0.0,0.0,OR500,Central
2025-07-09,3645.0,566.0,566.0,0.0,3079.0,7163.0,0.0,0.0,OR500,Central
2025-07-10,3079.0,534.0,534.0,0.0,2545.0,6629.0,0.0,0.0,OR500,Central
2025-07-11,2545.0,545.0,545.0,0.0,2000.0,6084.0,0.0,0.0,OR500,Central
2025-07-12,2000.0,658.0,658.0,0.0,1342.0,5426.0,0.0,0.0,OR500,Central
2025-07-13,1342.0,598.0,598.0,0.0,744.0,4828.0,0.0,0.0,OR500,Central
2025-07-14,744.0,586.0,586.0,0.0,158.0,4242.0,3961.0,0.0,OR500,Central
2025-07-15,4242.0,608.0,608.0,0.0,3634.0,7595.0,0.0,4084.0,OR500,Central
2025-07-16,3634.0,617.0,617.0,0.0,3017.0,6978.0,0.0,0.0,OR500,Central
2025-07-17,3017.0,615.0,615.0,0.0,2402.0,6363.0,0.0,0.0,OR500,Central
2025-07-18,2402.0,501.0,501.0,0.0,1901.0,5862.0,0.0,0.0,OR500,Central
2025-07-19,1901.0,767.0,767.0,0.0,1134.0,5095.0,0.0,0.0,OR500,Central
2025-07-20,1134.0,743.0,743.0,0.0,391.0,4352.0,3851.0,0.0,OR500,Central
2025-07-21,391.0,509.0,391.0,118.0,0.0,7812.0,0.0,0.0,OR500,Central
2025-07-22,3961.0,590.0,590.0,0.0,3371.0,7222.0,0.0,3961.0,OR500,Central
2025-07-23,3371.0,546.0,546.0,0.0,2825.0,6676.0,0.0,0.0,OR500,Central
2025-07-24,2825.0,613.0,613.0,0.0,2212.0,6063.0,0.0,0.0,OR500,Central
2025-07-25,2212.0,542.0,542.0,0.0,1670.0,5521.0,0.0,0.0,OR500,Central
2025-07-26,1670.0,597.0,597.0,0.0,1073.0,4924.0,0.0,0.0,OR500,Central
2025-07-27,1073.0,694.0,694.0,0.0,379.0,4230.0,3973.0,0.0,OR500,Central
2025-07-28,4230.0,496.0,496.0,0.0,3734.0,7707.0,0.0,3851.0,OR500,Central
2025-07-29,3734.0,628.0,628.0,0.0,3106.0,7079.0,0.0,0.0,OR500,Central
2025-07-30,3106.0,630.0,630.0,0.0,2476.0,6449.0,0.0,0.0,OR500,Central
2025-07-31,2476.0,555.0,555.0,0.0,1921.0,5894.0,0.0,0.0,OR500,Central
2025-08-01,1921.0,465.0,465.0,0.0,1456.0,5429.0,0.0,0.0,OR500,Central
2025-08-02,1456.0,479.0,479.0,0.0,977.0,4950.0,0.0,0.0,OR500,Central
2025-08-03,977.0,608.0,608.0,0.0,369.0,4342.0,3861.0,0.0,OR500,Central
2025-08-04,4342.0,519.0,519.0,0.0,3823.0,7684.0,0.0,3973.0,OR500,Central
2025-08-05,3823.0,562.0,562.0,0.0,3261.0,7122.0,0.0,0.0,OR500,Central
2025-08-06,3261.0,522.0,522.0,0.0,2739.0,6600.0,0.0,0.0,OR500,Central
2025-08-07,2739.0,421.0,421.0,0.0,2318.0,6179.0,0.0,0.0,OR500,Central
2025-08-08,2318.0,494.0,494.0,0.0,1824.0,5685.0,0.0,0.0,OR500,Central
2025-08-09,1824.0,572.0,572.0,0.0,1252.0,5113.0,0.0,0.0,OR500,Central
2025-08-10,1252.0,525.0,525.0,0.0,727.0,4588.0,0.0,0.0,OR500,Central
2025-08-11,4588.0,534.0,534.0,0.0,4054.0,4054.0,4149.0,3861.0,OR500,Central
2025-08-12,4054.0,460.0,460.0,0.0,3594.0,7743.0,0.0,0.0,OR500,Central
2025-08-13,3594.0,433.0,433.0,0.0,3161.0,7310.0,0.0,0.0,OR500,Central
2025-08-14,3161.0,498.0,498.0,0.0,2663.0,6812.0,0.0,0.0,OR500,Central
2025-08-15,2663.0,622.0,622.0,0.0,2041.0,6190.0,0.0,0.0,OR500,Central
2025-08-16,2041.0,587.0,587.0,0.0,1454.0,5603.0,0.0,0.0,OR500,Central
2025-08-17,1454.0,640.0,640.0,0.0,814.0,4963.0,0.0,0.0,OR500,Central
2025-08-18,814.0,549.0,549.0,0.0,265.0,4414.0,3789.0,0.0,OR500,Central
2025-08-19,4414.0,518.0,518.0,0.0,3896.0,7685.0,0.0,4149.0,OR500,Central
2025-08-20,3896.0,538.0,538.0,0.0,3358.0,7147.0,0.0,0.0,OR500,Central
2025-08-21,3358.0,675.0,675.0,0.0,2683.0,6472.0,0.0,0.0,OR500,Central
2025-08-22,2683.0,430.0,430.0,0.0,2253.0,6042.0,0.0,0.0,OR500,Central
2025-08-23,2253.0,454.0,454.0,0.0,1799.0,5588.0,0.0,0.0,OR500,Central
2025-08-24,1799.0,569.0,569.0,0.0,1230.0,5019.0,0.0,0.0,OR500,Central
2025-08-25,1230.0,474.0,474.0,0.0,756.0,4545.0,0.0,0.0,OR500,Central
2025-08-26,4545.0,471.0,471.0,0.0,4074.0,4074.0,4129.0,3789.0,OR500,Central
2025-08-27,4074.0,569.0,569.0,0.0,3505.0,7634.0,0.0,0.0,OR500,Central
2025-08-28,3505.0,458.0,458.0,0.0,3047.0,7176.0,0.0,0.0,OR500,Central
2025-08-29,3047.0,506.0,506.0,0.0,2541.0,6670.0,0.0,0.0,OR500,Central
2025-08-30,2541.0,537.0,537.0,0.0,2004.0,6133.0,0.0,0.0,OR500,Central
2025-08-31,2004.0,747.0,747.0,0.0,1257.0,5386.0,0.0,0.0,OR500,Central
2025-09-01,1257.0,540.0,540.0,0.0,717.0,4846.0,0.0,0.0,OR500,Central
2025-09-02,717.0,508.0,508.0,0.0,209.0,4338.0,3865.0,0.0,OR500,Central
2025-09-03,4338.0,434.0,434.0,0.0,3904.0,7769.0,0.0,4129.0,OR500,Central
2025-09-04,3904.0,415.0,415.0,0.0,3489.0,7354.0,0.0,0.0,OR500,Central
2025-09-05,3489.0,409.0,409.0,0.0,3080.0,6945.0,0.0,0.0,OR500,Central
2025-09-06,3080.0,770.0,770.0,0.0,2310.0,6175.0,0.0,0.0,OR500,Central
2025-09-07,2310.0,477.0,477.0,0.0,1833.0,5698.0,0.0,0.0,OR500,Central
2025-09-08,1833.0,504.0,504.0,0.0,1329.0,5194.0,0.0,0.0,OR500,Central
2025-09-09,1329.0,430.0,430.0,0.0,899.0,4764.0,0.0,0.0,OR500,Central
2025-09-10,4764.0,464.0,464.0,0.0,4300.0,4300.0,3903.0,3865.0,OR500,Central
2025-09-11,4300.0,547.0,547.0,0.0,3753.0,7656.0,0.0,0.0,OR500,Central
2025-09-12,3753.0,572.0,572.0,0.0,3181.0,7084.0,0.0,0.0,OR500,Central
2025-09-13,3181.0,549.0,549.0,0.0,2632.0,6535.0,0.0,0.0,OR500,Central
2025-09-14,2632.0,588.0,588.0,0.0,2044.0,5947.0,0.0,0.0,OR500,Central
2025-09-15,2044.0,458.0,458.0,0.0,1586.0,5489.0,0.0,0.0,OR500,Central
2025-09-16,1586.0,512.0,512.0,0.0,1074.0,4977.0,0.0,0.0,OR500,Central
2025-09-17,1074.0,508.0,508.0,0.0,566.0,4469.0,3734.0,0.0,OR500,Central
2025-09-18,4469.0,526.0,526.0,0.0,3943.0,7677.0,0.0,3903.0,OR500,Central
2025-09-19,3943.0,504.0,504.0,0.0,3439.0,7173.0,0.0,0.0,OR500,Central
2025-09-20,3439.0,673.0,673.0,0.0,2766.0,6500.0,0.0,0.0,OR500,Central
2025-09-21,2766.0,594.0,594.0,0.0,2172.0,5906.0,0.0,0.0,OR500,Central
2025-09-22,2172.0,428.0,428.0,0.0,1744.0,5478.0,0.0,0.0,OR500,Central
2025-09-23,1744.0,394.0,394.0,0.0,1350.0,5084.0,0.0,0.0,OR500,Central
2025-09-24,1350.0,467.0,467.0,0.0,883.0,4617.0,0.0,0.0,OR500,Central
2025-09-25,4617.0,500.0,500.0,0.0,4117.0,4117.0,4086.0,3734.0,OR500,Central
2025-09-26,4117.0,443.0,443.0,0.0,3674.0,7760.0,0.0,0.0,OR500,Central
2025-09-27,3674.0,578.0,578.0,0.0,3096.0,7182.0,0.0,0.0,OR500,Central
2025-09-28,3096.0,541.0,541.0,0.0,2555.0,6641.0,0.0,0.0,OR500,Central
2025-09-29,2555.0,454.0,454.0,0.0,2101.0,6187.0,0.0,0.0,OR500,Central
2025-09-30,2101.0,505.0,505.0,0.0,1596.0,5682.0,0.0,0.0,OR500,Central
2025-10-01,1596.0,481.0,481.0,0.0,1115.0,5201.0,0.0,0.0,OR500,Central
2025-10-02,1115.0,537.0,537.0,0.0,578.0,4664.0,0.0,0.0,OR500,Central
2025-10-03,4664.0,473.0,473.0,0.0,4191.0,4191.0,4012.0,4086.0,OR500,Central
2025-10-04,4191.0,600.0,600.0,0.0,3591.0,7603.0,0.0,0.0,OR500,Central
2025-10-05,3591.0,556.0,556.0,0.0,3035.0,7047.0,0.0,0.0,OR500,Central
2025-10-06,3035.0,533.0,533.0,0.0,2502.0,6514.0,0.0,0.0,OR500,Central
2025-10-07,2502.0,513.0,513.0,0.0,1989.0,6001.0,0.0,0.0,OR500,Central
2025-10-08,1989.0,473.0,473.0,0.0,1516.0,5528.0,0.0,0.0,OR500,Central
2025-10-09,1516.0,466.0,466.0,0.0,1050.0,5062.0,0.0,0.0,OR500,Central
2025-10-10,1050.0,531.0,531.0,0.0,519.0,4531.0,0.0,0.0,OR500,Central
2025-10-11,4531.0,619.0,619.0,0.0,3912.0,3912.0,4291.0,4012.0,OR500,Central
2025-10-12,3912.0,544.0,544.0,0.0,3368.0,7659.0,0.0,0.0,OR500,Central
2025-10-13,3368.0,515.0,515.0,0.0,2853.0,7144.0,0.0,0.0,OR500,Central
2025-10-14,2853.0,535.0,535.0,0.0,2318.0,6609.0,0.0,0.0,OR500,Central
2025-10-15,2318.0,552.0,552.0,0.0,1766.0,6057.0,0.0,0.0,OR500,Central
2025-10-16,1766.0,578.0,578.0,0.0,1188.0,5479.0,0.0,0.0,OR500,Central
2025-10-17,1188.0,455.0,455.0,0.0,733.0,5024.0,0.0,0.0,OR500,Central
2025-10-18,733.0,484.0,484.0,0.0,249.0,4540.0,0.0,0.0,OR500,Central
2025-10-19,4540.0,779.0,779.0,0.0,3761.0,3761.0,4442.0,4291.0,OR500,Central
2025-10-20,3761.0,616.0,616.0,0.0,3145.0,7587.0,0.0,0.0,OR500,Central
2025-10-21,3145.0,462.0,462.0,0.0,2683.0,7125.0,0.0,0.0,OR500,Central
2025-10-22,2683.0,527.0,527.0,0.0,2156.0,6598.0,0.0,0.0,OR500,Central
2025-10-23,2156.0,446.0,446.0,0.0,1710.0,6152.0,0.0,0.0,OR500,Central
2025-10-24,1710.0,495.0,495.0,0.0,1215.0,5657.0,0.0,0.0,OR500,Central
2025-10-25,1215.0,567.0,567.0,0.0,648.0,5090.0,0.0,0.0,OR500,Central
2025-10-26,648.0,485.0,485.0,0.0,163.0,4605.0,0.0,0.0,OR500,Central
2025-10-27,4605.0,521.0,521.0,0.0,4084.0,4084.0,4119.0,4442.0,OR500,Central
2025-10-28,4084.0,501.0,501.0,0.0,3583.0,7702.0,0.0,0.0,OR500,Central
2025-10-29,3583.0,530.0,530.0,0.0,3053.0,7172.0,0.0,0.0,OR500,Central
2025-10-30,3053.0,480.0,480.0,0.0,2573.0,6692.0,0.0,0.0,OR500,Central
2025-10-31,2573.0,472.0,472.0,0.0,2101.0,6220.0,0.0,0.0,OR500,Central
2025-11-01,2101.0,438.0,438.0,0.0,1663.0,5782.0,0.0,0.0,OR500,Central
2025-11-02,1663.0,581.0,581.0,0.0,1082.0,5201.0,0.0,0.0,OR500,Central
2025-11-03,1082.0,474.0,474.0,0.0,608.0,4727.0,0.0,0.0,OR500,Central
2025-11-04,4727.0,492.0,492.0,0.0,4235.0,4235.0,3968.0,4119.0,OR500,Central
2025-11-05,4235.0,424.0,424.0,0.0,3811.0,7779.0,0.0,0.0,OR500,Central
2025-11-06,3811.0,443.0,443.0,0.0,3368.0,7336.0,0.0,0.0,OR500,Central
2025-11-07,3368.0,488.0,488.0,0.0,2880.0,6848.0,0.0,0.0,OR500,Central
2025-11-08,2880.0,455.0,455.0,0.0,2425.0,6393.0,0.0,0.0,OR500,Central
2025-11-09,2425.0,523.0,523.0,0.0,1902.0,5870.0,0.0,0.0,OR500,Central
2025-11-10,1902.0,536.0,536.0,0.0,1366.0,5334.0,0.0,0.0,OR500,Central
2025-11-11,1366.0,508.0,508.0,0.0,858.0,4826.0,0.0,0.0,OR500,Central
2025-11-12,4826.0,526.0,526.0,0.0,4300.0,4300.0,3903.0,3968.0,OR500,Central
2025-11-13,4300.0,479.0,479.0,0.0,3821.0,7724.0,0.0,0.0,OR500,Central
2025-11-14,3821.0,452.0,452.0,0.0,3369.0,7272.0,0.0,0.0,OR500,Central
2025-11-15,3369.0,513.0,513.0,0.0,2856.0,6759.0,0.0,0.0,OR500,Central
2025-11-16,2856.0,643.0,643.0,0.0,2213.0,6116.0,0.0,0.0,OR500,Central
2025-11-17,2213.0,490.0,490.0,0.0,1723.0,5626.0,0.0,0.0,OR500,Central
2025-11-18,1723.0,449.0,449.0,0.0,1274.0,5177.0,0.0,0.0,OR500,Central
2025-11-19,1274.0,451.0,451.0,0.0,823.0,4726.0,0.0,0.0,OR500,Central
2025-11-20,4726.0,521.0,521.0,0.0,4205.0,4205.0,3998.0,3903.0,OR500,Central
2025-11-21,4205.0,535.0,535.0,0.0,3670.0,7668.0,0.0,0.0,OR500,Central
2025-11-22,3670.0,552.0,552.0,0.0,3118.0,7116.0,0.0,0.0,OR500,Central
2025-11-23,3118.0,666.0,666.0,0.0,2452.0,6450.0,0.0,0.0,OR500,Central
2025-11-24,2452.0,434.0,434.0,0.0,2018.0,6016.0,0.0,0.0,OR500,Central
2025-11-25,2018.0,543.0,543.0,0.0,1475.0,5473.0,0.0,0.0,OR500,Central
2025-11-26,1475.0,489.0,489.0,0.0,986.0,4984.0,0.0,0.0,OR500,Central
2025-11-27,986.0,456.0,456.0,0.0,530.0,4528.0,0.0,0.0,OR500,Central
2025-11-28,4528.0,382.0,382.0,0.0,4146.0,4146.0,4057.0,3998.0,OR500,Central
2025-11-29,4146.0,596.0,596.0,0.0,3550.0,7607.0,0.0,0.0,OR500,Central
2025-11-30,3550.0,591.0,591.0,0.0,2959.0,7016.0,0.0,0.0,OR500,Central
2025-12-01,2959.0,683.0,683.0,0.0,2276.0,6333.0,0.0,0.0,OR500,Central
2025-12-02,2276.0,442.0,442.0,0.0,1834.0,5891.0,0.0,0.0,OR500,Central
2025-12-03,1834.0,573.0,573.0,0.0,1261.0,5318.0,0.0,0.0,OR500,Central
2025-12-04,1261.0,489.0,489.0,0.0,772.0,4829.0,0.0,0.0,OR500,Central
2025-12-05,772.0,456.0,456.0,0.0,316.0,4373.0,3830.0,0.0,OR500,Central
2025-12-06,4373.0,518.0,518.0,0.0,3855.0,7685.0,0.0,4057.0,OR500,Central
2025-12-07,3855.0,449.0,449.0,0.0,3406.0,7236.0,0.0,0.0,OR500,Central
2025-12-08,3406.0,586.0,586.0,0.0,2820.0,6650.0,0.0,0.0,OR500,Central
2025-12-09,2820.0,546.0,546.0,0.0,2274.0,6104.0,0.0,0.0,OR500,Central
2025-12-10,2274.0,697.0,697.0,0.0,1577.0,5407.0,0.0,0.0,OR500,Central
2025-12-11,1577.0,428.0,428.0,0.0,1149.0,4979.0,0.0,0.0,OR500,Central
2025-12-12,1149.0,522.0,522.0,0.0,627.0,4457.0,3746.0,0.0,OR500,Central
2025-12-13,4457.0,574.0,574.0,0.0,3883.0,7629.0,0.0,3830.0,OR500,Central
2025-12-14,3883.0,594.0,594.0,0.0,3289.0,7035.0,0.0,0.0,OR500,Central
2025-12-15,3289.0,505.0,505.0,0.0,2784.0,6530.0,0.0,0.0,OR500,Central
2025-12-16,2784.0,416.0,416.0,0.0,2368.0,6114.0,0.0,0.0,OR500,Central
2025-12-17,2368.0,593.0,593.0,0.0,1775.0,5521.0,0.0,0.0,OR500,Central
2025-12-18,1775.0,517.0,517.0,0.0,1258.0,5004.0,0.0,0.0,OR500,Central
2025-12-19,1258.0,540.0,540.0,0.0,718.0,4464.0,3739.0,0.0,OR500,Central
2025-12-20,4464.0,645.0,645.0,0.0,3819.0,7558.0,0.0,3746.0,OR500,Central
2025-12-21,3819.0,522.0,522.0,0.0,3297.0,7036.0,0.0,0.0,OR500,Central
2025-12-22,3297.0,539.0,539.0,0.0,2758.0,6497.0,0.0,0.0,OR500,Central
2025-12-23,2758.0,463.0,463.0,0.0,2295.0,6034.0,0.0,0.0,OR500,Central
2025-12-24,2295.0,411.0,411.0,0.0,1884.0,5623.0,0.0,0.0,OR500,Central
2025-12-25,1884.0,690.0,690.0,0.0,1194.0,4933.0,0.0,0.0,OR500,Central
2025-12-26,1194.0,644.0,644.0,0.0,550.0,4289.0,3914.0,0.0,OR500,Central
2025-12-27,4289.0,509.0,509.0,0.0,3780.0,7694.0,0.0,3739.0,OR500,Central
2025-12-28,3780.0,519.0,519.0,0.0,3261.0,7175.0,0.0,0.0,OR500,Central
2025-12-29,3261.0,477.0,477.0,0.0,2784.0,6698.0,0.0,0.0,OR500,Central
2025-12-30,2784.0,534.0,534.0,0.0,2250.0,6164.0,0.0,0.0,OR500,Central
2025-12-31,2250.0,505.0,505.0,0.0,1745.0,5659.0,0.0,0.0,OR500,Central
2025-07-01,7602.0,522.0,522.0,0.0,7080.0,7080.0,0.0,0.0,OR500,East
2025-07-02,7080.0,619.0,619.0,0.0,6461.0,6461.0,0.0,0.0,OR500,East
2025-07-03,6461.0,572.0,572.0,0.0,5889.0,5889.0,0.0,0.0,OR500,East
2025-07-04,5889.0,580.0,580.0,0.0,5309.0,5309.0,0.0,0.0,OR500,East
2025-07-05,5309.0,694.0,694.0,0.0,4615.0,4615.0,0.0,0.0,OR500,East
2025-07-06,4615.0,738.0,738.0,0.0,3877.0,3877.0,0.0,0.0,OR500,East
2025-07-07,3877.0,563.0,563.0,0.0,3314.0,3314.0,4288.0,0.0,OR500,East
2025-07-08,3314.0,478.0,478.0,0.0,2836.0,7124.0,0.0,0.0,OR500,East
2025-07-09,2836.0,571.0,571.0,0.0,2265.0,6553.0,0.0,0.0,OR500,East
2025-07-10,2265.0,552.0,552.0,0.0,1713.0,6001.0,0.0,0.0,OR500,East
2025-07-11,1713.0,651.0,651.0,0.0,1062.0,5350.0,0.0,0.0,OR500,East
2025-07-12,1062.0,675.0,675.0,0.0,387.0,4675.0,0.0,0.0,OR500,East
2025-07-13,4675.0,716.0,716.0,0.0,3959.0,3959.0,0.0,4288.0,OR500,East
2025-07-14,3959.0,614.0,614.0,0.0,3345.0,3345.0,4257.0,0.0,OR500,East
2025-07-15,3345.0,584.0,584.0,0.0,2761.0,7018.0,0.0,0.0,OR500,East
2025-07-16,2761.0,539.0,539.0,0.0,2222.0,6479.0,0.0,0.0,OR500,East
2025-07-17,2222.0,703.0,703.0,0.0,1519.0,5776.0,0.0,0.0,OR500,East
2025-07-18,1519.0,623.0,623.0,0.0,896.0,5153.0,0.0,0.0,OR500,East
2025-07-19,896.0,675.0,675.0,0.0,221.0,4478.0,0.0,0.0,OR500,East
2025-07-20,4478.0,626.0,626.0,0.0,3852.0,3852.0,0.0,4257.0,OR500,East
2025-07-21,3852.0,542.0,542.0,0.0,3310.0,3310.0,4292.0,0.0,OR500,East
2025-07-22,3310.0,542.0,542.0,0.0,2768.0,7060.0,0.0,0.0,OR500,East
2025-07-23,2768.0,536.0,536.0,0.0,2232.0,6524.0,0.0,0.0,OR500,East
2025-07-24,2232.0,562.0,562.0,0.0,1670.0,5962.0,0.0,0.0,OR500,East
2025-07-25,1670.0,464.0,464.0,0.0,1206.0,5498.0,0.0,0.0,OR500,East
2025-07-26,1206.0,683.0,683.0,0.0,523.0,4815.0,0.0,0.0,OR500,East
2025-07-27,4815.0,731.0,731.0,0.0,4084.0,4084.0,0.0,4292.0,OR500,East
2025-07-28,4084.0,545.0,545.0,0.0,3539.0,3539.0,4063.0,0.0,OR500,East
2025-07-29,3539.0,566.0,566.0,0.0,2973.0,7036.0,0.0,0.0,OR500,East
2025-07-30,2973.0,592.0,592.0,0.0,2381.0,6444.0,0.0,0.0,OR500,East
2025-07-31,2381.0,526.0,526.0,0.0,1855.0,5918.0,0.0,0.0,OR500,East
2025-08-01,1855.0,476.0,476.0,0.0,1379.0,5442.0,0.0,0.0,OR500,East
2025-08-02,1379.0,550.0,550.0,0.0,829.0,4892.0,0.0,0.0,OR500,East
2025-08-03,4892.0,609.0,609.0,0.0,4283.0,4283.0,0.0,4063.0,OR500,East
2025-08-04,4283.0,667.0,667.0,0.0,3616.0,3616.0,3986.0,0.0,OR500,East
2025-08-05,3616.0,678.0,678.0,0.0,2938.0,6924.0,0.0,0.0,OR500,East
2025-08-06,2938.0,642.0,642.0,0.0,2296.0,6282.0,0.0,0.0,OR500,East
2025-08-07,2296.0,484.0,484.0,0.0,1812.0,5798.0,0.0,0.0,OR500,East
2025-08-08,1812.0,566.0,566.0,0.0,1246.0,5232.0,0.0,0.0,OR500,East
2025-08-09,1246.0,536.0,536.0,0.0,710.0,4696.0,0.0,0.0,OR500,East
2025-08-10,4696.0,564.0,564.0,0.0,4132.0,4132.0,0.0,3986.0,OR500,East
2025-08-11,4132.0,533.0,533.0,0.0,3599.0,3599.0,4003.0,0.0,OR500,East
2025-08-12,3599.0,455.0,455.0,0.0,3144.0,7147.0,0.0,0.0,OR500,East
2025-08-13,3144.0,442.0,442.0,0.0,2702.0,6705.0,0.0,0.0,OR500,East
2025-08-14,2702.0,569.0,569.0,0.0,2133.0,6136.0,0.0,0.0,OR500,East
2025-08-15,2133.0,525.0,525.0,0.0,1608.0,5611.0,0.0,0.0,OR500,East
2025-08-16,1608.0,611.0,611.0,0.0,997.0,5000.0,0.0,0.0,OR500,East
2025-08-17,5000.0,540.0,540.0,0.0,4460.0,4460.0,0.0,4003.0,OR500,East
2025-08-18,4460.0,631.0,631.0,0.0,3829.0,3829.0,0.0,0.0,OR500,East
2025-08-19,3829.0,453.0,453.0,0.0,3376.0,3376.0,4226.0,0.0,OR500,East
2025-08-20,3376.0,388.0,388.0,0.0,2988.0,7214.0,0.0,0.0,OR500,East
2025-08-21,2988.0,505.0,505.0,0.0,2483.0,6709.0,0.0,0.0,OR500,East
2025-08-22,2483.0,554.0,554.0,0.0,1929.0,6155.0,0.0,0.0,OR500,East
2025-08-23,1929.0,603.0,603.0,0.0,1326.0,5552.0,0.0,0.0,OR500,East
2025-08-24,1326.0,576.0,576.0,0.0,750.0,4976.0,0.0,0.0,OR500,East
2025-08-25,4976.0,565.0,565.0,0.0,4411.0,4411.0,0.0,4226.0,OR500,East
2025-08-26,4411.0,587.0,587.0,0.0,3824.0,3824.0,0.0,0.0,OR500,East
2025-08-27,3824.0,473.0,473.0,0.0,3351.0,3351.0,4251.0,0.0,OR500,East
2025-08-28,3351.0,470.0,470.0,0.0,2881.0,7132.0,0.0,0.0,OR500,East
2025-08-29,2881.0,572.0,572.0,0.0,2309.0,6560.0,0.0,0.0,OR500,East
2025-08-30,2309.0,553.0,553.0,0.0,1756.0,6007.0,0.0,0.0,OR500,East
2025-08-31,1756.0,516.0,516.0,0.0,1240.0,5491.0,0.0,0.0,OR500,East
2025-09-01,1240.0,509.0,509.0,0.0,731.0,4982.0,0.0,0.0,OR500,East
2025-09-02,4982.0,515.0,515.0,0.0,4467.0,4467.0,0.0,4251.0,OR500,East
2025-09-03,4467.0,522.0,522.0,0.0,3945.0,3945.0,0.0,0.0,OR500,East
2025-09-04,3945.0,531.0,531.0,0.0,3414.0,3414.0,4188.0,0.0,OR500,East
2025-09-05,3414.0,535.0,535.0,0.0,2879.0,7067.0,0.0,0.0,OR500,East
2025-09-06,2879.0,807.0,807.0,0.0,2072.0,6260.0,0.0,0.0,OR500,East
2025-09-07,2072.0,541.0,541.0,0.0,1531.0,5719.0,0.0,0.0,OR500,East
2025-09-08,1531.0,534.0,534.0,0.0,997.0,5185.0,0.0,0.0,OR500,East
2025-09-09,997.0,560.0,560.0,0.0,437.0,4625.0,0.0,0.0,OR500,East
2025-09-10,4625.0,575.0,575.0,0.0,4050.0,4050.0,0.0,4188.0,OR500,East
2025-09-11,4050.0,497.0,497.0,0.0,3553.0,3553.0,4049.0,0.0,OR500,East
2025-09-12,3553.0,525.0,525.0,0.0,3028.0,7077.0,0.0,0.0,OR500,East
2025-09-13,3028.0,482.0,482.0,0.0,2546.0,6595.0,0.0,0.0,OR500,East
2025-09-14,2546.0,618.0,618.0,0.0,1928.0,5977.0,0.0,0.0,OR500,East
2025-09-15,1928.0,724.0,724.0,0.0,1204.0,5253.0,0.0,0.0,OR500,East
2025-09-16,1204.0,505.0,505.0,0.0,699.0,4748.0,0.0,0.0,OR500,East
2025-09-17,4748.0,493.0,493.0,0.0,4255.0,4255.0,0.0,4049.0,OR500,East
2025-09-18,4255.0,583.0,583.0,0.0,3672.0,3672.0,0.0,0.0,OR500,East
2025-09-19,3672.0,462.0,462.0,0.0,3210.0,3210.0,4392.0,0.0,OR500,East
2025-09-20,3210.0,566.0,566.0,0.0,2644.0,7036.0,0.0,0.0,OR500,East
2025-09-21,2644.0,529.0,529.0,0.0,2115.0,6507.0,0.0,0.0,OR500,East
2025-09-22,2115.0,477.0,477.0,0.0,1638.0,6030.0,0.0,0.0,OR500,East
2025-09-23,1638.0,604.0,604.0,0.0,1034.0,5426.0,0.0,0.0,OR500,East
2025-09-24,1034.0,567.0,567.0,0.0,467.0,4859.0,0.0,0.0,OR500,East
2025-09-25,4859.0,469.0,469.0,0.0,4390.0,4390.0,0.0,4392.0,OR500,East
2025-09-26,4390.0,471.0,471.0,0.0,3919.0,3919.0,0.0,0.0,OR500,East
2025-09-27,3919.0,611.0,611.0,0.0,3308.0,3308.0,4294.0,0.0,OR500,East
2025-09-28,3308.0,590.0,590.0,0.0,2718.0,7012.0,0.0,0.0,OR500,East
2025-09-29,2718.0,469.0,469.0,0.0,2249.0,6543.0,0.0,0.0,OR500,East
2025-09-30,2249.0,510.0,510.0,0.0,1739.0,6033.0,0.0,0.0,OR500,East
2025-10-01,1739.0,524.0,524.0,0.0,1215.0,5509.0,0.0,0.0,OR500,East
2025-10-02,1215.0,621.0,621.0,0.0,594.0,4888.0,0.0,0.0,OR500,East
2025-10-03,4888.0,549.0,549.0,0.0,4339.0,4339.0,0.0,4294.0,OR500,East
2025-10-04,4339.0,636.0,636.0,0.0,3703.0,3703.0,0.0,0.0,OR500,East
2025-10-05,3703.0,674.0,674.0,0.0,3029.0,3029.0,4573.0,0.0,OR500,East
2025-10-06,3029.0,602.0,602.0,0.0,2427.0,7000.0,0.0,0.0,OR500,East
2025-10-07,2427.0,426.0,426.0,0.0,2001.0,6574.0,0.0,0.0,OR500,East
2025-10-08,2001.0,529.0,529.0,0.0,1472.0,6045.0,0.0,0.0,OR500,East
2025-10-09,1472.0,468.0,468.0,0.0,1004.0,5577.0,0.0,0.0,OR500,East
2025-10-10,1004.0,520.0,520.0,0.0,484.0,5057.0,0.0,0.0,OR500,East
2025-10-11,5057.0,742.0,742.0,0.0,4315.0,4315.0,0.0,4573.0,OR500,East
2025-10-12,4315.0,523.0,523.0,0.0,3792.0,3792.0,0.0,0.0,OR500,East
2025-10-13,3792.0,515.0,515.0,0.0,3277.0,3277.0,4325.0,0.0,OR500,East
2025-10-14,3277.0,544.0,544.0,0.0,2733.0,7058.0,0.0,0.0,OR500,East
2025-10-15,2733.0,513.0,513.0,0.0,2220.0,6545.0,0.0,0.0,OR500,East
2025-10-16,2220.0,517.0,517.0,0.0,1703.0,6028.0,0.0,0.0,OR500,East
2025-10-17,1703.0,599.0,599.0,0.0,1104.0,5429.0,0.0,0.0,OR500,East
2025-10-18,1104.0,815.0,815.0,0.0,289.0,4614.0,0.0,0.0,OR500,East
2025-10-19,4614.0,639.0,639.0,0.0,3975.0,3975.0,0.0,4325.0,OR500,East
2025-10-20,3975.0,612.0,612.0,0.0,3363.0,3363.0,4239.0,0.0,OR500,East
2025-10-21,3363.0,670.0,670.0,0.0,2693.0,6932.0,0.0,0.0,OR500,East
2025-10-22,2693.0,449.0,449.0,0.0,2244.0,6483.0,0.0,0.0,OR500,East
2025-10-23,2244.0,605.0,605.0,0.0,1639.0,5878.0,0.0,0.0,OR500,East
2025-10-24,1639.0,440.0,440.0,0.0,1199.0,5438.0,0.0,0.0,OR500,East
2025-10-25,1199.0,610.0,610.0,0.0,589.0,4828.0,0.0,0.0,OR500,East
2025-10-26,4828.0,620.0,620.0,0.0,4208.0,4208.0,0.0,4239.0,OR500,East
2025-10-27,4208.0,498.0,498.0,0.0,3710.0,3710.0,0.0,0.0,OR500,East
2025-10-28,3710.0,509.0,509.0,0.0,3201.0,3201.0,4401.0,0.0,OR500,East
2025-10-29,3201.0,517.0,517.0,0.0,2684.0,7085.0,0.0,0.0,OR500,East
2025-10-30,2684.0,535.0,535.0,0.0,2149.0,6550.0,0.0,0.0,OR500,East
2025-10-31,2149.0,513.0,513.0,0.0,1636.0,6037.0,0.0,0.0,OR500,East
2025-11-01,1636.0,549.0,549.0,0.0,1087.0,5488.0,0.0,0.0,OR500,East
2025-11-02,1087.0,607.0,607.0,0.0,480.0,4881.0,0.0,0.0,OR500,East
2025-11-03,4881.0,616.0,616.0,0.0,4265.0,4265.0,0.0,4401.0,OR500,East
2025-11-04,4265.0,729.0,729.0,0.0,3536.0,3536.0,4066.0,0.0,OR500,East
2025-11-05,3536.0,494.0,494.0,0.0,3042.0,7108.0,0.0,0.0,OR500,East
2025-11-06,3042.0,586.0,586.0,0.0,2456.0,6522.0,0.0,0.0,OR500,East
2025-11-07,2456.0,509.0,509.0,0.0,1947.0,6013.0,0.0,0.0,OR500,East
2025-11-08,1947.0,676.0,676.0,0.0,1271.0,5337.0,0.0,0.0,OR500,East
2025-11-09,1271.0,548.0,548.0,0.0,723.0,4789.0,0.0,0.0,OR500,East
2025-11-10,4789.0,426.0,426.0,0.0,4363.0,4363.0,0.0,4066.0,OR500,East
2025-11-11,4363.0,527.0,527.0,0.0,3836.0,3836.0,0.0,0.0,OR500,East
2025-11-12,3836.0,517.0,517.0,0.0,3319.0,3319.0,4283.0,0.0,OR500,East
2025-11-13,3319.0,564.0,564.0,0.0,2755.0,7038.0,0.0,0.0,OR500,East
2025-11-14,2755.0,531.0,531.0,0.0,2224.0,6507.0,0.0,0.0,OR500,East
2025-11-15,2224.0,648.0,648.0,0.0,1576.0,5859.0,0.0,0.0,OR500,East
2025-11-16,1576.0,686.0,686.0,0.0,890.0,5173.0,0.0,0.0,OR500,East
2025-11-17,890.0,490.0,490.0,0.0,400.0,4683.0,0.0,0.0,OR500,East
2025-11-18,4683.0,605.0,605.0,0.0,4078.0,4078.0,0.0,4283.0,OR500,East
2025-11-19,4078.0,521.0,521.0,0.0,3557.0,3557.0,4045.0,0.0,OR500,East
2025-11-20,3557.0,521.0,521.0,0.0,3036.0,7081.0,0.0,0.0,OR500,East
2025-11-21,3036.0,497.0,497.0,0.0,2539.0,6584.0,0.0,0.0,OR500,East
2025-11-22,2539.0,711.0,711.0,0.0,1828.0,5873.0,0.0,0.0,OR500,East
2025-11-23,1828.0,560.0,560.0,0.0,1268.0,5313.0,0.0,0.0,OR500,East
2025-11-24,1268.0,546.0,546.0,0.0,722.0,4767.0,0.0,0.0,OR500,East
2025-11-25,4767.0,635.0,635.0,0.0,4132.0,4132.0,0.0,4045.0,OR500,East
2025-11-26,4132.0,561.0,561.0,0.0,3571.0,3571.0,4031.0,0.0,OR500,East
2025-11-27,3571.0,511.0,511.0,0.0,3060.0,7091.0,0.0,0.0,OR500,East
2025-11-28,3060.0,466.0,466.0,0.0,2594.0,6625.0,0.0,0.0,OR500,East
2025-11-29,2594.0,668.0,668.0,0.0,1926.0,5957.0,0.0,0.0,OR500,East
2025-11-30,1926.0,609.0,609.0,0.0,1317.0,5348.0,0.0,0.0,OR500,East
2025-12-01,1317.0,663.0,663.0,0.0,654.0,4685.0,0.0,0.0,OR500,East
2025-12-02,4685.0,677.0,677.0,0.0,4008.0,4008.0,0.0,4031.0,OR500,East
2025-12-03,4008.0,651.0,651.0,0.0,3357.0,3357.0,4245.0,0.0,OR500,East
2025-12-04,3357.0,513.0,513.0,0.0,2844.0,7089.0,0.0,0.0,OR500,East
2025-12-05,2844.0,565.0,565.0,0.0,2279.0,6524.0,0.0,0.0,OR500,East
2025-12-06,2279.0,609.0,609.0,0.0,1670.0,5915.0,0.0,0.0,OR500,East
2025-12-07,1670.0,705.0,705.0,0.0,965.0,5210.0,0.0,0.0,OR500,East
2025-12-08,965.0,492.0,492.0,0.0,473.0,4718.0,0.0,0.0,OR500,East
2025-12-09,4718.0,496.0,496.0,0.0,4222.0,4222.0,0.0,4245.0,OR500,East
2025-12-10,4222.0,533.0,533.0,0.0,3689.0,3689.0,0.0,0.0,OR500,East
2025-12-11,3689.0,520.0,520.0,0.0,3169.0,3169.0,4433.0,0.0,OR500,East
2025-12-12,3169.0,707.0,707.0,0.0,2462.0,6895.0,0.0,0.0,OR500,East
2025-12-13,2462.0,541.0,541.0,0.0,1921.0,6354.0,0.0,0.0,OR500,East
2025-12-14,1921.0,616.0,616.0,0.0,1305.0,5738.0,0.0,0.0,OR500,East
2025-12-15,1305.0,522.0,522.0,0.0,783.0,5216.0,0.0,0.0,OR500,East
2025-12-16,783.0,501.0,501.0,0.0,282.0,4715.0,0.0,0.0,OR500,East
2025-12-17,4715.0,525.0,525.0,0.0,4190.0,4190.0,0.0,4433.0,OR500,East
2025-12-18,4190.0,464.0,464.0,0.0,3726.0,3726.0,0.0,0.0,OR500,East
2025-12-19,3726.0,544.0,544.0,0.0,3182.0,3182.0,4420.0,0.0,OR500,East
2025-12-20,3182.0,633.0,633.0,0.0,2549.0,6969.0,0.0,0.0,OR500,East
2025-12-21,2549.0,678.0,678.0,0.0,1871.0,6291.0,0.0,0.0,OR500,East
2025-12-22,1871.0,491.0,491.0,0.0,1380.0,5800.0,0.0,0.0,OR500,East
2025-12-23,1380.0,583.0,583.0,0.0,797.0,5217.0,0.0,0.0,OR500,East
2025-12-24,797.0,586.0,586.0,0.0,211.0,4631.0,0.0,0.0,OR500,East
2025-12-25,4631.0,599.0,599.0,0.0,4032.0,4032.0,0.0,4420.0,OR500,East
2025-12-26,4032.0,486.0,486.0,0.0,3546.0,3546.0,4056.0,0.0,OR500,East
2025-12-27,3546.0,612.0,612.0,0.0,2934.0,6990.0,0.0,0.0,OR500,East
2025-12-28,2934.0,636.0,636.0,0.0,2298.0,6354.0,0.0,0.0,OR500,East
2025-12-29,2298.0,681.0,681.0,0.0,1617.0,5673.0,0.0,0.0,OR500,East
2025-12-30,1617.0,596.0,596.0,0.0,1021.0,5077.0,0.0,0.0,OR500,East
2025-12-31,1021.0,460.0,460.0,0.0,561.0,4617.0,0.0,0.0,OR500,East
2025-07-01,8628.0,649.0,649.0,0.0,7979.0,7979.0,0.0,0.0,OR500,North
2025-07-02,7979.0,605.0,605.0,0.0,7374.0,7374.0,0.0,0.0,OR500,North
2025-07-03,7374.0,620.0,620.0,0.0,6754.0,6754.0,0.0,0.0,OR500,North
2025-07-04,6754.0,697.0,697.0,0.0,6057.0,6057.0,0.0,0.0,OR500,North
2025-07-05,6057.0,678.0,678.0,0.0,5379.0,5379.0,0.0,0.0,OR500,North
2025-07-06,5379.0,639.0,639.0,0.0,4740.0,4740.0,0.0,0.0,OR500,North
2025-07-07,4740.0,565.0,565.0,0.0,4175.0,4175.0,4453.0,0.0,OR500,North
2025-07-08,4175.0,626.0,626.0,0.0,3549.0,8002.0,0.0,0.0,OR500,North
2025-07-09,3549.0,577.0,577.0,0.0,2972.0,7425.0,0.0,0.0,OR500,North
2025-07-10,2972.0,685.0,685.0,0.0,2287.0,6740.0,0.0,0.0,OR500,North
2025-07-11,2287.0,610.0,610.0,0.0,1677.0,6130.0,0.0,0.0,OR500,North
2025-07-12,1677.0,864.0,864.0,0.0,813.0,5266.0,0.0,0.0,OR500,North
2025-07-13,813.0,583.0,583.0,0.0,230.0,4683.0,0.0,0.0,OR500,North
2025-07-14,4683.0,553.0,553.0,0.0,4130.0,4130.0,4498.0,4453.0,OR500,North
2025-07-15,4130.0,614.0,614.0,0.0,3516.0,8014.0,0.0,0.0,OR500,North
2025-07-16,3516.0,818.0,818.0,0.0,2698.0,7196.0,0.0,0.0,OR500,North
2025-07-17,2698.0,578.0,578.0,0.0,2120.0,6618.0,0.0,0.0,OR500,North
2025-07-18,2120.0,590.0,590.0,0.0,1530.0,6028.0,0.0,0.0,OR500,North
2025-07-19,1530.0,830.0,830.0,0.0,700.0,5198.0,0.0,0.0,OR500,North
2025-07-20,700.0,636.0,636.0,0.0,64.0,4562.0,0.0,0.0,OR500,North
2025-07-21,4562.0,520.0,520.0,0.0,4042.0,4042.0,4586.0,4498.0,OR500,North
2025-07-22,4042.0,569.0,569.0,0.0,3473.0,8059.0,0.0,0.0,OR500,North
2025-07-23,3473.0,636.0,636.0,0.0,2837.0,7423.0,0.0,0.0,OR500,North
2025-07-24,2837.0,680.0,680.0,0.0,2157.0,6743.0,0.0,0.0,OR500,North
2025-07-25,2157.0,637.0,637.0,0.0,1520.0,6106.0,0.0,0.0,OR500,North
2025-07-26,1520.0,715.0,715.0,0.0,805.0,5391.0,0.0,0.0,OR500,North
2025-07-27,805.0,651.0,651.0,0.0,154.0,4740.0,0.0,0.0,OR500,North
2025-07-28,4740.0,533.0,533.0,0.0,4207.0,4207.0,4421.0,4586.0,OR500,North
2025-07-29,4207.0,594.0,594.0,0.0,3613.0,8034.0,0.0,0.0,OR500,North
2025-07-30,3613.0,725.0,725.0,0.0,2888.0,7309.0,0.0,0.0,OR500,North
2025-07-31,2888.0,654.0,654.0,0.0,2234.0,6655.0,0.0,0.0,OR500,North
2025-08-01,2234.0,515.0,515.0,0.0,1719.0,6140.0,0.0,0.0,OR500,North
2025-08-02,1719.0,681.0,681.0,0.0,1038.0,5459.0,0.0,0.0,OR500,North
2025-08-03,1038.0,592.0,592.0,0.0,446.0,4867.0,0.0,0.0,OR500,North
2025-08-04,4867.0,562.0,562.0,0.0,4305.0,4305.0,4323.0,4421.0,OR500,North
2025-08-05,4305.0,648.0,648.0,0.0,3657.0,7980.0,0.0,0.0,OR500,North
2025-08-06,3657.0,626.0,626.0,0.0,3031.0,7354.0,0.0,0.0,OR500,North
2025-08-07,3031.0,435.0,435.0,0.0,2596.0,6919.0,0.0,0.0,OR500,North
2025-08-08,2596.0,426.0,426.0,0.0,2170.0,6493.0,0.0,0.0,OR500,North
2025-08-09,2170.0,702.0,702.0,0.0,1468.0,5791.0,0.0,0.0,OR500,North
2025-08-10,1468.0,791.0,791.0,0.0,677.0,5000.0,0.0,0.0,OR500,North
2025-08-11,5000.0,526.0,526.0,0.0,4474.0,4474.0,0.0,4323.0,OR500,North
2025-08-12,4474.0,592.0,592.0,0.0,3882.0,3882.0,4746.0,0.0,OR500,North
2025-08-13,3882.0,438.0,438.0,0.0,3444.0,8190.0,0.0,0.0,OR500,North
2025-08-14,3444.0,542.0,542.0,0.0,2902.0,7648.0,0.0,0.0,OR500,North
2025-08-15,2902.0,744.0,744.0,0.0,2158.0,6904.0,0.0,0.0,OR500,North
2025-08-16,2158.0,642.0,642.0,0.0,1516.0,6262.0,0.0,0.0,OR500,North
2025-08-17,1516.0,745.0,745.0,0.0,771.0,5517.0,0.0,0.0,OR500,North
2025-08-18,771.0,570.0,570.0,0.0,201.0,4947.0,0.0,0.0,OR500,North
2025-08-19,4947.0,594.0,594.0,0.0,4353.0,4353.0,4275.0,4746.0,OR500,North
2025-08-20,4353.0,645.0,645.0,0.0,3708.0,7983.0,0.0,0.0,OR500,North
2025-08-21,3708.0,508.0,508.0,0.0,3200.0,7475.0,0.0,0.0,OR500,North
2025-08-22,3200.0,409.0,409.0,0.0,2791.0,7066.0,0.0,0.0,OR500,North
2025-08-23,2791.0,649.0,649.0,0.0,2142.0,6417.0,0.0,0.0,OR500,North
2025-08-24,2142.0,707.0,707.0,0.0,1435.0,5710.0,0.0,0.0,OR500,North
2025-08-25,1435.0,543.0,543.0,0.0,892.0,5167.0,0.0,0.0,OR500,North
2025-08-26,5167.0,596.0,596.0,0.0,4571.0,4571.0,0.0,4275.0,OR500,North
2025-08-27,4571.0,545.0,545.0,0.0,4026.0,4026.0,4602.0,0.0,OR500,North
2025-08-28,4026.0,482.0,482.0,0.0,3544.0,8146.0,0.0,0.0,OR500,North
2025-08-29,3544.0,610.0,610.0,0.0,2934.0,7536.0,0.0,0.0,OR500,North
2025-08-30,2934.0,655.0,655.0,0.0,2279.0,6881.0,0.0,0.0,OR500,North
2025-08-31,2279.0,526.0,526.0,0.0,1753.0,6355.0,0.0,0.0,OR500,North
2025-09-01,1753.0,450.0,450.0,0.0,1303.0,5905.0,0.0,0.0,OR500,North
2025-09-02,1303.0,606.0,606.0,0.0,697.0,5299.0,0.0,0.0,OR500,North
2025-09-03,5299.0,591.0,591.0,0.0,4708.0,4708.0,0.0,4602.0,OR500,North
2025-09-04,4708.0,524.0,524.0,0.0,4184.0,4184.0,4444.0,0.0,OR500,North
2025-09-05,4184.0,483.0,483.0,0.0,3701.0,8145.0,0.0,0.0,OR500,North
2025-09-06,3701.0,691.0,691.0,0.0,3010.0,7454.0,0.0,0.0,OR500,North
2025-09-07,3010.0,640.0,640.0,0.0,2370.0,6814.0,0.0,0.0,OR500,North
2025-09-08,2370.0,539.0,539.0,0.0,1831.0,6275.0,0.0,0.0,OR500,North
2025-09-09,1831.0,494.0,494.0,0.0,1337.0,5781.0,0.0,0.0,OR500,North
2025-09-10,1337.0,365.0,365.0,0.0,972.0,5416.0,0.0,0.0,OR500,North
2025-09-11,5416.0,449.0,449.0,0.0,4967.0,4967.0,0.0,4444.0,OR500,North
2025-09-12,4967.0,628.0,628.0,0.0,4339.0,4339.0,4289.0,0.0,OR500,North
2025-09-13,4339.0,684.0,684.0,0.0,3655.0,7944.0,0.0,0.0,OR500,North
2025-09-14,3655.0,637.0,637.0,0.0,3018.0,7307.0,0.0,0.0,OR500,North
2025-09-15,3018.0,565.0,565.0,0.0,2453.0,6742.0,0.0,0.0,OR500,North
2025-09-16,2453.0,619.0,619.0,0.0,1834.0,6123.0,0.0,0.0,OR500,North
2025-09-17,1834.0,549.0,549.0,0.0,1285.0,5574.0,0.0,0.0,OR500,North
2025-09-18,1285.0,410.0,410.0,0.0,875.0,5164.0,0.0,0.0,OR500,North
2025-09-19,5164.0,623.0,623.0,0.0,4541.0,4541.0,0.0,4289.0,OR500,North
2025-09-20,4541.0,607.0,607.0,0.0,3934.0,3934.0,4694.0,0.0,OR500,North
2025-09-21,3934.0,594.0,594.0,0.0,3340.0,8034.0,0.0,0.0,OR500,North
2025-09-22,3340.0,614.0,614.0,0.0,2726.0,7420.0,0.0,0.0,OR500,North
2025-09-23,2726.0,434.0,434.0,0.0,2292.0,6986.0,0.0,0.0,OR500,North
2025-09-24,2292.0,591.0,591.0,0.0,1701.0,6395.0,0.0,0.0,OR500,North
2025-09-25,1701.0,471.0,471.0,0.0,1230.0,5924.0,0.0,0.0,OR500,North
2025-09-26,1230.0,551.0,551.0,0.0,679.0,5373.0,0.0,0.0,OR500,North
2025-09-27,5373.0,645.0,645.0,0.0,4728.0,4728.0,0.0,4694.0,OR500,North
2025-09-28,4728.0,731.0,731.0,0.0,3997.0,3997.0,4631.0,0.0,OR500,North
2025-09-29,3997.0,492.0,492.0,0.0,3505.0,8136.0,0.0,0.0,OR500,North
2025-09-30,3505.0,559.0,559.0,0.0,2946.0,7577.0,0.0,0.0,OR500,North
2025-10-01,2946.0,436.0,436.0,0.0,2510.0,7141.0,0.0,0.0,OR500,North
2025-10-02,2510.0,559.0,559.0,0.0,1951.0,6582.0,0.0,0.0,OR500,North
2025-10-03,1951.0,557.0,557.0,0.0,1394.0,6025.0,0.0,0.0,OR500,North
2025-10-04,1394.0,637.0,637.0,0.0,757.0,5388.0,0.0,0.0,OR500,North
2025-10-05,5388.0,601.0,601.0,0.0,4787.0,4787.0,0.0,4631.0,OR500,North
2025-10-06,4787.0,617.0,617.0,0.0,4170.0,4170.0,4458.0,0.0,OR500,North
2025-10-07,4170.0,498.0,498.0,0.0,3672.0,8130.0,0.0,0.0,OR500,North
2025-10-08,3672.0,587.0,587.0,0.0,3085.0,7543.0,0.0,0.0,OR500,North
2025-10-09,3085.0,549.0,549.0,0.0,2536.0,6994.0,0.0,0.0,OR500,North
2025-10-10,2536.0,605.0,605.0,0.0,1931.0,6389.0,0.0,0.0,OR500,North
2025-10-11,1931.0,746.0,746.0,0.0,1185.0,5643.0,0.0,0.0,OR500,North
2025-10-12,1185.0,620.0,620.0,0.0,565.0,5023.0,0.0,0.0,OR500,North
2025-10-13,5023.0,624.0,624.0,0.0,4399.0,4399.0,4229.0,4458.0,OR500,North
2025-10-14,4399.0,645.0,645.0,0.0,3754.0,7983.0,0.0,0.0,OR500,North
2025-10-15,3754.0,532.0,532.0,0.0,3222.0,7451.0,0.0,0.0,OR500,North
2025-10-16,3222.0,532.0,532.0,0.0,2690.0,6919.0,0.0,0.0,OR500,North
2025-10-17,2690.0,621.0,621.0,0.0,2069.0,6298.0,0.0,0.0,OR500,North
2025-10-18,2069.0,596.0,596.0,0.0,1473.0,5702.0,0.0,0.0,OR500,North
2025-10-19,1473.0,669.0,669.0,0.0,804.0,5033.0,0.0,0.0,OR500,North
2025-10-20,5033.0,620.0,620.0,0.0,4413.0,4413.0,4215.0,4229.0,OR500,North
2025-10-21,4413.0,618.0,618.0,0.0,3795.0,8010.0,0.0,0.0,OR500,North
2025-10-22,3795.0,441.0,441.0,0.0,3354.0,7569.0,0.0,0.0,OR500,North
2025-10-23,3354.0,451.0,451.0,0.0,2903.0,7118.0,0.0,0.0,OR500,North
2025-10-24,2903.0,677.0,677.0,0.0,2226.0,6441.0,0.0,0.0,OR500,North
2025-10-25,2226.0,820.0,820.0,0.0,1406.0,5621.0,0.0,0.0,OR500,North
2025-10-26,1406.0,630.0,630.0,0.0,776.0,4991.0,0.0,0.0,OR500,North
2025-10-27,4991.0,586.0,586.0,0.0,4405.0,4405.0,4223.0,4215.0,OR500,North
2025-10-28,4405.0,598.0,598.0,0.0,3807.0,8030.0,0.0,0.0,OR500,North
2025-10-29,3807.0,629.0,629.0,0.0,3178.0,7401.0,0.0,0.0,OR500,North
2025-10-30,3178.0,519.0,519.0,0.0,2659.0,6882.0,0.0,0.0,OR500,North
2025-10-31,2659.0,533.0,533.0,0.0,2126.0,6349.0,0.0,0.0,OR500,North
2025-11-01,2126.0,689.0,689.0,0.0,1437.0,5660.0,0.0,0.0,OR500,North
2025-11-02,1437.0,662.0,662.0,0.0,775.0,4998.0,0.0,0.0,OR500,North
2025-11-03,4998.0,567.0,567.0,0.0,4431.0,4431.0,4197.0,4223.0,OR500,North
2025-11-04,4431.0,571.0,571.0,0.0,3860.0,8057.0,0.0,0.0,OR500,North
2025-11-05,3860.0,438.0,438.0,0.0,3422.0,7619.0,0.0,0.0,OR500,North
2025-11-06,3422.0,551.0,551.0,0.0,2871.0,7068.0,0.0,0.0,OR500,North
2025-11-07,2871.0,519.0,519.0,0.0,2352.0,6549.0,0.0,0.0,OR500,North
2025-11-08,2352.0,670.0,670.0,0.0,1682.0,5879.0,0.0,0.0,OR500,North
2025-11-09,1682.0,672.0,672.0,0.0,1010.0,5207.0,0.0,0.0,OR500,North
2025-11-10,5207.0,518.0,518.0,0.0,4689.0,4689.0,0.0,4197.0,OR500,North
2025-11-11,4689.0,565.0,565.0,0.0,4124.0,4124.0,4504.0,0.0,OR500,North
2025-11-12,4124.0,570.0,570.0,0.0,3554.0,8058.0,0.0,0.0,OR500,North
2025-11-13,3554.0,662.0,662.0,0.0,2892.0,7396.0,0.0,0.0,OR500,North
2025-11-14,2892.0,532.0,532.0,0.0,2360.0,6864.0,0.0,0.0,OR500,North
2025-11-15,2360.0,547.0,547.0,0.0,1813.0,6317.0,0.0,0.0,OR500,North
2025-11-16,1813.0,624.0,624.0,0.0,1189.0,5693.0,0.0,0.0,OR500,North
2025-11-17,1189.0,590.0,590.0,0.0,599.0,5103.0,0.0,0.0,OR500,North
2025-11-18,5103.0,520.0,520.0,0.0,4583.0,4583.0,0.0,4504.0,OR500,North
2025-11-19,4583.0,548.0,548.0,0.0,4035.0,4035.0,4593.0,0.0,OR500,North
2025-11-20,4035.0,618.0,618.0,0.0,3417.0,8010.0,0.0,0.0,OR500,North
2025-11-21,3417.0,437.0,437.0,0.0,2980.0,7573.0,0.0,0.0,OR500,North
2025-11-22,2980.0,607.0,607.0,0.0,2373.0,6966.0,0.0,0.0,OR500,North
2025-11-23,2373.0,626.0,626.0,0.0,1747.0,6340.0,0.0,0.0,OR500,North
2025-11-24,1747.0,597.0,597.0,0.0,1150.0,5743.0,0.0,0.0,OR500,North
2025-11-25,1150.0,641.0,641.0,0.0,509.0,5102.0,0.0,0.0,OR500,North
2025-11-26,5102.0,523.0,523.0,0.0,4579.0,4579.0,0.0,4593.0,OR500,North
2025-11-27,4579.0,558.0,558.0,0.0,4021.0,4021.0,4607.0,0.0,OR500,North
2025-11-28,4021.0,620.0,620.0,0.0,3401.0,8008.0,0.0,0.0,OR500,North
2025-11-29,3401.0,921.0,921.0,0.0,2480.0,7087.0,0.0,0.0,OR500,North
2025-11-30,2480.0,840.0,840.0,0.0,1640.0,6247.0,0.0,0.0,OR500,North
2025-12-01,1640.0,621.0,621.0,0.0,1019.0,5626.0,0.0,0.0,OR500,North
2025-12-02,1019.0,547.0,547.0,0.0,472.0,5079.0,0.0,0.0,OR500,North
2025-12-03,472.0,607.0,472.0,135.0,0.0,4607.0,0.0,0.0,OR500,North
2025-12-04,4607.0,533.0,533.0,0.0,4074.0,4074.0,4554.0,4607.0,OR500,North
2025-12-05,4074.0,611.0,611.0,0.0,3463.0,8017.0,0.0,0.0,OR500,North
2025-12-06,3463.0,682.0,682.0,0.0,2781.0,7335.0,0.0,0.0,OR500,North
2025-12-07,2781.0,698.0,698.0,0.0,2083.0,6637.0,0.0,0.0,OR500,North
2025-12-08,2083.0,568.0,568.0,0.0,1515.0,6069.0,0.0,0.0,OR500,North
2025-12-09,1515.0,620.0,620.0,0.0,895.0,5449.0,0.0,0.0,OR500,North
2025-12-10,895.0,567.0,567.0,0.0,328.0,4882.0,0.0,0.0,OR500,North
2025-12-11,4882.0,608.0,608.0,0.0,4274.0,4274.0,4354.0,4554.0,OR500,North
2025-12-12,4274.0,590.0,590.0,0.0,3684.0,8038.0,0.0,0.0,OR500,North
2025-12-13,3684.0,664.0,664.0,0.0,3020.0,7374.0,0.0,0.0,OR500,North
2025-12-14,3020.0,659.0,659.0,0.0,2361.0,6715.0,0.0,0.0,OR500,North
2025-12-15,2361.0,663.0,663.0,0.0,1698.0,6052.0,0.0,0.0,OR500,North
2025-12-16,1698.0,582.0,582.0,0.0,1116.0,5470.0,0.0,0.0,OR500,North
2025-12-17,1116.0,442.0,442.0,0.0,674.0,5028.0,0.0,0.0,OR500,North
2025-12-18,5028.0,480.0,480.0,0.0,4548.0,4548.0,0.0,4354.0,OR500,North
2025-12-19,4548.0,563.0,563.0,0.0,3985.0,3985.0,4643.0,0.0,OR500,North
2025-12-20,3985.0,563.0,563.0,0.0,3422.0,8065.0,0.0,0.0,OR500,North
2025-12-21,3422.0,601.0,601.0,0.0,2821.0,7464.0,0.0,0.0,OR500,North
2025-12-22,2821.0,607.0,607.0,0.0,2214.0,6857.0,0.0,0.0,OR500,North
2025-12-23,2214.0,583.0,583.0,0.0,1631.0,6274.0,0.0,0.0,OR500,North
2025-12-24,1631.0,577.0,577.0,0.0,1054.0,5697.0,0.0,0.0,OR500,North
2025-12-25,1054.0,777.0,777.0,0.0,277.0,4920.0,0.0,0.0,OR500,North
2025-12-26,4920.0,567.0,567.0,0.0,4353.0,4353.0,4275.0,4643.0,OR500,North
2025-12-27,4353.0,557.0,557.0,0.0,3796.0,8071.0,0.0,0.0,OR500,North
2025-12-28,3796.0,669.0,669.0,0.0,3127.0,7402.0,0.0,0.0,OR500,North
2025-12-29,3127.0,493.0,493.0,0.0,2634.0,6909.0,0.0,0.0,OR500,North
2025-12-30,2634.0,576.0,576.0,0.0,2058.0,6333.0,0.0,0.0,OR500,North
2025-12-31,2058.0,568.0,568.0,0.0,1490.0,5765.0,0.0,0.0,OR500,North
2025-07-01,11547.0,580.0,580.0,0.0,10967.0,10967.0,0.0,0.0,OR500,South
2025-07-02,10967.0,654.0,654.0,0.0,10313.0,10313.0,0.0,0.0,OR500,South
2025-07-03,10313.0,653.0,653.0,0.0,9660.0,9660.0,0.0,0.0,OR500,South
2025-07-04,9660.0,586.0,586.0,0.0,9074.0,9074.0,0.0,0.0,OR500,South
2025-07-05,9074.0,784.0,784.0,0.0,8290.0,8290.0,0.0,0.0,OR500,South
2025-07-06,8290.0,1004.0,1004.0,0.0,7286.0,7286.0,0.0,0.0,OR500,South
2025-07-07,7286.0,677.0,677.0,0.0,6609.0,6609.0,4938.0,0.0,OR500,South
2025-07-08,6609.0,705.0,705.0,0.0,5904.0,10842.0,0.0,0.0,OR500,South
2025-07-09,5904.0,576.0,576.0,0.0,5328.0,10266.0,0.0,0.0,OR500,South
2025-07-10,5328.0,679.0,679.0,0.0,4649.0,9587.0,0.0,0.0,OR500,South
2025-07-11,4649.0,727.0,727.0,0.0,3922.0,8860.0,0.0,0.0,OR500,South
2025-07-12,3922.0,731.0,731.0,0.0,3191.0,8129.0,0.0,0.0,OR500,South
2025-07-13,3191.0,661.0,661.0,0.0,2530.0,7468.0,0.0,0.0,OR500,South
2025-07-14,2530.0,956.0,956.0,0.0,1574.0,6512.0,5035.0,0.0,OR500,South
2025-07-15,1574.0,806.0,806.0,0.0,768.0,10741.0,0.0,0.0,OR500,South
2025-07-16,768.0,741.0,741.0,0.0,27.0,10000.0,0.0,0.0,OR500,South
2025-07-17,4965.0,699.0,699.0,0.0,4266.0,9301.0,0.0,4938.0,OR500,South
2025-07-18,4266.0,678.0,678.0,0.0,3588.0,8623.0,0.0,0.0,OR500,South
2025-07-19,3588.0,747.0,747.0,0.0,2841.0,7876.0,0.0,0.0,OR500,South
2025-07-20,2841.0,761.0,761.0,0.0,2080.0,7115.0,0.0,0.0,OR500,South
2025-07-21,2080.0,933.0,933.0,0.0,1147.0,6182.0,5365.0,0.0,OR500,South
2025-07-22,1147.0,715.0,715.0,0.0,432.0,10832.0,0.0,0.0,OR500,South
2025-07-23,432.0,677.0,432.0,245.0,0.0,10400.0,0.0,0.0,OR500,South
2025-07-24,5035.0,753.0,753.0,0.0,4282.0,9647.0,0.0,5035.0,OR500,South
2025-07-25,4282.0,711.0,711.0,0.0,3571.0,8936.0,0.0,0.0,OR500,South
2025-07-26,3571.0,776.0,776.0,0.0,2795.0,8160.0,0.0,0.0,OR500,South
2025-07-27,2795.0,677.0,677.0,0.0,2118.0,7483.0,0.0,0.0,OR500,South
2025-07-28,2118.0,803.0,803.0,0.0,1315.0,6680.0,4867.0,0.0,OR500,South
2025-07-29,1315.0,698.0,698.0,0.0,617.0,10849.0,0.0,0.0,OR500,South
2025-07-30,617.0,643.0,617.0,26.0,0.0,10232.0,0.0,0.0,OR500,South
2025-07-31,5365.0,558.0,558.0,0.0,4807.0,9674.0,0.0,5365.0,OR500,South
2025-08-01,4807.0,529.0,529.0,0.0,4278.0,9145.0,0.0,0.0,OR500,South
2025-08-02,4278.0,745.0,745.0,0.0,3533.0,8400.0,0.0,0.0,OR500,South
2025-08-03,3533.0,563.0,563.0,0.0,2970.0,7837.0,0.0,0.0,OR500,South
2025-08-04,2970.0,652.0,652.0,0.0,2318.0,7185.0,0.0,0.0,OR500,South
2025-08-05,2318.0,525.0,525.0,0.0,1793.0,6660.0,4887.0,0.0,OR500,South
2025-08-06,1793.0,586.0,586.0,0.0,1207.0,10961.0,0.0,0.0,OR500,South
2025-08-07,6074.0,510.0,510.0,0.0,5564.0,10451.0,0.0,4867.0,OR500,South
2025-08-08,5564.0,608.0,608.0,0.0,4956.0,9843.0,0.0,0.0,OR500,South
2025-08-09,4956.0,637.0,637.0,0.0,4319.0,9206.0,0.0,0.0,OR500,South
2025-08-10,4319.0,680.0,680.0,0.0,3639.0,8526.0,0.0,0.0,OR500,South
2025-08-11,3639.0,608.0,608.0,0.0,3031.0,7918.0,0.0,0.0,OR500,South
2025-08-12,3031.0,860.0,860.0,0.0,2171.0,7058.0,0.0,0.0,OR500,South
2025-08-13,2171.0,612.0,612.0,0.0,1559.0,6446.0,5101.0,0.0,OR500,South
2025-08-14,1559.0,583.0,583.0,0.0,976.0,10964.0,0.0,0.0,OR500,South
2025-08-15,5863.0,685.0,685.0,0.0,5178.0,10279.0,0.0,4887.0,OR500,South
2025-08-16,5178.0,602.0,602.0,0.0,4576.0,9677.0,0.0,0.0,OR500,South
2025-08-17,4576.0,735.0,735.0,0.0,3841.0,8942.0,0.0,0.0,OR500,South
2025-08-18,3841.0,582.0,582.0,0.0,3259.0,8360.0,0.0,0.0,OR500,South
2025-08-19,3259.0,594.0,594.0,0.0,2665.0,7766.0,0.0,0.0,OR500,South
2025-08-20,2665.0,518.0,518.0,0.0,2147.0,7248.0,0.0,0.0,OR500,South
2025-08-21,2147.0,551.0,551.0,0.0,1596.0,6697.0,4850.0,0.0,OR500,South
2025-08-22,1596.0,554.0,554.0,0.0,1042.0,10993.0,0.0,0.0,OR500,South
2025-08-23,6143.0,591.0,591.0,0.0,5552.0,10402.0,0.0,5101.0,OR500,South
2025-08-24,5552.0,966.0,966.0,0.0,4586.0,9436.0,0.0,0.0,OR500,South
2025-08-25,4586.0,614.0,614.0,0.0,3972.0,8822.0,0.0,0.0,OR500,South
2025-08-26,3972.0,533.0,533.0,0.0,3439.0,8289.0,0.0,0.0,OR500,South
2025-08-27,3439.0,647.0,647.0,0.0,2792.0,7642.0,0.0,0.0,OR500,South
2025-08-28,2792.0,684.0,684.0,0.0,2108.0,6958.0,0.0,0.0,OR500,South
2025-08-29,2108.0,567.0,567.0,0.0,1541.0,6391.0,5156.0,0.0,OR500,South
2025-08-30,1541.0,531.0,531.0,0.0,1010.0,11016.0,0.0,0.0,OR500,South
2025-08-31,5860.0,665.0,665.0,0.0,5195.0,10351.0,0.0,4850.0,OR500,South
2025-09-01,5195.0,753.0,753.0,0.0,4442.0,9598.0,0.0,0.0,OR500,South
2025-09-02,4442.0,585.0,585.0,0.0,3857.0,9013.0,0.0,0.0,OR500,South
2025-09-03,3857.0,944.0,944.0,0.0,2913.0,8069.0,0.0,0.0,OR500,South
2025-09-04,2913.0,508.0,508.0,0.0,2405.0,7561.0,0.0,0.0,OR500,South
2025-09-05,2405.0,665.0,665.0,0.0,1740.0,6896.0,4651.0,0.0,OR500,South
2025-09-06,1740.0,745.0,745.0,0.0,995.0,10802.0,0.0,0.0,OR500,South
2025-09-07,995.0,729.0,729.0,0.0,266.0,10073.0,0.0,0.0,OR500,South
2025-09-08,5422.0,815.0,815.0,0.0,4607.0,9258.0,0.0,5156.0,OR500,South
2025-09-09,4607.0,637.0,637.0,0.0,3970.0,8621.0,0.0,0.0,OR500,South
2025-09-10,3970.0,636.0,636.0,0.0,3334.0,7985.0,0.0,0.0,OR500,South
2025-09-11,3334.0,497.0,497.0,0.0,2837.0,7488.0,0.0,0.0,OR500,South
2025-09-12,2837.0,531.0,531.0,0.0,2306.0,6957.0,0.0,0.0,OR500,South
2025-09-13,2306.0,858.0,858.0,0.0,1448.0,6099.0,5448.0,0.0,OR500,South
2025-09-14,1448.0,901.0,901.0,0.0,547.0,10646.0,0.0,0.0,OR500,South
2025-09-15,5198.0,668.0,668.0,0.0,4530.0,9978.0,0.0,4651.0,OR500,South
2025-09-16,4530.0,644.0,644.0,0.0,3886.0,9334.0,0.0,0.0,OR500,South
2025-09-17,3886.0,627.0,627.0,0.0,3259.0,8707.0,0.0,0.0,OR500,South
2025-09-18,3259.0,474.0,474.0,0.0,2785.0,8233.0,0.0,0.0,OR500,South
2025-09-19,2785.0,529.0,529.0,0.0,2256.0,7704.0,0.0,0.0,OR500,South
2025-09-20,2256.0,640.0,640.0,0.0,1616.0,7064.0,0.0,0.0,OR500,South
2025-09-21,1616.0,683.0,683.0,0.0,933.0,6381.0,5166.0,0.0,OR500,South
2025-09-22,933.0,651.0,651.0,0.0,282.0,10896.0,0.0,0.0,OR500,South
2025-09-23,5730.0,593.0,593.0,0.0,5137.0,10303.0,0.0,5448.0,OR500,South
2025-09-24,5137.0,507.0,507.0,0.0,4630.0,9796.0,0.0,0.0,OR500,South
2025-09-25,4630.0,634.0,634.0,0.0,3996.0,9162.0,0.0,0.0,OR500,South
2025-09-26,3996.0,614.0,614.0,0.0,3382.0,8548.0,0.0,0.0,OR500,South
2025-09-27,3382.0,569.0,569.0,0.0,2813.0,7979.0,0.0,0.0,OR500,South
2025-09-28,2813.0,684.0,684.0,0.0,2129.0,7295.0,0.0,0.0,OR500,South
2025-09-29,2129.0,786.0,786.0,0.0,1343.0,6509.0,5038.0,0.0,OR500,South
2025-09-30,1343.0,550.0,550.0,0.0,793.0,10997.0,0.0,0.0,OR500,South
2025-10-01,5959.0,667.0,667.0,0.0,5292.0,10330.0,0.0,5166.0,OR500,South
2025-10-02,5292.0,842.0,842.0,0.0,4450.0,9488.0,0.0,0.0,OR500,South
2025-10-03,4450.0,640.0,640.0,0.0,3810.0,8848.0,0.0,0.0,OR500,South
2025-10-04,3810.0,707.0,707.0,0.0,3103.0,8141.0,0.0,0.0,OR500,South
2025-10-05,3103.0,566.0,566.0,0.0,2537.0,7575.0,0.0,0.0,OR500,South
2025-10-06,2537.0,587.0,587.0,0.0,1950.0,6988.0,0.0,0.0,OR500,South
2025-10-07,1950.0,533.0,533.0,0.0,1417.0,6455.0,5092.0,0.0,OR500,South
2025-10-08,1417.0,614.0,614.0,0.0,803.0,10933.0,0.0,0.0,OR500,South
2025-10-09,5841.0,561.0,561.0,0.0,5280.0,10372.0,0.0,5038.0,OR500,South
2025-10-10,5280.0,498.0,498.0,0.0,4782.0,9874.0,0.0,0.0,OR500,South
2025-10-11,4782.0,905.0,905.0,0.0,3877.0,8969.0,0.0,0.0,OR500,South
2025-10-12,3877.0,720.0,720.0,0.0,3157.0,8249.0,0.0,0.0,OR500,South
2025-10-13,3157.0,722.0,722.0,0.0,2435.0,7527.0,0.0,0.0,OR500,South
2025-10-14,2435.0,819.0,819.0,0.0,1616.0,6708.0,4839.0,0.0,OR500,South
2025-10-15,1616.0,529.0,529.0,0.0,1087.0,11018.0,0.0,0.0,OR500,South
2025-10-16,1087.0,594.0,594.0,0.0,493.0,10424.0,0.0,0.0,OR500,South
2025-10-17,5585.0,952.0,952.0,0.0,4633.0,9472.0,0.0,5092.0,OR500,South
2025-10-18,4633.0,696.0,696.0,0.0,3937.0,8776.0,0.0,0.0,OR500,South
2025-10-19,3937.0,747.0,747.0,0.0,3190.0,8029.0,0.0,0.0,OR500,South
2025-10-20,3190.0,703.0,703.0,0.0,2487.0,7326.0,0.0,0.0,OR500,South
2025-10-21,2487.0,629.0,629.0,0.0,1858.0,6697.0,4850.0,0.0,OR500,South
2025-10-22,1858.0,673.0,673.0,0.0,1185.0,10874.0,0.0,0.0,OR500,South
2025-10-23,1185.0,689.0,689.0,0.0,496.0,10185.0,0.0,0.0,OR500,South
2025-10-24,5335.0,774.0,774.0,0.0,4561.0,9411.0,0.0,4839.0,OR500,South
2025-10-25,4561.0,762.0,762.0,0.0,3799.0,8649.0,0.0,0.0,OR500,South
2025-10-26,3799.0,577.0,577.0,0.0,3222.0,8072.0,0.0,0.0,OR500,South
2025-10-27,3222.0,672.0,672.0,0.0,2550.0,7400.0,0.0,0.0,OR500,South
2025-10-28,2550.0,623.0,623.0,0.0,1927.0,6777.0,4770.0,0.0,OR500,South
2025-10-29,1927.0,605.0,605.0,0.0,1322.0,10942.0,0.0,0.0,OR500,South
2025-10-30,1322.0,549.0,549.0,0.0,773.0,10393.0,0.0,0.0,OR500,South
2025-10-31,5623.0,638.0,638.0,0.0,4985.0,9755.0,0.0,4850.0,OR500,South
2025-11-01,4985.0,751.0,751.0,0.0,4234.0,9004.0,0.0,0.0,OR500,South
2025-11-02,4234.0,713.0,713.0,0.0,3521.0,8291.0,0.0,0.0,OR500,South
2025-11-03,3521.0,557.0,557.0,0.0,2964.0,7734.0,0.0,0.0,OR500,South
2025-11-04,2964.0,580.0,580.0,0.0,2384.0,7154.0,0.0,0.0,OR500,South
2025-11-05,2384.0,622.0,622.0,0.0,1762.0,6532.0,5015.0,0.0,OR500,South
2025-11-06,1762.0,660.0,660.0,0.0,1102.0,10887.0,0.0,0.0,OR500,South
2025-11-07,5872.0,622.0,622.0,0.0,5250.0,10265.0,0.0,4770.0,OR500,South
2025-11-08,5250.0,758.0,758.0,0.0,4492.0,9507.0,0.0,0.0,OR500,South
2025-11-09,4492.0,708.0,708.0,0.0,3784.0,8799.0,0.0,0.0,OR500,South
2025-11-10,3784.0,555.0,555.0,0.0,3229.0,8244.0,0.0,0.0,OR500,South
2025-11-11,3229.0,608.0,608.0,0.0,2621.0,7636.0,0.0,0.0,OR500,South
2025-11-12,2621.0,570.0,570.0,0.0,2051.0,7066.0,0.0,0.0,OR500,South
2025-11-13,2051.0,517.0,517.0,0.0,1534.0,6549.0,4998.0,0.0,OR500,South
2025-11-14,1534.0,641.0,641.0,0.0,893.0,10906.0,0.0,0.0,OR500,South
2025-11-15,5908.0,614.0,614.0,0.0,5294.0,10292.0,0.0,5015.0,OR500,South
2025-11-16,5294.0,751.0,751.0,0.0,4543.0,9541.0,0.0,0.0,OR500,South
2025-11-17,4543.0,614.0,614.0,0.0,3929.0,8927.0,0.0,0.0,OR500,South
2025-11-18,3929.0,507.0,507.0,0.0,3422.0,8420.0,0.0,0.0,OR500,South
2025-11-19,3422.0,678.0,678.0,0.0,2744.0,7742.0,0.0,0.0,OR500,South
2025-11-20,2744.0,564.0,564.0,0.0,2180.0,7178.0,0.0,0.0,OR500,South
2025-11-21,2180.0,613.0,613.0,0.0,1567.0,6565.0,4982.0,0.0,OR500,South
2025-11-22,1567.0,800.0,800.0,0.0,767.0,10747.0,0.0,0.0,OR500,South
2025-11-23,5765.0,942.0,942.0,0.0,4823.0,9805.0,0.0,4998.0,OR500,South
2025-11-24,4823.0,575.0,575.0,0.0,4248.0,9230.0,0.0,0.0,OR500,South
2025-11-25,4248.0,583.0,583.0,0.0,3665.0,8647.0,0.0,0.0,OR500,South
2025-11-26,3665.0,601.0,601.0,0.0,3064.0,8046.0,0.0,0.0,OR500,South
2025-11-27,3064.0,603.0,603.0,0.0,2461.0,7443.0,0.0,0.0,OR500,South
2025-11-28,2461.0,570.0,570.0,0.0,1891.0,6873.0,4674.0,0.0,OR500,South
2025-11-29,1891.0,677.0,677.0,0.0,1214.0,10870.0,0.0,0.0,OR500,South
2025-11-30,1214.0,725.0,725.0,0.0,489.0,10145.0,0.0,0.0,OR500,South
2025-12-01,5471.0,572.0,572.0,0.0,4899.0,9573.0,0.0,4982.0,OR500,South
2025-12-02,4899.0,646.0,646.0,0.0,4253.0,8927.0,0.0,0.0,OR500,South
2025-12-03,4253.0,560.0,560.0,0.0,3693.0,8367.0,0.0,0.0,OR500,South
2025-12-04,3693.0,754.0,754.0,0.0,2939.0,7613.0,0.0,0.0,OR500,South
2025-12-05,2939.0,591.0,591.0,0.0,2348.0,7022.0,0.0,0.0,OR500,South
2025-12-06,2348.0,608.0,608.0,0.0,1740.0,6414.0,5133.0,0.0,OR500,South
2025-12-07,1740.0,761.0,761.0,0.0,979.0,10786.0,0.0,0.0,OR500,South
2025-12-08,5653.0,628.0,628.0,0.0,5025.0,10158.0,0.0,4674.0,OR500,South
2025-12-09,5025.0,731.0,731.0,0.0,4294.0,9427.0,0.0,0.0,OR500,South
2025-12-10,4294.0,518.0,518.0,0.0,3776.0,8909.0,0.0,0.0,OR500,South
2025-12-11,3776.0,676.0,676.0,0.0,3100.0,8233.0,0.0,0.0,OR500,South
2025-12-12,3100.0,722.0,722.0,0.0,2378.0,7511.0,0.0,0.0,OR500,South
2025-12-13,2378.0,706.0,706.0,0.0,1672.0,6805.0,4742.0,0.0,OR500,South
2025-12-14,1672.0,734.0,734.0,0.0,938.0,10813.0,0.0,0.0,OR500,South
2025-12-15,938.0,578.0,578.0,0.0,360.0,10235.0,0.0,0.0,OR500,South
2025-12-16,5493.0,706.0,706.0,0.0,4787.0,9529.0,0.0,5133.0,OR500,South
2025-12-17,4787.0,633.0,633.0,0.0,4154.0,8896.0,0.0,0.0,OR500,South
2025-12-18,4154.0,587.0,587.0,0.0,3567.0,8309.0,0.0,0.0,OR500,South
2025-12-19,3567.0,623.0,623.0,0.0,2944.0,7686.0,0.0,0.0,OR500,South
2025-12-20,2944.0,738.0,738.0,0.0,2206.0,6948.0,0.0,0.0,OR500,South
2025-12-21,2206.0,673.0,673.0,0.0,1533.0,6275.0,5272.0,0.0,OR500,South
2025-12-22,1533.0,551.0,551.0,0.0,982.0,10996.0,0.0,0.0,OR500,South
2025-12-23,5724.0,545.0,545.0,0.0,5179.0,10451.0,0.0,4742.0,OR500,South
2025-12-24,5179.0,723.0,723.0,0.0,4456.0,9728.0,0.0,0.0,OR500,South
2025-12-25,4456.0,834.0,834.0,0.0,3622.0,8894.0,0.0,0.0,OR500,South
2025-12-26,3622.0,623.0,623.0,0.0,2999.0,8271.0,0.0,0.0,OR500,South
2025-12-27,2999.0,573.0,573.0,0.0,2426.0,7698.0,0.0,0.0,OR500,South
2025-12-28,2426.0,759.0,759.0,0.0,1667.0,6939.0,4608.0,0.0,OR500,South
2025-12-29,1667.0,544.0,544.0,0.0,1123.0,11003.0,0.0,0.0,OR500,South
2025-12-30,1123.0,556.0,556.0,0.0,567.0,10447.0,0.0,0.0,OR500,South
2025-12-31,5839.0,681.0,681.0,0.0,5158.0,9766.0,0.0,5272.0,OR500,South
2025-07-01,11528.0,570.0,570.0,0.0,10958.0,10958.0,0.0,0.0,OR500,West
2025-07-02,10958.0,654.0,654.0,0.0,10304.0,10304.0,0.0,0.0,OR500,West
2025-07-03,10304.0,681.0,681.0,0.0,9623.0,9623.0,0.0,0.0,OR500,West
2025-07-04,9623.0,728.0,728.0,0.0,8895.0,8895.0,0.0,0.0,OR500,West
2025-07-05,8895.0,1162.0,1162.0,0.0,7733.0,7733.0,0.0,0.0,OR500,West
2025-07-06,7733.0,681.0,681.0,0.0,7052.0,7052.0,0.0,0.0,OR500,West
2025-07-07,7052.0,760.0,760.0,0.0,6292.0,6292.0,5236.0,0.0,OR500,West
2025-07-08,6292.0,679.0,679.0,0.0,5613.0,10849.0,0.0,0.0,OR500,West
2025-07-09,5613.0,757.0,757.0,0.0,4856.0,10092.0,0.0,0.0,OR500,West
2025-07-10,4856.0,727.0,727.0,0.0,4129.0,9365.0,0.0,0.0,OR500,West
2025-07-11,4129.0,606.0,606.0,0.0,3523.0,8759.0,0.0,0.0,OR500,West
2025-07-12,3523.0,711.0,711.0,0.0,2812.0,8048.0,0.0,0.0,OR500,West
2025-07-13,2812.0,786.0,786.0,0.0,2026.0,7262.0,0.0,0.0,OR500,West
2025-07-14,2026.0,817.0,817.0,0.0,1209.0,6445.0,5083.0,0.0,OR500,West
2025-07-15,1209.0,742.0,742.0,0.0,467.0,10786.0,0.0,0.0,OR500,West
2025-07-16,5703.0,730.0,730.0,0.0,4973.0,10056.0,0.0,5236.0,OR500,West
2025-07-17,4973.0,759.0,759.0,0.0,4214.0,9297.0,0.0,0.0,OR500,West
2025-07-18,4214.0,822.0,822.0,0.0,3392.0,8475.0,0.0,0.0,OR500,West
2025-07-19,3392.0,797.0,797.0,0.0,2595.0,7678.0,0.0,0.0,OR500,West
2025-07-20,2595.0,796.0,796.0,0.0,1799.0,6882.0,0.0,0.0,OR500,West
2025-07-21,1799.0,925.0,925.0,0.0,874.0,5957.0,5571.0,0.0,OR500,West
2025-07-22,874.0,878.0,874.0,4.0,0.0,10654.0,0.0,0.0,OR500,West
2025-07-23,5083.0,787.0,787.0,0.0,4296.0,9867.0,0.0,5083.0,OR500,West
2025-07-24,4296.0,771.0,771.0,0.0,3525.0,9096.0,0.0,0.0,OR500,West
2025-07-25,3525.0,761.0,761.0,0.0,2764.0,8335.0,0.0,0.0,OR500,West
2025-07-26,2764.0,924.0,924.0,0.0,1840.0,7411.0,0.0,0.0,OR500,West
2025-07-27,1840.0,780.0,780.0,0.0,1060.0,6631.0,4897.0,0.0,OR500,West
2025-07-28,1060.0,999.0,999.0,0.0,61.0,10529.0,0.0,0.0,OR500,West
2025-07-29,61.0,703.0,61.0,642.0,0.0,10468.0,0.0,0.0,OR500,West
2025-07-30,5571.0,849.0,849.0,0.0,4722.0,9619.0,0.0,5571.0,OR500,West
2025-07-31,4722.0,654.0,654.0,0.0,4068.0,8965.0,0.0,0.0,OR500,West
2025-08-01,4068.0,656.0,656.0,0.0,3412.0,8309.0,0.0,0.0,OR500,West
2025-08-02,3412.0,633.0,633.0,0.0,2779.0,7676.0,0.0,0.0,OR500,West
2025-08-03,2779.0,684.0,684.0,0.0,2095.0,6992.0,0.0,0.0,OR500,West
2025-08-04,2095.0,667.0,667.0,0.0,1428.0,6325.0,5203.0,0.0,OR500,West
2025-08-05,6325.0,649.0,649.0,0.0,5676.0,10879.0,0.0,4897.0,OR500,West
2025-08-06,5676.0,726.0,726.0,0.0,4950.0,10153.0,0.0,0.0,OR500,West
2025-08-07,4950.0,821.0,821.0,0.0,4129.0,9332.0,0.0,0.0,OR500,West
2025-08-08,4129.0,659.0,659.0,0.0,3470.0,8673.0,0.0,0.0,OR500,West
2025-08-09,3470.0,719.0,719.0,0.0,2751.0,7954.0,0.0,0.0,OR500,West
2025-08-10,2751.0,742.0,742.0,0.0,2009.0,7212.0,0.0,0.0,OR500,West
2025-08-11,2009.0,618.0,618.0,0.0,1391.0,6594.0,4934.0,0.0,OR500,West
2025-08-12,1391.0,612.0,612.0,0.0,779.0,10916.0,0.0,0.0,OR500,West
2025-08-13,5982.0,553.0,553.0,0.0,5429.0,10363.0,0.0,5203.0,OR500,West
2025-08-14,5429.0,469.0,469.0,0.0,4960.0,9894.0,0.0,0.0,OR500,West
2025-08-15,4960.0,721.0,721.0,0.0,4239.0,9173.0,0.0,0.0,OR500,West
2025-08-16,4239.0,785.0,785.0,0.0,3454.0,8388.0,0.0,0.0,OR500,West
2025-08-17,3454.0,756.0,756.0,0.0,2698.0,7632.0,0.0,0.0,OR500,West
2025-08-18,2698.0,631.0,631.0,0.0,2067.0,7001.0,0.0,0.0,OR500,West
2025-08-19,2067.0,700.0,700.0,0.0,1367.0,6301.0,5227.0,0.0,OR500,West
2025-08-20,6301.0,691.0,691.0,0.0,5610.0,10837.0,0.0,4934.0,OR500,West
2025-08-21,5610.0,672.0,672.0,0.0,4938.0,10165.0,0.0,0.0,OR500,West
2025-08-22,4938.0,575.0,575.0,0.0,4363.0,9590.0,0.0,0.0,OR500,West
2025-08-23,4363.0,955.0,955.0,0.0,3408.0,8635.0,0.0,0.0,OR500,West
2025-08-24,3408.0,675.0,675.0,0.0,2733.0,7960.0,0.0,0.0,OR500,West
2025-08-25,2733.0,598.0,598.0,0.0,2135.0,7362.0,0.0,0.0,OR500,West
2025-08-26,2135.0,564.0,564.0,0.0,1571.0,6798.0,0.0,0.0,OR500,West
2025-08-27,1571.0,745.0,745.0,0.0,826.0,6053.0,5475.0,0.0,OR500,West
2025-08-28,6053.0,565.0,565.0,0.0,5488.0,10963.0,0.0,5227.0,OR500,West
2025-08-29,5488.0,635.0,635.0,0.0,4853.0,10328.0,0.0,0.0,OR500,West
2025-08-30,4853.0,719.0,719.0,0.0,4134.0,9609.0,0.0,0.0,OR500,West
2025-08-31,4134.0,813.0,813.0,0.0,3321.0,8796.0,0.0,0.0,OR500,West
2025-09-01,3321.0,587.0,587.0,0.0,2734.0,8209.0,0.0,0.0,OR500,West
2025-09-02,2734.0,572.0,572.0,0.0,2162.0,7637.0,0.0,0.0,OR500,West
2025-09-03,2162.0,639.0,639.0,0.0,1523.0,6998.0,0.0,0.0,OR500,West
2025-09-04,1523.0,578.0,578.0,0.0,945.0,6420.0,5108.0,0.0,OR500,West
2025-09-05,6420.0,660.0,660.0,0.0,5760.0,10868.0,0.0,5475.0,OR500,West
2025-09-06,5760.0,751.0,751.0,0.0,5009.0,10117.0,0.0,0.0,OR500,West
2025-09-07,5009.0,862.0,862.0,0.0,4147.0,9255.0,0.0,0.0,OR500,West
2025-09-08,4147.0,653.0,653.0,0.0,3494.0,8602.0,0.0,0.0,OR500,West
2025-09-09,3494.0,647.0,647.0,0.0,2847.0,7955.0,0.0,0.0,OR500,West
2025-09-10,2847.0,549.0,549.0,0.0,2298.0,7406.0,0.0,0.0,OR500,West
2025-09-11,2298.0,497.0,497.0,0.0,1801.0,6909.0,0.0,0.0,OR500,West
2025-09-12,1801.0,674.0,674.0,0.0,1127.0,6235.0,5293.0,0.0,OR500,West
2025-09-13,6235.0,826.0,826.0,0.0,5409.0,10702.0,0.0,5108.0,OR500,West
2025-09-14,5409.0,816.0,816.0,0.0,4593.0,9886.0,0.0,0.0,OR500,West
2025-09-15,4593.0,543.0,543.0,0.0,4050.0,9343.0,0.0,0.0,OR500,West
2025-09-16,4050.0,572.0,572.0,0.0,3478.0,8771.0,0.0,0.0,OR500,West
2025-09-17,3478.0,767.0,767.0,0.0,2711.0,8004.0,0.0,0.0,OR500,West
2025-09-18,2711.0,564.0,564.0,0.0,2147.0,7440.0,0.0,0.0,OR500,West
2025-09-19,2147.0,623.0,623.0,0.0,1524.0,6817.0,0.0,0.0,OR500,West
2025-09-20,1524.0,768.0,768.0,0.0,756.0,6049.0,5479.0,0.0,OR500,West
2025-09-21,6049.0,707.0,707.0,0.0,5342.0,10821.0,0.0,5293.0,OR500,West
2025-09-22,5342.0,652.0,652.0,0.0,4690.0,10169.0,0.0,0.0,OR500,West
2025-09-23,4690.0,677.0,677.0,0.0,4013.0,9492.0,0.0,0.0,OR500,West
2025-09-24,4013.0,526.0,526.0,0.0,3487.0,8966.0,0.0,0.0,OR500,West
2025-09-25,3487.0,698.0,698.0,0.0,2789.0,8268.0,0.0,0.0,OR500,West
2025-09-26,2789.0,608.0,608.0,0.0,2181.0,7660.0,0.0,0.0,OR500,West
2025-09-27,2181.0,665.0,665.0,0.0,1516.0,6995.0,0.0,0.0,OR500,West
2025-09-28,1516.0,624.0,624.0,0.0,892.0,6371.0,5157.0,0.0,OR500,West
2025-09-29,6371.0,573.0,573.0,0.0,5798.0,10955.0,0.0,5479.0,OR500,West
2025-09-30,5798.0,872.0,872.0,0.0,4926.0,10083.0,0.0,0.0,OR500,West
2025-10-01,4926.0,686.0,686.0,0.0,4240.0,9397.0,0.0,0.0,OR500,West
2025-10-02,4240.0,942.0,942.0,0.0,3298.0,8455.0,0.0,0.0,OR500,West
2025-10-03,3298.0,581.0,581.0,0.0,2717.0,7874.0,0.0,0.0,OR500,West
2025-10-04,2717.0,794.0,794.0,0.0,1923.0,7080.0,0.0,0.0,OR500,West
2025-10-05,1923.0,684.0,684.0,0.0,1239.0,6396.0,5132.0,0.0,OR500,West
2025-10-06,1239.0,707.0,707.0,0.0,532.0,10821.0,0.0,0.0,OR500,West
2025-10-07,5689.0,680.0,680.0,0.0,5009.0,10141.0,0.0,5157.0,OR500,West
2025-10-08,5009.0,543.0,543.0,0.0,4466.0,9598.0,0.0,0.0,OR500,West
2025-10-09,4466.0,620.0,620.0,0.0,3846.0,8978.0,0.0,0.0,OR500,West
2025-10-10,3846.0,610.0,610.0,0.0,3236.0,8368.0,0.0,0.0,OR500,West
2025-10-11,3236.0,812.0,812.0,0.0,2424.0,7556.0,0.0,0.0,OR500,West
2025-10-12,2424.0,722.0,722.0,0.0,1702.0,6834.0,0.0,0.0,OR500,West
2025-10-13,1702.0,630.0,630.0,0.0,1072.0,6204.0,5324.0,0.0,OR500,West
2025-10-14,6204.0,599.0,599.0,0.0,5605.0,10929.0,0.0,5132.0,OR500,West
2025-10-15,5605.0,494.0,494.0,0.0,5111.0,10435.0,0.0,0.0,OR500,West
2025-10-16,5111.0,598.0,598.0,0.0,4513.0,9837.0,0.0,0.0,OR500,West
2025-10-17,4513.0,643.0,643.0,0.0,3870.0,9194.0,0.0,0.0,OR500,West
2025-10-18,3870.0,685.0,685.0,0.0,3185.0,8509.0,0.0,0.0,OR500,West
2025-10-19,3185.0,929.0,929.0,0.0,2256.0,7580.0,0.0,0.0,OR500,West
2025-10-20,2256.0,641.0,641.0,0.0,1615.0,6939.0,0.0,0.0,OR500,West
2025-10-21,1615.0,763.0,763.0,0.0,852.0,6176.0,5352.0,0.0,OR500,West
2025-10-22,6176.0,603.0,603.0,0.0,5573.0,10925.0,0.0,5324.0,OR500,West
2025-10-23,5573.0,559.0,559.0,0.0,5014.0,10366.0,0.0,0.0,OR500,West
2025-10-24,5014.0,523.0,523.0,0.0,4491.0,9843.0,0.0,0.0,OR500,West
2025-10-25,4491.0,786.0,786.0,0.0,3705.0,9057.0,0.0,0.0,OR500,West
2025-10-26,3705.0,839.0,839.0,0.0,2866.0,8218.0,0.0,0.0,OR500,West
2025-10-27,2866.0,656.0,656.0,0.0,2210.0,7562.0,0.0,0.0,OR500,West
2025-10-28,2210.0,757.0,757.0,0.0,1453.0,6805.0,0.0,0.0,OR500,West
2025-10-29,1453.0,576.0,576.0,0.0,877.0,6229.0,5299.0,0.0,OR500,West
2025-10-30,6229.0,585.0,585.0,0.0,5644.0,10943.0,0.0,5352.0,OR500,West
2025-10-31,5644.0,686.0,686.0,0.0,4958.0,10257.0,0.0,0.0,OR500,West
2025-11-01,4958.0,665.0,665.0,0.0,4293.0,9592.0,0.0,0.0,OR500,West
2025-11-02,4293.0,572.0,572.0,0.0,3721.0,9020.0,0.0,0.0,OR500,West
2025-11-03,3721.0,652.0,652.0,0.0,3069.0,8368.0,0.0,0.0,OR500,West
2025-11-04,3069.0,547.0,547.0,0.0,2522.0,7821.0,0.0,0.0,OR500,West
2025-11-05,2522.0,613.0,613.0,0.0,1909.0,7208.0,0.0,0.0,OR500,West
2025-11-06,1909.0,768.0,768.0,0.0,1141.0,6440.0,5088.0,0.0,OR500,West
2025-11-07,6440.0,539.0,539.0,0.0,5901.0,10989.0,0.0,5299.0,OR500,West
2025-11-08,5901.0,628.0,628.0,0.0,5273.0,10361.0,0.0,0.0,OR500,West
2025-11-09,5273.0,741.0,741.0,0.0,4532.0,9620.0,0.0,0.0,OR500,West
2025-11-10,4532.0,664.0,664.0,0.0,3868.0,8956.0,0.0,0.0,OR500,West
2025-11-11,3868.0,724.0,724.0,0.0,3144.0,8232.0,0.0,0.0,OR500,West
2025-11-12,3144.0,643.0,643.0,0.0,2501.0,7589.0,0.0,0.0,OR500,West
2025-11-13,2501.0,715.0,715.0,0.0,1786.0,6874.0,0.0,0.0,OR500,West
2025-11-14,1786.0,755.0,755.0,0.0,1031.0,6119.0,5409.0,0.0,OR500,West
2025-11-15,6119.0,768.0,768.0,0.0,5351.0,10760.0,0.0,5088.0,OR500,West
2025-11-16,5351.0,790.0,790.0,0.0,4561.0,9970.0,0.0,0.0,OR500,West
2025-11-17,4561.0,650.0,650.0,0.0,3911.0,9320.0,0.0,0.0,OR500,West
2025-11-18,3911.0,702.0,702.0,0.0,3209.0,8618.0,0.0,0.0,OR500,West
2025-11-19,3209.0,896.0,896.0,0.0,2313.0,7722.0,0.0,0.0,OR500,West
2025-11-20,2313.0,642.0,642.0,0.0,1671.0,7080.0,0.0,0.0,OR500,West
2025-11-21,1671.0,754.0,754.0,0.0,917.0,6326.0,5202.0,0.0,OR500,West
2025-11-22,917.0,836.0,836.0,0.0,81.0,10692.0,0.0,0.0,OR500,West
2025-11-23,5490.0,742.0,742.0,0.0,4748.0,9950.0,0.0,5409.0,OR500,West
2025-11-24,4748.0,632.0,632.0,0.0,4116.0,9318.0,0.0,0.0,OR500,West
2025-11-25,4116.0,592.0,592.0,0.0,3524.0,8726.0,0.0,0.0,OR500,West
2025-11-26,3524.0,607.0,607.0,0.0,2917.0,8119.0,0.0,0.0,OR500,West
2025-11-27,2917.0,511.0,511.0,0.0,2406.0,7608.0,0.0,0.0,OR500,West
2025-11-28,2406.0,636.0,636.0,0.0,1770.0,6972.0,0.0,0.0,OR500,West
2025-11-29,1770.0,830.0,830.0,0.0,940.0,6142.0,5386.0,0.0,OR500,West
2025-11-30,6142.0,721.0,721.0,0.0,5421.0,10807.0,0.0,5202.0,OR500,West
2025-12-01,5421.0,631.0,631.0,0.0,4790.0,10176.0,0.0,0.0,OR500,West
2025-12-02,4790.0,593.0,593.0,0.0,4197.0,9583.0,0.0,0.0,OR500,West
2025-12-03,4197.0,695.0,695.0,0.0,3502.0,8888.0,0.0,0.0,OR500,West
2025-12-04,3502.0,643.0,643.0,0.0,2859.0,8245.0,0.0,0.0,OR500,West
2025-12-05,2859.0,634.0,634.0,0.0,2225.0,7611.0,0.0,0.0,OR500,West
2025-12-06,2225.0,631.0,631.0,0.0,1594.0,6980.0,0.0,0.0,OR500,West
2025-12-07,1594.0,686.0,686.0,0.0,908.0,6294.0,5234.0,0.0,OR500,West
2025-12-08,6294.0,812.0,812.0,0.0,5482.0,10716.0,0.0,5386.0,OR500,West
2025-12-09,5482.0,526.0,526.0,0.0,4956.0,10190.0,0.0,0.0,OR500,West
2025-12-10,4956.0,819.0,819.0,0.0,4137.0,9371.0,0.0,0.0,OR500,West
2025-12-11,4137.0,689.0,689.0,0.0,3448.0,8682.0,0.0,0.0,OR500,West
2025-12-12,3448.0,588.0,588.0,0.0,2860.0,8094.0,0.0,0.0,OR500,West
2025-12-13,2860.0,669.0,669.0,0.0,2191.0,7425.0,0.0,0.0,OR500,West
2025-12-14,2191.0,813.0,813.0,0.0,1378.0,6612.0,4916.0,0.0,OR500,West
2025-12-15,1378.0,611.0,611.0,0.0,767.0,10917.0,0.0,0.0,OR500,West
2025-12-16,6001.0,791.0,791.0,0.0,5210.0,10126.0,0.0,5234.0,OR500,West
2025-12-17,5210.0,667.0,667.0,0.0,4543.0,9459.0,0.0,0.0,OR500,West
2025-12-18,4543.0,658.0,658.0,0.0,3885.0,8801.0,0.0,0.0,OR500,West
2025-12-19,3885.0,665.0,665.0,0.0,3220.0,8136.0,0.0,0.0,OR500,West
2025-12-20,3220.0,713.0,713.0,0.0,2507.0,7423.0,0.0,0.0,OR500,West
2025-12-21,2507.0,865.0,865.0,0.0,1642.0,6558.0,4970.0,0.0,OR500,West
2025-12-22,1642.0,624.0,624.0,0.0,1018.0,10904.0,0.0,0.0,OR500,West
2025-12-23,5934.0,695.0,695.0,0.0,5239.0,10209.0,0.0,4916.0,OR500,West
2025-12-24,5239.0,651.0,651.0,0.0,4588.0,9558.0,0.0,0.0,OR500,West
2025-12-25,4588.0,909.0,909.0,0.0,3679.0,8649.0,0.0,0.0,OR500,West
2025-12-26,3679.0,654.0,654.0,0.0,3025.0,7995.0,0.0,0.0,OR500,West
2025-12-27,3025.0,678.0,678.0,0.0,2347.0,7317.0,0.0,0.0,OR500,West
2025-12-28,2347.0,728.0,728.0,0.0,1619.0,6589.0,4939.0,0.0,OR500,West
2025-12-29,1619.0,758.0,758.0,0.0,861.0,10770.0,0.0,0.0,OR500,West
2025-12-30,5831.0,624.0,624.0,0.0,5207.0,10146.0,0.0,4970.0,OR500,West
2025-12-31,5207.0,759.0,759.0,0.0,4448.0,9387.0,0.0,0.0,OR500,West
2025-07-01,13988.0,950.0,950.0,0.0,13038.0,13038.0,0.0,0.0,WT1000,Central
2025-07-02,13038.0,1044.0,1044.0,0.0,11994.0,11994.0,0.0,0.0,WT1000,Central
2025-07-03,11994.0,924.0,924.0,0.0,11070.0,11070.0,0.0,0.0,WT1000,Central
2025-07-04,11070.0,840.0,840.0,0.0,10230.0,10230.0,0.0,0.0,WT1000,Central
2025-07-05,10230.0,948.0,948.0,0.0,9282.0,9282.0,0.0,0.0,WT1000,Central
2025-07-06,9282.0,1134.0,1134.0,0.0,8148.0,8148.0,0.0,0.0,WT1000,Central
2025-07-07,8148.0,1057.0,1057.0,0.0,7091.0,7091.0,6897.0,0.0,WT1000,Central
2025-07-08,7091.0,1128.0,1128.0,0.0,5963.0,12860.0,0.0,0.0,WT1000,Central
2025-07-09,5963.0,945.0,945.0,0.0,5018.0,11915.0,0.0,0.0,WT1000,Central
2025-07-10,5018.0,851.0,851.0,0.0,4167.0,11064.0,0.0,0.0,WT1000,Central
2025-07-11,4167.0,819.0,819.0,0.0,3348.0,10245.0,0.0,0.0,WT1000,Central
2025-07-12,3348.0,1122.0,1122.0,0.0,2226.0,9123.0,0.0,0.0,WT1000,Central
2025-07-13,2226.0,1189.0,1189.0,0.0,1037.0,7934.0,0.0,0.0,WT1000,Central
2025-07-14,1037.0,957.0,957.0,0.0,80.0,6977.0,7011.0,0.0,WT1000,Central
2025-07-15,6977.0,936.0,936.0,0.0,6041.0,13052.0,0.0,6897.0,WT1000,Central
2025-07-16,6041.0,1007.0,1007.0,0.0,5034.0,12045.0,0.0,0.0,WT1000,Central
2025-07-17,5034.0,1238.0,1238.0,0.0,3796.0,10807.0,0.0,0.0,WT1000,Central
2025-07-18,3796.0,833.0,833.0,0.0,2963.0,9974.0,0.0,0.0,WT1000,Central
2025-07-19,2963.0,933.0,933.0,0.0,2030.0,9041.0,0.0,0.0,WT1000,Central
2025-07-20,2030.0,940.0,940.0,0.0,1090.0,8101.0,0.0,0.0,WT1000,Central
2025-07-21,1090.0,1237.0,1090.0,147.0,0.0,7011.0,6977.0,0.0,WT1000,Central
2025-07-22,7011.0,873.0,873.0,0.0,6138.0,13115.0,0.0,7011.0,WT1000,Central
2025-07-23,6138.0,871.0,871.0,0.0,5267.0,12244.0,0.0,0.0,WT1000,Central
2025-07-24,5267.0,1013.0,1013.0,0.0,4254.0,11231.0,0.0,0.0,WT1000,Central
2025-07-25,4254.0,1296.0,1296.0,0.0,2958.0,9935.0,0.0,0.0,WT1000,Central
2025-07-26,2958.0,1195.0,1195.0,0.0,1763.0,8740.0,0.0,0.0,WT1000,Central
2025-07-27,1763.0,1269.0,1269.0,0.0,494.0,7471.0,6517.0,0.0,WT1000,Central
2025-07-28,494.0,1105.0,494.0,611.0,0.0,13494.0,0.0,0.0,WT1000,Central
2025-07-29,6977.0,1327.0,1327.0,0.0,5650.0,12167.0,0.0,6977.0,WT1000,Central
2025-07-30,5650.0,1103.0,1103.0,0.0,4547.0,11064.0,0.0,0.0,WT1000,Central
2025-07-31,4547.0,916.0,916.0,0.0,3631.0,10148.0,0.0,0.0,WT1000,Central
2025-08-01,3631.0,847.0,847.0,0.0,2784.0,9301.0,0.0,0.0,WT1000,Central
2025-08-02,2784.0,764.0,764.0,0.0,2020.0,8537.0,0.0,0.0,WT1000,Central
2025-08-03,2020.0,934.0,934.0,0.0,1086.0,7603.0,6385.0,0.0,WT1000,Central
2025-08-04,7603.0,677.0,677.0,0.0,6926.0,13311.0,0.0,6517.0,WT1000,Central
2025-08-05,6926.0,655.0,655.0,0.0,6271.0,12656.0,0.0,0.0,WT1000,Central
2025-08-06,6271.0,804.0,804.0,0.0,5467.0,11852.0,0.0,0.0,WT1000,Central
2025-08-07,5467.0,806.0,806.0,0.0,4661.0,11046.0,0.0,0.0,WT1000,Central
2025-08-08,4661.0,1096.0,1096.0,0.0,3565.0,9950.0,0.0,0.0,WT1000,Central
2025-08-09,3565.0,851.0,851.0,0.0,2714.0,9099.0,0.0,0.0,WT1000,Central
2025-08-10,2714.0,898.0,898.0,0.0,1816.0,8201.0,0.0,0.0,WT1000,Central
2025-08-11,8201.0,833.0,833.0,0.0,7368.0,7368.0,6620.0,6385.0,WT1000,Central
2025-08-12,7368.0,1013.0,1013.0,0.0,6355.0,12975.0,0.0,0.0,WT1000,Central
2025-08-13,6355.0,773.0,773.0,0.0,5582.0,12202.0,0.0,0.0,WT1000,Central
2025-08-14,5582.0,717.0,717.0,0.0,4865.0,11485.0,0.0,0.0,WT1000,Central
2025-08-15,4865.0,1246.0,1246.0,0.0,3619.0,10239.0,0.0,0.0,WT1000,Central
2025-08-16,3619.0,767.0,767.0,0.0,2852.0,9472.0,0.0,0.0,WT1000,Central
2025-08-17,2852.0,961.0,961.0,0.0,1891.0,8511.0,0.0,0.0,WT1000,Central
2025-08-18,1891.0,752.0,752.0,0.0,1139.0,7759.0,0.0,0.0,WT1000,Central
2025-08-19,7759.0,818.0,818.0,0.0,6941.0,6941.0,7047.0,6620.0,WT1000,Central
2025-08-20,6941.0,903.0,903.0,0.0,6038.0,13085.0,0.0,0.0,WT1000,Central
2025-08-21,6038.0,736.0,736.0,0.0,5302.0,12349.0,0.0,0.0,WT1000,Central
2025-08-22,5302.0,863.0,863.0,0.0,4439.0,11486.0,0.0,0.0,WT1000,Central
2025-08-23,4439.0,811.0,811.0,0.0,3628.0,10675.0,0.0,0.0,WT1000,Central
2025-08-24,3628.0,1035.0,1035.0,0.0,2593.0,9640.0,0.0,0.0,WT1000,Central
2025-08-25,2593.0,810.0,810.0,0.0,1783.0,8830.0,0.0,0.0,WT1000,Central
2025-08-26,1783.0,822.0,822.0,0.0,961.0,8008.0,0.0,0.0,WT1000,Central
2025-08-27,8008.0,748.0,748.0,0.0,7260.0,7260.0,6728.0,7047.0,WT1000,Central
2025-08-28,7260.0,763.0,763.0,0.0,6497.0,13225.0,0.0,0.0,WT1000,Central
2025-08-29,6497.0,760.0,760.0,0.0,5737.0,12465.0,0.0,0.0,WT1000,Central
2025-08-30,5737.0,895.0,895.0,0.0,4842.0,11570.0,0.0,0.0,WT1000,Central
2025-08-31,4842.0,1089.0,1089.0,0.0,3753.0,10481.0,0.0,0.0,WT1000,Central
2025-09-01,3753.0,797.0,797.0,0.0,2956.0,9684.0,0.0,0.0,WT1000,Central
2025-09-02,2956.0,846.0,846.0,0.0,2110.0,8838.0,0.0,0.0,WT1000,Central
2025-09-03,2110.0,861.0,861.0,0.0,1249.0,7977.0,0.0,0.0,WT1000,Central
2025-09-04,7977.0,607.0,607.0,0.0,7370.0,7370.0,6618.0,6728.0,WT1000,Central
2025-09-05,7370.0,891.0,891.0,0.0,6479.0,13097.0,0.0,0.0,WT1000,Central
2025-09-06,6479.0,930.0,930.0,0.0,5549.0,12167.0,0.0,0.0,WT1000,Central
2025-09-07,5549.0,832.0,832.0,0.0,4717.0,11335.0,0.0,0.0,WT1000,Central
2025-09-08,4717.0,811.0,811.0,0.0,3906.0,10524.0,0.0,0.0,WT1000,Central
2025-09-09,3906.0,701.0,701.0,0.0,3205.0,9823.0,0.0,0.0,WT1000,Central
2025-09-10,3205.0,800.0,800.0,0.0,2405.0,9023.0,0.0,0.0,WT1000,Central
2025-09-11,2405.0,691.0,691.0,0.0,1714.0,8332.0,0.0,0.0,WT1000,Central
2025-09-12,8332.0,748.0,748.0,0.0,7584.0,7584.0,6404.0,6618.0,WT1000,Central
2025-09-13,7584.0,911.0,911.0,0.0,6673.0,13077.0,0.0,0.0,WT1000,Central
2025-09-14,6673.0,1243.0,1243.0,0.0,5430.0,11834.0,0.0,0.0,WT1000,Central
2025-09-15,5430.0,864.0,864.0,0.0,4566.0,10970.0,0.0,0.0,WT1000,Central
2025-09-16,4566.0,819.0,819.0,0.0,3747.0,10151.0,0.0,0.0,WT1000,Central
2025-09-17,3747.0,683.0,683.0,0.0,3064.0,9468.0,0.0,0.0,WT1000,Central
2025-09-18,3064.0,763.0,763.0,0.0,2301.0,8705.0,0.0,0.0,WT1000,Central
2025-09-19,2301.0,894.0,894.0,0.0,1407.0,7811.0,0.0,0.0,WT1000,Central
2025-09-20,7811.0,1246.0,1246.0,0.0,6565.0,6565.0,7423.0,6404.0,WT1000,Central
2025-09-21,6565.0,872.0,872.0,0.0,5693.0,13116.0,0.0,0.0,WT1000,Central
2025-09-22,5693.0,962.0,962.0,0.0,4731.0,12154.0,0.0,0.0,WT1000,Central
2025-09-23,4731.0,679.0,679.0,0.0,4052.0,11475.0,0.0,0.0,WT1000,Central
2025-09-24,4052.0,762.0,762.0,0.0,3290.0,10713.0,0.0,0.0,WT1000,Central
2025-09-25,3290.0,634.0,634.0,0.0,2656.0,10079.0,0.0,0.0,WT1000,Central
2025-09-26,2656.0,808.0,808.0,0.0,1848.0,9271.0,0.0,0.0,WT1000,Central
2025-09-27,1848.0,1029.0,1029.0,0.0,819.0,8242.0,0.0,0.0,WT1000,Central
2025-09-28,8242.0,831.0,831.0,0.0,7411.0,7411.0,6577.0,7423.0,WT1000,Central
2025-09-29,7411.0,863.0,863.0,0.0,6548.0,13125.0,0.0,0.0,WT1000,Central
2025-09-30,6548.0,791.0,791.0,0.0,5757.0,12334.0,0.0,0.0,WT1000,Central
2025-10-01,5757.0,860.0,860.0,0.0,4897.0,11474.0,0.0,0.0,WT1000,Central
2025-10-02,4897.0,893.0,893.0,0.0,4004.0,10581.0,0.0,0.0,WT1000,Central
2025-10-03,4004.0,868.0,868.0,0.0,3136.0,9713.0,0.0,0.0,WT1000,Central
2025-10-04,3136.0,956.0,956.0,0.0,2180.0,8757.0,0.0,0.0,WT1000,Central
2025-10-05,2180.0,793.0,793.0,0.0,1387.0,7964.0,0.0,0.0,WT1000,Central
2025-10-06,7964.0,827.0,827.0,0.0,7137.0,7137.0,6851.0,6577.0,WT1000,Central
2025-10-07,7137.0,832.0,832.0,0.0,6305.0,13156.0,0.0,0.0,WT1000,Central
2025-10-08,6305.0,923.0,923.0,0.0,5382.0,12233.0,0.0,0.0,WT1000,Central
2025-10-09,5382.0,728.0,728.0,0.0,4654.0,11505.0,0.0,0.0,WT1000,Central
2025-10-10,4654.0,870.0,870.0,0.0,3784.0,10635.0,0.0,0.0,WT1000,Central
2025-10-11,3784.0,948.0,948.0,0.0,2836.0,9687.0,0.0,0.0,WT1000,Central
2025-10-12,2836.0,1047.0,1047.0,0.0,1789.0,8640.0,0.0,0.0,WT1000,Central
2025-10-13,1789.0,644.0,644.0,0.0,1145.0,7996.0,0.0,0.0,WT1000,Central
2025-10-14,7996.0,1032.0,1032.0,0.0,6964.0,6964.0,7024.0,6851.0,WT1000,Central
2025-10-15,6964.0,792.0,792.0,0.0,6172.0,13196.0,0.0,0.0,WT1000,Central
2025-10-16,6172.0,729.0,729.0,0.0,5443.0,12467.0,0.0,0.0,WT1000,Central
2025-10-17,5443.0,925.0,925.0,0.0,4518.0,11542.0,0.0,0.0,WT1000,Central
2025-10-18,4518.0,1021.0,1021.0,0.0,3497.0,10521.0,0.0,0.0,WT1000,Central
2025-10-19,3497.0,886.0,886.0,0.0,2611.0,9635.0,0.0,0.0,WT1000,Central
2025-10-20,2611.0,938.0,938.0,0.0,1673.0,8697.0,0.0,0.0,WT1000,Central
2025-10-21,1673.0,1038.0,1038.0,0.0,635.0,7659.0,6329.0,0.0,WT1000,Central
2025-10-22,7659.0,820.0,820.0,0.0,6839.0,13168.0,0.0,7024.0,WT1000,Central
2025-10-23,6839.0,772.0,772.0,0.0,6067.0,12396.0,0.0,0.0,WT1000,Central
2025-10-24,6067.0,839.0,839.0,0.0,5228.0,11557.0,0.0,0.0,WT1000,Central
2025-10-25,5228.0,1049.0,1049.0,0.0,4179.0,10508.0,0.0,0.0,WT1000,Central
2025-10-26,4179.0,766.0,766.0,0.0,3413.0,9742.0,0.0,0.0,WT1000,Central
2025-10-27,3413.0,761.0,761.0,0.0,2652.0,8981.0,0.0,0.0,WT1000,Central
2025-10-28,2652.0,849.0,849.0,0.0,1803.0,8132.0,0.0,0.0,WT1000,Central
2025-10-29,8132.0,794.0,794.0,0.0,7338.0,7338.0,6650.0,6329.0,WT1000,Central
2025-10-30,7338.0,733.0,733.0,0.0,6605.0,13255.0,0.0,0.0,WT1000,Central
2025-10-31,6605.0,818.0,818.0,0.0,5787.0,12437.0,0.0,0.0,WT1000,Central
2025-11-01,5787.0,880.0,880.0,0.0,4907.0,11557.0,0.0,0.0,WT1000,Central
2025-11-02,4907.0,685.0,685.0,0.0,4222.0,10872.0,0.0,0.0,WT1000,Central
2025-11-03,4222.0,908.0,908.0,0.0,3314.0,9964.0,0.0,0.0,WT1000,Central
2025-11-04,3314.0,944.0,944.0,0.0,2370.0,9020.0,0.0,0.0,WT1000,Central
2025-11-05,2370.0,787.0,787.0,0.0,1583.0,8233.0,0.0,0.0,WT1000,Central
2025-11-06,8233.0,836.0,836.0,0.0,7397.0,7397.0,6591.0,6650.0,WT1000,Central
2025-11-07,7397.0,796.0,796.0,0.0,6601.0,13192.0,0.0,0.0,WT1000,Central
2025-11-08,6601.0,933.0,933.0,0.0,5668.0,12259.0,0.0,0.0,WT1000,Central
2025-11-09,5668.0,901.0,901.0,0.0,4767.0,11358.0,0.0,0.0,WT1000,Central
2025-11-10,4767.0,886.0,886.0,0.0,3881.0,10472.0,0.0,0.0,WT1000,Central
2025-11-11,3881.0,1062.0,1062.0,0.0,2819.0,9410.0,0.0,0.0,WT1000,Central
2025-11-12,2819.0,1173.0,1173.0,0.0,1646.0,8237.0,0.0,0.0,WT1000,Central
2025-11-13,1646.0,824.0,824.0,0.0,822.0,7413.0,6575.0,0.0,WT1000,Central
2025-11-14,7413.0,853.0,853.0,0.0,6560.0,13135.0,0.0,6591.0,WT1000,Central
2025-11-15,6560.0,949.0,949.0,0.0,5611.0,12186.0,0.0,0.0,WT1000,Central
2025-11-16,5611.0,1107.0,1107.0,0.0,4504.0,11079.0,0.0,0.0,WT1000,Central
2025-11-17,4504.0,958.0,958.0,0.0,3546.0,10121.0,0.0,0.0,WT1000,Central
2025-11-18,3546.0,806.0,806.0,0.0,2740.0,9315.0,0.0,0.0,WT1000,Central
2025-11-19,2740.0,842.0,842.0,0.0,1898.0,8473.0,0.0,0.0,WT1000,Central
2025-11-20,1898.0,1017.0,1017.0,0.0,881.0,7456.0,6532.0,0.0,WT1000,Central
2025-11-21,7456.0,756.0,756.0,0.0,6700.0,13232.0,0.0,6575.0,WT1000,Central
2025-11-22,6700.0,1121.0,1121.0,0.0,5579.0,12111.0,0.0,0.0,WT1000,Central
2025-11-23,5579.0,1179.0,1179.0,0.0,4400.0,10932.0,0.0,0.0,WT1000,Central
2025-11-24,4400.0,788.0,788.0,0.0,3612.0,10144.0,0.0,0.0,WT1000,Central
2025-11-25,3612.0,906.0,906.0,0.0,2706.0,9238.0,0.0,0.0,WT1000,Central
2025-11-26,2706.0,931.0,931.0,0.0,1775.0,8307.0,0.0,0.0,WT1000,Central
2025-11-27,1775.0,888.0,888.0,0.0,887.0,7419.0,6569.0,0.0,WT1000,Central
2025-11-28,7419.0,804.0,804.0,0.0,6615.0,13184.0,0.0,6532.0,WT1000,Central
2025-11-29,6615.0,1308.0,1308.0,0.0,5307.0,11876.0,0.0,0.0,WT1000,Central
2025-11-30,5307.0,958.0,958.0,0.0,4349.0,10918.0,0.0,0.0,WT1000,Central
2025-12-01,4349.0,977.0,977.0,0.0,3372.0,9941.0,0.0,0.0,WT1000,Central
2025-12-02,3372.0,938.0,938.0,0.0,2434.0,9003.0,0.0,0.0,WT1000,Central
2025-12-03,2434.0,835.0,835.0,0.0,1599.0,8168.0,0.0,0.0,WT1000,Central
2025-12-04,1599.0,1065.0,1065.0,0.0,534.0,7103.0,6885.0,0.0,WT1000,Central
2025-12-05,7103.0,750.0,750.0,0.0,6353.0,13238.0,0.0,6569.0,WT1000,Central
2025-12-06,6353.0,1013.0,1013.0,0.0,5340.0,12225.0,0.0,0.0,WT1000,Central
2025-12-07,5340.0,1007.0,1007.0,0.0,4333.0,11218.0,0.0,0.0,WT1000,Central
2025-12-08,4333.0,847.0,847.0,0.0,3486.0,10371.0,0.0,0.0,WT1000,Central
2025-12-09,3486.0,892.0,892.0,0.0,2594.0,9479.0,0.0,0.0,WT1000,Central
2025-12-10,2594.0,792.0,792.0,0.0,1802.0,8687.0,0.0,0.0,WT1000,Central
2025-12-11,1802.0,699.0,699.0,0.0,1103.0,7988.0,0.0,0.0,WT1000,Central
2025-12-12,7988.0,871.0,871.0,0.0,7117.0,7117.0,6871.0,6885.0,WT1000,Central
2025-12-13,7117.0,945.0,945.0,0.0,6172.0,13043.0,0.0,0.0,WT1000,Central
2025-12-14,6172.0,968.0,968.0,0.0,5204.0,12075.0,0.0,0.0,WT1000,Central
2025-12-15,5204.0,910.0,910.0,0.0,4294.0,11165.0,0.0,0.0,WT1000,Central
2025-12-16,4294.0,866.0,866.0,0.0,3428.0,10299.0,0.0,0.0,WT1000,Central
2025-12-17,3428.0,821.0,821.0,0.0,2607.0,9478.0,0.0,0.0,WT1000,Central
2025-12-18,2607.0,831.0,831.0,0.0,1776.0,8647.0,0.0,0.0,WT1000,Central
2025-12-19,1776.0,710.0,710.0,0.0,1066.0,7937.0,0.0,0.0,WT1000,Central
2025-12-20,7937.0,882.0,882.0,0.0,7055.0,7055.0,6933.0,6871.0,WT1000,Central
2025-12-21,7055.0,899.0,899.0,0.0,6156.0,13089.0,0.0,0.0,WT1000,Central
2025-12-22,6156.0,1015.0,1015.0,0.0,5141.0,12074.0,0.0,0.0,WT1000,Central
2025-12-23,5141.0,894.0,894.0,0.0,4247.0,11180.0,0.0,0.0,WT1000,Central
2025-12-24,4247.0,831.0,831.0,0.0,3416.0,10349.0,0.0,0.0,WT1000,Central
2025-12-25,3416.0,982.0,982.0,0.0,2434.0,9367.0,0.0,0.0,WT1000,Central
2025-12-26,2434.0,841.0,841.0,0.0,1593.0,8526.0,0.0,0.0,WT1000,Central
2025-12-27,1593.0,906.0,906.0,0.0,687.0,7620.0,6368.0,0.0,WT1000,Central
2025-12-28,7620.0,825.0,825.0,0.0,6795.0,13163.0,0.0,6933.0,WT1000,Central
2025-12-29,6795.0,842.0,842.0,0.0,5953.0,12321.0,0.0,0.0,WT1000,Central
2025-12-30,5953.0,923.0,923.0,0.0,5030.0,11398.0,0.0,0.0,WT1000,Central
2025-12-31,5030.0,790.0,790.0,0.0,4240.0,10608.0,0.0,0.0,WT1000,Central
2025-07-01,12496.0,889.0,889.0,0.0,11607.0,11607.0,0.0,0.0,WT1000,East
2025-07-02,11607.0,1104.0,1104.0,0.0,10503.0,10503.0,0.0,0.0,WT1000,East
2025-07-03,10503.0,1058.0,1058.0,0.0,9445.0,9445.0,0.0,0.0,WT1000,East
2025-07-04,9445.0,952.0,952.0,0.0,8493.0,8493.0,0.0,0.0,WT1000,East
2025-07-05,8493.0,1031.0,1031.0,0.0,7462.0,7462.0,0.0,0.0,WT1000,East
2025-07-06,7462.0,1115.0,1115.0,0.0,6347.0,6347.0,0.0,0.0,WT1000,East
2025-07-07,6347.0,1178.0,1178.0,0.0,5169.0,5169.0,7327.0,0.0,WT1000,East
2025-07-08,5169.0,1124.0,1124.0,0.0,4045.0,11372.0,0.0,0.0,WT1000,East
2025-07-09,4045.0,1113.0,1113.0,0.0,2932.0,10259.0,0.0,0.0,WT1000,East
2025-07-10,2932.0,685.0,685.0,0.0,2247.0,9574.0,0.0,0.0,WT1000,East
2025-07-11,2247.0,1030.0,1030.0,0.0,1217.0,8544.0,0.0,0.0,WT1000,East
2025-07-12,1217.0,1081.0,1081.0,0.0,136.0,7463.0,0.0,0.0,WT1000,East
2025-07-13,7463.0,1124.0,1124.0,0.0,6339.0,6339.0,0.0,7327.0,WT1000,East
2025-07-14,6339.0,799.0,799.0,0.0,5540.0,5540.0,6956.0,0.0,WT1000,East
2025-07-15,5540.0,1329.0,1329.0,0.0,4211.0,11167.0,0.0,0.0,WT1000,East
2025-07-16,4211.0,1014.0,1014.0,0.0,3197.0,10153.0,0.0,0.0,WT1000,East
2025-07-17,3197.0,850.0,850.0,0.0,2347.0,9303.0,0.0,0.0,WT1000,East
2025-07-18,2347.0,946.0,946.0,0.0,1401.0,8357.0,0.0,0.0,WT1000,East
2025-07-19,1401.0,1026.0,1026.0,0.0,375.0,7331.0,0.0,0.0,WT1000,East
2025-07-20,7331.0,1705.0,1705.0,0.0,5626.0,5626.0,6870.0,6956.0,WT1000,East
2025-07-21,5626.0,842.0,842.0,0.0,4784.0,11654.0,0.0,0.0,WT1000,East
2025-07-22,4784.0,896.0,896.0,0.0,3888.0,10758.0,0.0,0.0,WT1000,East
2025-07-23,3888.0,1391.0,1391.0,0.0,2497.0,9367.0,0.0,0.0,WT1000,East
2025-07-24,2497.0,918.0,918.0,0.0,1579.0,8449.0,0.0,0.0,WT1000,East
2025-07-25,1579.0,936.0,936.0,0.0,643.0,7513.0,0.0,0.0,WT1000,East
2025-07-26,7513.0,1156.0,1156.0,0.0,6357.0,6357.0,0.0,6870.0,WT1000,East
2025-07-27,6357.0,1096.0,1096.0,0.0,5261.0,5261.0,7235.0,0.0,WT1000,East
2025-07-28,5261.0,1062.0,1062.0,0.0,4199.0,11434.0,0.0,0.0,WT1000,East
2025-07-29,4199.0,1255.0,1255.0,0.0,2944.0,10179.0,0.0,0.0,WT1000,East
2025-07-30,2944.0,959.0,959.0,0.0,1985.0,9220.0,0.0,0.0,WT1000,East
2025-07-31,1985.0,1027.0,1027.0,0.0,958.0,8193.0,0.0,0.0,WT1000,East
2025-08-01,958.0,777.0,777.0,0.0,181.0,7416.0,0.0,0.0,WT1000,East
2025-08-02,7416.0,737.0,737.0,0.0,6679.0,6679.0,0.0,7235.0,WT1000,East
2025-08-03,6679.0,795.0,795.0,0.0,5884.0,5884.0,6612.0,0.0,WT1000,East
2025-08-04,5884.0,844.0,844.0,0.0,5040.0,11652.0,0.0,0.0,WT1000,East
2025-08-05,5040.0,755.0,755.0,0.0,4285.0,10897.0,0.0,0.0,WT1000,East
2025-08-06,4285.0,1025.0,1025.0,0.0,3260.0,9872.0,0.0,0.0,WT1000,East
2025-08-07,3260.0,921.0,921.0,0.0,2339.0,8951.0,0.0,0.0,WT1000,East
2025-08-08,2339.0,1252.0,1252.0,0.0,1087.0,7699.0,0.0,0.0,WT1000,East
2025-08-09,7699.0,963.0,963.0,0.0,6736.0,6736.0,0.0,6612.0,WT1000,East
2025-08-10,6736.0,878.0,878.0,0.0,5858.0,5858.0,6638.0,0.0,WT1000,East
2025-08-11,5858.0,849.0,849.0,0.0,5009.0,11647.0,0.0,0.0,WT1000,East
2025-08-12,5009.0,777.0,777.0,0.0,4232.0,10870.0,0.0,0.0,WT1000,East
2025-08-13,4232.0,794.0,794.0,0.0,3438.0,10076.0,0.0,0.0,WT1000,East
2025-08-14,3438.0,753.0,753.0,0.0,2685.0,9323.0,0.0,0.0,WT1000,East
2025-08-15,2685.0,861.0,861.0,0.0,1824.0,8462.0,0.0,0.0,WT1000,East
2025-08-16,8462.0,1026.0,1026.0,0.0,7436.0,7436.0,0.0,6638.0,WT1000,East
2025-08-17,7436.0,983.0,983.0,0.0,6453.0,6453.0,0.0,0.0,WT1000,East
2025-08-18,6453.0,869.0,869.0,0.0,5584.0,5584.0,6912.0,0.0,WT1000,East
2025-08-19,5584.0,870.0,870.0,0.0,4714.0,11626.0,0.0,0.0,WT1000,East
2025-08-20,4714.0,994.0,994.0,0.0,3720.0,10632.0,0.0,0.0,WT1000,East
2025-08-21,3720.0,806.0,806.0,0.0,2914.0,9826.0,0.0,0.0,WT1000,East
2025-08-22,2914.0,881.0,881.0,0.0,2033.0,8945.0,0.0,0.0,WT1000,East
2025-08-23,2033.0,1076.0,1076.0,0.0,957.0,7869.0,0.0,0.0,WT1000,East
2025-08-24,7869.0,1056.0,1056.0,0.0,6813.0,6813.0,0.0,6912.0,WT1000,East
2025-08-25,6813.0,897.0,897.0,0.0,5916.0,5916.0,6580.0,0.0,WT1000,East
2025-08-26,5916.0,950.0,950.0,0.0,4966.0,11546.0,0.0,0.0,WT1000,East
2025-08-27,4966.0,901.0,901.0,0.0,4065.0,10645.0,0.0,0.0,WT1000,East
2025-08-28,4065.0,851.0,851.0,0.0,3214.0,9794.0,0.0,0.0,WT1000,East
2025-08-29,3214.0,871.0,871.0,0.0,2343.0,8923.0,0.0,0.0,WT1000,East
2025-08-30,2343.0,832.0,832.0,0.0,1511.0,8091.0,0.0,0.0,WT1000,East
2025-08-31,8091.0,892.0,892.0,0.0,7199.0,7199.0,0.0,6580.0,WT1000,East
2025-09-01,7199.0,853.0,853.0,0.0,6346.0,6346.0,0.0,0.0,WT1000,East
2025-09-02,6346.0,999.0,999.0,0.0,5347.0,5347.0,7149.0,0.0,WT1000,East
2025-09-03,5347.0,756.0,756.0,0.0,4591.0,11740.0,0.0,0.0,WT1000,East
2025-09-04,4591.0,854.0,854.0,0.0,3737.0,10886.0,0.0,0.0,WT1000,East
2025-09-05,3737.0,1124.0,1124.0,0.0,2613.0,9762.0,0.0,0.0,WT1000,East
2025-09-06,2613.0,925.0,925.0,0.0,1688.0,8837.0,0.0,0.0,WT1000,East
2025-09-07,1688.0,853.0,853.0,0.0,835.0,7984.0,0.0,0.0,WT1000,East
2025-09-08,7984.0,1158.0,1158.0,0.0,6826.0,6826.0,0.0,7149.0,WT1000,East
2025-09-09,6826.0,802.0,802.0,0.0,6024.0,6024.0,0.0,0.0,WT1000,East
2025-09-10,6024.0,898.0,898.0,0.0,5126.0,5126.0,7370.0,0.0,WT1000,East
2025-09-11,5126.0,919.0,919.0,0.0,4207.0,11577.0,0.0,0.0,WT1000,East
2025-09-12,4207.0,761.0,761.0,0.0,3446.0,10816.0,0.0,0.0,WT1000,East
2025-09-13,3446.0,921.0,921.0,0.0,2525.0,9895.0,0.0,0.0,WT1000,East
2025-09-14,2525.0,897.0,897.0,0.0,1628.0,8998.0,0.0,0.0,WT1000,East
2025-09-15,1628.0,1066.0,1066.0,0.0,562.0,7932.0,0.0,0.0,WT1000,East
2025-09-16,7932.0,816.0,816.0,0.0,7116.0,7116.0,0.0,7370.0,WT1000,East
2025-09-17,7116.0,869.0,869.0,0.0,6247.0,6247.0,0.0,0.0,WT1000,East
2025-09-18,6247.0,790.0,790.0,0.0,5457.0,5457.0,7039.0,0.0,WT1000,East
2025-09-19,5457.0,735.0,735.0,0.0,4722.0,11761.0,0.0,0.0,WT1000,East
2025-09-20,4722.0,947.0,947.0,0.0,3775.0,10814.0,0.0,0.0,WT1000,East
2025-09-21,3775.0,1424.0,1424.0,0.0,2351.0,9390.0,0.0,0.0,WT1000,East
2025-09-22,2351.0,895.0,895.0,0.0,1456.0,8495.0,0.0,0.0,WT1000,East
2025-09-23,1456.0,909.0,909.0,0.0,547.0,7586.0,0.0,0.0,WT1000,East
2025-09-24,7586.0,791.0,791.0,0.0,6795.0,6795.0,0.0,7039.0,WT1000,East
2025-09-25,6795.0,849.0,849.0,0.0,5946.0,5946.0,6550.0,0.0,WT1000,East
2025-09-26,5946.0,802.0,802.0,0.0,5144.0,11694.0,0.0,0.0,WT1000,East
2025-09-27,5144.0,859.0,859.0,0.0,4285.0,10835.0,0.0,0.0,WT1000,East
2025-09-28,4285.0,986.0,986.0,0.0,3299.0,9849.0,0.0,0.0,WT1000,East
2025-09-29,3299.0,895.0,895.0,0.0,2404.0,8954.0,0.0,0.0,WT1000,East
2025-09-30,2404.0,744.0,744.0,0.0,1660.0,8210.0,0.0,0.0,WT1000,East
2025-10-01,8210.0,744.0,744.0,0.0,7466.0,7466.0,0.0,6550.0,WT1000,East
2025-10-02,7466.0,941.0,941.0,0.0,6525.0,6525.0,0.0,0.0,WT1000,East
2025-10-03,6525.0,894.0,894.0,0.0,5631.0,5631.0,6865.0,0.0,WT1000,East
2025-10-04,5631.0,1072.0,1072.0,0.0,4559.0,11424.0,0.0,0.0,WT1000,East
2025-10-05,4559.0,880.0,880.0,0.0,3679.0,10544.0,0.0,0.0,WT1000,East
2025-10-06,3679.0,800.0,800.0,0.0,2879.0,9744.0,0.0,0.0,WT1000,East
2025-10-07,2879.0,852.0,852.0,0.0,2027.0,8892.0,0.0,0.0,WT1000,East
2025-10-08,2027.0,953.0,953.0,0.0,1074.0,7939.0,0.0,0.0,WT1000,East
2025-10-09,7939.0,811.0,811.0,0.0,7128.0,7128.0,0.0,6865.0,WT1000,East
2025-10-10,7128.0,928.0,928.0,0.0,6200.0,6200.0,0.0,0.0,WT1000,East
2025-10-11,6200.0,978.0,978.0,0.0,5222.0,5222.0,7274.0,0.0,WT1000,East
2025-10-12,5222.0,1091.0,1091.0,0.0,4131.0,11405.0,0.0,0.0,WT1000,East
2025-10-13,4131.0,792.0,792.0,0.0,3339.0,10613.0,0.0,0.0,WT1000,East
2025-10-14,3339.0,820.0,820.0,0.0,2519.0,9793.0,0.0,0.0,WT1000,East
2025-10-15,2519.0,1074.0,1074.0,0.0,1445.0,8719.0,0.0,0.0,WT1000,East
2025-10-16,1445.0,846.0,846.0,0.0,599.0,7873.0,0.0,0.0,WT1000,East
2025-10-17,7873.0,970.0,970.0,0.0,6903.0,6903.0,0.0,7274.0,WT1000,East
2025-10-18,6903.0,1078.0,1078.0,0.0,5825.0,5825.0,6671.0,0.0,WT1000,East
2025-10-19,5825.0,1498.0,1498.0,0.0,4327.0,10998.0,0.0,0.0,WT1000,East
2025-10-20,4327.0,940.0,940.0,0.0,3387.0,10058.0,0.0,0.0,WT1000,East
2025-10-21,3387.0,762.0,762.0,0.0,2625.0,9296.0,0.0,0.0,WT1000,East
2025-10-22,2625.0,1172.0,1172.0,0.0,1453.0,8124.0,0.0,0.0,WT1000,East
2025-10-23,1453.0,923.0,923.0,0.0,530.0,7201.0,0.0,0.0,WT1000,East
2025-10-24,7201.0,734.0,734.0,0.0,6467.0,6467.0,0.0,6671.0,WT1000,East
2025-10-25,6467.0,1059.0,1059.0,0.0,5408.0,5408.0,7088.0,0.0,WT1000,East
2025-10-26,5408.0,889.0,889.0,0.0,4519.0,11607.0,0.0,0.0,WT1000,East
2025-10-27,4519.0,847.0,847.0,0.0,3672.0,10760.0,0.0,0.0,WT1000,East
2025-10-28,3672.0,755.0,755.0,0.0,2917.0,10005.0,0.0,0.0,WT1000,East
2025-10-29,2917.0,821.0,821.0,0.0,2096.0,9184.0,0.0,0.0,WT1000,East
2025-10-30,2096.0,696.0,696.0,0.0,1400.0,8488.0,0.0,0.0,WT1000,East
2025-10-31,8488.0,1000.0,1000.0,0.0,7488.0,7488.0,0.0,7088.0,WT1000,East
2025-11-01,7488.0,1150.0,1150.0,0.0,6338.0,6338.0,0.0,0.0,WT1000,East
2025-11-02,6338.0,962.0,962.0,0.0,5376.0,5376.0,7120.0,0.0,WT1000,East
2025-11-03,5376.0,908.0,908.0,0.0,4468.0,11588.0,0.0,0.0,WT1000,East
2025-11-04,4468.0,1081.0,1081.0,0.0,3387.0,10507.0,0.0,0.0,WT1000,East
2025-11-05,3387.0,834.0,834.0,0.0,2553.0,9673.0,0.0,0.0,WT1000,East
2025-11-06,2553.0,776.0,776.0,0.0,1777.0,8897.0,0.0,0.0,WT1000,East
2025-11-07,1777.0,1137.0,1137.0,0.0,640.0,7760.0,0.0,0.0,WT1000,East
2025-11-08,7760.0,864.0,864.0,0.0,6896.0,6896.0,0.0,7120.0,WT1000,East
2025-11-09,6896.0,972.0,972.0,0.0,5924.0,5924.0,6572.0,0.0,WT1000,East
2025-11-10,5924.0,883.0,883.0,0.0,5041.0,11613.0,0.0,0.0,WT1000,East
2025-11-11,5041.0,854.0,854.0,0.0,4187.0,10759.0,0.0,0.0,WT1000,East
2025-11-12,4187.0,715.0,715.0,0.0,3472.0,10044.0,0.0,0.0,WT1000,East
2025-11-13,3472.0,927.0,927.0,0.0,2545.0,9117.0,0.0,0.0,WT1000,East
2025-11-14,2545.0,681.0,681.0,0.0,1864.0,8436.0,0.0,0.0,WT1000,East
2025-11-15,8436.0,1071.0,1071.0,0.0,7365.0,7365.0,0.0,6572.0,WT1000,East
2025-11-16,7365.0,1126.0,1126.0,0.0,6239.0,6239.0,0.0,0.0,WT1000,East
2025-11-17,6239.0,972.0,972.0,0.0,5267.0,5267.0,7229.0,0.0,WT1000,East
2025-11-18,5267.0,960.0,960.0,0.0,4307.0,11536.0,0.0,0.0,WT1000,East
2025-11-19,4307.0,884.0,884.0,0.0,3423.0,10652.0,0.0,0.0,WT1000,East
2025-11-20,3423.0,716.0,716.0,0.0,2707.0,9936.0,0.0,0.0,WT1000,East
2025-11-21,2707.0,732.0,732.0,0.0,1975.0,9204.0,0.0,0.0,WT1000,East
2025-11-22,1975.0,1105.0,1105.0,0.0,870.0,8099.0,0.0,0.0,WT1000,East
2025-11-23,8099.0,1007.0,1007.0,0.0,7092.0,7092.0,0.0,7229.0,WT1000,East
2025-11-24,7092.0,986.0,986.0,0.0,6106.0,6106.0,0.0,0.0,WT1000,East
2025-11-25,6106.0,985.0,985.0,0.0,5121.0,5121.0,7375.0,0.0,WT1000,East
2025-11-26,5121.0,855.0,855.0,0.0,4266.0,11641.0,0.0,0.0,WT1000,East
2025-11-27,4266.0,989.0,989.0,0.0,3277.0,10652.0,0.0,0.0,WT1000,East
2025-11-28,3277.0,983.0,983.0,0.0,2294.0,9669.0,0.0,0.0,WT1000,East
2025-11-29,2294.0,886.0,886.0,0.0,1408.0,8783.0,0.0,0.0,WT1000,East
2025-11-30,1408.0,975.0,975.0,0.0,433.0,7808.0,0.0,0.0,WT1000,East
2025-12-01,7808.0,1061.0,1061.0,0.0,6747.0,6747.0,0.0,7375.0,WT1000,East
2025-12-02,6747.0,897.0,897.0,0.0,5850.0,5850.0,6646.0,0.0,WT1000,East
2025-12-03,5850.0,883.0,883.0,0.0,4967.0,11613.0,0.0,0.0,WT1000,East
2025-12-04,4967.0,880.0,880.0,0.0,4087.0,10733.0,0.0,0.0,WT1000,East
2025-12-05,4087.0,769.0,769.0,0.0,3318.0,9964.0,0.0,0.0,WT1000,East
2025-12-06,3318.0,1032.0,1032.0,0.0,2286.0,8932.0,0.0,0.0,WT1000,East
2025-12-07,2286.0,919.0,919.0,0.0,1367.0,8013.0,0.0,0.0,WT1000,East
2025-12-08,8013.0,904.0,904.0,0.0,7109.0,7109.0,0.0,6646.0,WT1000,East
2025-12-09,7109.0,1178.0,1178.0,0.0,5931.0,5931.0,6565.0,0.0,WT1000,East
2025-12-10,5931.0,865.0,865.0,0.0,5066.0,11631.0,0.0,0.0,WT1000,East
2025-12-11,5066.0,869.0,869.0,0.0,4197.0,10762.0,0.0,0.0,WT1000,East
2025-12-12,4197.0,915.0,915.0,0.0,3282.0,9847.0,0.0,0.0,WT1000,East
2025-12-13,3282.0,901.0,901.0,0.0,2381.0,8946.0,0.0,0.0,WT1000,East
2025-12-14,2381.0,1094.0,1094.0,0.0,1287.0,7852.0,0.0,0.0,WT1000,East
2025-12-15,7852.0,794.0,794.0,0.0,7058.0,7058.0,0.0,6565.0,WT1000,East
2025-12-16,7058.0,983.0,983.0,0.0,6075.0,6075.0,0.0,0.0,WT1000,East
2025-12-17,6075.0,938.0,938.0,0.0,5137.0,5137.0,7359.0,0.0,WT1000,East
2025-12-18,5137.0,840.0,840.0,0.0,4297.0,11656.0,0.0,0.0,WT1000,East
2025-12-19,4297.0,1011.0,1011.0,0.0,3286.0,10645.0,0.0,0.0,WT1000,East
2025-12-20,3286.0,822.0,822.0,0.0,2464.0,9823.0,0.0,0.0,WT1000,East
2025-12-21,2464.0,1127.0,1127.0,0.0,1337.0,8696.0,0.0,0.0,WT1000,East
2025-12-22,1337.0,939.0,939.0,0.0,398.0,7757.0,0.0,0.0,WT1000,East
2025-12-23,7757.0,866.0,866.0,0.0,6891.0,6891.0,0.0,7359.0,WT1000,East
2025-12-24,6891.0,883.0,883.0,0.0,6008.0,6008.0,6488.0,0.0,WT1000,East
2025-12-25,6008.0,1081.0,1081.0,0.0,4927.0,11415.0,0.0,0.0,WT1000,East
2025-12-26,4927.0,1026.0,1026.0,0.0,3901.0,10389.0,0.0,0.0,WT1000,East
2025-12-27,3901.0,1065.0,1065.0,0.0,2836.0,9324.0,0.0,0.0,WT1000,East
2025-12-28,2836.0,805.0,805.0,0.0,2031.0,8519.0,0.0,0.0,WT1000,East
2025-12-29,2031.0,841.0,841.0,0.0,1190.0,7678.0,0.0,0.0,WT1000,East
2025-12-30,7678.0,904.0,904.0,0.0,6774.0,6774.0,0.0,6488.0,WT1000,East
2025-12-31,6774.0,836.0,836.0,0.0,5938.0,5938.0,6558.0,0.0,WT1000,East
2025-07-01,13724.0,1029.0,1029.0,0.0,12695.0,12695.0,0.0,0.0,WT1000,North
2025-07-02,12695.0,1017.0,1017.0,0.0,11678.0,11678.0,0.0,0.0,WT1000,North
2025-07-03,11678.0,866.0,866.0,0.0,10812.0,10812.0,0.0,0.0,WT1000,North
2025-07-04,10812.0,916.0,916.0,0.0,9896.0,9896.0,0.0,0.0,WT1000,North
2025-07-05,9896.0,1133.0,1133.0,0.0,8763.0,8763.0,0.0,0.0,WT1000,North
2025-07-06,8763.0,1083.0,1083.0,0.0,7680.0,7680.0,0.0,0.0,WT1000,North
2025-07-07,7680.0,1036.0,1036.0,0.0,6644.0,6644.0,7080.0,0.0,WT1000,North
2025-07-08,6644.0,1161.0,1161.0,0.0,5483.0,12563.0,0.0,0.0,WT1000,North
2025-07-09,5483.0,1429.0,1429.0,0.0,4054.0,11134.0,0.0,0.0,WT1000,North
2025-07-10,4054.0,1058.0,1058.0,0.0,2996.0,10076.0,0.0,0.0,WT1000,North
2025-07-11,2996.0,1071.0,1071.0,0.0,1925.0,9005.0,0.0,0.0,WT1000,North
2025-07-12,1925.0,1416.0,1416.0,0.0,509.0,7589.0,0.0,0.0,WT1000,North
2025-07-13,509.0,1240.0,509.0,731.0,0.0,7080.0,0.0,0.0,WT1000,North
2025-07-14,7080.0,1117.0,1117.0,0.0,5963.0,5963.0,7761.0,7080.0,WT1000,North
2025-07-15,5963.0,901.0,901.0,0.0,5062.0,12823.0,0.0,0.0,WT1000,North
2025-07-16,5062.0,1052.0,1052.0,0.0,4010.0,11771.0,0.0,0.0,WT1000,North
2025-07-17,4010.0,1195.0,1195.0,0.0,2815.0,10576.0,0.0,0.0,WT1000,North
2025-07-18,2815.0,989.0,989.0,0.0,1826.0,9587.0,0.0,0.0,WT1000,North
2025-07-19,1826.0,1165.0,1165.0,0.0,661.0,8422.0,0.0,0.0,WT1000,North
2025-07-20,661.0,1298.0,661.0,637.0,0.0,7761.0,0.0,0.0,WT1000,North
2025-07-21,7761.0,953.0,953.0,0.0,6808.0,6808.0,6916.0,7761.0,WT1000,North
2025-07-22,6808.0,942.0,942.0,0.0,5866.0,12782.0,0.0,0.0,WT1000,North
2025-07-23,5866.0,1013.0,1013.0,0.0,4853.0,11769.0,0.0,0.0,WT1000,North
2025-07-24,4853.0,925.0,925.0,0.0,3928.0,10844.0,0.0,0.0,WT1000,North
2025-07-25,3928.0,847.0,847.0,0.0,3081.0,9997.0,0.0,0.0,WT1000,North
2025-07-26,3081.0,1287.0,1287.0,0.0,1794.0,8710.0,0.0,0.0,WT1000,North
2025-07-27,1794.0,1282.0,1282.0,0.0,512.0,7428.0,0.0,0.0,WT1000,North
2025-07-28,7428.0,1082.0,1082.0,0.0,6346.0,6346.0,7378.0,6916.0,WT1000,North
2025-07-29,6346.0,899.0,899.0,0.0,5447.0,12825.0,0.0,0.0,WT1000,North
2025-07-30,5447.0,1026.0,1026.0,0.0,4421.0,11799.0,0.0,0.0,WT1000,North
2025-07-31,4421.0,1041.0,1041.0,0.0,3380.0,10758.0,0.0,0.0,WT1000,North
2025-08-01,3380.0,895.0,895.0,0.0,2485.0,9863.0,0.0,0.0,WT1000,North
2025-08-02,2485.0,862.0,862.0,0.0,1623.0,9001.0,0.0,0.0,WT1000,North
2025-08-03,1623.0,1005.0,1005.0,0.0,618.0,7996.0,0.0,0.0,WT1000,North
2025-08-04,7996.0,867.0,867.0,0.0,7129.0,7129.0,0.0,7378.0,WT1000,North
2025-08-05,7129.0,888.0,888.0,0.0,6241.0,6241.0,7483.0,0.0,WT1000,North
2025-08-06,6241.0,875.0,875.0,0.0,5366.0,12849.0,0.0,0.0,WT1000,North
2025-08-07,5366.0,1031.0,1031.0,0.0,4335.0,11818.0,0.0,0.0,WT1000,North
2025-08-08,4335.0,594.0,594.0,0.0,3741.0,11224.0,0.0,0.0,WT1000,North
2025-08-09,3741.0,1030.0,1030.0,0.0,2711.0,10194.0,0.0,0.0,WT1000,North
2025-08-10,2711.0,1009.0,1009.0,0.0,1702.0,9185.0,0.0,0.0,WT1000,North
2025-08-11,1702.0,794.0,794.0,0.0,908.0,8391.0,0.0,0.0,WT1000,North
2025-08-12,8391.0,1002.0,1002.0,0.0,7389.0,7389.0,0.0,7483.0,WT1000,North
2025-08-13,7389.0,1025.0,1025.0,0.0,6364.0,6364.0,7360.0,0.0,WT1000,North
2025-08-14,6364.0,900.0,900.0,0.0,5464.0,12824.0,0.0,0.0,WT1000,North
2025-08-15,5464.0,1539.0,1539.0,0.0,3925.0,11285.0,0.0,0.0,WT1000,North
2025-08-16,3925.0,1093.0,1093.0,0.0,2832.0,10192.0,0.0,0.0,WT1000,North
2025-08-17,2832.0,1083.0,1083.0,0.0,1749.0,9109.0,0.0,0.0,WT1000,North
2025-08-18,1749.0,898.0,898.0,0.0,851.0,8211.0,0.0,0.0,WT1000,North
2025-08-19,851.0,951.0,851.0,100.0,0.0,7360.0,0.0,0.0,WT1000,North
2025-08-20,7360.0,912.0,912.0,0.0,6448.0,6448.0,7276.0,7360.0,WT1000,North
2025-08-21,6448.0,859.0,859.0,0.0,5589.0,12865.0,0.0,0.0,WT1000,North
2025-08-22,5589.0,921.0,921.0,0.0,4668.0,11944.0,0.0,0.0,WT1000,North
2025-08-23,4668.0,1036.0,1036.0,0.0,3632.0,10908.0,0.0,0.0,WT1000,North
2025-08-24,3632.0,906.0,906.0,0.0,2726.0,10002.0,0.0,0.0,WT1000,North
2025-08-25,2726.0,845.0,845.0,0.0,1881.0,9157.0,0.0,0.0,WT1000,North
2025-08-26,1881.0,918.0,918.0,0.0,963.0,8239.0,0.0,0.0,WT1000,North
2025-08-27,8239.0,937.0,937.0,0.0,7302.0,7302.0,0.0,7276.0,WT1000,North
2025-08-28,7302.0,955.0,955.0,0.0,6347.0,6347.0,7377.0,0.0,WT1000,North
2025-08-29,6347.0,1016.0,1016.0,0.0,5331.0,12708.0,0.0,0.0,WT1000,North
2025-08-30,5331.0,1076.0,1076.0,0.0,4255.0,11632.0,0.0,0.0,WT1000,North
2025-08-31,4255.0,1305.0,1305.0,0.0,2950.0,10327.0,0.0,0.0,WT1000,North
2025-09-01,2950.0,826.0,826.0,0.0,2124.0,9501.0,0.0,0.0,WT1000,North
2025-09-02,2124.0,835.0,835.0,0.0,1289.0,8666.0,0.0,0.0,WT1000,North
2025-09-03,1289.0,1011.0,1011.0,0.0,278.0,7655.0,0.0,0.0,WT1000,North
2025-09-04,7655.0,897.0,897.0,0.0,6758.0,6758.0,6966.0,7377.0,WT1000,North
2025-09-05,6758.0,912.0,912.0,0.0,5846.0,12812.0,0.0,0.0,WT1000,North
2025-09-06,5846.0,1214.0,1214.0,0.0,4632.0,11598.0,0.0,0.0,WT1000,North
2025-09-07,4632.0,969.0,969.0,0.0,3663.0,10629.0,0.0,0.0,WT1000,North
2025-09-08,3663.0,823.0,823.0,0.0,2840.0,9806.0,0.0,0.0,WT1000,North
2025-09-09,2840.0,894.0,894.0,0.0,1946.0,8912.0,0.0,0.0,WT1000,North
2025-09-10,1946.0,817.0,817.0,0.0,1129.0,8095.0,0.0,0.0,WT1000,North
2025-09-11,8095.0,934.0,934.0,0.0,7161.0,7161.0,0.0,6966.0,WT1000,North
2025-09-12,7161.0,815.0,815.0,0.0,6346.0,6346.0,7378.0,0.0,WT1000,North
2025-09-13,6346.0,1098.0,1098.0,0.0,5248.0,12626.0,0.0,0.0,WT1000,North
2025-09-14,5248.0,1225.0,1225.0,0.0,4023.0,11401.0,0.0,0.0,WT1000,North
2025-09-15,4023.0,1004.0,1004.0,0.0,3019.0,10397.0,0.0,0.0,WT1000,North
2025-09-16,3019.0,920.0,920.0,0.0,2099.0,9477.0,0.0,0.0,WT1000,North
2025-09-17,2099.0,852.0,852.0,0.0,1247.0,8625.0,0.0,0.0,WT1000,North
2025-09-18,1247.0,882.0,882.0,0.0,365.0,7743.0,0.0,0.0,WT1000,North
2025-09-19,7743.0,975.0,975.0,0.0,6768.0,6768.0,6956.0,7378.0,WT1000,North
2025-09-20,6768.0,863.0,863.0,0.0,5905.0,12861.0,0.0,0.0,WT1000,North
2025-09-21,5905.0,1030.0,1030.0,0.0,4875.0,11831.0,0.0,0.0,WT1000,North
2025-09-22,4875.0,891.0,891.0,0.0,3984.0,10940.0,0.0,0.0,WT1000,North
2025-09-23,3984.0,812.0,812.0,0.0,3172.0,10128.0,0.0,0.0,WT1000,North
2025-09-24,3172.0,847.0,847.0,0.0,2325.0,9281.0,0.0,0.0,WT1000,North
2025-09-25,2325.0,983.0,983.0,0.0,1342.0,8298.0,0.0,0.0,WT1000,North
2025-09-26,8298.0,981.0,981.0,0.0,7317.0,7317.0,0.0,6956.0,WT1000,North
2025-09-27,7317.0,1215.0,1215.0,0.0,6102.0,6102.0,7622.0,0.0,WT1000,North
2025-09-28,6102.0,883.0,883.0,0.0,5219.0,12841.0,0.0,0.0,WT1000,North
2025-09-29,5219.0,767.0,767.0,0.0,4452.0,12074.0,0.0,0.0,WT1000,North
2025-09-30,4452.0,1024.0,1024.0,0.0,3428.0,11050.0,0.0,0.0,WT1000,North
2025-10-01,3428.0,902.0,902.0,0.0,2526.0,10148.0,0.0,0.0,WT1000,North
2025-10-02,2526.0,1010.0,1010.0,0.0,1516.0,9138.0,0.0,0.0,WT1000,North
2025-10-03,1516.0,815.0,815.0,0.0,701.0,8323.0,0.0,0.0,WT1000,North
2025-10-04,8323.0,961.0,961.0,0.0,7362.0,7362.0,0.0,7622.0,WT1000,North
2025-10-05,7362.0,1050.0,1050.0,0.0,6312.0,6312.0,7412.0,0.0,WT1000,North
2025-10-06,6312.0,782.0,782.0,0.0,5530.0,12942.0,0.0,0.0,WT1000,North
2025-10-07,5530.0,822.0,822.0,0.0,4708.0,12120.0,0.0,0.0,WT1000,North
2025-10-08,4708.0,1043.0,1043.0,0.0,3665.0,11077.0,0.0,0.0,WT1000,North
2025-10-09,3665.0,823.0,823.0,0.0,2842.0,10254.0,0.0,0.0,WT1000,North
2025-10-10,2842.0,984.0,984.0,0.0,1858.0,9270.0,0.0,0.0,WT1000,North
2025-10-11,1858.0,998.0,998.0,0.0,860.0,8272.0,0.0,0.0,WT1000,North
2025-10-12,8272.0,879.0,879.0,0.0,7393.0,7393.0,0.0,7412.0,WT1000,North
2025-10-13,7393.0,1184.0,1184.0,0.0,6209.0,6209.0,7515.0,0.0,WT1000,North
2025-10-14,6209.0,805.0,805.0,0.0,5404.0,12919.0,0.0,0.0,WT1000,North
2025-10-15,5404.0,889.0,889.0,0.0,4515.0,12030.0,0.0,0.0,WT1000,North
2025-10-16,4515.0,1117.0,1117.0,0.0,3398.0,10913.0,0.0,0.0,WT1000,North
2025-10-17,3398.0,933.0,933.0,0.0,2465.0,9980.0,0.0,0.0,WT1000,North
2025-10-18,2465.0,1109.0,1109.0,0.0,1356.0,8871.0,0.0,0.0,WT1000,North
2025-10-19,1356.0,972.0,972.0,0.0,384.0,7899.0,0.0,0.0,WT1000,North
2025-10-20,7899.0,918.0,918.0,0.0,6981.0,6981.0,6743.0,7515.0,WT1000,North
2025-10-21,6981.0,836.0,836.0,0.0,6145.0,12888.0,0.0,0.0,WT1000,North
2025-10-22,6145.0,977.0,977.0,0.0,5168.0,11911.0,0.0,0.0,WT1000,North
2025-10-23,5168.0,913.0,913.0,0.0,4255.0,10998.0,0.0,0.0,WT1000,North
2025-10-24,4255.0,923.0,923.0,0.0,3332.0,10075.0,0.0,0.0,WT1000,North
2025-10-25,3332.0,1132.0,1132.0,0.0,2200.0,8943.0,0.0,0.0,WT1000,North
2025-10-26,2200.0,912.0,912.0,0.0,1288.0,8031.0,0.0,0.0,WT1000,North
2025-10-27,8031.0,877.0,877.0,0.0,7154.0,7154.0,0.0,6743.0,WT1000,North
2025-10-28,7154.0,862.0,862.0,0.0,6292.0,6292.0,7432.0,0.0,WT1000,North
2025-10-29,6292.0,1076.0,1076.0,0.0,5216.0,12648.0,0.0,0.0,WT1000,North
2025-10-30,5216.0,1073.0,1073.0,0.0,4143.0,11575.0,0.0,0.0,WT1000,North
2025-10-31,4143.0,801.0,801.0,0.0,3342.0,10774.0,0.0,0.0,WT1000,North
2025-11-01,3342.0,950.0,950.0,0.0,2392.0,9824.0,0.0,0.0,WT1000,North
2025-11-02,2392.0,930.0,930.0,0.0,1462.0,8894.0,0.0,0.0,WT1000,North
2025-11-03,1462.0,1215.0,1215.0,0.0,247.0,7679.0,0.0,0.0,WT1000,North
2025-11-04,7679.0,778.0,778.0,0.0,6901.0,6901.0,6823.0,7432.0,WT1000,North
2025-11-05,6901.0,696.0,696.0,0.0,6205.0,13028.0,0.0,0.0,WT1000,North
2025-11-06,6205.0,1141.0,1141.0,0.0,5064.0,11887.0,0.0,0.0,WT1000,North
2025-11-07,5064.0,921.0,921.0,0.0,4143.0,10966.0,0.0,0.0,WT1000,North
2025-11-08,4143.0,1031.0,1031.0,0.0,3112.0,9935.0,0.0,0.0,WT1000,North
2025-11-09,3112.0,973.0,973.0,0.0,2139.0,8962.0,0.0,0.0,WT1000,North
2025-11-10,2139.0,942.0,942.0,0.0,1197.0,8020.0,0.0,0.0,WT1000,North
2025-11-11,8020.0,1035.0,1035.0,0.0,6985.0,6985.0,6739.0,6823.0,WT1000,North
2025-11-12,6985.0,858.0,858.0,0.0,6127.0,12866.0,0.0,0.0,WT1000,North
2025-11-13,6127.0,955.0,955.0,0.0,5172.0,11911.0,0.0,0.0,WT1000,North
2025-11-14,5172.0,957.0,957.0,0.0,4215.0,10954.0,0.0,0.0,WT1000,North
2025-11-15,4215.0,1052.0,1052.0,0.0,3163.0,9902.0,0.0,0.0,WT1000,North
2025-11-16,3163.0,1062.0,1062.0,0.0,2101.0,8840.0,0.0,0.0,WT1000,North
2025-11-17,2101.0,882.0,882.0,0.0,1219.0,7958.0,0.0,0.0,WT1000,North
2025-11-18,7958.0,880.0,880.0,0.0,7078.0,7078.0,6646.0,6739.0,WT1000,North
2025-11-19,7078.0,1140.0,1140.0,0.0,5938.0,12584.0,0.0,0.0,WT1000,North
2025-11-20,5938.0,943.0,943.0,0.0,4995.0,11641.0,0.0,0.0,WT1000,North
2025-11-21,4995.0,1020.0,1020.0,0.0,3975.0,10621.0,0.0,0.0,WT1000,North
2025-11-22,3975.0,992.0,992.0,0.0,2983.0,9629.0,0.0,0.0,WT1000,North
2025-11-23,2983.0,1107.0,1107.0,0.0,1876.0,8522.0,0.0,0.0,WT1000,North
2025-11-24,1876.0,872.0,872.0,0.0,1004.0,7650.0,0.0,0.0,WT1000,North
2025-11-25,7650.0,950.0,950.0,0.0,6700.0,6700.0,7024.0,6646.0,WT1000,North
2025-11-26,6700.0,934.0,934.0,0.0,5766.0,12790.0,0.0,0.0,WT1000,North
2025-11-27,5766.0,1193.0,1193.0,0.0,4573.0,11597.0,0.0,0.0,WT1000,North
2025-11-28,4573.0,837.0,837.0,0.0,3736.0,10760.0,0.0,0.0,WT1000,North
2025-11-29,3736.0,1217.0,1217.0,0.0,2519.0,9543.0,0.0,0.0,WT1000,North
2025-11-30,2519.0,1009.0,1009.0,0.0,1510.0,8534.0,0.0,0.0,WT1000,North
2025-12-01,1510.0,892.0,892.0,0.0,618.0,7642.0,0.0,0.0,WT1000,North
2025-12-02,7642.0,882.0,882.0,0.0,6760.0,6760.0,6964.0,7024.0,WT1000,North
2025-12-03,6760.0,1028.0,1028.0,0.0,5732.0,12696.0,0.0,0.0,WT1000,North
2025-12-04,5732.0,1083.0,1083.0,0.0,4649.0,11613.0,0.0,0.0,WT1000,North
2025-12-05,4649.0,812.0,812.0,0.0,3837.0,10801.0,0.0,0.0,WT1000,North
2025-12-06,3837.0,992.0,992.0,0.0,2845.0,9809.0,0.0,0.0,WT1000,North
2025-12-07,2845.0,1110.0,1110.0,0.0,1735.0,8699.0,0.0,0.0,WT1000,North
2025-12-08,1735.0,933.0,933.0,0.0,802.0,7766.0,0.0,0.0,WT1000,North
2025-12-09,7766.0,952.0,952.0,0.0,6814.0,6814.0,6910.0,6964.0,WT1000,North
2025-12-10,6814.0,824.0,824.0,0.0,5990.0,12900.0,0.0,0.0,WT1000,North
2025-12-11,5990.0,828.0,828.0,0.0,5162.0,12072.0,0.0,0.0,WT1000,North
2025-12-12,5162.0,782.0,782.0,0.0,4380.0,11290.0,0.0,0.0,WT1000,North
2025-12-13,4380.0,899.0,899.0,0.0,3481.0,10391.0,0.0,0.0,WT1000,North
2025-12-14,3481.0,1009.0,1009.0,0.0,2472.0,9382.0,0.0,0.0,WT1000,North
2025-12-15,2472.0,983.0,983.0,0.0,1489.0,8399.0,0.0,0.0,WT1000,North
2025-12-16,8399.0,927.0,927.0,0.0,7472.0,7472.0,0.0,6910.0,WT1000,North
2025-12-17,7472.0,799.0,799.0,0.0,6673.0,6673.0,7051.0,0.0,WT1000,North
2025-12-18,6673.0,988.0,988.0,0.0,5685.0,12736.0,0.0,0.0,WT1000,North
2025-12-19,5685.0,764.0,764.0,0.0,4921.0,11972.0,0.0,0.0,WT1000,North
2025-12-20,4921.0,1127.0,1127.0,0.0,3794.0,10845.0,0.0,0.0,WT1000,North
2025-12-21,3794.0,1077.0,1077.0,0.0,2717.0,9768.0,0.0,0.0,WT1000,North
2025-12-22,2717.0,837.0,837.0,0.0,1880.0,8931.0,0.0,0.0,WT1000,North
2025-12-23,1880.0,838.0,838.0,0.0,1042.0,8093.0,0.0,0.0,WT1000,North
2025-12-24,8093.0,1012.0,1012.0,0.0,7081.0,7081.0,0.0,7051.0,WT1000,North
2025-12-25,7081.0,1120.0,1120.0,0.0,5961.0,5961.0,7763.0,0.0,WT1000,North
2025-12-26,5961.0,1051.0,1051.0,0.0,4910.0,12673.0,0.0,0.0,WT1000,North
2025-12-27,4910.0,1010.0,1010.0,0.0,3900.0,11663.0,0.0,0.0,WT1000,North
2025-12-28,3900.0,1072.0,1072.0,0.0,2828.0,10591.0,0.0,0.0,WT1000,North
2025-12-29,2828.0,890.0,890.0,0.0,1938.0,9701.0,0.0,0.0,WT1000,North
2025-12-30,1938.0,1160.0,1160.0,0.0,778.0,8541.0,0.0,0.0,WT1000,North
2025-12-31,778.0,732.0,732.0,0.0,46.0,7809.0,0.0,0.0,WT1000,North
2025-07-01,17893.0,978.0,978.0,0.0,16915.0,16915.0,0.0,0.0,WT1000,South
2025-07-02,16915.0,1112.0,1112.0,0.0,15803.0,15803.0,0.0,0.0,WT1000,South
2025-07-03,15803.0,1032.0,1032.0,0.0,14771.0,14771.0,0.0,0.0,WT1000,South
2025-07-04,14771.0,1019.0,1019.0,0.0,13752.0,13752.0,0.0,0.0,WT1000,South
2025-07-05,13752.0,1401.0,1401.0,0.0,12351.0,12351.0,0.0,0.0,WT1000,South
2025-07-06,12351.0,1333.0,1333.0,0.0,11018.0,11018.0,0.0,0.0,WT1000,South
2025-07-07,11018.0,1201.0,1201.0,0.0,9817.0,9817.0,8076.0,0.0,WT1000,South
2025-07-08,9817.0,1134.0,1134.0,0.0,8683.0,16759.0,0.0,0.0,WT1000,South
2025-07-09,8683.0,936.0,936.0,0.0,7747.0,15823.0,0.0,0.0,WT1000,South
2025-07-10,7747.0,1007.0,1007.0,0.0,6740.0,14816.0,0.0,0.0,WT1000,South
2025-07-11,6740.0,1253.0,1253.0,0.0,5487.0,13563.0,0.0,0.0,WT1000,South
2025-07-12,5487.0,1358.0,1358.0,0.0,4129.0,12205.0,0.0,0.0,WT1000,South
2025-07-13,4129.0,1304.0,1304.0,0.0,2825.0,10901.0,0.0,0.0,WT1000,South
2025-07-14,2825.0,986.0,986.0,0.0,1839.0,9915.0,7978.0,0.0,WT1000,South
2025-07-15,1839.0,1144.0,1144.0,0.0,695.0,16749.0,0.0,0.0,WT1000,South
2025-07-16,695.0,1095.0,695.0,400.0,0.0,16054.0,0.0,0.0,WT1000,South
2025-07-17,8076.0,1136.0,1136.0,0.0,6940.0,14918.0,0.0,8076.0,WT1000,South
2025-07-18,6940.0,1302.0,1302.0,0.0,5638.0,13616.0,0.0,0.0,WT1000,South
2025-07-19,5638.0,1339.0,1339.0,0.0,4299.0,12277.0,0.0,0.0,WT1000,South
2025-07-20,4299.0,1063.0,1063.0,0.0,3236.0,11214.0,0.0,0.0,WT1000,South
2025-07-21,3236.0,1087.0,1087.0,0.0,2149.0,10127.0,7766.0,0.0,WT1000,South
2025-07-22,2149.0,1284.0,1284.0,0.0,865.0,16609.0,0.0,0.0,WT1000,South
2025-07-23,865.0,1071.0,865.0,206.0,0.0,15744.0,0.0,0.0,WT1000,South
2025-07-24,7978.0,1041.0,1041.0,0.0,6937.0,14703.0,0.0,7978.0,WT1000,South
2025-07-25,6937.0,1161.0,1161.0,0.0,5776.0,13542.0,0.0,0.0,WT1000,South
2025-07-26,5776.0,1537.0,1537.0,0.0,4239.0,12005.0,0.0,0.0,WT1000,South
2025-07-27,4239.0,1519.0,1519.0,0.0,2720.0,10486.0,7407.0,0.0,WT1000,South
2025-07-28,2720.0,1177.0,1177.0,0.0,1543.0,16716.0,0.0,0.0,WT1000,South
2025-07-29,1543.0,1205.0,1205.0,0.0,338.0,15511.0,0.0,0.0,WT1000,South
2025-07-30,338.0,1118.0,338.0,780.0,0.0,15173.0,0.0,0.0,WT1000,South
2025-07-31,7766.0,1137.0,1137.0,0.0,6629.0,14036.0,0.0,7766.0,WT1000,South
2025-08-01,6629.0,865.0,865.0,0.0,5764.0,13171.0,0.0,0.0,WT1000,South
2025-08-02,5764.0,1047.0,1047.0,0.0,4717.0,12124.0,0.0,0.0,WT1000,South
2025-08-03,4717.0,1111.0,1111.0,0.0,3606.0,11013.0,0.0,0.0,WT1000,South
2025-08-04,3606.0,978.0,978.0,0.0,2628.0,10035.0,7858.0,0.0,WT1000,South
2025-08-05,2628.0,892.0,892.0,0.0,1736.0,17001.0,0.0,0.0,WT1000,South
2025-08-06,9143.0,1231.0,1231.0,0.0,7912.0,15770.0,0.0,7407.0,WT1000,South
2025-08-07,7912.0,871.0,871.0,0.0,7041.0,14899.0,0.0,0.0,WT1000,South
2025-08-08,7041.0,908.0,908.0,0.0,6133.0,13991.0,0.0,0.0,WT1000,South
2025-08-09,6133.0,1079.0,1079.0,0.0,5054.0,12912.0,0.0,0.0,WT1000,South
2025-08-10,5054.0,1165.0,1165.0,0.0,3889.0,11747.0,0.0,0.0,WT1000,South
2025-08-11,3889.0,867.0,867.0,0.0,3022.0,10880.0,0.0,0.0,WT1000,South
2025-08-12,3022.0,1041.0,1041.0,0.0,1981.0,9839.0,8054.0,0.0,WT1000,South
2025-08-13,1981.0,1533.0,1533.0,0.0,448.0,16360.0,0.0,0.0,WT1000,South
2025-08-14,8306.0,986.0,986.0,0.0,7320.0,15374.0,0.0,7858.0,WT1000,South
2025-08-15,7320.0,1306.0,1306.0,0.0,6014.0,14068.0,0.0,0.0,WT1000,South
2025-08-16,6014.0,1237.0,1237.0,0.0,4777.0,12831.0,0.0,0.0,WT1000,South
2025-08-17,4777.0,959.0,959.0,0.0,3818.0,11872.0,0.0,0.0,WT1000,South
2025-08-18,3818.0,894.0,894.0,0.0,2924.0,10978.0,0.0,0.0,WT1000,South
2025-08-19,2924.0,830.0,830.0,0.0,2094.0,10148.0,7745.0,0.0,WT1000,South
2025-08-20,2094.0,1003.0,1003.0,0.0,1091.0,16890.0,0.0,0.0,WT1000,South
2025-08-21,1091.0,1014.0,1014.0,0.0,77.0,15876.0,0.0,0.0,WT1000,South
2025-08-22,8131.0,1081.0,1081.0,0.0,7050.0,14795.0,0.0,8054.0,WT1000,South
2025-08-23,7050.0,1088.0,1088.0,0.0,5962.0,13707.0,0.0,0.0,WT1000,South
2025-08-24,5962.0,1196.0,1196.0,0.0,4766.0,12511.0,0.0,0.0,WT1000,South
2025-08-25,4766.0,1203.0,1203.0,0.0,3563.0,11308.0,0.0,0.0,WT1000,South
2025-08-26,3563.0,1235.0,1235.0,0.0,2328.0,10073.0,7820.0,0.0,WT1000,South
2025-08-27,2328.0,1060.0,1060.0,0.0,1268.0,16833.0,0.0,0.0,WT1000,South
2025-08-28,1268.0,1186.0,1186.0,0.0,82.0,15647.0,0.0,0.0,WT1000,South
2025-08-29,7827.0,1017.0,1017.0,0.0,6810.0,14630.0,0.0,7745.0,WT1000,South
2025-08-30,6810.0,1232.0,1232.0,0.0,5578.0,13398.0,0.0,0.0,WT1000,South
2025-08-31,5578.0,999.0,999.0,0.0,4579.0,12399.0,0.0,0.0,WT1000,South
2025-09-01,4579.0,1035.0,1035.0,0.0,3544.0,11364.0,0.0,0.0,WT1000,South
2025-09-02,3544.0,962.0,962.0,0.0,2582.0,10402.0,7491.0,0.0,WT1000,South
2025-09-03,2582.0,775.0,775.0,0.0,1807.0,17118.0,0.0,0.0,WT1000,South
2025-09-04,1807.0,1022.0,1022.0,0.0,785.0,16096.0,0.0,0.0,WT1000,South
2025-09-05,8605.0,1126.0,1126.0,0.0,7479.0,14970.0,0.0,7820.0,WT1000,South
2025-09-06,7479.0,1037.0,1037.0,0.0,6442.0,13933.0,0.0,0.0,WT1000,South
2025-09-07,6442.0,1340.0,1340.0,0.0,5102.0,12593.0,0.0,0.0,WT1000,South
2025-09-08,5102.0,918.0,918.0,0.0,4184.0,11675.0,0.0,0.0,WT1000,South
2025-09-09,4184.0,996.0,996.0,0.0,3188.0,10679.0,7214.0,0.0,WT1000,South
2025-09-10,3188.0,1034.0,1034.0,0.0,2154.0,16859.0,0.0,0.0,WT1000,South
2025-09-11,2154.0,1249.0,1249.0,0.0,905.0,15610.0,0.0,0.0,WT1000,South
2025-09-12,8396.0,946.0,946.0,0.0,7450.0,14664.0,0.0,7491.0,WT1000,South
2025-09-13,7450.0,1080.0,1080.0,0.0,6370.0,13584.0,0.0,0.0,WT1000,South
2025-09-14,6370.0,1092.0,1092.0,0.0,5278.0,12492.0,0.0,0.0,WT1000,South
2025-09-15,5278.0,1054.0,1054.0,0.0,4224.0,11438.0,0.0,0.0,WT1000,South
2025-09-16,4224.0,1022.0,1022.0,0.0,3202.0,10416.0,7477.0,0.0,WT1000,South
2025-09-17,3202.0,1004.0,1004.0,0.0,2198.0,16889.0,0.0,0.0,WT1000,South
2025-09-18,2198.0,943.0,943.0,0.0,1255.0,15946.0,0.0,0.0,WT1000,South
2025-09-19,8469.0,1088.0,1088.0,0.0,7381.0,14858.0,0.0,7214.0,WT1000,South
2025-09-20,7381.0,1318.0,1318.0,0.0,6063.0,13540.0,0.0,0.0,WT1000,South
2025-09-21,6063.0,1298.0,1298.0,0.0,4765.0,12242.0,0.0,0.0,WT1000,South
2025-09-22,4765.0,1052.0,1052.0,0.0,3713.0,11190.0,0.0,0.0,WT1000,South
2025-09-23,3713.0,984.0,984.0,0.0,2729.0,10206.0,7687.0,0.0,WT1000,South
2025-09-24,2729.0,1007.0,1007.0,0.0,1722.0,16886.0,0.0,0.0,WT1000,South
2025-09-25,1722.0,795.0,795.0,0.0,927.0,16091.0,0.0,0.0,WT1000,South
2025-09-26,8404.0,1014.0,1014.0,0.0,7390.0,15077.0,0.0,7477.0,WT1000,South
2025-09-27,7390.0,1292.0,1292.0,0.0,6098.0,13785.0,0.0,0.0,WT1000,South
2025-09-28,6098.0,1197.0,1197.0,0.0,4901.0,12588.0,0.0,0.0,WT1000,South
2025-09-29,4901.0,975.0,975.0,0.0,3926.0,11613.0,0.0,0.0,WT1000,South
2025-09-30,3926.0,1084.0,1084.0,0.0,2842.0,10529.0,7364.0,0.0,WT1000,South
2025-10-01,2842.0,1027.0,1027.0,0.0,1815.0,16866.0,0.0,0.0,WT1000,South
2025-10-02,1815.0,1029.0,1029.0,0.0,786.0,15837.0,0.0,0.0,WT1000,South
2025-10-03,8473.0,934.0,934.0,0.0,7539.0,14903.0,0.0,7687.0,WT1000,South
2025-10-04,7539.0,1199.0,1199.0,0.0,6340.0,13704.0,0.0,0.0,WT1000,South
2025-10-05,6340.0,977.0,977.0,0.0,5363.0,12727.0,0.0,0.0,WT1000,South
2025-10-06,5363.0,975.0,975.0,0.0,4388.0,11752.0,0.0,0.0,WT1000,South
2025-10-07,4388.0,1033.0,1033.0,0.0,3355.0,10719.0,7174.0,0.0,WT1000,South
2025-10-08,3355.0,1344.0,1344.0,0.0,2011.0,16549.0,0.0,0.0,WT1000,South
2025-10-09,2011.0,934.0,934.0,0.0,1077.0,15615.0,0.0,0.0,WT1000,South
2025-10-10,8441.0,991.0,991.0,0.0,7450.0,14624.0,0.0,7364.0,WT1000,South
2025-10-11,7450.0,1198.0,1198.0,0.0,6252.0,13426.0,0.0,0.0,WT1000,South
2025-10-12,6252.0,1106.0,1106.0,0.0,5146.0,12320.0,0.0,0.0,WT1000,South
2025-10-13,5146.0,945.0,945.0,0.0,4201.0,11375.0,0.0,0.0,WT1000,South
2025-10-14,4201.0,993.0,993.0,0.0,3208.0,10382.0,7511.0,0.0,WT1000,South
2025-10-15,3208.0,1047.0,1047.0,0.0,2161.0,16846.0,0.0,0.0,WT1000,South
2025-10-16,2161.0,978.0,978.0,0.0,1183.0,15868.0,0.0,0.0,WT1000,South
2025-10-17,8357.0,766.0,766.0,0.0,7591.0,15102.0,0.0,7174.0,WT1000,South
2025-10-18,7591.0,1361.0,1361.0,0.0,6230.0,13741.0,0.0,0.0,WT1000,South
2025-10-19,6230.0,1180.0,1180.0,0.0,5050.0,12561.0,0.0,0.0,WT1000,South
2025-10-20,5050.0,925.0,925.0,0.0,4125.0,11636.0,0.0,0.0,WT1000,South
2025-10-21,4125.0,1010.0,1010.0,0.0,3115.0,10626.0,7267.0,0.0,WT1000,South
2025-10-22,3115.0,977.0,977.0,0.0,2138.0,16916.0,0.0,0.0,WT1000,South
2025-10-23,2138.0,1010.0,1010.0,0.0,1128.0,15906.0,0.0,0.0,WT1000,South
2025-10-24,8639.0,925.0,925.0,0.0,7714.0,14981.0,0.0,7511.0,WT1000,South
2025-10-25,7714.0,1039.0,1039.0,0.0,6675.0,13942.0,0.0,0.0,WT1000,South
2025-10-26,6675.0,1149.0,1149.0,0.0,5526.0,12793.0,0.0,0.0,WT1000,South
2025-10-27,5526.0,1034.0,1034.0,0.0,4492.0,11759.0,0.0,0.0,WT1000,South
2025-10-28,4492.0,1178.0,1178.0,0.0,3314.0,10581.0,7312.0,0.0,WT1000,South
2025-10-29,3314.0,994.0,994.0,0.0,2320.0,16899.0,0.0,0.0,WT1000,South
2025-10-30,2320.0,1017.0,1017.0,0.0,1303.0,15882.0,0.0,0.0,WT1000,South
2025-10-31,8570.0,1037.0,1037.0,0.0,7533.0,14845.0,0.0,7267.0,WT1000,South
2025-11-01,7533.0,1128.0,1128.0,0.0,6405.0,13717.0,0.0,0.0,WT1000,South
2025-11-02,6405.0,1102.0,1102.0,0.0,5303.0,12615.0,0.0,0.0,WT1000,South
2025-11-03,5303.0,1098.0,1098.0,0.0,4205.0,11517.0,0.0,0.0,WT1000,South
2025-11-04,4205.0,1121.0,1121.0,0.0,3084.0,10396.0,7497.0,0.0,WT1000,South
2025-11-05,3084.0,1014.0,1014.0,0.0,2070.0,16879.0,0.0,0.0,WT1000,South
2025-11-06,2070.0,929.0,929.0,0.0,1141.0,15950.0,0.0,0.0,WT1000,South
2025-11-07,8453.0,1033.0,1033.0,0.0,7420.0,14917.0,0.0,7312.0,WT1000,South
2025-11-08,7420.0,1215.0,1215.0,0.0,6205.0,13702.0,0.0,0.0,WT1000,South
2025-11-09,6205.0,1093.0,1093.0,0.0,5112.0,12609.0,0.0,0.0,WT1000,South
2025-11-10,5112.0,944.0,944.0,0.0,4168.0,11665.0,0.0,0.0,WT1000,South
2025-11-11,4168.0,970.0,970.0,0.0,3198.0,10695.0,7198.0,0.0,WT1000,South
2025-11-12,3198.0,869.0,869.0,0.0,2329.0,17024.0,0.0,0.0,WT1000,South
2025-11-13,2329.0,1033.0,1033.0,0.0,1296.0,15991.0,0.0,0.0,WT1000,South
2025-11-14,8793.0,1072.0,1072.0,0.0,7721.0,14919.0,0.0,7497.0,WT1000,South
2025-11-15,7721.0,1110.0,1110.0,0.0,6611.0,13809.0,0.0,0.0,WT1000,South
2025-11-16,6611.0,1089.0,1089.0,0.0,5522.0,12720.0,0.0,0.0,WT1000,South
2025-11-17,5522.0,1384.0,1384.0,0.0,4138.0,11336.0,0.0,0.0,WT1000,South
2025-11-18,4138.0,1442.0,1442.0,0.0,2696.0,9894.0,7999.0,0.0,WT1000,South
2025-11-19,2696.0,1141.0,1141.0,0.0,1555.0,16752.0,0.0,0.0,WT1000,South
2025-11-20,1555.0,753.0,753.0,0.0,802.0,15999.0,0.0,0.0,WT1000,South
2025-11-21,8000.0,1039.0,1039.0,0.0,6961.0,14960.0,0.0,7198.0,WT1000,South
2025-11-22,6961.0,1098.0,1098.0,0.0,5863.0,13862.0,0.0,0.0,WT1000,South
2025-11-23,5863.0,1186.0,1186.0,0.0,4677.0,12676.0,0.0,0.0,WT1000,South
2025-11-24,4677.0,988.0,988.0,0.0,3689.0,11688.0,0.0,0.0,WT1000,South
2025-11-25,3689.0,962.0,962.0,0.0,2727.0,10726.0,7167.0,0.0,WT1000,South
2025-11-26,2727.0,1097.0,1097.0,0.0,1630.0,16796.0,0.0,0.0,WT1000,South
2025-11-27,1630.0,886.0,886.0,0.0,744.0,15910.0,0.0,0.0,WT1000,South
2025-11-28,8743.0,920.0,920.0,0.0,7823.0,14990.0,0.0,7999.0,WT1000,South
2025-11-29,7823.0,1145.0,1145.0,0.0,6678.0,13845.0,0.0,0.0,WT1000,South
2025-11-30,6678.0,1196.0,1196.0,0.0,5482.0,12649.0,0.0,0.0,WT1000,South
2025-12-01,5482.0,1068.0,1068.0,0.0,4414.0,11581.0,0.0,0.0,WT1000,South
2025-12-02,4414.0,976.0,976.0,0.0,3438.0,10605.0,7288.0,0.0,WT1000,South
2025-12-03,3438.0,990.0,990.0,0.0,2448.0,16903.0,0.0,0.0,WT1000,South
2025-12-04,2448.0,905.0,905.0,0.0,1543.0,15998.0,0.0,0.0,WT1000,South
2025-12-05,8710.0,1135.0,1135.0,0.0,7575.0,14863.0,0.0,7167.0,WT1000,South
2025-12-06,7575.0,1083.0,1083.0,0.0,6492.0,13780.0,0.0,0.0,WT1000,South
2025-12-07,6492.0,1204.0,1204.0,0.0,5288.0,12576.0,0.0,0.0,WT1000,South
2025-12-08,5288.0,1353.0,1353.0,0.0,3935.0,11223.0,0.0,0.0,WT1000,South
2025-12-09,3935.0,1000.0,1000.0,0.0,2935.0,10223.0,7670.0,0.0,WT1000,South
2025-12-10,2935.0,940.0,940.0,0.0,1995.0,16953.0,0.0,0.0,WT1000,South
2025-12-11,1995.0,1120.0,1120.0,0.0,875.0,15833.0,0.0,0.0,WT1000,South
2025-12-12,8163.0,997.0,997.0,0.0,7166.0,14836.0,0.0,7288.0,WT1000,South
2025-12-13,7166.0,1079.0,1079.0,0.0,6087.0,13757.0,0.0,0.0,WT1000,South
2025-12-14,6087.0,1228.0,1228.0,0.0,4859.0,12529.0,0.0,0.0,WT1000,South
2025-12-15,4859.0,1047.0,1047.0,0.0,3812.0,11482.0,0.0,0.0,WT1000,South
2025-12-16,3812.0,1023.0,1023.0,0.0,2789.0,10459.0,7434.0,0.0,WT1000,South
2025-12-17,2789.0,1113.0,1113.0,0.0,1676.0,16780.0,0.0,0.0,WT1000,South
2025-12-18,1676.0,1055.0,1055.0,0.0,621.0,15725.0,0.0,0.0,WT1000,South
2025-12-19,8291.0,952.0,952.0,0.0,7339.0,14773.0,0.0,7670.0,WT1000,South
2025-12-20,7339.0,1148.0,1148.0,0.0,6191.0,13625.0,0.0,0.0,WT1000,South
2025-12-21,6191.0,1397.0,1397.0,0.0,4794.0,12228.0,0.0,0.0,WT1000,South
2025-12-22,4794.0,896.0,896.0,0.0,3898.0,11332.0,0.0,0.0,WT1000,South
2025-12-23,3898.0,936.0,936.0,0.0,2962.0,10396.0,7497.0,0.0,WT1000,South
2025-12-24,2962.0,1161.0,1161.0,0.0,1801.0,16732.0,0.0,0.0,WT1000,South
2025-12-25,1801.0,1158.0,1158.0,0.0,643.0,15574.0,0.0,0.0,WT1000,South
2025-12-26,8077.0,964.0,964.0,0.0,7113.0,14610.0,0.0,7434.0,WT1000,South
2025-12-27,7113.0,1144.0,1144.0,0.0,5969.0,13466.0,0.0,0.0,WT1000,South
2025-12-28,5969.0,1079.0,1079.0,0.0,4890.0,12387.0,0.0,0.0,WT1000,South
2025-12-29,4890.0,999.0,999.0,0.0,3891.0,11388.0,0.0,0.0,WT1000,South
2025-12-30,3891.0,1106.0,1106.0,0.0,2785.0,10282.0,7611.0,0.0,WT1000,South
2025-12-31,2785.0,1179.0,1179.0,0.0,1606.0,16714.0,0.0,0.0,WT1000,South
2025-07-01,17523.0,1172.0,1172.0,0.0,16351.0,16351.0,0.0,0.0,WT1000,West
2025-07-02,16351.0,1189.0,1189.0,0.0,15162.0,15162.0,0.0,0.0,WT1000,West
2025-07-03,15162.0,1281.0,1281.0,0.0,13881.0,13881.0,0.0,0.0,WT1000,West
2025-07-04,13881.0,841.0,841.0,0.0,13040.0,13040.0,0.0,0.0,WT1000,West
2025-07-05,13040.0,1578.0,1578.0,0.0,11462.0,11462.0,0.0,0.0,WT1000,West
2025-07-06,11462.0,1206.0,1206.0,0.0,10256.0,10256.0,0.0,0.0,WT1000,West
2025-07-07,10256.0,1345.0,1345.0,0.0,8911.0,8911.0,8612.0,0.0,WT1000,West
2025-07-08,8911.0,1097.0,1097.0,0.0,7814.0,16426.0,0.0,0.0,WT1000,West
2025-07-09,7814.0,1194.0,1194.0,0.0,6620.0,15232.0,0.0,0.0,WT1000,West
2025-07-10,6620.0,1237.0,1237.0,0.0,5383.0,13995.0,0.0,0.0,WT1000,West
2025-07-11,5383.0,1212.0,1212.0,0.0,4171.0,12783.0,0.0,0.0,WT1000,West
2025-07-12,4171.0,1250.0,1250.0,0.0,2921.0,11533.0,0.0,0.0,WT1000,West
2025-07-13,2921.0,1385.0,1385.0,0.0,1536.0,10148.0,7375.0,0.0,WT1000,West
2025-07-14,1536.0,1299.0,1299.0,0.0,237.0,16224.0,0.0,0.0,WT1000,West
2025-07-15,237.0,1082.0,237.0,845.0,0.0,15987.0,0.0,0.0,WT1000,West
2025-07-16,8612.0,1247.0,1247.0,0.0,7365.0,14740.0,0.0,8612.0,WT1000,West
2025-07-17,7365.0,1141.0,1141.0,0.0,6224.0,13599.0,0.0,0.0,WT1000,West
2025-07-18,6224.0,1008.0,1008.0,0.0,5216.0,12591.0,0.0,0.0,WT1000,West
2025-07-19,5216.0,1436.0,1436.0,0.0,3780.0,11155.0,0.0,0.0,WT1000,West
2025-07-20,3780.0,1180.0,1180.0,0.0,2600.0,9975.0,7548.0,0.0,WT1000,West
2025-07-21,2600.0,1060.0,1060.0,0.0,1540.0,16463.0,0.0,0.0,WT1000,West
2025-07-22,8915.0,1209.0,1209.0,0.0,7706.0,15254.0,0.0,7375.0,WT1000,West
2025-07-23,7706.0,1297.0,1297.0,0.0,6409.0,13957.0,0.0,0.0,WT1000,West
2025-07-24,6409.0,979.0,979.0,0.0,5430.0,12978.0,0.0,0.0,WT1000,West
2025-07-25,5430.0,1209.0,1209.0,0.0,4221.0,11769.0,0.0,0.0,WT1000,West
2025-07-26,4221.0,1275.0,1275.0,0.0,2946.0,10494.0,0.0,0.0,WT1000,West
2025-07-27,2946.0,1400.0,1400.0,0.0,1546.0,9094.0,8429.0,0.0,WT1000,West
2025-07-28,1546.0,1261.0,1261.0,0.0,285.0,16262.0,0.0,0.0,WT1000,West
2025-07-29,7833.0,961.0,961.0,0.0,6872.0,15301.0,0.0,7548.0,WT1000,West
2025-07-30,6872.0,1115.0,1115.0,0.0,5757.0,14186.0,0.0,0.0,WT1000,West
2025-07-31,5757.0,1334.0,1334.0,0.0,4423.0,12852.0,0.0,0.0,WT1000,West
2025-08-01,4423.0,1012.0,1012.0,0.0,3411.0,11840.0,0.0,0.0,WT1000,West
2025-08-02,3411.0,1288.0,1288.0,0.0,2123.0,10552.0,0.0,0.0,WT1000,West
2025-08-03,2123.0,1151.0,1151.0,0.0,972.0,9401.0,8122.0,0.0,WT1000,West
2025-08-04,972.0,1221.0,972.0,249.0,0.0,16551.0,0.0,0.0,WT1000,West
2025-08-05,8429.0,927.0,927.0,0.0,7502.0,15624.0,0.0,8429.0,WT1000,West
2025-08-06,7502.0,904.0,904.0,0.0,6598.0,14720.0,0.0,0.0,WT1000,West
2025-08-07,6598.0,1060.0,1060.0,0.0,5538.0,13660.0,0.0,0.0,WT1000,West
2025-08-08,5538.0,1343.0,1343.0,0.0,4195.0,12317.0,0.0,0.0,WT1000,West
2025-08-09,4195.0,1121.0,1121.0,0.0,3074.0,11196.0,0.0,0.0,WT1000,West
2025-08-10,3074.0,1044.0,1044.0,0.0,2030.0,10152.0,7371.0,0.0,WT1000,West
2025-08-11,2030.0,820.0,820.0,0.0,1210.0,16703.0,0.0,0.0,WT1000,West
2025-08-12,9332.0,1001.0,1001.0,0.0,8331.0,15702.0,0.0,8122.0,WT1000,West
2025-08-13,8331.0,1106.0,1106.0,0.0,7225.0,14596.0,0.0,0.0,WT1000,West
2025-08-14,7225.0,1157.0,1157.0,0.0,6068.0,13439.0,0.0,0.0,WT1000,West
2025-08-15,6068.0,1131.0,1131.0,0.0,4937.0,12308.0,0.0,0.0,WT1000,West
2025-08-16,4937.0,1312.0,1312.0,0.0,3625.0,10996.0,0.0,0.0,WT1000,West
2025-08-17,3625.0,1200.0,1200.0,0.0,2425.0,9796.0,7727.0,0.0,WT1000,West
2025-08-18,2425.0,1170.0,1170.0,0.0,1255.0,16353.0,0.0,0.0,WT1000,West
2025-08-19,8626.0,1098.0,1098.0,0.0,7528.0,15255.0,0.0,7371.0,WT1000,West
2025-08-20,7528.0,863.0,863.0,0.0,6665.0,14392.0,0.0,0.0,WT1000,West
2025-08-21,6665.0,1331.0,1331.0,0.0,5334.0,13061.0,0.0,0.0,WT1000,West
2025-08-22,5334.0,879.0,879.0,0.0,4455.0,12182.0,0.0,0.0,WT1000,West
2025-08-23,4455.0,1345.0,1345.0,0.0,3110.0,10837.0,0.0,0.0,WT1000,West
2025-08-24,3110.0,1091.0,1091.0,0.0,2019.0,9746.0,7777.0,0.0,WT1000,West
2025-08-25,2019.0,998.0,998.0,0.0,1021.0,16525.0,0.0,0.0,WT1000,West
2025-08-26,8748.0,1019.0,1019.0,0.0,7729.0,15506.0,0.0,7727.0,WT1000,West
2025-08-27,7729.0,1099.0,1099.0,0.0,6630.0,14407.0,0.0,0.0,WT1000,West
2025-08-28,6630.0,1232.0,1232.0,0.0,5398.0,13175.0,0.0,0.0,WT1000,West
2025-08-29,5398.0,1083.0,1083.0,0.0,4315.0,12092.0,0.0,0.0,WT1000,West
2025-08-30,4315.0,1533.0,1533.0,0.0,2782.0,10559.0,0.0,0.0,WT1000,West
2025-08-31,2782.0,1156.0,1156.0,0.0,1626.0,9403.0,8120.0,0.0,WT1000,West
2025-09-01,1626.0,923.0,923.0,0.0,703.0,16600.0,0.0,0.0,WT1000,West
2025-09-02,8480.0,883.0,883.0,0.0,7597.0,15717.0,0.0,7777.0,WT1000,West
2025-09-03,7597.0,909.0,909.0,0.0,6688.0,14808.0,0.0,0.0,WT1000,West
2025-09-04,6688.0,1085.0,1085.0,0.0,5603.0,13723.0,0.0,0.0,WT1000,West
2025-09-05,5603.0,1086.0,1086.0,0.0,4517.0,12637.0,0.0,0.0,WT1000,West
2025-09-06,4517.0,1367.0,1367.0,0.0,3150.0,11270.0,0.0,0.0,WT1000,West
2025-09-07,3150.0,1139.0,1139.0,0.0,2011.0,10131.0,7392.0,0.0,WT1000,West
2025-09-08,2011.0,924.0,924.0,0.0,1087.0,16599.0,0.0,0.0,WT1000,West
2025-09-09,9207.0,1013.0,1013.0,0.0,8194.0,15586.0,0.0,8120.0,WT1000,West
2025-09-10,8194.0,1141.0,1141.0,0.0,7053.0,14445.0,0.0,0.0,WT1000,West
2025-09-11,7053.0,1026.0,1026.0,0.0,6027.0,13419.0,0.0,0.0,WT1000,West
2025-09-12,6027.0,1102.0,1102.0,0.0,4925.0,12317.0,0.0,0.0,WT1000,West
2025-09-13,4925.0,1194.0,1194.0,0.0,3731.0,11123.0,0.0,0.0,WT1000,West
2025-09-14,3731.0,1147.0,1147.0,0.0,2584.0,9976.0,7547.0,0.0,WT1000,West
2025-09-15,2584.0,1044.0,1044.0,0.0,1540.0,16479.0,0.0,0.0,WT1000,West
2025-09-16,8932.0,875.0,875.0,0.0,8057.0,15604.0,0.0,7392.0,WT1000,West
2025-09-17,8057.0,953.0,953.0,0.0,7104.0,14651.0,0.0,0.0,WT1000,West
2025-09-18,7104.0,900.0,900.0,0.0,6204.0,13751.0,0.0,0.0,WT1000,West
2025-09-19,6204.0,955.0,955.0,0.0,5249.0,12796.0,0.0,0.0,WT1000,West
2025-09-20,5249.0,1041.0,1041.0,0.0,4208.0,11755.0,0.0,0.0,WT1000,West
2025-09-21,4208.0,1268.0,1268.0,0.0,2940.0,10487.0,0.0,0.0,WT1000,West
2025-09-22,2940.0,1019.0,1019.0,0.0,1921.0,9468.0,8055.0,0.0,WT1000,West
2025-09-23,9468.0,1365.0,1365.0,0.0,8103.0,16158.0,0.0,7547.0,WT1000,West
2025-09-24,8103.0,776.0,776.0,0.0,7327.0,15382.0,0.0,0.0,WT1000,West
2025-09-25,7327.0,1083.0,1083.0,0.0,6244.0,14299.0,0.0,0.0,WT1000,West
2025-09-26,6244.0,995.0,995.0,0.0,5249.0,13304.0,0.0,0.0,WT1000,West
2025-09-27,5249.0,1396.0,1396.0,0.0,3853.0,11908.0,0.0,0.0,WT1000,West
2025-09-28,3853.0,1435.0,1435.0,0.0,2418.0,10473.0,0.0,0.0,WT1000,West
2025-09-29,2418.0,1133.0,1133.0,0.0,1285.0,9340.0,8183.0,0.0,WT1000,West
2025-09-30,1285.0,1000.0,1000.0,0.0,285.0,16523.0,0.0,0.0,WT1000,West
2025-10-01,8340.0,1113.0,1113.0,0.0,7227.0,15410.0,0.0,8055.0,WT1000,West
2025-10-02,7227.0,1423.0,1423.0,0.0,5804.0,13987.0,0.0,0.0,WT1000,West
2025-10-03,5804.0,1095.0,1095.0,0.0,4709.0,12892.0,0.0,0.0,WT1000,West
2025-10-04,4709.0,1192.0,1192.0,0.0,3517.0,11700.0,0.0,0.0,WT1000,West
2025-10-05,3517.0,1117.0,1117.0,0.0,2400.0,10583.0,0.0,0.0,WT1000,West
2025-10-06,2400.0,977.0,977.0,0.0,1423.0,9606.0,7917.0,0.0,WT1000,West
2025-10-07,1423.0,977.0,977.0,0.0,446.0,16546.0,0.0,0.0,WT1000,West
2025-10-08,8629.0,1172.0,1172.0,0.0,7457.0,15374.0,0.0,8183.0,WT1000,West
2025-10-09,7457.0,871.0,871.0,0.0,6586.0,14503.0,0.0,0.0,WT1000,West
2025-10-10,6586.0,997.0,997.0,0.0,5589.0,13506.0,0.0,0.0,WT1000,West
2025-10-11,5589.0,1230.0,1230.0,0.0,4359.0,12276.0,0.0,0.0,WT1000,West
2025-10-12,4359.0,1463.0,1463.0,0.0,2896.0,10813.0,0.0,0.0,WT1000,West
2025-10-13,2896.0,1005.0,1005.0,0.0,1891.0,9808.0,7715.0,0.0,WT1000,West
2025-10-14,1891.0,1275.0,1275.0,0.0,616.0,16248.0,0.0,0.0,WT1000,West
2025-10-15,8533.0,1050.0,1050.0,0.0,7483.0,15198.0,0.0,7917.0,WT1000,West
2025-10-16,7483.0,1073.0,1073.0,0.0,6410.0,14125.0,0.0,0.0,WT1000,West
2025-10-17,6410.0,1298.0,1298.0,0.0,5112.0,12827.0,0.0,0.0,WT1000,West
2025-10-18,5112.0,1167.0,1167.0,0.0,3945.0,11660.0,0.0,0.0,WT1000,West
2025-10-19,3945.0,1027.0,1027.0,0.0,2918.0,10633.0,0.0,0.0,WT1000,West
2025-10-20,2918.0,1260.0,1260.0,0.0,1658.0,9373.0,8150.0,0.0,WT1000,West
2025-10-21,1658.0,1122.0,1122.0,0.0,536.0,16401.0,0.0,0.0,WT1000,West
2025-10-22,8251.0,1127.0,1127.0,0.0,7124.0,15274.0,0.0,7715.0,WT1000,West
2025-10-23,7124.0,848.0,848.0,0.0,6276.0,14426.0,0.0,0.0,WT1000,West
2025-10-24,6276.0,1094.0,1094.0,0.0,5182.0,13332.0,0.0,0.0,WT1000,West
2025-10-25,5182.0,1541.0,1541.0,0.0,3641.0,11791.0,0.0,0.0,WT1000,West
2025-10-26,3641.0,1125.0,1125.0,0.0,2516.0,10666.0,0.0,0.0,WT1000,West
2025-10-27,2516.0,1041.0,1041.0,0.0,1475.0,9625.0,7898.0,0.0,WT1000,West
2025-10-28,1475.0,1209.0,1209.0,0.0,266.0,16314.0,0.0,0.0,WT1000,West
2025-10-29,8416.0,1213.0,1213.0,0.0,7203.0,15101.0,0.0,8150.0,WT1000,West
2025-10-30,7203.0,1200.0,1200.0,0.0,6003.0,13901.0,0.0,0.0,WT1000,West
2025-10-31,6003.0,1100.0,1100.0,0.0,4903.0,12801.0,0.0,0.0,WT1000,West
2025-11-01,4903.0,1430.0,1430.0,0.0,3473.0,11371.0,0.0,0.0,WT1000,West
2025-11-02,3473.0,1004.0,1004.0,0.0,2469.0,10367.0,0.0,0.0,WT1000,West
2025-11-03,2469.0,1149.0,1149.0,0.0,1320.0,9218.0,8305.0,0.0,WT1000,West
2025-11-04,1320.0,1180.0,1180.0,0.0,140.0,16343.0,0.0,0.0,WT1000,West
2025-11-05,8038.0,1007.0,1007.0,0.0,7031.0,15336.0,0.0,7898.0,WT1000,West
2025-11-06,7031.0,1150.0,1150.0,0.0,5881.0,14186.0,0.0,0.0,WT1000,West
2025-11-07,5881.0,1132.0,1132.0,0.0,4749.0,13054.0,0.0,0.0,WT1000,West
2025-11-08,4749.0,1140.0,1140.0,0.0,3609.0,11914.0,0.0,0.0,WT1000,West
2025-11-09,3609.0,1103.0,1103.0,0.0,2506.0,10811.0,0.0,0.0,WT1000,West
2025-11-10,2506.0,1166.0,1166.0,0.0,1340.0,9645.0,7878.0,0.0,WT1000,West
2025-11-11,1340.0,964.0,964.0,0.0,376.0,16559.0,0.0,0.0,WT1000,West
2025-11-12,8681.0,960.0,960.0,0.0,7721.0,15599.0,0.0,8305.0,WT1000,West
2025-11-13,7721.0,1018.0,1018.0,0.0,6703.0,14581.0,0.0,0.0,WT1000,West
2025-11-14,6703.0,1130.0,1130.0,0.0,5573.0,13451.0,0.0,0.0,WT1000,West
2025-11-15,5573.0,1330.0,1330.0,0.0,4243.0,12121.0,0.0,0.0,WT1000,West
2025-11-16,4243.0,1364.0,1364.0,0.0,2879.0,10757.0,0.0,0.0,WT1000,West
2025-11-17,2879.0,1110.0,1110.0,0.0,1769.0,9647.0,7876.0,0.0,WT1000,West
2025-11-18,1769.0,1158.0,1158.0,0.0,611.0,16365.0,0.0,0.0,WT1000,West
2025-11-19,8489.0,1094.0,1094.0,0.0,7395.0,15271.0,0.0,7878.0,WT1000,West
2025-11-20,7395.0,1026.0,1026.0,0.0,6369.0,14245.0,0.0,0.0,WT1000,West
2025-11-21,6369.0,1011.0,1011.0,0.0,5358.0,13234.0,0.0,0.0,WT1000,West
2025-11-22,5358.0,1323.0,1323.0,0.0,4035.0,11911.0,0.0,0.0,WT1000,West
2025-11-23,4035.0,1246.0,1246.0,0.0,2789.0,10665.0,0.0,0.0,WT1000,West
2025-11-24,2789.0,1164.0,1164.0,0.0,1625.0,9501.0,8022.0,0.0,WT1000,West
2025-11-25,1625.0,1045.0,1045.0,0.0,580.0,16478.0,0.0,0.0,WT1000,West
2025-11-26,8456.0,1254.0,1254.0,0.0,7202.0,15224.0,0.0,7876.0,WT1000,West
2025-11-27,7202.0,1191.0,1191.0,0.0,6011.0,14033.0,0.0,0.0,WT1000,West
2025-11-28,6011.0,1133.0,1133.0,0.0,4878.0,12900.0,0.0,0.0,WT1000,West
2025-11-29,4878.0,1209.0,1209.0,0.0,3669.0,11691.0,0.0,0.0,WT1000,West
2025-11-30,3669.0,1160.0,1160.0,0.0,2509.0,10531.0,0.0,0.0,WT1000,West
2025-12-01,2509.0,1056.0,1056.0,0.0,1453.0,9475.0,8048.0,0.0,WT1000,West
2025-12-02,1453.0,1271.0,1271.0,0.0,182.0,16252.0,0.0,0.0,WT1000,West
2025-12-03,8204.0,1330.0,1330.0,0.0,6874.0,14922.0,0.0,8022.0,WT1000,West
2025-12-04,6874.0,1283.0,1283.0,0.0,5591.0,13639.0,0.0,0.0,WT1000,West
2025-12-05,5591.0,1171.0,1171.0,0.0,4420.0,12468.0,0.0,0.0,WT1000,West
2025-12-06,4420.0,1319.0,1319.0,0.0,3101.0,11149.0,0.0,0.0,WT1000,West
2025-12-07,3101.0,1238.0,1238.0,0.0,1863.0,9911.0,7612.0,0.0,WT1000,West
2025-12-08,1863.0,1258.0,1258.0,0.0,605.0,16265.0,0.0,0.0,WT1000,West
2025-12-09,605.0,1126.0,605.0,521.0,0.0,15660.0,0.0,0.0,WT1000,West
2025-12-10,8048.0,962.0,962.0,0.0,7086.0,14698.0,0.0,8048.0,WT1000,West
2025-12-11,7086.0,1281.0,1281.0,0.0,5805.0,13417.0,0.0,0.0,WT1000,West
2025-12-12,5805.0,1426.0,1426.0,0.0,4379.0,11991.0,0.0,0.0,WT1000,West
2025-12-13,4379.0,1340.0,1340.0,0.0,3039.0,10651.0,0.0,0.0,WT1000,West
2025-12-14,3039.0,1345.0,1345.0,0.0,1694.0,9306.0,8217.0,0.0,WT1000,West
2025-12-15,1694.0,1192.0,1192.0,0.0,502.0,16331.0,0.0,0.0,WT1000,West
2025-12-16,8114.0,1016.0,1016.0,0.0,7098.0,15315.0,0.0,7612.0,WT1000,West
2025-12-17,7098.0,1238.0,1238.0,0.0,5860.0,14077.0,0.0,0.0,WT1000,West
2025-12-18,5860.0,1156.0,1156.0,0.0,4704.0,12921.0,0.0,0.0,WT1000,West
2025-12-19,4704.0,1030.0,1030.0,0.0,3674.0,11891.0,0.0,0.0,WT1000,West
2025-12-20,3674.0,1231.0,1231.0,0.0,2443.0,10660.0,0.0,0.0,WT1000,West
2025-12-21,2443.0,1203.0,1203.0,0.0,1240.0,9457.0,8066.0,0.0,WT1000,West
2025-12-22,1240.0,1135.0,1135.0,0.0,105.0,16388.0,0.0,0.0,WT1000,West
2025-12-23,8322.0,1093.0,1093.0,0.0,7229.0,15295.0,0.0,8217.0,WT1000,West
2025-12-24,7229.0,903.0,903.0,0.0,6326.0,14392.0,0.0,0.0,WT1000,West
2025-12-25,6326.0,1229.0,1229.0,0.0,5097.0,13163.0,0.0,0.0,WT1000,West
2025-12-26,5097.0,1249.0,1249.0,0.0,3848.0,11914.0,0.0,0.0,WT1000,West
2025-12-27,3848.0,1015.0,1015.0,0.0,2833.0,10899.0,0.0,0.0,WT1000,West
2025-12-28,2833.0,1199.0,1199.0,0.0,1634.0,9700.0,7823.0,0.0,WT1000,West
2025-12-29,1634.0,1179.0,1179.0,0.0,455.0,16344.0,0.0,0.0,WT1000,West
2025-12-30,8521.0,1319.0,1319.0,0.0,7202.0,15025.0,0.0,8066.0,WT1000,West
2025-12-31,7202.0,1195.0,1195.0,0.0,6007.0,13830.0,0.0,0.0,WT1000,West
