week_start,sku,region,forecast_cases,target_inventory_cases,opening_inventory_cases,required_production_cases
2025-06-30,BB1000,Central,269.54071,655.0833333333334,524.0666666666667,400.55737666666664
2025-06-30,BB1000,East,302.87977,592.75,474.20000000000005,421.42976999999996
2025-06-30,BB1000,North,327.18033833333334,691.3333333333334,553.0666666666667,465.447005
2025-06-30,BB1000,South,339.18045416666666,900.3333333333334,720.2666666666668,519.2471208333333
2025-06-30,BB1000,West,371.7809833333333,892.5,714.0,550.2809833333333
2025-06-30,BB250,Central,150.16489416666667,371.875,297.5,224.53989416666673
2025-06-30,BB250,East,164.45878083333332,346.5833333333333,277.26666666666665,233.77544749999998
2025-06-30,BB250,North,171.71707916666665,376.3333333333333,301.06666666666666,246.98374583333333
2025-06-30,BB250,South,197.6239675,506.7916666666667,405.4333333333334,298.9823008333333
2025-06-30,BB250,West,211.24605833333334,505.125,404.1,312.2710583333334
2025-06-30,BB500,Central,223.31390416666667,526.5833333333334,421.2666666666667,328.63057083333337
2025-06-30,BB500,East,251.03673333333333,505.875,404.70000000000005,352.2117333333333
2025-06-30,BB500,North,256.82505,560.25,448.20000000000005,368.8750499999999
2025-06-30,BB500,South,267.1554154166667,718.875,575.1,410.93041541666673
2025-06-30,BB500,West,276.8766066666667,696.4583333333334,557.1666666666667,416.16827333333333
2025-06-30,EN250,Central,96.40878166666667,228.625,182.9,142.13378166666664
2025-06-30,EN250,East,103.28433958333333,206.91666666666666,165.53333333333333,144.66767291666665
2025-06-30,EN250,North,101.95322208333333,232.625,186.10000000000002,148.47822208333332
2025-06-30,EN250,South,123.64808958333333,319.375,255.5,187.52308958333333
2025-06-30,EN250,West,120.32268916666666,308.1666666666667,246.53333333333336,181.95602249999996
2025-06-30,EN500,Central,71.40559083333333,163.375,130.70000000000002,104.08059083333333
2025-06-30,EN500,East,71.15827958333334,145.875,116.7,100.33327958333335
2025-06-30,EN500,North,82.80859541666666,169.875,135.9,116.78359541666666
2025-06-30,EN500,South,84.41231125,224.04166666666666,179.23333333333335,129.2206445833333
2025-06-30,EN500,West,92.68410041666667,218.20833333333334,174.5666666666667,136.32576708333332
2025-06-30,LM250,Central,132.01700166666666,288.4166666666667,230.73333333333335,189.700335
2025-06-30,LM250,East,130.06262583333333,261.875,209.5,182.4376258333333
2025-06-30,LM250,North,126.91600666666666,296.375,237.10000000000002,186.19100666666662
2025-06-30,LM250,South,148.5020725,409.75,327.8,230.45207249999993
2025-06-30,LM250,West,150.70637291666668,396.875,317.5,230.08137291666662
2025-06-30,LM500,Central,169.49667333333335,404.125,323.3,250.3216733333333
2025-06-30,LM500,East,191.86244833333333,372.5833333333333,298.06666666666666,266.379115
2025-06-30,LM500,North,207.69914875,436.7083333333333,349.3666666666667,295.04081541666665
2025-06-30,LM500,South,219.5887275,570.125,456.1,333.6137275
2025-06-30,LM500,West,222.94114333333334,561.2083333333334,448.9666666666667,335.18281
2025-06-30,OR1000,Central,204.49646333333334,487.0833333333333,389.6666666666667,301.91312999999997
2025-06-30,OR1000,East,211.30614,449.0,359.20000000000005,301.10614
2025-06-30,OR1000,North,228.25086583333334,508.6666666666667,406.9333333333334,329.9841991666666
2025-06-30,OR1000,South,280.90435083333335,704.8333333333334,563.8666666666667,421.8710175
2025-06-30,OR1000,West,303.1623925,679.1666666666666,543.3333333333334,438.99572583333327
2025-06-30,OR500,Central,146.61324208333332,341.7916666666667,273.43333333333334,214.97157541666667
2025-06-30,OR500,East,151.0389125,316.75,253.4,214.38891250000003
2025-06-30,OR500,North,163.10590374999998,359.5,287.6,235.0059037499999
2025-06-30,OR500,South,181.76563875,481.125,384.90000000000003,277.99063874999996
2025-06-30,OR500,West,199.43582583333333,480.3333333333333,384.26666666666665,295.5024925
2025-06-30,WT1000,Central,457.97372083333335,1165.6666666666667,932.5333333333334,691.1070541666667
2025-06-30,WT1000,East,488.93634249999997,1041.3333333333333,833.0666666666666,697.2030091666666
2025-06-30,WT1000,North,504.84177166666666,1143.6666666666667,914.9333333333334,733.5751049999999
2025-06-30,WT1000,South,544.6668416666666,1491.0833333333333,1192.8666666666666,842.8835083333333
2025-06-30,WT1000,West,536.4088216666667,1460.25,1168.2,828.4588216666666
2025-07-07,BB1000,Central,322.455165,655.0833333333334,524.0666666666667,453.4718316666666
2025-07-07,BB1000,East,338.7660266666667,592.75,474.20000000000005,457.31602666666663
2025-07-07,BB1000,North,385.399675,691.3333333333334,553.0666666666667,523.6663416666667
2025-07-07,BB1000,South,394.3980425,900.3333333333334,720.2666666666668,574.4647091666667
2025-07-07,BB1000,West,419.97518583333334,892.5,714.0,598.4751858333334
2025-07-07,BB250,Central,188.44585916666665,371.875,297.5,262.82085916666665
2025-07-07,BB250,East,193.62167458333334,346.5833333333333,277.26666666666665,262.93834125
2025-07-07,BB250,North,199.50211583333333,376.3333333333333,301.06666666666666,274.7687825
2025-07-07,BB250,South,236.58373375,506.7916666666667,405.4333333333334,337.9420670833333
2025-07-07,BB250,West,225.53011666666666,505.125,404.1,326.55511666666666
2025-07-07,BB500,Central,267.23035708333333,526.5833333333334,421.2666666666667,372.54702375000005
2025-07-07,BB500,East,281.3583233333333,505.875,404.70000000000005,382.5333233333333
2025-07-07,BB500,North,290.8235625,560.25,448.20000000000005,402.87356249999993
2025-07-07,BB500,South,317.0141375,718.875,575.1,460.78913750000004
2025-07-07,BB500,West,315.05410041666664,696.4583333333334,557.1666666666667,454.34576708333327
2025-07-07,EN250,Central,110.887085,228.625,182.9,156.612085
2025-07-07,EN250,East,123.2273075,206.91666666666666,165.53333333333333,164.61064083333335
2025-07-07,EN250,North,117.7830425,232.625,186.10000000000002,164.30804249999994
2025-07-07,EN250,South,135.68699166666667,319.375,255.5,199.5619916666667
2025-07-07,EN250,West,145.44535791666667,308.1666666666667,246.53333333333336,207.07869124999996
2025-07-07,EN500,Central,79.05995916666666,163.375,130.70000000000002,111.73495916666664
2025-07-07,EN500,East,80.9620025,145.875,116.7,110.13700249999998
2025-07-07,EN500,North,88.74066916666666,169.875,135.9,122.71566916666663
2025-07-07,EN500,South,95.80523458333333,224.04166666666666,179.23333333333335,140.61356791666663
2025-07-07,EN500,West,102.38776916666666,218.20833333333334,174.5666666666667,146.02943583333334
2025-07-07,LM250,Central,145.35150833333333,288.4166666666667,230.73333333333335,203.0348416666667
2025-07-07,LM250,East,149.78840416666665,261.875,209.5,202.16340416666662
2025-07-07,LM250,North,165.94416,296.375,237.10000000000002,225.21916
2025-07-07,LM250,South,177.00735791666668,409.75,327.8,258.9573579166667
2025-07-07,LM250,West,175.60760249999998,396.875,317.5,254.98260249999998
2025-07-07,LM500,Central,205.20064166666666,404.125,323.3,286.0256416666667
2025-07-07,LM500,East,215.78548625,372.5833333333333,298.06666666666666,290.30215291666667
2025-07-07,LM500,North,231.886105,436.7083333333333,349.3666666666667,319.2277716666666
2025-07-07,LM500,South,248.36837125,570.125,456.1,362.39337125
2025-07-07,LM500,West,252.04085541666666,561.2083333333334,448.9666666666667,364.28252208333333
2025-07-07,OR1000,Central,232.70188333333334,487.0833333333333,389.6666666666667,330.11854999999997
2025-07-07,OR1000,East,266.0952908333333,449.0,359.20000000000005,355.8952908333333
2025-07-07,OR1000,North,261.35767416666664,508.6666666666667,406.9333333333334,363.09100749999993
2025-07-07,OR1000,South,326.48128333333335,704.8333333333334,563.8666666666667,467.4479500000001
2025-07-07,OR1000,West,331.73149083333334,679.1666666666666,543.3333333333334,467.56482416666665
2025-07-07,OR500,Central,163.64097708333333,341.7916666666667,273.43333333333334,231.99931041666667
2025-07-07,OR500,East,177.38307416666666,316.75,253.4,240.73307416666668
2025-07-07,OR500,North,189.73355833333335,359.5,287.6,261.6335583333333
2025-07-07,OR500,South,198.23196375,481.125,384.90000000000003,294.45696374999994
2025-07-07,OR500,West,218.14354583333332,480.3333333333333,384.26666666666665,314.2102125
2025-07-07,WT1000,Central,633.5815833333334,1165.6666666666667,932.5333333333334,866.7149166666667
2025-07-07,WT1000,East,637.2266791666667,1041.3333333333333,833.0666666666666,845.4933458333335
2025-07-07,WT1000,North,640.0663883333333,1143.6666666666667,914.9333333333334,868.7997216666668
2025-07-07,WT1000,South,631.1355416666667,1491.0833333333333,1192.8666666666666,929.3522083333335
2025-07-07,WT1000,West,645.0567483333333,1460.25,1168.2,937.1067483333334
2025-07-14,BB1000,Central,320.1512466666667,655.0833333333334,524.0666666666667,451.16791333333333
2025-07-14,BB1000,East,345.9694808333333,592.75,474.20000000000005,464.5194808333333
2025-07-14,BB1000,North,380.99736916666666,691.3333333333334,553.0666666666667,519.2640358333332
2025-07-14,BB1000,South,402.54191,900.3333333333334,720.2666666666668,582.6085766666666
2025-07-14,BB1000,West,427.0217833333333,892.5,714.0,605.5217833333334
2025-07-14,BB250,Central,188.39061125,371.875,297.5,262.76561125
2025-07-14,BB250,East,209.76931208333332,346.5833333333333,277.26666666666665,279.08597875
2025-07-14,BB250,North,213.16571958333333,376.3333333333333,301.06666666666666,288.43238625
2025-07-14,BB250,South,224.79597958333335,506.7916666666667,405.4333333333334,326.15431291666664
2025-07-14,BB250,West,229.67789916666666,505.125,404.1,330.7028991666666
2025-07-14,BB500,Central,260.72560583333336,526.5833333333334,421.2666666666667,366.0422725
2025-07-14,BB500,East,320.81934375000003,505.875,404.70000000000005,421.99434375
2025-07-14,BB500,North,302.1510758333333,560.25,448.20000000000005,414.20107583333333
2025-07-14,BB500,South,315.59635208333333,718.875,575.1,459.37135208333336
2025-07-14,BB500,West,324.7425208333333,696.4583333333334,557.1666666666667,464.0341874999999
2025-07-14,EN250,Central,111.75163833333333,228.625,182.9,157.47663833333334
2025-07-14,EN250,East,118.79882666666667,206.91666666666666,165.53333333333333,160.18215999999998
2025-07-14,EN250,North,124.68216083333334,232.625,186.10000000000002,171.20716083333332
2025-07-14,EN250,South,139.00458458333333,319.375,255.5,202.87958458333333
2025-07-14,EN250,West,135.98176416666666,308.1666666666667,246.53333333333336,197.6150975
2025-07-14,EN500,Central,83.65133,163.375,130.70000000000002,116.32632999999998
2025-07-14,EN500,East,83.93897666666666,145.875,116.7,113.11397666666666
2025-07-14,EN500,North,89.37193708333334,169.875,135.9,123.34693708333336
2025-07-14,EN500,South,96.44403333333332,224.04166666666666,179.23333333333335,141.2523666666666
2025-07-14,EN500,West,103.45732666666667,218.20833333333334,174.5666666666667,147.0989933333333
2025-07-14,LM250,Central,149.20505291666666,288.4166666666667,230.73333333333335,206.88838625
2025-07-14,LM250,East,148.5493675,261.875,209.5,200.92436750000002
2025-07-14,LM250,North,156.21536208333333,296.375,237.10000000000002,215.4903620833333
2025-07-14,LM250,South,174.17370166666666,409.75,327.8,256.1237016666666
2025-07-14,LM250,West,178.20595833333334,396.875,317.5,257.58095833333334
2025-07-14,LM500,Central,206.77674708333333,404.125,323.3,287.60174708333335
2025-07-14,LM500,East,209.38140041666668,372.5833333333333,298.06666666666666,283.8980670833334
2025-07-14,LM500,North,243.35318333333333,436.7083333333333,349.3666666666667,330.69485
2025-07-14,LM500,South,248.2417120833333,570.125,456.1,362.26671208333335
2025-07-14,LM500,West,265.6082529166667,561.2083333333334,448.9666666666667,377.8499195833333
2025-07-14,OR1000,Central,251.67794333333333,487.0833333333333,389.6666666666667,349.09460999999993
2025-07-14,OR1000,East,265.4959733333333,449.0,359.20000000000005,355.2959733333332
2025-07-14,OR1000,North,265.0647866666667,508.6666666666667,406.9333333333334,366.7981199999999
2025-07-14,OR1000,South,328.9743183333334,704.8333333333334,563.8666666666667,469.94098500000007
2025-07-14,OR1000,West,318.8507975,679.1666666666666,543.3333333333334,454.68413083333326
2025-07-14,OR500,Central,170.79856666666666,341.7916666666667,273.43333333333334,239.1569
2025-07-14,OR500,East,176.9206175,316.75,253.4,240.2706175
2025-07-14,OR500,North,204.86058166666666,359.5,287.6,276.76058166666667
2025-07-14,OR500,South,214.20995333333332,481.125,384.90000000000003,310.4349533333332
2025-07-14,OR500,West,216.66348583333334,480.3333333333333,384.26666666666665,312.73015250000003
2025-07-14,WT1000,Central,586.6620716666666,1165.6666666666667,932.5333333333334,819.795405
2025-07-14,WT1000,East,623.1276875,1041.3333333333333,833.0666666666666,831.3943541666667
2025-07-14,WT1000,North,612.9567408333334,1143.6666666666667,914.9333333333334,841.6900741666668
2025-07-14,WT1000,South,656.9152416666667,1491.0833333333333,1192.8666666666666,955.1319083333335
2025-07-14,WT1000,West,663.0234916666667,1460.25,1168.2,955.0734916666668
2025-07-21,BB1000,Central,333.1530441666667,655.0833333333334,524.0666666666667,464.1697108333334
2025-07-21,BB1000,East,341.50404166666664,592.75,474.20000000000005,460.05404166666654
2025-07-21,BB1000,North,362.47750333333335,691.3333333333334,553.0666666666667,500.74417000000005
2025-07-21,BB1000,South,398.35765000000004,900.3333333333334,720.2666666666668,578.4243166666666
2025-07-21,BB1000,West,403.31228749999997,892.5,714.0,581.8122874999999
2025-07-21,BB250,Central,183.3626275,371.875,297.5,257.73762750000003
2025-07-21,BB250,East,203.40688041666667,346.5833333333333,277.26666666666665,272.7235470833333
2025-07-21,BB250,North,209.5970125,376.3333333333333,301.06666666666666,284.8636791666667
2025-07-21,BB250,South,216.47397291666667,506.7916666666667,405.4333333333334,317.83230625
2025-07-21,BB250,West,247.38855416666667,505.125,404.1,348.4135541666666
2025-07-21,BB500,Central,256.07571,526.5833333333334,421.2666666666667,361.3923766666666
2025-07-21,BB500,East,290.6611095833333,505.875,404.70000000000005,391.83610958333327
2025-07-21,BB500,North,334.56812291666665,560.25,448.20000000000005,446.6181229166666
2025-07-21,BB500,South,309.27156791666664,718.875,575.1,453.04656791666673
2025-07-21,BB500,West,323.5870904166667,696.4583333333334,557.1666666666667,462.8787570833333
2025-07-21,EN250,Central,112.50641583333334,228.625,182.9,158.23141583333333
2025-07-21,EN250,East,125.0375675,206.91666666666666,165.53333333333333,166.42090083333332
2025-07-21,EN250,North,119.345315,232.625,186.10000000000002,165.870315
2025-07-21,EN250,South,133.90906791666666,319.375,255.5,197.7840679166667
2025-07-21,EN250,West,137.00270083333334,308.1666666666667,246.53333333333336,198.63603416666666
2025-07-21,EN500,Central,81.70138458333334,163.375,130.70000000000002,114.3763845833333
2025-07-21,EN500,East,89.93093250000001,145.875,116.7,119.10593250000001
2025-07-21,EN500,North,95.956755,169.875,135.9,129.93175499999998
2025-07-21,EN500,South,100.09301583333334,224.04166666666666,179.23333333333335,144.90134916666665
2025-07-21,EN500,West,108.12650041666667,218.20833333333334,174.5666666666667,151.76816708333334
2025-07-21,LM250,Central,143.86018,288.4166666666667,230.73333333333335,201.54351333333335
2025-07-21,LM250,East,147.76685458333333,261.875,209.5,200.14185458333333
2025-07-21,LM250,North,161.63356458333334,296.375,237.10000000000002,220.90856458333332
2025-07-21,LM250,South,177.5206195833333,409.75,327.8,259.4706195833333
2025-07-21,LM250,West,174.7562675,396.875,317.5,254.13126750000004
2025-07-21,LM500,Central,205.7726504166667,404.125,323.3,286.5976504166667
2025-07-21,LM500,East,203.95472083333334,372.5833333333333,298.06666666666666,278.47138749999993
2025-07-21,LM500,North,241.47728166666667,436.7083333333333,349.3666666666667,328.8189483333333
2025-07-21,LM500,South,251.7417795833333,570.125,456.1,365.76677958333323
2025-07-21,LM500,West,265.7173275,561.2083333333334,448.9666666666667,377.9589941666667
2025-07-21,OR1000,Central,236.75932166666666,487.0833333333333,389.6666666666667,334.17598833333324
2025-07-21,OR1000,East,259.81630083333334,449.0,359.20000000000005,349.6163008333333
2025-07-21,OR1000,North,266.1354525,508.6666666666667,406.9333333333334,367.8687858333333
2025-07-21,OR1000,South,324.15967916666665,704.8333333333334,563.8666666666667,465.1263458333334
2025-07-21,OR1000,West,313.5696625,679.1666666666666,543.3333333333334,449.4029958333332
2025-07-21,OR500,Central,173.30533583333334,341.7916666666667,273.43333333333334,241.6636691666667
2025-07-21,OR500,East,173.81419875,316.75,253.4,237.16419875
2025-07-21,OR500,North,184.89949249999998,359.5,287.6,256.79949249999993
2025-07-21,OR500,South,213.94242125,481.125,384.90000000000003,310.16742125
2025-07-21,OR500,West,232.65187708333335,480.3333333333333,384.26666666666665,328.71854375
2025-07-21,WT1000,Central,612.1685,1165.6666666666667,932.5333333333334,845.3018333333333
2025-07-21,WT1000,East,610.8779716666667,1041.3333333333333,833.0666666666666,819.1446383333332
2025-07-21,WT1000,North,580.6150866666667,1143.6666666666667,914.9333333333334,809.34842
2025-07-21,WT1000,South,679.5629333333334,1491.0833333333333,1192.8666666666666,977.7796000000001
2025-07-21,WT1000,West,705.2747666666667,1460.25,1168.2,997.3247666666664
2025-07-28,BB1000,Central,331.70451333333335,655.0833333333334,524.0666666666667,462.72118
2025-07-28,BB1000,East,318.06814166666663,592.75,474.20000000000005,436.6181416666666
2025-07-28,BB1000,North,344.31931583333335,691.3333333333334,553.0666666666667,482.5859825000001
2025-07-28,BB1000,South,387.3999875,900.3333333333334,720.2666666666668,567.4666541666667
2025-07-28,BB1000,West,395.42818166666666,892.5,714.0,573.9281816666667
2025-07-28,BB250,Central,196.10576291666666,371.875,297.5,270.48076291666666
2025-07-28,BB250,East,195.64168875000001,346.5833333333333,277.26666666666665,264.9583554166667
2025-07-28,BB250,North,187.25358333333332,376.3333333333333,301.06666666666666,262.52025
2025-07-28,BB250,South,209.64099375,506.7916666666667,405.4333333333334,310.99932708333336
2025-07-28,BB250,West,227.88595375,505.125,404.1,328.91095375
2025-07-28,BB500,Central,255.43366791666668,526.5833333333334,421.2666666666667,360.7503345833333
2025-07-28,BB500,East,294.4607183333333,505.875,404.70000000000005,395.6357183333332
2025-07-28,BB500,North,270.37184583333334,560.25,448.20000000000005,382.42184583333324
2025-07-28,BB500,South,299.7299275,718.875,575.1,443.5049275
2025-07-28,BB500,West,291.6670495833333,696.4583333333334,557.1666666666667,430.95871624999995
2025-07-28,EN250,Central,114.96395166666667,228.625,182.9,160.68895166666667
2025-07-28,EN250,East,114.32437333333334,206.91666666666666,165.53333333333333,155.70770666666667
2025-07-28,EN250,North,116.40538291666667,232.625,186.10000000000002,162.93038291666664
2025-07-28,EN250,South,131.6083,319.375,255.5,195.48329999999999
2025-07-28,EN250,West,136.89679833333332,308.1666666666667,246.53333333333336,198.53013166666665
2025-07-28,EN500,Central,78.06851708333333,163.375,130.70000000000002,110.74351708333333
2025-07-28,EN500,East,81.253135,145.875,116.7,110.42813499999998
2025-07-28,EN500,North,88.84395833333333,169.875,135.9,122.81895833333331
2025-07-28,EN500,South,96.64169541666666,224.04166666666666,179.23333333333335,141.45002875
2025-07-28,EN500,West,96.48166541666667,218.20833333333334,174.5666666666667,140.12333208333334
2025-07-28,LM250,Central,134.20220166666667,288.4166666666667,230.73333333333335,191.885535
2025-07-28,LM250,East,146.96007291666666,261.875,209.5,199.33507291666666
2025-07-28,LM250,North,150.20802916666668,296.375,237.10000000000002,209.48302916666665
2025-07-28,LM250,South,177.64761166666668,409.75,327.8,259.59761166666664
2025-07-28,LM250,West,163.9015875,396.875,317.5,243.2765875
2025-07-28,LM500,Central,191.65761750000001,404.125,323.3,272.4826175
2025-07-28,LM500,East,204.58985375,372.5833333333333,298.06666666666666,279.1065204166667
2025-07-28,LM500,North,212.11614208333333,436.7083333333333,349.3666666666667,299.45780875
2025-07-28,LM500,South,227.59983958333333,570.125,456.1,341.62483958333326
2025-07-28,LM500,West,245.28726083333333,561.2083333333334,448.9666666666667,357.5289275
2025-07-28,OR1000,Central,237.94350916666667,487.0833333333333,389.6666666666667,335.36017583333324
2025-07-28,OR1000,East,239.82882999999998,449.0,359.20000000000005,329.6288299999999
2025-07-28,OR1000,North,266.97606083333335,508.6666666666667,406.9333333333334,368.7093941666667
2025-07-28,OR1000,South,297.52704666666665,704.8333333333334,563.8666666666667,438.4937133333334
2025-07-28,OR1000,West,294.4116875,679.1666666666666,543.3333333333334,430.24502083333334
2025-07-28,OR500,Central,159.08404791666666,341.7916666666667,273.43333333333334,227.44238124999998
2025-07-28,OR500,East,163.648875,316.75,253.4,226.99887499999997
2025-07-28,OR500,North,172.02931416666667,359.5,287.6,243.9293141666666
2025-07-28,OR500,South,199.68704791666667,481.125,384.90000000000003,295.9120479166666
2025-07-28,OR500,West,219.13409583333333,480.3333333333333,384.26666666666665,315.2007625
2025-07-28,WT1000,Central,613.26003,1165.6666666666667,932.5333333333334,846.3933633333335
2025-07-28,WT1000,East,579.2754683333333,1041.3333333333333,833.0666666666666,787.5421349999999
2025-07-28,WT1000,North,565.807175,1143.6666666666667,914.9333333333334,794.5405083333335
2025-07-28,WT1000,South,619.741925,1491.0833333333333,1192.8666666666666,917.9585916666667
2025-07-28,WT1000,West,629.1600666666667,1460.25,1168.2,921.2100666666668
2025-08-04,BB1000,Central,299.71195916666665,655.0833333333334,524.0666666666667,430.72862583333324
2025-08-04,BB1000,East,302.0915816666667,592.75,474.20000000000005,420.64158166666664
2025-08-04,BB1000,North,315.21018749999996,691.3333333333334,553.0666666666667,453.4768541666666
2025-08-04,BB1000,South,328.65081083333337,900.3333333333334,720.2666666666668,508.7174775
2025-08-04,BB1000,West,365.4288808333333,892.5,714.0,543.9288808333333
2025-08-04,BB250,Central,167.14480291666666,371.875,297.5,241.51980291666666
2025-08-04,BB250,East,182.25246958333332,346.5833333333333,277.26666666666665,251.56913624999993
2025-08-04,BB250,North,168.84999125000002,376.3333333333333,301.06666666666666,244.11665791666672
2025-08-04,BB250,South,186.47081375,506.7916666666667,405.4333333333334,287.8291470833333
2025-08-04,BB250,West,209.67611125,505.125,404.1,310.70111124999994
2025-08-04,BB500,Central,222.67933291666668,526.5833333333334,421.2666666666667,327.99599958333334
2025-08-04,BB500,East,264.35180791666664,505.875,404.70000000000005,365.5268079166666
2025-08-04,BB500,North,259.36267833333335,560.25,448.20000000000005,371.41267833333336
2025-08-04,BB500,South,282.34208125,718.875,575.1,426.11708124999996
2025-08-04,BB500,West,300.4852770833333,696.4583333333334,557.1666666666667,439.7769437499999
2025-08-04,EN250,Central,99.5947575,228.625,182.9,145.3197575
2025-08-04,EN250,East,106.14245000000001,206.91666666666666,165.53333333333333,147.52578333333335
2025-08-04,EN250,North,112.93776666666668,232.625,186.10000000000002,159.46276666666665
2025-08-04,EN250,South,121.46380791666667,319.375,255.5,185.33880791666667
2025-08-04,EN250,West,128.7640425,308.1666666666667,246.53333333333336,190.39737583333334
2025-08-04,EN500,Central,69.00044375,163.375,130.70000000000002,101.67544374999997
2025-08-04,EN500,East,71.78463291666667,145.875,116.7,100.95963291666668
2025-08-04,EN500,North,77.06486333333334,169.875,135.9,111.03986333333333
2025-08-04,EN500,South,85.12571333333334,224.04166666666666,179.23333333333335,129.93404666666663
2025-08-04,EN500,West,89.57119208333333,218.20833333333334,174.5666666666667,133.21285874999998
2025-08-04,LM250,Central,121.55746375,288.4166666666667,230.73333333333335,179.24079708333335
2025-08-04,LM250,East,136.06862125,261.875,209.5,188.44362124999998
2025-08-04,LM250,North,141.99721083333333,296.375,237.10000000000002,201.2722108333333
2025-08-04,LM250,South,150.93590458333333,409.75,327.8,232.88590458333334
2025-08-04,LM250,West,158.8623575,396.875,317.5,238.23735750000003
2025-08-04,LM500,Central,182.32984958333333,404.125,323.3,263.15484958333326
2025-08-04,LM500,East,192.42403083333335,372.5833333333333,298.06666666666666,266.9406975
2025-08-04,LM500,North,212.63930583333334,436.7083333333333,349.3666666666667,299.9809725
2025-08-04,LM500,South,217.3558175,570.125,456.1,331.38081750000003
2025-08-04,LM500,West,236.33909833333334,561.2083333333334,448.9666666666667,348.58076500000004
2025-08-04,OR1000,Central,221.24060833333334,487.0833333333333,389.6666666666667,318.65727499999997
2025-08-04,OR1000,East,222.05517583333332,449.0,359.20000000000005,311.8551758333333
2025-08-04,OR1000,North,237.11704833333334,508.6666666666667,406.9333333333334,338.85038166666664
2025-08-04,OR1000,South,264.5682225,704.8333333333334,563.8666666666667,405.53488916666663
2025-08-04,OR1000,West,282.66884666666664,679.1666666666666,543.3333333333334,418.50217999999984
2025-08-04,OR500,Central,149.12036791666668,341.7916666666667,273.43333333333334,217.47870125000003
2025-08-04,OR500,East,160.16089916666667,316.75,253.4,223.5108991666667
2025-08-04,OR500,North,180.66833624999998,359.5,287.6,252.56833625000002
2025-08-04,OR500,South,175.89834166666665,481.125,384.90000000000003,272.1233416666666
2025-08-04,OR500,West,213.76664125,480.3333333333333,384.26666666666665,309.8333079166666
2025-08-04,WT1000,Central,532.2594475,1165.6666666666667,932.5333333333334,765.3927808333332
2025-08-04,WT1000,East,548.2605591666667,1041.3333333333333,833.0666666666666,756.5272258333334
2025-08-04,WT1000,North,526.2157433333333,1143.6666666666667,914.9333333333334,754.9490766666668
2025-08-04,WT1000,South,589.131985,1491.0833333333333,1192.8666666666666,887.3486516666665
2025-08-04,WT1000,West,626.8892925,1460.25,1168.2,918.9392925
2025-08-11,BB1000,Central,318.2441666666667,655.0833333333334,524.0666666666667,449.2608333333334
2025-08-11,BB1000,East,343.77995500000003,592.75,474.20000000000005,462.3299549999999
2025-08-11,BB1000,North,336.01812666666666,691.3333333333334,553.0666666666667,474.28479333333337
2025-08-11,BB1000,South,351.94405916666665,900.3333333333334,720.2666666666668,532.0107258333334
2025-08-11,BB1000,West,370.12178416666666,892.5,714.0,548.6217841666667
2025-08-11,BB250,Central,165.11908875,371.875,297.5,239.49408874999995
2025-08-11,BB250,East,177.76181583333332,346.5833333333333,277.26666666666665,247.07848249999995
2025-08-11,BB250,North,168.67611333333332,376.3333333333333,301.06666666666666,243.94278000000003
2025-08-11,BB250,South,202.96695041666666,506.7916666666667,405.4333333333334,304.3252837499999
2025-08-11,BB250,West,212.84934541666667,505.125,404.1,313.87434541666664
2025-08-11,BB500,Central,241.434975,526.5833333333334,421.2666666666667,346.75164166666667
2025-08-11,BB500,East,266.9575429166667,505.875,404.70000000000005,368.1325429166666
2025-08-11,BB500,North,255.89555000000001,560.25,448.20000000000005,367.9455499999999
2025-08-11,BB500,South,278.9551,718.875,575.1,422.7301
2025-08-11,BB500,West,280.4296791666667,696.4583333333334,557.1666666666667,419.7213458333333
2025-08-11,EN250,Central,110.97700416666666,228.625,182.9,156.70200416666668
2025-08-11,EN250,East,113.37741208333333,206.91666666666666,165.53333333333333,154.76074541666665
2025-08-11,EN250,North,121.27989833333334,232.625,186.10000000000002,167.8048983333333
2025-08-11,EN250,South,120.65394416666666,319.375,255.5,184.52894416666663
2025-08-11,EN250,West,128.3288125,308.1666666666667,246.53333333333336,189.9621458333333
2025-08-11,EN500,Central,70.63324666666666,163.375,130.70000000000002,103.30824666666663
2025-08-11,EN500,East,76.69860958333334,145.875,116.7,105.87360958333333
2025-08-11,EN500,North,82.2215925,169.875,135.9,116.19659249999998
2025-08-11,EN500,South,92.75476958333333,224.04166666666666,179.23333333333335,137.56310291666665
2025-08-11,EN500,West,89.49037458333333,218.20833333333334,174.5666666666667,133.13204124999996
2025-08-11,LM250,Central,128.50262958333334,288.4166666666667,230.73333333333335,186.18596291666665
2025-08-11,LM250,East,133.22572375,261.875,209.5,185.60072375
2025-08-11,LM250,North,142.60132916666666,296.375,237.10000000000002,201.87632916666666
2025-08-11,LM250,South,164.39116875,409.75,327.8,246.34116875
2025-08-11,LM250,West,165.49507083333333,396.875,317.5,244.87007083333333
2025-08-11,LM500,Central,183.76717666666667,404.125,323.3,264.5921766666667
2025-08-11,LM500,East,201.29845041666667,372.5833333333333,298.06666666666666,275.8151170833333
2025-08-11,LM500,North,197.05728208333332,436.7083333333333,349.3666666666667,284.39894874999993
2025-08-11,LM500,South,219.19565416666666,570.125,456.1,333.2206541666666
2025-08-11,LM500,West,243.21686541666668,561.2083333333334,448.9666666666667,355.45853208333335
2025-08-11,OR1000,Central,238.80434,487.0833333333333,389.6666666666667,336.2210066666666
2025-08-11,OR1000,East,232.7116266666667,449.0,359.20000000000005,322.51162666666664
2025-08-11,OR1000,North,243.48422333333332,508.6666666666667,406.9333333333334,345.2175566666666
2025-08-11,OR1000,South,285.2480683333333,704.8333333333334,563.8666666666667,426.214735
2025-08-11,OR1000,West,280.54937416666667,679.1666666666666,543.3333333333334,416.3827074999999
2025-08-11,OR500,Central,153.5008675,341.7916666666667,273.43333333333334,221.85920083333332
2025-08-11,OR500,East,161.43887,316.75,253.4,224.78887
2025-08-11,OR500,North,175.71103458333334,359.5,287.6,247.61103458333332
2025-08-11,OR500,South,187.01311916666666,481.125,384.90000000000003,283.23811916666665
2025-08-11,OR500,West,201.79386083333333,480.3333333333333,384.26666666666665,297.8605275
2025-08-11,WT1000,Central,529.2492108333333,1165.6666666666667,932.5333333333334,762.3825441666667
2025-08-11,WT1000,East,526.6306325,1041.3333333333333,833.0666666666666,734.8972991666667
2025-08-11,WT1000,North,550.4057241666667,1143.6666666666667,914.9333333333334,779.1390575
2025-08-11,WT1000,South,587.56545,1491.0833333333333,1192.8666666666666,885.7821166666665
2025-08-11,WT1000,West,582.7810833333333,1460.25,1168.2,874.8310833333333
2025-08-18,BB1000,Central,314.98074833333334,655.0833333333334,524.0666666666667,445.99741499999993
2025-08-18,BB1000,East,295.552095,592.75,474.20000000000005,414.10209499999996
2025-08-18,BB1000,North,329.5765891666667,691.3333333333334,553.0666666666667,467.8432558333333
2025-08-18,BB1000,South,337.8362475,900.3333333333334,720.2666666666668,517.9029141666666
2025-08-18,BB1000,West,379.14400166666667,892.5,714.0,557.6440016666666
2025-08-18,BB250,Central,157.492465,371.875,297.5,231.86746500000004
2025-08-18,BB250,East,172.69937249999998,346.5833333333333,277.26666666666665,242.0160391666666
2025-08-18,BB250,North,168.02796416666666,376.3333333333333,301.06666666666666,243.29463083333331
2025-08-18,BB250,South,203.24963250000002,506.7916666666667,405.4333333333334,304.6079658333333
2025-08-18,BB250,West,203.91653374999999,505.125,404.1,304.94153374999996
2025-08-18,BB500,Central,217.55632708333334,526.5833333333334,421.2666666666667,322.87299375000003
2025-08-18,BB500,East,253.64948958333332,505.875,404.70000000000005,354.8244895833333
2025-08-18,BB500,North,251.39641041666664,560.25,448.20000000000005,363.4464104166666
2025-08-18,BB500,South,301.7094925,718.875,575.1,445.4844925
2025-08-18,BB500,West,289.51206833333333,696.4583333333334,557.1666666666667,428.80373499999996
2025-08-18,EN250,Central,99.49569,228.625,182.9,145.22068999999996
2025-08-18,EN250,East,106.13723583333334,206.91666666666666,165.53333333333333,147.52056916666666
2025-08-18,EN250,North,110.86022708333333,232.625,186.10000000000002,157.3852270833333
2025-08-18,EN250,South,118.58826916666666,319.375,255.5,182.4632691666667
2025-08-18,EN250,West,129.42442916666667,308.1666666666667,246.53333333333336,191.05776250000002
2025-08-18,EN500,Central,66.46986791666667,163.375,130.70000000000002,99.14486791666664
2025-08-18,EN500,East,71.50600166666666,145.875,116.7,100.68100166666666
2025-08-18,EN500,North,76.6181275,169.875,135.9,110.59312750000001
2025-08-18,EN500,South,87.52952583333334,224.04166666666666,179.23333333333335,132.33785916666665
2025-08-18,EN500,West,88.90111166666667,218.20833333333334,174.5666666666667,132.5427783333333
2025-08-18,LM250,Central,127.37653041666667,288.4166666666667,230.73333333333335,185.05986374999998
2025-08-18,LM250,East,129.57174875,261.875,209.5,181.94674874999998
2025-08-18,LM250,North,131.84874833333333,296.375,237.10000000000002,191.1237483333333
2025-08-18,LM250,South,165.79993458333334,409.75,327.8,247.7499345833333
2025-08-18,LM250,West,157.39218208333332,396.875,317.5,236.7671820833333
2025-08-18,LM500,Central,179.87286916666667,404.125,323.3,260.69786916666664
2025-08-18,LM500,East,186.29366916666666,372.5833333333333,298.06666666666666,260.81033583333334
2025-08-18,LM500,North,206.04550083333334,436.7083333333333,349.3666666666667,293.3871674999999
2025-08-18,LM500,South,212.42814666666666,570.125,456.1,326.4531466666666
2025-08-18,LM500,West,234.95336958333334,561.2083333333334,448.9666666666667,347.19503625000004
2025-08-18,OR1000,Central,208.87160749999998,487.0833333333333,389.6666666666667,306.28827416666655
2025-08-18,OR1000,East,228.54056333333332,449.0,359.20000000000005,318.3405633333333
2025-08-18,OR1000,North,236.23833916666666,508.6666666666667,406.9333333333334,337.97167249999995
2025-08-18,OR1000,South,273.9709075,704.8333333333334,563.8666666666667,414.93757416666665
2025-08-18,OR1000,West,276.08808,679.1666666666666,543.3333333333334,411.92141333333325
2025-08-18,OR500,Central,157.54045416666668,341.7916666666667,273.43333333333334,225.89878750000003
2025-08-18,OR500,East,159.76226875,316.75,253.4,223.11226874999997
2025-08-18,OR500,North,168.97341166666666,359.5,287.6,240.87341166666658
2025-08-18,OR500,South,181.152375,481.125,384.90000000000003,277.377375
2025-08-18,OR500,West,201.35812041666668,480.3333333333333,384.26666666666665,297.4247870833333
2025-08-18,WT1000,Central,512.7344075,1165.6666666666667,932.5333333333334,745.8677408333332
2025-08-18,WT1000,East,506.4866125,1041.3333333333333,833.0666666666666,714.7532791666667
2025-08-18,WT1000,North,519.9236341666667,1143.6666666666667,914.9333333333334,748.6569675000001
2025-08-18,WT1000,South,567.5852125,1491.0833333333333,1192.8666666666666,865.8018791666666
2025-08-18,WT1000,West,606.6572658333333,1460.25,1168.2,898.7072658333334
2025-08-25,BB1000,Central,299.5880066666667,655.0833333333334,524.0666666666667,430.6046733333334
2025-08-25,BB1000,East,293.7938958333333,592.75,474.20000000000005,412.34389583333325
2025-08-25,BB1000,North,351.60037666666665,691.3333333333334,553.0666666666667,489.8670433333333
2025-08-25,BB1000,South,338.397315,900.3333333333334,720.2666666666668,518.4639816666667
2025-08-25,BB1000,West,378.48512916666664,892.5,714.0,556.9851291666666
2025-08-25,BB250,Central,165.474005,371.875,297.5,239.84900500000003
2025-08-25,BB250,East,177.86272333333332,346.5833333333333,277.26666666666665,247.17939
2025-08-25,BB250,North,168.446855,376.3333333333333,301.06666666666666,243.71352166666662
2025-08-25,BB250,South,203.97331125,506.7916666666667,405.4333333333334,305.3316445833333
2025-08-25,BB250,West,210.09649041666668,505.125,404.1,311.1214904166667
2025-08-25,BB500,Central,213.08412083333332,526.5833333333334,421.2666666666667,318.4007874999999
2025-08-25,BB500,East,237.35567333333333,505.875,404.70000000000005,338.5306733333333
2025-08-25,BB500,North,271.82883208333334,560.25,448.20000000000005,383.87883208333324
2025-08-25,BB500,South,287.37967041666667,718.875,575.1,431.1546704166666
2025-08-25,BB500,West,283.01771125,696.4583333333334,557.1666666666667,422.30937791666656
2025-08-25,EN250,Central,98.01776833333334,228.625,182.9,143.74276833333332
2025-08-25,EN250,East,103.11195624999999,206.91666666666666,165.53333333333333,144.49528958333335
2025-08-25,EN250,North,107.84054208333333,232.625,186.10000000000002,154.3655420833333
2025-08-25,EN250,South,119.10307958333334,319.375,255.5,182.97807958333334
2025-08-25,EN250,West,123.89626708333333,308.1666666666667,246.53333333333336,185.52960041666665
2025-08-25,EN500,Central,69.02074875,163.375,130.70000000000002,101.69574874999998
2025-08-25,EN500,East,74.4539825,145.875,116.7,103.62898249999999
2025-08-25,EN500,North,77.00609958333334,169.875,135.9,110.98109958333333
2025-08-25,EN500,South,84.597305,224.04166666666666,179.23333333333335,129.4056383333333
2025-08-25,EN500,West,87.11018416666667,218.20833333333334,174.5666666666667,130.7518508333333
2025-08-25,LM250,Central,125.91484166666667,288.4166666666667,230.73333333333335,183.59817500000003
2025-08-25,LM250,East,126.93719208333334,261.875,209.5,179.31219208333334
2025-08-25,LM250,North,129.05117125,296.375,237.10000000000002,188.32617125000002
2025-08-25,LM250,South,162.51831208333334,409.75,327.8,244.46831208333327
2025-08-25,LM250,West,166.92206583333333,396.875,317.5,246.29706583333336
2025-08-25,LM500,Central,171.11249958333335,404.125,323.3,251.93749958333336
2025-08-25,LM500,East,181.72234875,372.5833333333333,298.06666666666666,256.23901541666663
2025-08-25,LM500,North,208.8519375,436.7083333333333,349.3666666666667,296.19360416666666
2025-08-25,LM500,South,215.78983708333334,570.125,456.1,329.8148370833334
2025-08-25,LM500,West,226.80077875,561.2083333333334,448.9666666666667,339.0424454166666
2025-08-25,OR1000,Central,211.224065,487.0833333333333,389.6666666666667,308.6407316666667
2025-08-25,OR1000,East,219.35610416666668,449.0,359.20000000000005,309.15610416666664
2025-08-25,OR1000,North,244.88149750000002,508.6666666666667,406.9333333333334,346.6148308333334
2025-08-25,OR1000,South,264.3734816666667,704.8333333333334,563.8666666666667,405.34014833333333
2025-08-25,OR1000,West,274.37502416666666,679.1666666666666,543.3333333333334,410.2083574999999
2025-08-25,OR500,Central,154.39255,341.7916666666667,273.43333333333334,222.75088333333332
2025-08-25,OR500,East,157.6170375,316.75,253.4,220.96703750000003
2025-08-25,OR500,North,165.24706208333333,359.5,287.6,237.14706208333325
2025-08-25,OR500,South,180.77454,481.125,384.90000000000003,276.99953999999997
2025-08-25,OR500,West,192.96592166666667,480.3333333333333,384.26666666666665,289.03258833333336
2025-08-25,WT1000,Central,473.50045166666666,1165.6666666666667,932.5333333333334,706.6337849999999
2025-08-25,WT1000,East,500.21100333333334,1041.3333333333333,833.0666666666666,708.47767
2025-08-25,WT1000,North,552.3014499999999,1143.6666666666667,914.9333333333334,781.0347833333333
2025-08-25,WT1000,South,605.2326958333333,1491.0833333333333,1192.8666666666666,903.4493624999998
2025-08-25,WT1000,West,624.24585,1460.25,1168.2,916.2958500000002
2025-09-01,BB1000,Central,291.4508,655.0833333333334,524.0666666666667,422.4674666666666
2025-09-01,BB1000,East,289.88652,592.75,474.20000000000005,408.43652
2025-09-01,BB1000,North,324.8152641666667,691.3333333333334,553.0666666666667,463.08193083333333
2025-09-01,BB1000,South,350.9760975,900.3333333333334,720.2666666666668,531.0427641666666
2025-09-01,BB1000,West,372.23238416666663,892.5,714.0,550.7323841666666
2025-09-01,BB250,Central,152.57775625,371.875,297.5,226.95275625
2025-09-01,BB250,East,178.310335,346.5833333333333,277.26666666666665,247.62700166666673
2025-09-01,BB250,North,173.43643583333332,376.3333333333333,301.06666666666666,248.70310249999994
2025-09-01,BB250,South,196.00494583333332,506.7916666666667,405.4333333333334,297.36327916666664
2025-09-01,BB250,West,203.30904833333335,505.125,404.1,304.33404833333327
2025-09-01,BB500,Central,217.64036166666665,526.5833333333334,421.2666666666667,322.9570283333333
2025-09-01,BB500,East,233.59144041666667,505.875,404.70000000000005,334.7664404166667
2025-09-01,BB500,North,259.93496375,560.25,448.20000000000005,371.9849637499999
2025-09-01,BB500,South,262.71138583333334,718.875,575.1,406.4863858333333
2025-09-01,BB500,West,284.988265,696.4583333333334,557.1666666666667,424.2799316666667
2025-09-01,EN250,Central,99.33228791666667,228.625,182.9,145.0572879166667
2025-09-01,EN250,East,104.06656,206.91666666666666,165.53333333333333,145.44989333333334
2025-09-01,EN250,North,109.30084041666666,232.625,186.10000000000002,155.82584041666667
2025-09-01,EN250,South,120.49114208333334,319.375,255.5,184.36614208333333
2025-09-01,EN250,West,126.6004075,308.1666666666667,246.53333333333336,188.23374083333334
2025-09-01,EN500,Central,76.04323333333333,163.375,130.70000000000002,108.7182333333333
2025-09-01,EN500,East,75.12986083333334,145.875,116.7,104.30486083333334
2025-09-01,EN500,North,80.05797291666667,169.875,135.9,114.03297291666667
2025-09-01,EN500,South,83.18058291666667,224.04166666666666,179.23333333333335,127.98891624999999
2025-09-01,EN500,West,87.80718958333333,218.20833333333334,174.5666666666667,131.44885624999998
2025-09-01,LM250,Central,120.80045666666666,288.4166666666667,230.73333333333335,178.48379
2025-09-01,LM250,East,129.06387541666666,261.875,209.5,181.43887541666663
2025-09-01,LM250,North,134.70285166666667,296.375,237.10000000000002,193.97785166666665
2025-09-01,LM250,South,156.93182625,409.75,327.8,238.88182624999996
2025-09-01,LM250,West,179.85829041666668,396.875,317.5,259.2332904166667
2025-09-01,LM500,Central,176.08209958333333,404.125,323.3,256.90709958333326
2025-09-01,LM500,East,180.06129958333332,372.5833333333333,298.06666666666666,254.57796624999997
2025-09-01,LM500,North,198.41722875,436.7083333333333,349.3666666666667,285.75889541666663
2025-09-01,LM500,South,212.34550833333333,570.125,456.1,326.3705083333333
2025-09-01,LM500,West,241.36646375,561.2083333333334,448.9666666666667,353.60813041666665
2025-09-01,OR1000,Central,204.133145,487.0833333333333,389.6666666666667,301.5498116666666
2025-09-01,OR1000,East,225.00325750000002,449.0,359.20000000000005,314.8032575
2025-09-01,OR1000,North,231.74688,508.6666666666667,406.9333333333334,333.48021333333327
2025-09-01,OR1000,South,274.3771275,704.8333333333334,563.8666666666667,415.3437941666667
2025-09-01,OR1000,West,270.078645,679.1666666666666,543.3333333333334,405.9119783333332
2025-09-01,OR500,Central,153.63181,341.7916666666667,273.43333333333334,221.99014333333338
2025-09-01,OR500,East,159.08427583333332,316.75,253.4,222.43427583333332
2025-09-01,OR500,North,161.12895166666667,359.5,287.6,233.02895166666667
2025-09-01,OR500,South,189.58861208333335,481.125,384.90000000000003,285.81361208333334
2025-09-01,OR500,West,191.05866041666667,480.3333333333333,384.26666666666665,287.12532708333333
2025-09-01,WT1000,Central,480.24314166666665,1165.6666666666667,932.5333333333334,713.3764749999999
2025-09-01,WT1000,East,549.0572983333334,1041.3333333333333,833.0666666666666,757.323965
2025-09-01,WT1000,North,539.09281,1143.6666666666667,914.9333333333334,767.8261433333332
2025-09-01,WT1000,South,574.7788733333333,1491.0833333333333,1192.8666666666666,872.9955400000001
2025-09-01,WT1000,West,587.008605,1460.25,1168.2,879.058605
2025-09-08,BB1000,Central,290.4472866666667,655.0833333333334,524.0666666666667,421.4639533333333
2025-09-08,BB1000,East,288.28954166666665,592.75,474.20000000000005,406.8395416666666
2025-09-08,BB1000,North,336.95535333333333,691.3333333333334,553.0666666666667,475.22202000000004
2025-09-08,BB1000,South,348.6658033333333,900.3333333333334,720.2666666666668,528.73247
2025-09-08,BB1000,West,361.88893,892.5,714.0,540.3889300000001
2025-09-08,BB250,Central,154.21933166666668,371.875,297.5,228.59433166666668
2025-09-08,BB250,East,168.90505,346.5833333333333,277.26666666666665,238.22171666666668
2025-09-08,BB250,North,178.82736125,376.3333333333333,301.06666666666666,254.09402791666668
2025-09-08,BB250,South,196.14400625,506.7916666666667,405.4333333333334,297.5023395833333
2025-09-08,BB250,West,204.21216,505.125,404.1,305.23716
2025-09-08,BB500,Central,232.59471625,526.5833333333334,421.2666666666667,337.9113829166667
2025-09-08,BB500,East,239.30115999999998,505.875,404.70000000000005,340.47615999999994
2025-09-08,BB500,North,272.85382333333337,560.25,448.20000000000005,384.9038233333333
2025-09-08,BB500,South,270.59692291666664,718.875,575.1,414.3719229166667
2025-09-08,BB500,West,283.84174541666664,696.4583333333334,557.1666666666667,423.13341208333327
2025-09-08,EN250,Central,98.32085708333334,228.625,182.9,144.04585708333335
2025-09-08,EN250,East,100.46766916666667,206.91666666666666,165.53333333333333,141.85100250000002
2025-09-08,EN250,North,115.04003541666667,232.625,186.10000000000002,161.56503541666666
2025-09-08,EN250,South,117.82300375,319.375,255.5,181.69800375
2025-09-08,EN250,West,131.17016083333334,308.1666666666667,246.53333333333336,192.80349416666667
2025-09-08,EN500,Central,71.272555,163.375,130.70000000000002,103.947555
2025-09-08,EN500,East,71.461765,145.875,116.7,100.63676500000001
2025-09-08,EN500,North,78.12871916666667,169.875,135.9,112.10371916666665
2025-09-08,EN500,South,83.10278,224.04166666666666,179.23333333333335,127.91111333333333
2025-09-08,EN500,West,87.0813775,218.20833333333334,174.5666666666667,130.72304416666665
2025-09-08,LM250,Central,126.08275833333333,288.4166666666667,230.73333333333335,183.76609166666668
2025-09-08,LM250,East,126.17026125,261.875,209.5,178.54526125
2025-09-08,LM250,North,134.47057083333334,296.375,237.10000000000002,193.74557083333332
2025-09-08,LM250,South,164.81387583333333,409.75,327.8,246.76387583333332
2025-09-08,LM250,West,168.92825916666666,396.875,317.5,248.30325916666663
2025-09-08,LM500,Central,168.02434125,404.125,323.3,248.84934125
2025-09-08,LM500,East,178.46292625,372.5833333333333,298.06666666666666,252.9795929166666
2025-09-08,LM500,North,199.98427708333332,436.7083333333333,349.3666666666667,287.32594374999996
2025-09-08,LM500,South,238.92657166666666,570.125,456.1,352.9515716666666
2025-09-08,LM500,West,225.69654541666668,561.2083333333334,448.9666666666667,337.9382120833334
2025-09-08,OR1000,Central,210.27220583333332,487.0833333333333,389.6666666666667,307.68887249999995
2025-09-08,OR1000,East,216.80479666666668,449.0,359.20000000000005,306.60479666666663
2025-09-08,OR1000,North,251.61569583333332,508.6666666666667,406.9333333333334,353.3490291666666
2025-09-08,OR1000,South,252.2350025,704.8333333333334,563.8666666666667,393.20166916666665
2025-09-08,OR1000,West,271.2198558333333,679.1666666666666,543.3333333333334,407.0531891666666
2025-09-08,OR500,Central,147.91236750000002,341.7916666666667,273.43333333333334,216.27070083333336
2025-09-08,OR500,East,153.30571333333333,316.75,253.4,216.6557133333333
2025-09-08,OR500,North,162.11832666666666,359.5,287.6,234.01832666666667
2025-09-08,OR500,South,202.5219225,481.125,384.90000000000003,298.7469224999999
2025-09-08,OR500,West,189.8382725,480.3333333333333,384.26666666666665,285.9049391666666
2025-09-08,WT1000,Central,499.151945,1165.6666666666667,932.5333333333334,732.2852783333334
2025-09-08,WT1000,East,527.3159616666667,1041.3333333333333,833.0666666666666,735.5826283333333
2025-09-08,WT1000,North,540.1321875,1143.6666666666667,914.9333333333334,768.8655208333334
2025-09-08,WT1000,South,579.0532816666666,1491.0833333333333,1192.8666666666666,877.2699483333333
2025-09-08,WT1000,West,589.1090766666666,1460.25,1168.2,881.1590766666666
2025-09-15,BB1000,Central,282.6759191666667,655.0833333333334,524.0666666666667,413.6925858333333
2025-09-15,BB1000,East,295.09462916666666,592.75,474.20000000000005,413.6446291666666
2025-09-15,BB1000,North,321.85825083333333,691.3333333333334,553.0666666666667,460.1249174999999
2025-09-15,BB1000,South,354.22138,900.3333333333334,720.2666666666668,534.2880466666667
2025-09-15,BB1000,West,375.9940408333333,892.5,714.0,554.4940408333332
2025-09-15,BB250,Central,157.73069541666666,371.875,297.5,232.10569541666666
2025-09-15,BB250,East,171.80013125,346.5833333333333,277.26666666666665,241.11679791666666
2025-09-15,BB250,North,173.72023875000002,376.3333333333333,301.06666666666666,248.98690541666673
2025-09-15,BB250,South,190.23420791666666,506.7916666666667,405.4333333333334,291.59254124999995
2025-09-15,BB250,West,212.12202000000002,505.125,404.1,313.14702
2025-09-15,BB500,Central,220.3349575,526.5833333333334,421.2666666666667,325.65162416666664
2025-09-15,BB500,East,237.21809375,505.875,404.70000000000005,338.39309374999993
2025-09-15,BB500,North,279.71413291666664,560.25,448.20000000000005,391.76413291666654
2025-09-15,BB500,South,270.21425416666665,718.875,575.1,413.9892541666667
2025-09-15,BB500,West,292.4116575,696.4583333333334,557.1666666666667,431.70332416666656
2025-09-15,EN250,Central,100.94505666666667,228.625,182.9,146.67005666666668
2025-09-15,EN250,East,100.47336875,206.91666666666666,165.53333333333333,141.85670208333332
2025-09-15,EN250,North,109.55497416666667,232.625,186.10000000000002,156.07997416666666
2025-09-15,EN250,South,129.00532791666666,319.375,255.5,192.88032791666666
2025-09-15,EN250,West,128.63121125,308.1666666666667,246.53333333333336,190.26454458333336
2025-09-15,EN500,Central,71.08723125,163.375,130.70000000000002,103.76223124999999
2025-09-15,EN500,East,72.55707916666667,145.875,116.7,101.73207916666665
2025-09-15,EN500,North,79.22465958333333,169.875,135.9,113.19965958333333
2025-09-15,EN500,South,87.44157583333333,224.04166666666666,179.23333333333335,132.2499091666666
2025-09-15,EN500,West,86.97403833333334,218.20833333333334,174.5666666666667,130.61570499999996
2025-09-15,LM250,Central,127.02241041666667,288.4166666666667,230.73333333333335,184.70574375
2025-09-15,LM250,East,127.09034791666666,261.875,209.5,179.46534791666664
2025-09-15,LM250,North,135.23455166666668,296.375,237.10000000000002,194.50955166666665
2025-09-15,LM250,South,154.97303791666667,409.75,327.8,236.92303791666671
2025-09-15,LM250,West,170.0302175,396.875,317.5,249.40521749999994
2025-09-15,LM500,Central,167.29480333333333,404.125,323.3,248.11980333333332
2025-09-15,LM500,East,179.37475875,372.5833333333333,298.06666666666666,253.89142541666666
2025-09-15,LM500,North,200.88586750000002,436.7083333333333,349.3666666666667,288.2275341666667
2025-09-15,LM500,South,229.75921916666667,570.125,456.1,343.7842191666666
2025-09-15,LM500,West,235.88814208333332,561.2083333333334,448.9666666666667,348.12980874999994
2025-09-15,OR1000,Central,212.264075,487.0833333333333,389.6666666666667,309.6807416666666
2025-09-15,OR1000,East,239.34678083333333,449.0,359.20000000000005,329.1467808333333
2025-09-15,OR1000,North,244.508095,508.6666666666667,406.9333333333334,346.24142833333326
2025-09-15,OR1000,South,248.49648166666668,704.8333333333334,563.8666666666667,389.4631483333334
2025-09-15,OR1000,West,272.2922341666667,679.1666666666666,543.3333333333334,408.1255674999999
2025-09-15,OR500,Central,149.61695166666667,341.7916666666667,273.43333333333334,217.97528500000004
2025-09-15,OR500,East,163.65967458333333,316.75,253.4,227.0096745833333
2025-09-15,OR500,North,162.5297875,359.5,287.6,234.42978749999997
2025-09-15,OR500,South,189.65000625,481.125,384.90000000000003,285.8750062499999
2025-09-15,OR500,West,196.50030625,480.3333333333333,384.26666666666665,292.5669729166666
2025-09-15,WT1000,Central,488.12745583333333,1165.6666666666667,932.5333333333334,721.2607891666665
2025-09-15,WT1000,East,538.1467508333333,1041.3333333333333,833.0666666666666,746.4134174999999
2025-09-15,WT1000,North,540.9233591666666,1143.6666666666667,914.9333333333334,769.6566925
2025-09-15,WT1000,South,579.2304116666667,1491.0833333333333,1192.8666666666666,877.4470783333334
2025-09-15,WT1000,West,597.6442483333333,1460.25,1168.2,889.694248333333
2025-09-22,BB1000,Central,282.0869891666667,655.0833333333334,524.0666666666667,413.1036558333334
2025-09-22,BB1000,East,293.0282016666667,592.75,474.20000000000005,411.5782016666667
2025-09-22,BB1000,North,325.9245166666667,691.3333333333334,553.0666666666667,464.19118333333336
2025-09-22,BB1000,South,334.873475,900.3333333333334,720.2666666666668,514.9401416666666
2025-09-22,BB1000,West,353.68269083333337,892.5,714.0,532.1826908333333
2025-09-22,BB250,Central,173.66685875000002,371.875,297.5,248.04185875000007
2025-09-22,BB250,East,166.28787375000002,346.5833333333333,277.26666666666665,235.60454041666662
2025-09-22,BB250,North,176.77751708333335,376.3333333333333,301.06666666666666,252.04418374999995
2025-09-22,BB250,South,190.25577166666667,506.7916666666667,405.4333333333334,291.614105
2025-09-22,BB250,West,214.27374874999998,505.125,404.1,315.29874874999996
2025-09-22,BB500,Central,222.64786958333332,526.5833333333334,421.2666666666667,327.96453625
2025-09-22,BB500,East,241.53979833333332,505.875,404.70000000000005,342.7147983333333
2025-09-22,BB500,North,269.3624991666667,560.25,448.20000000000005,381.41249916666663
2025-09-22,BB500,South,294.1463758333333,718.875,575.1,437.9213758333333
2025-09-22,BB500,West,284.87742541666665,696.4583333333334,557.1666666666667,424.1690920833332
2025-09-22,EN250,Central,96.12702625,228.625,182.9,141.85202624999997
2025-09-22,EN250,East,107.59365666666667,206.91666666666666,165.53333333333333,148.97698999999997
2025-09-22,EN250,North,111.87247791666667,232.625,186.10000000000002,158.39747791666662
2025-09-22,EN250,South,122.42201833333333,319.375,255.5,186.2970183333333
2025-09-22,EN250,West,128.95144291666668,308.1666666666667,246.53333333333336,190.58477625
2025-09-22,EN500,Central,75.58791958333333,163.375,130.70000000000002,108.26291958333331
2025-09-22,EN500,East,73.38654458333333,145.875,116.7,102.56154458333332
2025-09-22,EN500,North,80.89432875,169.875,135.9,114.86932875
2025-09-22,EN500,South,88.32931083333334,224.04166666666666,179.23333333333335,133.13764416666663
2025-09-22,EN500,West,87.42526083333334,218.20833333333334,174.5666666666667,131.0669275
2025-09-22,LM250,Central,130.91210041666668,288.4166666666667,230.73333333333335,188.59543374999998
2025-09-22,LM250,East,128.74605624999998,261.875,209.5,181.12105624999998
2025-09-22,LM250,North,136.68013791666667,296.375,237.10000000000002,195.95513791666667
2025-09-22,LM250,South,158.13633833333333,409.75,327.8,240.08633833333334
2025-09-22,LM250,West,158.70523583333335,396.875,317.5,238.0802358333333
2025-09-22,LM500,Central,175.128475,404.125,323.3,255.95347499999997
2025-09-22,LM500,East,189.46312916666668,372.5833333333333,298.06666666666666,263.9797958333333
2025-09-22,LM500,North,199.16071708333334,436.7083333333333,349.3666666666667,286.5023837499999
2025-09-22,LM500,South,224.18618958333332,570.125,456.1,338.2111895833333
2025-09-22,LM500,West,223.65495791666666,561.2083333333334,448.9666666666667,335.8966245833333
2025-09-22,OR1000,Central,211.89058166666666,487.0833333333333,389.6666666666667,309.30724833333335
2025-09-22,OR1000,East,235.2928775,449.0,359.20000000000005,325.0928775
2025-09-22,OR1000,North,253.8408875,508.6666666666667,406.9333333333334,355.57422083333336
2025-09-22,OR1000,South,260.06375083333336,704.8333333333334,563.8666666666667,401.0304175
2025-09-22,OR1000,West,284.72991333333334,679.1666666666666,543.3333333333334,420.5632466666666
2025-09-22,OR500,Central,148.072465,341.7916666666667,273.43333333333334,216.43079833333337
2025-09-22,OR500,East,156.30180875,316.75,253.4,219.65180874999996
2025-09-22,OR500,North,160.85283875,359.5,287.6,232.75283875000002
2025-09-22,OR500,South,187.41202958333332,481.125,384.90000000000003,283.63702958333334
2025-09-22,OR500,West,189.35253666666665,480.3333333333333,384.26666666666665,285.41920333333337
2025-09-22,WT1000,Central,484.65504666666664,1165.6666666666667,932.5333333333334,717.7883799999998
2025-09-22,WT1000,East,509.56610416666666,1041.3333333333333,833.0666666666666,717.8327708333334
2025-09-22,WT1000,North,543.1135025,1143.6666666666667,914.9333333333334,771.8468358333334
2025-09-22,WT1000,South,597.0710208333334,1491.0833333333333,1192.8666666666666,895.2876875
2025-09-22,WT1000,West,661.8334483333333,1460.25,1168.2,953.8834483333333
2025-09-29,BB1000,Central,286.0079783333333,655.0833333333334,524.0666666666667,417.02464499999996
2025-09-29,BB1000,East,305.4637216666667,592.75,474.20000000000005,424.0137216666667
2025-09-29,BB1000,North,320.3968233333333,691.3333333333334,553.0666666666667,458.66349
2025-09-29,BB1000,South,354.83165,900.3333333333334,720.2666666666668,534.8983166666666
2025-09-29,BB1000,West,374.6648441666667,892.5,714.0,553.1648441666666
2025-09-29,BB250,Central,163.82720958333334,371.875,297.5,238.20220958333334
2025-09-29,BB250,East,171.45264083333333,346.5833333333333,277.26666666666665,240.76930749999997
2025-09-29,BB250,North,178.51090958333333,376.3333333333333,301.06666666666666,253.77757624999998
2025-09-29,BB250,South,200.72632958333332,506.7916666666667,405.4333333333334,302.0846629166666
2025-09-29,BB250,West,211.8639425,505.125,404.1,312.8889425
2025-09-29,BB500,Central,237.69271916666668,526.5833333333334,421.2666666666667,343.0093858333334
2025-09-29,BB500,East,249.96184416666665,505.875,404.70000000000005,351.1368441666666
2025-09-29,BB500,North,267.58021583333334,560.25,448.20000000000005,379.6302158333333
2025-09-29,BB500,South,279.02919583333335,718.875,575.1,422.8041958333333
2025-09-29,BB500,West,290.56735625,696.4583333333334,557.1666666666667,429.8590229166666
2025-09-29,EN250,Central,105.24499708333333,228.625,182.9,150.9699970833333
2025-09-29,EN250,East,104.92876791666666,206.91666666666666,165.53333333333333,146.31210124999998
2025-09-29,EN250,North,115.219225,232.625,186.10000000000002,161.74422499999997
2025-09-29,EN250,South,131.94359791666668,319.375,255.5,195.8185979166667
2025-09-29,EN250,West,128.79216833333334,308.1666666666667,246.53333333333336,190.42550166666666
2025-09-29,EN500,Central,75.50302333333333,163.375,130.70000000000002,108.1780233333333
2025-09-29,EN500,East,78.73325333333334,145.875,116.7,107.90825333333332
2025-09-29,EN500,North,82.09945416666667,169.875,135.9,116.07445416666667
2025-09-29,EN500,South,90.90316916666667,224.04166666666666,179.23333333333335,135.7115025
2025-09-29,EN500,West,91.22884916666666,218.20833333333334,174.5666666666667,134.87051583333331
2025-09-29,LM250,Central,130.296635,288.4166666666667,230.73333333333335,187.97996833333332
2025-09-29,LM250,East,135.84962875,261.875,209.5,188.22462874999997
2025-09-29,LM250,North,143.811915,296.375,237.10000000000002,203.08691499999998
2025-09-29,LM250,South,154.62852083333334,409.75,327.8,236.57852083333336
2025-09-29,LM250,West,171.321615,396.875,317.5,250.69661500000007
2025-09-29,LM500,Central,180.0230575,404.125,323.3,260.84805750000004
2025-09-29,LM500,East,191.18933333333334,372.5833333333333,298.06666666666666,265.70599999999996
2025-09-29,LM500,North,202.28906,436.7083333333333,349.3666666666667,289.63072666666665
2025-09-29,LM500,South,232.41748291666667,570.125,456.1,346.4424829166667
2025-09-29,LM500,West,253.34315708333332,561.2083333333334,448.9666666666667,365.58482374999994
2025-09-29,OR1000,Central,225.03386833333332,487.0833333333333,389.6666666666667,322.450535
2025-09-29,OR1000,East,232.04319750000002,449.0,359.20000000000005,321.8431975
2025-09-29,OR1000,North,256.3339991666667,508.6666666666667,406.9333333333334,358.0673325
2025-09-29,OR1000,South,281.6252308333334,704.8333333333334,563.8666666666667,422.5918975000001
2025-09-29,OR1000,West,278.91048666666666,679.1666666666666,543.3333333333334,414.7438199999999
2025-09-29,OR500,Central,151.44133916666667,341.7916666666667,273.43333333333334,219.79967249999999
2025-09-29,OR500,East,160.19407458333333,316.75,253.4,223.5440745833333
2025-09-29,OR500,North,172.37303291666666,359.5,287.6,244.2730329166667
2025-09-29,OR500,South,194.05737333333332,481.125,384.90000000000003,290.2823733333333
2025-09-29,OR500,West,201.32102083333334,480.3333333333333,384.26666666666665,297.38768749999997
2025-09-29,WT1000,Central,498.35680333333335,1165.6666666666667,932.5333333333334,731.4901366666667
2025-09-29,WT1000,East,518.822915,1041.3333333333333,833.0666666666666,727.0895816666666
2025-09-29,WT1000,North,542.1335624999999,1143.6666666666667,914.9333333333334,770.8668958333333
2025-09-29,WT1000,South,582.09447,1491.0833333333333,1192.8666666666666,880.3111366666665
2025-09-29,WT1000,West,577.4051333333333,1460.25,1168.2,869.4551333333332
2025-10-06,BB1000,Central,275.839785,655.0833333333334,524.0666666666667,406.85645166666666
2025-10-06,BB1000,East,292.44101750000004,592.75,474.20000000000005,410.9910175
2025-10-06,BB1000,North,304.5122441666667,691.3333333333334,553.0666666666667,442.77891083333327
2025-10-06,BB1000,South,345.1760958333333,900.3333333333334,720.2666666666668,525.2427624999999
2025-10-06,BB1000,West,366.50709166666667,892.5,714.0,545.0070916666666
2025-10-06,BB250,Central,163.78590833333334,371.875,297.5,238.16090833333328
2025-10-06,BB250,East,171.71041166666666,346.5833333333333,277.26666666666665,241.0270783333333
2025-10-06,BB250,North,181.23873708333332,376.3333333333333,301.06666666666666,256.50540374999997
2025-10-06,BB250,South,191.98979,506.7916666666667,405.4333333333334,293.3481233333333
2025-10-06,BB250,West,200.969205,505.125,404.1,301.99420499999997
2025-10-06,BB500,Central,230.17194333333333,526.5833333333334,421.2666666666667,335.48861000000005
2025-10-06,BB500,East,240.91825375000002,505.875,404.70000000000005,342.09325375000003
2025-10-06,BB500,North,265.96860125,560.25,448.20000000000005,378.01860124999996
2025-10-06,BB500,South,271.89024083333334,718.875,575.1,415.6652408333333
2025-10-06,BB500,West,288.79989291666664,696.4583333333334,557.1666666666667,428.09155958333326
2025-10-06,EN250,Central,101.83223208333334,228.625,182.9,147.55723208333333
2025-10-06,EN250,East,102.62604916666668,206.91666666666666,165.53333333333333,144.0093825
2025-10-06,EN250,North,112.629075,232.625,186.10000000000002,159.15407499999998
2025-10-06,EN250,South,127.97400666666667,319.375,255.5,191.8490066666667
2025-10-06,EN250,West,122.76765208333333,308.1666666666667,246.53333333333336,184.40098541666663
2025-10-06,EN500,Central,70.92803916666666,163.375,130.70000000000002,103.60303916666666
2025-10-06,EN500,East,75.2466925,145.875,116.7,104.42169249999999
2025-10-06,EN500,North,80.2179,169.875,135.9,114.19289999999998
2025-10-06,EN500,South,86.80602083333333,224.04166666666666,179.23333333333335,131.61435416666666
2025-10-06,EN500,West,87.33858541666667,218.20833333333334,174.5666666666667,130.98025208333334
2025-10-06,LM250,Central,124.20448708333333,288.4166666666667,230.73333333333335,181.88782041666667
2025-10-06,LM250,East,131.7872675,261.875,209.5,184.16226749999998
2025-10-06,LM250,North,138.281825,296.375,237.10000000000002,197.556825
2025-10-06,LM250,South,152.25443875,409.75,327.8,234.20443874999995
2025-10-06,LM250,West,159.88431500000002,396.875,317.5,239.25931500000002
2025-10-06,LM500,Central,178.40612791666666,404.125,323.3,259.2311279166667
2025-10-06,LM500,East,196.43133958333334,372.5833333333333,298.06666666666666,270.94800625
2025-10-06,LM500,North,204.21651708333334,436.7083333333333,349.3666666666667,291.55818375
2025-10-06,LM500,South,216.89896291666668,570.125,456.1,330.9239629166667
2025-10-06,LM500,West,230.51562124999998,561.2083333333334,448.9666666666667,342.75728791666666
2025-10-06,OR1000,Central,220.934405,487.0833333333333,389.6666666666667,318.35107166666666
2025-10-06,OR1000,East,223.14972583333332,449.0,359.20000000000005,312.94972583333333
2025-10-06,OR1000,North,243.89471916666668,508.6666666666667,406.9333333333334,345.62805249999997
2025-10-06,OR1000,South,281.76907416666666,704.8333333333334,563.8666666666667,422.73574083333335
2025-10-06,OR1000,West,281.24504583333334,679.1666666666666,543.3333333333334,417.07837916666665
2025-10-06,OR500,Central,152.87338125,341.7916666666667,273.43333333333334,221.23171458333337
2025-10-06,OR500,East,165.9660225,316.75,253.4,229.3160225
2025-10-06,OR500,North,170.21163083333334,359.5,287.6,242.11163083333338
2025-10-06,OR500,South,185.27749083333333,481.125,384.90000000000003,281.5024908333333
2025-10-06,OR500,West,193.97662166666666,480.3333333333333,384.26666666666665,290.0432883333333
2025-10-06,WT1000,Central,493.54415166666666,1165.6666666666667,932.5333333333334,726.677485
2025-10-06,WT1000,East,502.7741225,1041.3333333333333,833.0666666666666,711.0407891666666
2025-10-06,WT1000,North,526.183055,1143.6666666666667,914.9333333333334,754.9163883333333
2025-10-06,WT1000,South,576.5382858333334,1491.0833333333333,1192.8666666666666,874.7549525000002
2025-10-06,WT1000,West,583.949875,1460.25,1168.2,875.999875
2025-10-13,BB1000,Central,275.7003575,655.0833333333334,524.0666666666667,406.71702416666665
2025-10-13,BB1000,East,288.60256083333337,592.75,474.20000000000005,407.1525608333334
2025-10-13,BB1000,North,306.81243166666667,691.3333333333334,553.0666666666667,445.07909833333326
2025-10-13,BB1000,South,356.03095583333334,900.3333333333334,720.2666666666668,536.0976225
2025-10-13,BB1000,West,354.254095,892.5,714.0,532.754095
2025-10-13,BB250,Central,164.04280833333334,371.875,297.5,238.41780833333337
2025-10-13,BB250,East,178.11218416666668,346.5833333333333,277.26666666666665,247.4288508333334
2025-10-13,BB250,North,178.248425,376.3333333333333,301.06666666666666,253.5150916666666
2025-10-13,BB250,South,198.46210875,506.7916666666667,405.4333333333334,299.8204420833333
2025-10-13,BB250,West,201.83388125,505.125,404.1,302.85888124999997
2025-10-13,BB500,Central,235.501735,526.5833333333334,421.2666666666667,340.8184016666666
2025-10-13,BB500,East,253.84818875000002,505.875,404.70000000000005,355.0231887499999
2025-10-13,BB500,North,255.82791,560.25,448.20000000000005,367.87790999999993
2025-10-13,BB500,South,277.00206041666667,718.875,575.1,420.7770604166666
2025-10-13,BB500,West,278.72183625,696.4583333333334,557.1666666666667,418.01350291666665
2025-10-13,EN250,Central,105.16463166666666,228.625,182.9,150.88963166666665
2025-10-13,EN250,East,100.42456416666667,206.91666666666666,165.53333333333333,141.8078975
2025-10-13,EN250,North,114.41007583333334,232.625,186.10000000000002,160.93507583333331
2025-10-13,EN250,South,126.49738583333334,319.375,255.5,190.37238583333334
2025-10-13,EN250,West,123.214455,308.1666666666667,246.53333333333336,184.8477883333333
2025-10-13,EN500,Central,70.27373625,163.375,130.70000000000002,102.94873625
2025-10-13,EN500,East,76.21091291666666,145.875,116.7,105.38591291666664
2025-10-13,EN500,North,80.53142541666666,169.875,135.9,114.50642541666664
2025-10-13,EN500,South,84.81023958333334,224.04166666666666,179.23333333333335,129.61857291666666
2025-10-13,EN500,West,89.86007083333334,218.20833333333334,174.5666666666667,133.50173750000002
2025-10-13,LM250,Central,122.73706083333333,288.4166666666667,230.73333333333335,180.42039416666665
2025-10-13,LM250,East,132.33737416666668,261.875,209.5,184.71237416666668
2025-10-13,LM250,North,142.72284249999998,296.375,237.10000000000002,201.99784249999993
2025-10-13,LM250,South,164.43392,409.75,327.8,246.38391999999993
2025-10-13,LM250,West,164.08266708333335,396.875,317.5,243.45766708333338
2025-10-13,LM500,Central,172.32122041666665,404.125,323.3,253.1462204166666
2025-10-13,LM500,East,191.36626625,372.5833333333333,298.06666666666666,265.8829329166667
2025-10-13,LM500,North,199.97965208333335,436.7083333333333,349.3666666666667,287.32131874999993
2025-10-13,LM500,South,218.70515958333334,570.125,456.1,332.7301595833334
2025-10-13,LM500,West,235.02189833333333,561.2083333333334,448.9666666666667,347.26356499999997
2025-10-13,OR1000,Central,228.26506333333333,487.0833333333333,389.6666666666667,325.68172999999996
2025-10-13,OR1000,East,220.25194166666665,449.0,359.20000000000005,310.0519416666666
2025-10-13,OR1000,North,242.77230833333334,508.6666666666667,406.9333333333334,344.50564166666663
2025-10-13,OR1000,South,268.4204091666667,704.8333333333334,563.8666666666667,409.38707583333337
2025-10-13,OR1000,West,273.3177625,679.1666666666666,543.3333333333334,409.1510958333332
2025-10-13,OR500,Central,154.76324541666668,341.7916666666667,273.43333333333334,223.12157875000003
2025-10-13,OR500,East,164.403315,316.75,253.4,227.75331500000001
2025-10-13,OR500,North,164.13859291666665,359.5,287.6,236.03859291666663
2025-10-13,OR500,South,193.39029208333332,481.125,384.90000000000003,289.61529208333326
2025-10-13,OR500,West,189.43259,480.3333333333333,384.26666666666665,285.4992566666667
2025-10-13,WT1000,Central,495.9954466666667,1165.6666666666667,932.5333333333334,729.1287799999999
2025-10-13,WT1000,East,533.1141891666666,1041.3333333333333,833.0666666666666,741.3808558333333
2025-10-13,WT1000,North,546.4708016666666,1143.6666666666667,914.9333333333334,775.204135
2025-10-13,WT1000,South,578.0804041666667,1491.0833333333333,1192.8666666666666,876.2970708333335
2025-10-13,WT1000,West,626.3261633333334,1460.25,1168.2,918.3761633333331
2025-10-20,BB1000,Central,283.1723333333333,655.0833333333334,524.0666666666667,414.18899999999996
2025-10-20,BB1000,East,308.7114608333333,592.75,474.20000000000005,427.26146083333333
2025-10-20,BB1000,North,344.3766841666667,691.3333333333334,553.0666666666667,482.64335083333333
2025-10-20,BB1000,South,357.8140808333333,900.3333333333334,720.2666666666668,537.8807475
2025-10-20,BB1000,West,363.15600416666666,892.5,714.0,541.6560041666667
2025-10-20,BB250,Central,166.50975208333332,371.875,297.5,240.8847520833333
2025-10-20,BB250,East,177.06157708333333,346.5833333333333,277.26666666666665,246.37824375000002
2025-10-20,BB250,North,197.5994725,376.3333333333333,301.06666666666666,272.86613916666664
2025-10-20,BB250,South,203.80144166666668,506.7916666666667,405.4333333333334,305.15977499999997
2025-10-20,BB250,West,205.23942291666668,505.125,404.1,306.2644229166666
2025-10-20,BB500,Central,241.38481791666666,526.5833333333334,421.2666666666667,346.7014845833333
2025-10-20,BB500,East,261.38196375,505.875,404.70000000000005,362.55696375
2025-10-20,BB500,North,268.81394416666666,560.25,448.20000000000005,380.86394416666667
2025-10-20,BB500,South,288.02025791666665,718.875,575.1,431.7952579166666
2025-10-20,BB500,West,294.26553916666666,696.4583333333334,557.1666666666667,433.5572058333332
2025-10-20,EN250,Central,104.36045083333333,228.625,182.9,150.08545083333334
2025-10-20,EN250,East,105.38516750000001,206.91666666666666,165.53333333333333,146.76850083333332
2025-10-20,EN250,North,119.1536575,232.625,186.10000000000002,165.67865749999999
2025-10-20,EN250,South,126.61312541666666,319.375,255.5,190.48812541666666
2025-10-20,EN250,West,135.72097958333333,308.1666666666667,246.53333333333336,197.35431291666663
2025-10-20,EN500,Central,76.30769666666666,163.375,130.70000000000002,108.98269666666664
2025-10-20,EN500,East,77.09316,145.875,116.7,106.26816000000001
2025-10-20,EN500,North,85.67946125,169.875,135.9,119.65446125
2025-10-20,EN500,South,85.68851500000001,224.04166666666666,179.23333333333335,130.49684833333333
2025-10-20,EN500,West,95.29598583333333,218.20833333333334,174.5666666666667,138.93765249999998
2025-10-20,LM250,Central,137.15827625,288.4166666666667,230.73333333333335,194.84160958333337
2025-10-20,LM250,East,132.79585458333332,261.875,209.5,185.17085458333332
2025-10-20,LM250,North,137.69364416666667,296.375,237.10000000000002,196.96864416666665
2025-10-20,LM250,South,173.3363125,409.75,327.8,255.28631249999995
2025-10-20,LM250,West,180.27061875,396.875,317.5,259.64561875000004
2025-10-20,LM500,Central,177.02316541666667,404.125,323.3,257.84816541666663
2025-10-20,LM500,East,213.71820833333334,372.5833333333333,298.06666666666666,288.23487500000005
2025-10-20,LM500,North,209.665665,436.7083333333333,349.3666666666667,297.0073316666666
2025-10-20,LM500,South,224.7218425,570.125,456.1,338.74684249999996
2025-10-20,LM500,West,246.17745125,561.2083333333334,448.9666666666667,358.41911791666666
2025-10-20,OR1000,Central,232.19184583333333,487.0833333333333,389.6666666666667,329.6085125
2025-10-20,OR1000,East,233.13910583333333,449.0,359.20000000000005,322.9391058333333
2025-10-20,OR1000,North,248.66351500000002,508.6666666666667,406.9333333333334,350.3968483333333
2025-10-20,OR1000,South,273.68783083333335,704.8333333333334,563.8666666666667,414.65449750000005
2025-10-20,OR1000,West,286.8651875,679.1666666666666,543.3333333333334,422.6985208333332
2025-10-20,OR500,Central,153.68440541666666,341.7916666666667,273.43333333333334,222.04273875
2025-10-20,OR500,East,172.85304875,316.75,253.4,236.20304874999997
2025-10-20,OR500,North,184.95173875,359.5,287.6,256.85173875
2025-10-20,OR500,South,204.108925,481.125,384.90000000000003,300.33392499999997
2025-10-20,OR500,West,198.18102625,480.3333333333333,384.26666666666665,294.24769291666667
2025-10-20,WT1000,Central,497.5962666666667,1165.6666666666667,932.5333333333334,730.7296
2025-10-20,WT1000,East,550.6650775,1041.3333333333333,833.0666666666666,758.9317441666667
2025-10-20,WT1000,North,554.9215041666666,1143.6666666666667,914.9333333333334,783.6548375
2025-10-20,WT1000,South,585.8214416666667,1491.0833333333333,1192.8666666666666,884.0381083333334
2025-10-20,WT1000,West,594.8285016666666,1460.25,1168.2,886.8785016666668
2025-10-27,BB1000,Central,304.61912083333334,655.0833333333334,524.0666666666667,435.6357875
2025-10-27,BB1000,East,298.77915666666667,592.75,474.20000000000005,417.3291566666667
2025-10-27,BB1000,North,320.79025083333335,691.3333333333334,553.0666666666667,459.05691749999994
2025-10-27,BB1000,South,356.9248833333333,900.3333333333334,720.2666666666668,536.9915499999998
2025-10-27,BB1000,West,367.1979816666667,892.5,714.0,545.6979816666667
2025-10-27,BB250,Central,157.74727875,371.875,297.5,232.12227874999996
2025-10-27,BB250,East,173.6012825,346.5833333333333,277.26666666666665,242.91794916666663
2025-10-27,BB250,North,187.34034833333334,376.3333333333333,301.06666666666666,262.607015
2025-10-27,BB250,South,196.36537541666667,506.7916666666667,405.4333333333334,297.72370875
2025-10-27,BB250,West,207.52697125,505.125,404.1,308.55197124999995
2025-10-27,BB500,Central,231.53806041666667,526.5833333333334,421.2666666666667,336.85472708333333
2025-10-27,BB500,East,260.16501625,505.875,404.70000000000005,361.34001624999996
2025-10-27,BB500,North,257.2010670833333,560.25,448.20000000000005,369.2510670833333
2025-10-27,BB500,South,300.5928833333333,718.875,575.1,444.3678833333332
2025-10-27,BB500,West,300.58690791666663,696.4583333333334,557.1666666666667,439.87857458333326
2025-10-27,EN250,Central,103.28889875,228.625,182.9,149.01389874999998
2025-10-27,EN250,East,105.19538083333333,206.91666666666666,165.53333333333333,146.57871416666669
2025-10-27,EN250,North,107.63977833333334,232.625,186.10000000000002,154.1647783333333
2025-10-27,EN250,South,133.30590208333334,319.375,255.5,197.1809020833333
2025-10-27,EN250,West,129.47586166666667,308.1666666666667,246.53333333333336,191.109195
2025-10-27,EN500,Central,71.71506083333334,163.375,130.70000000000002,104.39006083333331
2025-10-27,EN500,East,72.86715958333333,145.875,116.7,102.04215958333332
2025-10-27,EN500,North,86.33037833333333,169.875,135.9,120.30537833333332
2025-10-27,EN500,South,85.47391999999999,224.04166666666666,179.23333333333335,130.2822533333333
2025-10-27,EN500,West,91.861245,218.20833333333334,174.5666666666667,135.50291166666662
2025-10-27,LM250,Central,128.1368,288.4166666666667,230.73333333333335,185.82013333333333
2025-10-27,LM250,East,145.01580208333334,261.875,209.5,197.39080208333337
2025-10-27,LM250,North,137.88835875,296.375,237.10000000000002,197.16335875
2025-10-27,LM250,South,165.7462175,409.75,327.8,247.69621750000005
2025-10-27,LM250,West,182.19234083333333,396.875,317.5,261.56734083333333
2025-10-27,LM500,Central,174.08449166666668,404.125,323.3,254.90949166666672
2025-10-27,LM500,East,195.6887625,372.5833333333333,298.06666666666666,270.20542916666665
2025-10-27,LM500,North,200.69374541666667,436.7083333333333,349.3666666666667,288.0354120833333
2025-10-27,LM500,South,224.81729708333333,570.125,456.1,338.8422970833333
2025-10-27,LM500,West,232.49892999999997,561.2083333333334,448.9666666666667,344.74059666666665
2025-10-27,OR1000,Central,211.73603916666667,487.0833333333333,389.6666666666667,309.1527058333333
2025-10-27,OR1000,East,220.25674583333333,449.0,359.20000000000005,310.05674583333325
2025-10-27,OR1000,North,241.39919583333335,508.6666666666667,406.9333333333334,343.1325291666667
2025-10-27,OR1000,South,267.478695,704.8333333333334,563.8666666666667,408.4453616666667
2025-10-27,OR1000,West,283.40656,679.1666666666666,543.3333333333334,419.23989333333327
2025-10-27,OR500,Central,150.71063416666667,341.7916666666667,273.43333333333334,219.06896750000004
2025-10-27,OR500,East,164.41014833333332,316.75,253.4,227.76014833333332
2025-10-27,OR500,North,168.45913583333333,359.5,287.6,240.3591358333333
2025-10-27,OR500,South,192.45237125,481.125,384.90000000000003,288.6773712499999
2025-10-27,OR500,West,192.24503416666667,480.3333333333333,384.26666666666665,288.31170083333336
2025-10-27,WT1000,Central,486.23120166666666,1165.6666666666667,932.5333333333334,719.364535
2025-10-27,WT1000,East,505.33433833333333,1041.3333333333333,833.0666666666666,713.601005
2025-10-27,WT1000,North,541.1157725,1143.6666666666667,914.9333333333334,769.8491058333334
2025-10-27,WT1000,South,599.8509866666667,1491.0833333333333,1192.8666666666666,898.0676533333333
2025-10-27,WT1000,West,577.81859,1460.25,1168.2,869.8685899999998
2025-11-03,BB1000,Central,298.7966875,655.0833333333334,524.0666666666667,429.8133541666667
2025-11-03,BB1000,East,293.4513625,592.75,474.20000000000005,412.0013624999999
2025-11-03,BB1000,North,352.8281575,691.3333333333334,553.0666666666667,491.0948241666666
2025-11-03,BB1000,South,349.356795,900.3333333333334,720.2666666666668,529.4234616666666
2025-11-03,BB1000,West,357.00517833333333,892.5,714.0,535.5051783333333
2025-11-03,BB250,Central,163.61412625,371.875,297.5,237.98912625000003
2025-11-03,BB250,East,176.84454958333333,346.5833333333333,277.26666666666665,246.16121625000005
2025-11-03,BB250,North,179.10493083333333,376.3333333333333,301.06666666666666,254.37159749999995
2025-11-03,BB250,South,193.75792875,506.7916666666667,405.4333333333334,295.11626208333325
2025-11-03,BB250,West,208.20319458333333,505.125,404.1,309.22819458333333
2025-11-03,BB500,Central,242.22862750000002,526.5833333333334,421.2666666666667,347.5452941666667
2025-11-03,BB500,East,265.2056875,505.875,404.70000000000005,366.3806875
2025-11-03,BB500,North,262.6310945833333,560.25,448.20000000000005,374.68109458333333
2025-11-03,BB500,South,282.66142083333335,718.875,575.1,426.4364208333333
2025-11-03,BB500,West,283.47382166666665,696.4583333333334,557.1666666666667,422.7654883333332
2025-11-03,EN250,Central,102.22430416666667,228.625,182.9,147.94930416666668
2025-11-03,EN250,East,102.15360041666666,206.91666666666666,165.53333333333333,143.53693374999997
2025-11-03,EN250,North,107.44949,232.625,186.10000000000002,153.97448999999995
2025-11-03,EN250,South,130.49262375,319.375,255.5,194.36762375
2025-11-03,EN250,West,126.24087958333334,308.1666666666667,246.53333333333336,187.87421291666664
2025-11-03,EN500,Central,74.89285833333334,163.375,130.70000000000002,107.5678583333333
2025-11-03,EN500,East,74.02662791666667,145.875,116.7,103.20162791666665
2025-11-03,EN500,North,84.513245,169.875,135.9,118.48824499999998
2025-11-03,EN500,South,85.10261291666667,224.04166666666666,179.23333333333335,129.91094625
2025-11-03,EN500,West,88.1028075,218.20833333333334,174.5666666666667,131.74447416666666
2025-11-03,LM250,Central,128.89848708333332,288.4166666666667,230.73333333333335,186.5818204166667
2025-11-03,LM250,East,132.69595500000003,261.875,209.5,185.07095500000003
2025-11-03,LM250,North,143.62580708333334,296.375,237.10000000000002,202.90080708333335
2025-11-03,LM250,South,161.73185666666666,409.75,327.8,243.68185666666665
2025-11-03,LM250,West,165.89208583333334,396.875,317.5,245.26708583333334
2025-11-03,LM500,Central,175.19294875,404.125,323.3,256.01794875
2025-11-03,LM500,East,192.04180416666665,372.5833333333333,298.06666666666666,266.5584708333333
2025-11-03,LM500,North,214.14243208333335,436.7083333333333,349.3666666666667,301.48409875000004
2025-11-03,LM500,South,228.7930175,570.125,456.1,342.8180175
2025-11-03,LM500,West,236.14986708333333,561.2083333333334,448.9666666666667,348.39153375
2025-11-03,OR1000,Central,204.26267916666666,487.0833333333333,389.6666666666667,301.67934583333323
2025-11-03,OR1000,East,246.50974833333333,449.0,359.20000000000005,336.30974833333335
2025-11-03,OR1000,North,242.94385666666668,508.6666666666667,406.9333333333334,344.67719
2025-11-03,OR1000,South,284.3896325,704.8333333333334,563.8666666666667,425.35629916666664
2025-11-03,OR1000,West,282.6324391666667,679.1666666666666,543.3333333333334,418.46577249999996
2025-11-03,OR500,Central,144.78881166666667,341.7916666666667,273.43333333333334,213.14714500000002
2025-11-03,OR500,East,168.84246583333334,316.75,253.4,232.19246583333333
2025-11-03,OR500,North,171.21045375,359.5,287.6,243.11045374999992
2025-11-03,OR500,South,193.64640083333333,481.125,384.90000000000003,289.8714008333333
2025-11-03,OR500,West,187.76885625,480.3333333333333,384.26666666666665,283.8355229166666
2025-11-03,WT1000,Central,469.11158,1165.6666666666667,932.5333333333334,702.2449133333333
2025-11-03,WT1000,East,548.3208883333333,1041.3333333333333,833.0666666666666,756.5875550000001
2025-11-03,WT1000,North,553.3397233333334,1143.6666666666667,914.9333333333334,782.0730566666666
2025-11-03,WT1000,South,566.3252158333333,1491.0833333333333,1192.8666666666666,864.5418824999999
2025-11-03,WT1000,West,604.2229083333333,1460.25,1168.2,896.2729083333331
2025-11-10,BB1000,Central,288.02816083333335,655.0833333333334,524.0666666666667,419.0448275
2025-11-10,BB1000,East,312.0877516666667,592.75,474.20000000000005,430.63775166666665
2025-11-10,BB1000,North,325.45165,691.3333333333334,553.0666666666667,463.7183166666666
2025-11-10,BB1000,South,364.8300541666666,900.3333333333334,720.2666666666668,544.8967208333332
2025-11-10,BB1000,West,370.16382416666664,892.5,714.0,548.6638241666667
2025-11-10,BB250,Central,160.79597541666666,371.875,297.5,235.1709754166667
2025-11-10,BB250,East,180.80339875,346.5833333333333,277.26666666666665,250.12006541666665
2025-11-10,BB250,North,177.31658833333333,376.3333333333333,301.06666666666666,252.58325499999995
2025-11-10,BB250,South,199.9548575,506.7916666666667,405.4333333333334,301.31319083333324
2025-11-10,BB250,West,212.32210416666666,505.125,404.1,313.34710416666667
2025-11-10,BB500,Central,243.97780833333331,526.5833333333334,421.2666666666667,349.294475
2025-11-10,BB500,East,251.54267083333335,505.875,404.70000000000005,352.7176708333333
2025-11-10,BB500,North,258.0998804166667,560.25,448.20000000000005,370.14988041666663
2025-11-10,BB500,South,274.45557083333335,718.875,575.1,418.23057083333333
2025-11-10,BB500,West,293.50753125,696.4583333333334,557.1666666666667,432.79919791666657
2025-11-10,EN250,Central,100.21175916666667,228.625,182.9,145.93675916666663
2025-11-10,EN250,East,102.61625875,206.91666666666666,165.53333333333333,143.99959208333334
2025-11-10,EN250,North,107.57013041666667,232.625,186.10000000000002,154.09513041666662
2025-11-10,EN250,South,125.22321875,319.375,255.5,189.09821875
2025-11-10,EN250,West,128.83478166666666,308.1666666666667,246.53333333333336,190.46811499999995
2025-11-10,EN500,Central,71.91263916666666,163.375,130.70000000000002,104.58763916666666
2025-11-10,EN500,East,73.74389416666666,145.875,116.7,102.91889416666668
2025-11-10,EN500,North,80.38942458333332,169.875,135.9,114.36442458333332
2025-11-10,EN500,South,88.28633833333333,224.04166666666666,179.23333333333335,133.0946716666666
2025-11-10,EN500,West,88.18021083333333,218.20833333333334,174.5666666666667,131.8218775
2025-11-10,LM250,Central,124.04204250000001,288.4166666666667,230.73333333333335,181.72537583333337
2025-11-10,LM250,East,133.00128125,261.875,209.5,185.37628125000003
2025-11-10,LM250,North,144.55253583333334,296.375,237.10000000000002,203.8275358333333
2025-11-10,LM250,South,157.93669625,409.75,327.8,239.88669625000006
2025-11-10,LM250,West,174.04879916666667,396.875,317.5,253.42379916666664
2025-11-10,LM500,Central,187.92231708333333,404.125,323.3,268.74731708333337
2025-11-10,LM500,East,195.21754125,372.5833333333333,298.06666666666666,269.73420791666666
2025-11-10,LM500,North,196.18650125,436.7083333333333,349.3666666666667,283.5281679166666
2025-11-10,LM500,South,218.95119208333332,570.125,456.1,332.97619208333333
2025-11-10,LM500,West,229.93642666666665,561.2083333333334,448.9666666666667,342.1780933333333
2025-11-10,OR1000,Central,206.58170083333334,487.0833333333333,389.6666666666667,303.9983674999999
2025-11-10,OR1000,East,235.4511275,449.0,359.20000000000005,325.25112749999994
2025-11-10,OR1000,North,234.23494416666665,508.6666666666667,406.9333333333334,335.9682774999999
2025-11-10,OR1000,South,273.411595,704.8333333333334,563.8666666666667,414.3782616666666
2025-11-10,OR1000,West,272.07101,679.1666666666666,543.3333333333334,407.90434333333326
2025-11-10,OR500,Central,147.24975166666667,341.7916666666667,273.43333333333334,215.60808500000002
2025-11-10,OR500,East,158.63308458333333,316.75,253.4,221.98308458333335
2025-11-10,OR500,North,170.78120541666667,359.5,287.6,242.68120541666667
2025-11-10,OR500,South,188.00931,481.125,384.90000000000003,284.23431
2025-11-10,OR500,West,194.37589666666668,480.3333333333333,384.26666666666665,290.4425633333333
2025-11-10,WT1000,Central,513.89183,1165.6666666666667,932.5333333333334,747.0251633333334
2025-11-10,WT1000,East,520.0004091666667,1041.3333333333333,833.0666666666666,728.2670758333334
2025-11-10,WT1000,North,534.8551875,1143.6666666666667,914.9333333333334,763.5885208333334
2025-11-10,WT1000,South,567.9241083333334,1491.0833333333333,1192.8666666666666,866.1407750000001
2025-11-10,WT1000,West,603.9319625,1460.25,1168.2,895.9819624999998
2025-11-17,BB1000,Central,280.98115333333334,655.0833333333334,524.0666666666667,411.99781999999993
2025-11-17,BB1000,East,299.82583750000003,592.75,474.20000000000005,418.3758375
2025-11-17,BB1000,North,329.95955583333335,691.3333333333334,553.0666666666667,468.22622250000006
2025-11-17,BB1000,South,365.16286916666667,900.3333333333334,720.2666666666668,545.2295358333332
2025-11-17,BB1000,West,361.3850683333333,892.5,714.0,539.8850683333333
2025-11-17,BB250,Central,166.21184291666665,371.875,297.5,240.58684291666668
2025-11-17,BB250,East,172.34005,346.5833333333333,277.26666666666665,241.65671666666663
2025-11-17,BB250,North,177.48300666666668,376.3333333333333,301.06666666666666,252.7496733333333
2025-11-17,BB250,South,196.32793583333333,506.7916666666667,405.4333333333334,297.68626916666665
2025-11-17,BB250,West,214.85117458333335,505.125,404.1,315.8761745833333
2025-11-17,BB500,Central,246.53291208333331,526.5833333333334,421.2666666666667,351.84957875000003
2025-11-17,BB500,East,259.1710066666667,505.875,404.70000000000005,360.34600666666665
2025-11-17,BB500,North,266.11988625000004,560.25,448.20000000000005,378.16988625
2025-11-17,BB500,South,291.4543475,718.875,575.1,435.2293475
2025-11-17,BB500,West,296.75810416666667,696.4583333333334,557.1666666666667,436.04977083333324
2025-11-17,EN250,Central,103.42598333333333,228.625,182.9,149.1509833333333
2025-11-17,EN250,East,103.21278833333332,206.91666666666666,165.53333333333333,144.59612166666668
2025-11-17,EN250,North,107.19697416666666,232.625,186.10000000000002,153.72197416666666
2025-11-17,EN250,South,126.56780750000001,319.375,255.5,190.44280750000001
2025-11-17,EN250,West,126.42700125,308.1666666666667,246.53333333333336,188.06033458333332
2025-11-17,EN500,Central,72.17277833333333,163.375,130.70000000000002,104.84777833333331
2025-11-17,EN500,East,74.4267425,145.875,116.7,103.60174249999999
2025-11-17,EN500,North,79.52125791666667,169.875,135.9,113.49625791666668
2025-11-17,EN500,South,90.39588583333332,224.04166666666666,179.23333333333335,135.20421916666663
2025-11-17,EN500,West,91.95442166666666,218.20833333333334,174.5666666666667,135.5960883333333
2025-11-17,LM250,Central,127.25604166666666,288.4166666666667,230.73333333333335,184.93937499999998
2025-11-17,LM250,East,132.42334208333332,261.875,209.5,184.7983420833333
2025-11-17,LM250,North,148.55960875,296.375,237.10000000000002,207.83460874999997
2025-11-17,LM250,South,151.72262541666666,409.75,327.8,233.67262541666668
2025-11-17,LM250,West,173.4233125,396.875,317.5,252.79831250000007
2025-11-17,LM500,Central,190.33821666666668,404.125,323.3,271.16321666666664
2025-11-17,LM500,East,191.39919375,372.5833333333333,298.06666666666666,265.9158604166666
2025-11-17,LM500,North,203.52677749999998,436.7083333333333,349.3666666666667,290.86844416666656
2025-11-17,LM500,South,212.78238249999998,570.125,456.1,326.8073825
2025-11-17,LM500,West,230.00692791666668,561.2083333333334,448.9666666666667,342.24859458333333
2025-11-17,OR1000,Central,211.515335,487.0833333333333,389.6666666666667,308.9320016666666
2025-11-17,OR1000,East,233.02435916666667,449.0,359.20000000000005,322.8243591666667
2025-11-17,OR1000,North,240.428925,508.6666666666667,406.9333333333334,342.1622583333333
2025-11-17,OR1000,South,267.75796,704.8333333333334,563.8666666666667,408.7246266666667
2025-11-17,OR1000,West,282.8575466666667,679.1666666666666,543.3333333333334,418.69088
2025-11-17,OR500,Central,148.96792666666667,341.7916666666667,273.43333333333334,217.32626
2025-11-17,OR500,East,158.51370833333334,316.75,253.4,221.86370833333334
2025-11-17,OR500,North,164.33166875,359.5,287.6,236.23166875000004
2025-11-17,OR500,South,189.70389,481.125,384.90000000000003,285.92888999999997
2025-11-17,OR500,West,202.2813475,480.3333333333333,384.26666666666665,298.34801416666664
2025-11-17,WT1000,Central,514.9719783333334,1165.6666666666667,932.5333333333334,748.1053116666666
2025-11-17,WT1000,East,517.4006566666667,1041.3333333333333,833.0666666666666,725.6673233333333
2025-11-17,WT1000,North,551.3608033333334,1143.6666666666667,914.9333333333334,780.0941366666666
2025-11-17,WT1000,South,622.0353666666666,1491.0833333333333,1192.8666666666666,920.2520333333334
2025-11-17,WT1000,West,574.20526,1460.25,1168.2,866.2552599999999
2025-11-24,BB1000,Central,275.39547,655.0833333333334,524.0666666666667,406.4121366666667
2025-11-24,BB1000,East,300.88796666666667,592.75,474.20000000000005,419.4379666666666
2025-11-24,BB1000,North,321.2946816666667,691.3333333333334,553.0666666666667,459.5613483333333
2025-11-24,BB1000,South,367.6187116666667,900.3333333333334,720.2666666666668,547.6853783333332
2025-11-24,BB1000,West,357.33647333333334,892.5,714.0,535.8364733333333
2025-11-24,BB250,Central,164.45197291666668,371.875,297.5,238.8269729166667
2025-11-24,BB250,East,173.46172916666666,346.5833333333333,277.26666666666665,242.77839583333332
2025-11-24,BB250,North,181.56951166666667,376.3333333333333,301.06666666666666,256.8361783333333
2025-11-24,BB250,South,190.7084025,506.7916666666667,405.4333333333334,292.06673583333327
2025-11-24,BB250,West,205.94123458333334,505.125,404.1,306.9662345833333
2025-11-24,BB500,Central,238.63445,526.5833333333334,421.2666666666667,343.9511166666667
2025-11-24,BB500,East,286.93299833333333,505.875,404.70000000000005,388.1079983333333
2025-11-24,BB500,North,260.4244791666667,560.25,448.20000000000005,372.4744791666667
2025-11-24,BB500,South,271.9469633333333,718.875,575.1,415.7219633333333
2025-11-24,BB500,West,275.66860041666666,696.4583333333334,557.1666666666667,414.9602670833333
2025-11-24,EN250,Central,99.70833083333333,228.625,182.9,145.43333083333332
2025-11-24,EN250,East,104.07507916666667,206.91666666666666,165.53333333333333,145.45841249999998
2025-11-24,EN250,North,113.60038125,232.625,186.10000000000002,160.12538124999998
2025-11-24,EN250,South,132.60302625,319.375,255.5,196.47802624999997
2025-11-24,EN250,West,129.38466666666667,308.1666666666667,246.53333333333336,191.01799999999997
2025-11-24,EN500,Central,72.20700833333333,163.375,130.70000000000002,104.88200833333332
2025-11-24,EN500,East,77.46959875,145.875,116.7,106.64459874999999
2025-11-24,EN500,North,77.75578250000001,169.875,135.9,111.7307825
2025-11-24,EN500,South,89.06688375,224.04166666666666,179.23333333333335,133.87521708333333
2025-11-24,EN500,West,87.94160375,218.20833333333334,174.5666666666667,131.58327041666664
2025-11-24,LM250,Central,130.80613083333333,288.4166666666667,230.73333333333335,188.48946416666666
2025-11-24,LM250,East,148.82448125,261.875,209.5,201.19948124999996
2025-11-24,LM250,North,153.45482916666666,296.375,237.10000000000002,212.7298291666666
2025-11-24,LM250,South,150.88703541666666,409.75,327.8,232.83703541666665
2025-11-24,LM250,West,164.728155,396.875,317.5,244.10315500000002
2025-11-24,LM500,Central,178.73946666666666,404.125,323.3,259.56446666666665
2025-11-24,LM500,East,187.78987625000002,372.5833333333333,298.06666666666666,262.30654291666673
2025-11-24,LM500,North,203.58275166666667,436.7083333333333,349.3666666666667,290.9244183333333
2025-11-24,LM500,South,211.67347458333333,570.125,456.1,325.69847458333334
2025-11-24,LM500,West,227.86269083333332,561.2083333333334,448.9666666666667,340.1043575
2025-11-24,OR1000,Central,207.30162666666666,487.0833333333333,389.6666666666667,304.7182933333333
2025-11-24,OR1000,East,232.59473,449.0,359.20000000000005,322.39473
2025-11-24,OR1000,North,245.28787,508.6666666666667,406.9333333333334,347.02120333333323
2025-11-24,OR1000,South,265.20924833333333,704.8333333333334,563.8666666666667,406.17591500000003
2025-11-24,OR1000,West,279.477305,679.1666666666666,543.3333333333334,415.31063833333326
2025-11-24,OR500,Central,143.20074708333334,341.7916666666667,273.43333333333334,211.5590804166667
2025-11-24,OR500,East,161.06269625,316.75,253.4,224.41269624999998
2025-11-24,OR500,North,178.98104416666666,359.5,287.6,250.88104416666658
2025-11-24,OR500,South,178.05049541666665,481.125,384.90000000000003,274.2754954166666
2025-11-24,OR500,West,196.23408166666667,480.3333333333333,384.26666666666665,292.30074833333333
2025-11-24,WT1000,Central,519.6282125,1165.6666666666667,932.5333333333334,752.7615458333333
2025-11-24,WT1000,East,538.6464916666666,1041.3333333333333,833.0666666666666,746.9131583333333
2025-11-24,WT1000,North,544.6111458333334,1143.6666666666667,914.9333333333334,773.3444791666666
2025-11-24,WT1000,South,566.5496841666667,1491.0833333333333,1192.8666666666666,864.7663508333333
2025-11-24,WT1000,West,660.43052,1460.25,1168.2,952.4805199999998
2025-12-01,BB1000,Central,276.28659833333336,655.0833333333334,524.0666666666667,407.303265
2025-12-01,BB1000,East,299.14976666666666,592.75,474.20000000000005,417.6997666666666
2025-12-01,BB1000,North,316.8776825,691.3333333333334,553.0666666666667,455.14434916666664
2025-12-01,BB1000,South,342.4623875,900.3333333333334,720.2666666666668,522.5290541666665
2025-12-01,BB1000,West,352.5541441666667,892.5,714.0,531.0541441666667
2025-12-01,BB250,Central,160.83002916666666,371.875,297.5,235.2050291666667
2025-12-01,BB250,East,181.99935458333334,346.5833333333333,277.26666666666665,251.31602124999995
2025-12-01,BB250,North,180.3111,376.3333333333333,301.06666666666666,255.57776666666672
2025-12-01,BB250,South,190.19191458333333,506.7916666666667,405.4333333333334,291.55024791666665
2025-12-01,BB250,West,204.30310375,505.125,404.1,305.32810374999997
2025-12-01,BB500,Central,240.45010666666667,526.5833333333334,421.2666666666667,345.76677333333333
2025-12-01,BB500,East,257.8245529166667,505.875,404.70000000000005,358.99955291666663
2025-12-01,BB500,North,251.8294975,560.25,448.20000000000005,363.87949749999996
2025-12-01,BB500,South,283.0370833333333,718.875,575.1,426.81208333333336
2025-12-01,BB500,West,286.74689125,696.4583333333334,557.1666666666667,426.0385579166666
2025-12-01,EN250,Central,98.26826666666666,228.625,182.9,143.99326666666664
2025-12-01,EN250,East,104.71874958333333,206.91666666666666,165.53333333333333,146.10208291666666
2025-12-01,EN250,North,109.06332416666666,232.625,186.10000000000002,155.58832416666667
2025-12-01,EN250,South,125.89171375000001,319.375,255.5,189.76671375
2025-12-01,EN250,West,129.68153833333332,308.1666666666667,246.53333333333336,191.31487166666665
2025-12-01,EN500,Central,71.34095541666667,163.375,130.70000000000002,104.01595541666666
2025-12-01,EN500,East,73.5862875,145.875,116.7,102.7612875
2025-12-01,EN500,North,74.21600291666667,169.875,135.9,108.19100291666666
2025-12-01,EN500,South,91.51086,224.04166666666666,179.23333333333335,136.31919333333332
2025-12-01,EN500,West,87.0588825,218.20833333333334,174.5666666666667,130.70054916666666
2025-12-01,LM250,Central,128.63636041666666,288.4166666666667,230.73333333333335,186.31969375
2025-12-01,LM250,East,135.97892416666667,261.875,209.5,188.35392416666667
2025-12-01,LM250,North,144.20116208333332,296.375,237.10000000000002,203.4761620833333
2025-12-01,LM250,South,157.80624791666668,409.75,327.8,239.75624791666672
2025-12-01,LM250,West,164.52148833333334,396.875,317.5,243.8964883333333
2025-12-01,LM500,Central,178.85294166666665,404.125,323.3,259.67794166666664
2025-12-01,LM500,East,186.719675,372.5833333333333,298.06666666666666,261.23634166666665
2025-12-01,LM500,North,202.44924708333335,436.7083333333333,349.3666666666667,289.79091374999996
2025-12-01,LM500,South,218.06495375,570.125,456.1,332.08995374999995
2025-12-01,LM500,West,218.89158125,561.2083333333334,448.9666666666667,331.13324791666673
2025-12-01,OR1000,Central,212.31438583333335,487.0833333333333,389.6666666666667,309.7310525
2025-12-01,OR1000,East,233.86919999999998,449.0,359.20000000000005,323.66919999999993
2025-12-01,OR1000,North,238.0801575,508.6666666666667,406.9333333333334,339.8134908333333
2025-12-01,OR1000,South,269.718925,704.8333333333334,563.8666666666667,410.6855916666667
2025-12-01,OR1000,West,289.7974208333333,679.1666666666666,543.3333333333334,425.63075416666663
2025-12-01,OR500,Central,152.289725,341.7916666666667,273.43333333333334,220.64805833333338
2025-12-01,OR500,East,173.8106275,316.75,253.4,237.1606275
2025-12-01,OR500,North,164.43688916666667,359.5,287.6,236.33688916666665
2025-12-01,OR500,South,188.11974791666665,481.125,384.90000000000003,284.3447479166667
2025-12-01,OR500,West,195.13717833333334,480.3333333333333,384.26666666666665,291.203845
2025-12-01,WT1000,Central,545.4529833333333,1165.6666666666667,932.5333333333334,778.5863166666667
2025-12-01,WT1000,East,512.9511875,1041.3333333333333,833.0666666666666,721.2178541666667
2025-12-01,WT1000,North,556.7577766666666,1143.6666666666667,914.9333333333334,785.4911099999999
2025-12-01,WT1000,South,593.5806275,1491.0833333333333,1192.8666666666666,891.7972941666669
2025-12-01,WT1000,West,581.7504491666666,1460.25,1168.2,873.8004491666666
2025-12-08,BB1000,Central,300.32004666666666,655.0833333333334,524.0666666666667,431.33671333333325
2025-12-08,BB1000,East,318.50915083333336,592.75,474.20000000000005,437.0591508333333
2025-12-08,BB1000,North,310.7655966666667,691.3333333333334,553.0666666666667,449.0322633333334
2025-12-08,BB1000,South,340.735925,900.3333333333334,720.2666666666668,520.8025916666667
2025-12-08,BB1000,West,351.3912,892.5,714.0,529.8912
2025-12-08,BB250,Central,161.13629041666667,371.875,297.5,235.51129041666672
2025-12-08,BB250,East,180.57464124999998,346.5833333333333,277.26666666666665,249.89130791666662
2025-12-08,BB250,North,175.04956833333333,376.3333333333333,301.06666666666666,250.31623499999995
2025-12-08,BB250,South,191.81374875,506.7916666666667,405.4333333333334,293.1720820833333
2025-12-08,BB250,West,203.7334375,505.125,404.1,304.7584375
2025-12-08,BB500,Central,245.88833333333332,526.5833333333334,421.2666666666667,351.205
2025-12-08,BB500,East,271.15708958333335,505.875,404.70000000000005,372.3320895833333
2025-12-08,BB500,North,273.24484083333334,560.25,448.20000000000005,385.2948408333333
2025-12-08,BB500,South,278.18744791666666,718.875,575.1,421.96244791666663
2025-12-08,BB500,West,299.32013541666663,696.4583333333334,557.1666666666667,438.61180208333326
2025-12-08,EN250,Central,107.45435666666667,228.625,182.9,153.17935666666668
2025-12-08,EN250,East,103.7522475,206.91666666666666,165.53333333333333,145.1355808333333
2025-12-08,EN250,North,108.27349833333334,232.625,186.10000000000002,154.79849833333333
2025-12-08,EN250,South,124.25109625,319.375,255.5,188.12609625
2025-12-08,EN250,West,124.81160625000001,308.1666666666667,246.53333333333336,186.44493958333334
2025-12-08,EN500,Central,70.85874291666667,163.375,130.70000000000002,103.53374291666665
2025-12-08,EN500,East,73.3090575,145.875,116.7,102.48405749999999
2025-12-08,EN500,North,76.08304916666667,169.875,135.9,110.05804916666668
2025-12-08,EN500,South,87.36952958333333,224.04166666666666,179.23333333333335,132.17786291666664
2025-12-08,EN500,West,91.81871625,218.20833333333334,174.5666666666667,135.46038291666665
2025-12-08,LM250,Central,126.25245875,288.4166666666667,230.73333333333335,183.93579208333335
2025-12-08,LM250,East,141.30079208333333,261.875,209.5,193.67579208333336
2025-12-08,LM250,North,141.315535,296.375,237.10000000000002,200.590535
2025-12-08,LM250,South,153.34008583333335,409.75,327.8,235.2900858333333
2025-12-08,LM250,West,160.62103333333334,396.875,317.5,239.99603333333334
2025-12-08,LM500,Central,181.82181166666666,404.125,323.3,262.6468116666667
2025-12-08,LM500,East,186.21547416666667,372.5833333333333,298.06666666666666,260.7321408333333
2025-12-08,LM500,North,201.28802166666668,436.7083333333333,349.3666666666667,288.6296883333333
2025-12-08,LM500,South,222.51974,570.125,456.1,336.54473999999993
2025-12-08,LM500,West,222.57046791666664,561.2083333333334,448.9666666666667,334.8121345833333
2025-12-08,OR1000,Central,216.54124333333334,487.0833333333333,389.6666666666667,313.9579099999999
2025-12-08,OR1000,East,228.3067175,449.0,359.20000000000005,318.10671749999995
2025-12-08,OR1000,North,239.1539525,508.6666666666667,406.9333333333334,340.8872858333333
2025-12-08,OR1000,South,268.25855666666666,704.8333333333334,563.8666666666667,409.22522333333336
2025-12-08,OR1000,West,282.50475416666666,679.1666666666666,543.3333333333334,418.3380874999999
2025-12-08,OR500,Central,153.82460708333332,341.7916666666667,273.43333333333334,222.18294041666667
2025-12-08,OR500,East,171.12721249999998,316.75,253.4,234.47721249999998
2025-12-08,OR500,North,176.16263583333333,359.5,287.6,248.06263583333327
2025-12-08,OR500,South,181.06508458333332,481.125,384.90000000000003,277.29008458333334
2025-12-08,OR500,West,206.84602041666668,480.3333333333333,384.26666666666665,302.91268708333337
2025-12-08,WT1000,Central,528.8921383333334,1165.6666666666667,932.5333333333334,762.0254716666667
2025-12-08,WT1000,East,541.8588166666667,1041.3333333333333,833.0666666666666,750.1254833333332
2025-12-08,WT1000,North,548.4385275,1143.6666666666667,914.9333333333334,777.1718608333333
2025-12-08,WT1000,South,593.736845,1491.0833333333333,1192.8666666666666,891.9535116666668
2025-12-08,WT1000,West,671.755195,1460.25,1168.2,963.8051949999997
2025-12-15,BB1000,Central,271.9904,655.0833333333334,524.0666666666667,403.0070666666667
2025-12-15,BB1000,East,297.186375,592.75,474.20000000000005,415.73637499999995
2025-12-15,BB1000,North,314.2165125,691.3333333333334,553.0666666666667,452.4831791666667
2025-12-15,BB1000,South,361.28013666666664,900.3333333333334,720.2666666666668,541.3468033333332
2025-12-15,BB1000,West,361.53504833333335,892.5,714.0,540.0350483333334
2025-12-15,BB250,Central,161.72744041666667,371.875,297.5,236.1024404166667
2025-12-15,BB250,East,174.15356416666665,346.5833333333333,277.26666666666665,243.4702308333333
2025-12-15,BB250,North,176.89186958333335,376.3333333333333,301.06666666666666,252.15853624999994
2025-12-15,BB250,South,199.0782775,506.7916666666667,405.4333333333334,300.43661083333336
2025-12-15,BB250,West,220.78918125,505.125,404.1,321.81418124999993
2025-12-15,BB500,Central,236.86373291666666,526.5833333333334,421.2666666666667,342.1803995833333
2025-12-15,BB500,East,251.89383625,505.875,404.70000000000005,353.06883625
2025-12-15,BB500,North,264.441845,560.25,448.20000000000005,376.491845
2025-12-15,BB500,South,274.26435875,718.875,575.1,418.0393587499999
2025-12-15,BB500,West,288.7369233333333,696.4583333333334,557.1666666666667,428.0285899999999
2025-12-15,EN250,Central,98.22369333333333,228.625,182.9,143.94869333333335
2025-12-15,EN250,East,114.82399708333332,206.91666666666666,165.53333333333333,156.20733041666662
2025-12-15,EN250,North,110.19111208333334,232.625,186.10000000000002,156.71611208333331
2025-12-15,EN250,South,121.10878416666667,319.375,255.5,184.98378416666668
2025-12-15,EN250,West,129.41499249999998,308.1666666666667,246.53333333333336,191.0483258333333
2025-12-15,EN500,Central,74.92243125,163.375,130.70000000000002,107.59743124999997
2025-12-15,EN500,East,75.33785,145.875,116.7,104.51285
2025-12-15,EN500,North,82.2176875,169.875,135.9,116.1926875
2025-12-15,EN500,South,90.70363166666667,224.04166666666666,179.23333333333335,135.51196499999998
2025-12-15,EN500,West,90.03692041666666,218.20833333333334,174.5666666666667,133.67858708333333
2025-12-15,LM250,Central,124.37168291666666,288.4166666666667,230.73333333333335,182.05501625
2025-12-15,LM250,East,138.62300666666667,261.875,209.5,190.9980066666667
2025-12-15,LM250,North,139.7415825,296.375,237.10000000000002,199.01658249999997
2025-12-15,LM250,South,164.2504625,409.75,327.8,246.20046250000001
2025-12-15,LM250,West,158.3082025,396.875,317.5,237.6832025
2025-12-15,LM500,Central,176.78110208333334,404.125,323.3,257.60610208333327
2025-12-15,LM500,East,185.0702425,372.5833333333333,298.06666666666666,259.58690916666666
2025-12-15,LM500,North,221.25866666666667,436.7083333333333,349.3666666666667,308.6003333333333
2025-12-15,LM500,South,217.85568125,570.125,456.1,331.88068124999995
2025-12-15,LM500,West,227.09263666666666,561.2083333333334,448.9666666666667,339.3343033333333
2025-12-15,OR1000,Central,209.62185833333334,487.0833333333333,389.6666666666667,307.038525
2025-12-15,OR1000,East,222.34786,449.0,359.20000000000005,312.1478599999999
2025-12-15,OR1000,North,234.63105000000002,508.6666666666667,406.9333333333334,336.3643833333333
2025-12-15,OR1000,South,268.4555158333333,704.8333333333334,563.8666666666667,409.4221825000001
2025-12-15,OR1000,West,270.25929833333333,679.1666666666666,543.3333333333334,406.09263166666653
2025-12-15,OR500,Central,148.5927325,341.7916666666667,273.43333333333334,216.95106583333336
2025-12-15,OR500,East,162.44127333333333,316.75,253.4,225.79127333333335
2025-12-15,OR500,North,175.89898374999999,359.5,287.6,247.79898374999993
2025-12-15,OR500,South,186.43235125,481.125,384.90000000000003,282.65735125
2025-12-15,OR500,West,216.4749625,480.3333333333333,384.26666666666665,312.54162916666667
2025-12-15,WT1000,Central,517.3476808333334,1165.6666666666667,932.5333333333334,750.4810141666666
2025-12-15,WT1000,East,522.9762875,1041.3333333333333,833.0666666666666,731.2429541666666
2025-12-15,WT1000,North,546.1959891666667,1143.6666666666667,914.9333333333334,774.9293225000001
2025-12-15,WT1000,South,592.3728291666666,1491.0833333333333,1192.8666666666666,890.5894958333331
2025-12-15,WT1000,West,584.1508108333334,1460.25,1168.2,876.2008108333332
2025-12-22,BB1000,Central,282.02067666666665,655.0833333333334,524.0666666666667,413.0373433333333
2025-12-22,BB1000,East,321.34065833333335,592.75,474.20000000000005,439.89065833333325
2025-12-22,BB1000,North,334.2984825,691.3333333333334,553.0666666666667,472.56514916666663
2025-12-22,BB1000,South,366.1263475,900.3333333333334,720.2666666666668,546.1930141666666
2025-12-22,BB1000,West,410.94826750000004,892.5,714.0,589.4482674999999
2025-12-22,BB250,Central,173.53091041666667,371.875,297.5,247.90591041666664
2025-12-22,BB250,East,185.81981000000002,346.5833333333333,277.26666666666665,255.13647666666668
2025-12-22,BB250,North,183.64026791666666,376.3333333333333,301.06666666666666,258.90693458333334
2025-12-22,BB250,South,204.63309999999998,506.7916666666667,405.4333333333334,305.99143333333325
2025-12-22,BB250,West,218.34289375,505.125,404.1,319.36789375
2025-12-22,BB500,Central,240.5905875,526.5833333333334,421.2666666666667,345.90725416666663
2025-12-22,BB500,East,261.32808,505.875,404.70000000000005,362.50307999999995
2025-12-22,BB500,North,266.16694291666664,560.25,448.20000000000005,378.21694291666654
2025-12-22,BB500,South,294.50777625,718.875,575.1,438.28277625
2025-12-22,BB500,West,318.88767291666665,696.4583333333334,557.1666666666667,458.17933958333333
2025-12-22,EN250,Central,104.55865416666667,228.625,182.9,150.28365416666665
2025-12-22,EN250,East,110.50878916666667,206.91666666666666,165.53333333333333,151.8921225
2025-12-22,EN250,North,108.73391666666666,232.625,186.10000000000002,155.25891666666666
2025-12-22,EN250,South,124.9799275,319.375,255.5,188.85492750000003
2025-12-22,EN250,West,137.26268416666667,308.1666666666667,246.53333333333336,198.89601750000003
2025-12-22,EN500,Central,72.41733791666667,163.375,130.70000000000002,105.09233791666665
2025-12-22,EN500,East,77.30566416666667,145.875,116.7,106.48066416666667
2025-12-22,EN500,North,83.75147,169.875,135.9,117.72646999999998
2025-12-22,EN500,South,95.54779333333333,224.04166666666666,179.23333333333335,140.35612666666663
2025-12-22,EN500,West,99.72199499999999,218.20833333333334,174.5666666666667,143.36366166666667
2025-12-22,LM250,Central,126.90971083333334,288.4166666666667,230.73333333333335,184.5930441666667
2025-12-22,LM250,East,139.71783291666668,261.875,209.5,192.09283291666668
2025-12-22,LM250,North,146.71863583333334,296.375,237.10000000000002,205.99363583333331
2025-12-22,LM250,South,163.82602791666665,409.75,327.8,245.77602791666658
2025-12-22,LM250,West,165.10528166666666,396.875,317.5,244.48028166666666
2025-12-22,LM500,Central,184.49500708333335,404.125,323.3,265.32000708333334
2025-12-22,LM500,East,201.74045166666667,372.5833333333333,298.06666666666666,276.2571183333334
2025-12-22,LM500,North,222.45328083333334,436.7083333333333,349.3666666666667,309.7949474999999
2025-12-22,LM500,South,247.02976875,570.125,456.1,361.05476875
2025-12-22,LM500,West,229.56141916666667,561.2083333333334,448.9666666666667,341.8030858333334
2025-12-22,OR1000,Central,221.32983416666667,487.0833333333333,389.6666666666667,318.7465008333333
2025-12-22,OR1000,East,224.854645,449.0,359.20000000000005,314.65464499999996
2025-12-22,OR1000,North,243.7061225,508.6666666666667,406.9333333333334,345.43945583333334
2025-12-22,OR1000,South,282.88527666666664,704.8333333333334,563.8666666666667,423.85194333333334
2025-12-22,OR1000,West,296.7706608333333,679.1666666666666,543.3333333333334,432.60399416666655
2025-12-22,OR500,Central,158.48462208333333,341.7916666666667,273.43333333333334,226.8429554166667
2025-12-22,OR500,East,175.36017916666668,316.75,253.4,238.71017916666668
2025-12-22,OR500,North,180.50680958333334,359.5,287.6,252.40680958333326
2025-12-22,OR500,South,190.52171875,481.125,384.90000000000003,286.74671874999996
2025-12-22,OR500,West,210.97540541666666,480.3333333333333,384.26666666666665,307.0420720833333
2025-12-22,WT1000,Central,533.4557791666666,1165.6666666666667,932.5333333333334,766.5891124999999
2025-12-22,WT1000,East,529.8778658333333,1041.3333333333333,833.0666666666666,738.1445325
2025-12-22,WT1000,North,558.0163316666667,1143.6666666666667,914.9333333333334,786.749665
2025-12-22,WT1000,South,581.349475,1491.0833333333333,1192.8666666666666,879.5661416666665
2025-12-22,WT1000,West,593.505525,1460.25,1168.2,885.555525
2025-12-29,BB1000,Central,113.89592666666667,655.0833333333334,524.0666666666667,244.91259333333335
2025-12-29,BB1000,East,126.11986083333335,592.75,474.20000000000005,244.66986083333336
2025-12-29,BB1000,North,133.5114708333333,691.3333333333334,553.0666666666667,271.77813749999996
2025-12-29,BB1000,South,148.3674875,900.3333333333334,720.2666666666668,328.43415416666664
2025-12-29,BB1000,West,161.7398475,892.5,714.0,340.2398475
2025-12-29,BB250,Central,73.14377083333333,371.875,297.5,147.51877083333335
2025-12-29,BB250,East,77.19696375000001,346.5833333333333,277.26666666666665,146.51363041666667
2025-12-29,BB250,North,73.79074083333333,376.3333333333333,301.06666666666666,149.0574075
2025-12-29,BB250,South,86.93641333333333,506.7916666666667,405.4333333333334,188.29474666666658
2025-12-29,BB250,West,91.69330958333333,505.125,404.1,192.71830958333328
2025-12-29,BB500,Central,96.80183666666667,526.5833333333334,421.2666666666667,202.1185033333333
2025-12-29,BB500,East,103.77235583333334,505.875,404.70000000000005,204.9473558333333
2025-12-29,BB500,North,112.77338958333334,560.25,448.20000000000005,224.82338958333332
2025-12-29,BB500,South,118.99710083333333,718.875,575.1,262.7721008333333
2025-12-29,BB500,West,120.12076416666667,696.4583333333334,557.1666666666667,259.41243083333325
2025-12-29,EN250,Central,40.08083333333333,228.625,182.9,85.80583333333331
2025-12-29,EN250,East,44.910718333333335,206.91666666666666,165.53333333333333,86.29405166666666
2025-12-29,EN250,North,44.163225,232.625,186.10000000000002,90.68822499999999
2025-12-29,EN250,South,54.49257333333334,319.375,255.5,118.36757333333333
2025-12-29,EN250,West,58.541213750000004,308.1666666666667,246.53333333333336,120.17454708333332
2025-12-29,EN500,Central,29.538505,163.375,130.70000000000002,62.21350499999997
2025-12-29,EN500,East,31.73937,145.875,116.7,60.914370000000005
2025-12-29,EN500,North,33.477637083333335,169.875,135.9,67.45263708333331
2025-12-29,EN500,South,36.0883625,224.04166666666666,179.23333333333335,80.8966958333333
2025-12-29,EN500,West,39.633473333333335,218.20833333333334,174.5666666666667,83.27514
2025-12-29,LM250,Central,50.21073125,288.4166666666667,230.73333333333335,107.89406458333332
2025-12-29,LM250,East,53.30363833333333,261.875,209.5,105.67863833333331
2025-12-29,LM250,North,55.852072500000006,296.375,237.10000000000002,115.1270725
2025-12-29,LM250,South,66.58060166666667,409.75,327.8,148.53060166666666
2025-12-29,LM250,West,63.51304833333333,396.875,317.5,142.88804833333336
2025-12-29,LM500,Central,74.45705125,404.125,323.3,155.28205125
2025-12-29,LM500,East,81.02160916666666,372.5833333333333,298.06666666666666,155.53827583333333
2025-12-29,LM500,North,88.73944166666666,436.7083333333333,349.3666666666667,176.0811083333333
2025-12-29,LM500,South,103.04837083333334,570.125,456.1,217.07337083333334
2025-12-29,LM500,West,92.85553999999999,561.2083333333334,448.9666666666667,205.0972066666667
2025-12-29,OR1000,Central,90.63521333333334,487.0833333333333,389.6666666666667,188.05187999999993
2025-12-29,OR1000,East,98.72803416666666,449.0,359.20000000000005,188.52803416666666
2025-12-29,OR1000,North,112.70743333333333,508.6666666666667,406.9333333333334,214.4407666666666
2025-12-29,OR1000,South,120.6888075,704.8333333333334,563.8666666666667,261.65547416666675
2025-12-29,OR1000,West,108.44494833333334,679.1666666666666,543.3333333333334,244.27828166666666
2025-12-29,OR500,Central,60.82255458333333,341.7916666666667,273.43333333333334,129.18088791666668
2025-12-29,OR500,East,75.38644125,316.75,253.4,138.73644125
2025-12-29,OR500,North,67.59219166666668,359.5,287.6,139.49219166666666
2025-12-29,OR500,South,74.74527916666668,481.125,384.90000000000003,170.97027916666667
2025-12-29,OR500,West,84.66817583333332,480.3333333333333,384.26666666666665,180.7348425
2025-12-29,WT1000,Central,212.349425,1165.6666666666667,932.5333333333334,445.48275833333344
2025-12-29,WT1000,East,218.64951583333334,1041.3333333333333,833.0666666666666,426.9161825000001
2025-12-29,WT1000,North,237.276125,1143.6666666666667,914.9333333333334,466.00945833333344
2025-12-29,WT1000,South,236.38171916666667,1491.0833333333333,1192.8666666666666,534.5983858333334
2025-12-29,WT1000,West,253.53267166666666,1460.25,1168.2,545.5826716666666
